"Id","OwnerId","IsDeleted","Name","CreatedDate","CreatedById","LastModifiedDate","LastModifiedById","SystemModstamp","nFORCE__Data__c","nFORCE__Icon__c","nFORCE__Is_Knockout__c","nFORCE__Is_Narrative__c","nFORCE__Parameters__c","nFORCE__Script_Resource_Eight__c","nFORCE__Script_Resource_Five__c","nFORCE__Script_Resource_Four__c","nFORCE__Script_Resource_Nine__c","nFORCE__Script_Resource_One__c","nFORCE__Script_Resource_Seven__c","nFORCE__Script_Resource_Six__c","nFORCE__Script_Resource_Ten__c","nFORCE__Script_Resource_Three__c","nFORCE__Script_Resource_Two__c","nFORCE__Stylesheet_Resource_Eight__c","nFORCE__Stylesheet_Resource_Five__c","nFORCE__Stylesheet_Resource_Four__c","nFORCE__Stylesheet_Resource_Nine__c","nFORCE__Stylesheet_Resource_One__c","nFORCE__Stylesheet_Resource_Seven__c","nFORCE__Stylesheet_Resource_Six__c","nFORCE__Stylesheet_Resource_Ten__c","nFORCE__Stylesheet_Resource_Three__c","nFORCE__Stylesheet_Resource_Two__c","nFORCE__Type__c","nFORCE__View__c","nFORCE__lookupKey__c","nFORCE__Is_Angular__c","nFORCE__Script_Resource_Eleven__c","nFORCE__Script_Resource_Fifteen__c","nFORCE__Script_Resource_Fourteen__c","nFORCE__Script_Resource_Thirteen__c","nFORCE__Script_Resource_Twelve__c"
"a2J4S0000008R9UUAU","0054S000000Ms6RQAS","","LifeCycle.KO_Narrative","2020-06-02T17:59:20.000Z","0054S000000Ms6RQAS","2020-06-02T17:59:20.000Z","0054S000000Ms6RQAS","","","","","","","","","","","nFORCE__ko_narrative_app","","","","nFORCE__ko_narrative_viewModel","nFORCE__screen_models","","","","","","","","","","","Knockout","&lt;div data-bind=&quot;template: { name: &#39;narrative-template&#39; }&quot;&gt;&lt;/div&gt;","42669896545923639","","","","","",""
"a2J4S0000008R9VUAU","0054S000000Ms6RQAS","","LifeCycle.KO_Narrative","2020-06-02T17:59:20.000Z","0054S000000Ms6RQAS","2020-06-02T17:59:20.000Z","0054S000000Ms6RQAS","","","","","","","","","","","nFORCE__ko_narrative_app","","","","nFORCE__ko_narrative_viewModel","nFORCE__screen_models","","","","","","","","","","","Knockout","&lt;div data-bind=&quot;template: { name: &#39;narrative-template&#39; }&quot;&gt;&lt;/div&gt;","42781061647506303","","","","","",""
"a2J4S0000008R9WUAU","0054S000000Ms6RQAS","","LifeCycle.KO_Narrative","2020-06-02T17:59:20.000Z","0054S000000Ms6RQAS","2020-06-02T17:59:20.000Z","0054S000000Ms6RQAS","","","","","","","","","","","nFORCE__ko_narrative_app","","","","nFORCE__ko_narrative_viewModel","nFORCE__screen_models","","","","","","","","","","","Knockout","&lt;div data-bind=&quot;template: { name: &#39;narrative-template&#39; }&quot;&gt;&lt;/div&gt;","42354847235906144","","","","","",""
"a2J4S0000008R9XUAU","0054S000000Ms6RQAS","","LifeCycle.KO_Narrative","2020-06-02T17:59:20.000Z","0054S000000Ms6RQAS","2020-06-02T17:59:20.000Z","0054S000000Ms6RQAS","","","","","","","","","","","nFORCE__ko_narrative_app","","","","nFORCE__ko_narrative_viewModel","nFORCE__screen_models","","","","","","","","","","","Knockout","&lt;div data-bind=&quot;template: { name: &#39;narrative-template&#39; }&quot;&gt;&lt;/div&gt;","42322222939619715","","","","","",""
"a2J4S0000008R9YUAU","0054S000000Ms6RQAS","","LifeCycle.KO_Narrative","2020-06-02T17:59:20.000Z","0054S000000Ms6RQAS","2020-06-02T17:59:20.000Z","0054S000000Ms6RQAS","","","","","","","","","","","nFORCE__ko_narrative_app","","","","nFORCE__ko_narrative_viewModel","nFORCE__screen_models","","","","","","","","","","","Knockout","&lt;div data-bind=&quot;template: { name: &#39;narrative-template&#39; }&quot;&gt;&lt;/div&gt;","42026836738603062","","","","","",""
"a2J4S0000008R9ZUAU","0054S000000Ms6RQAS","","LifeCycle.KO_Narrative","2020-06-02T17:59:20.000Z","0054S000000Ms6RQAS","2020-06-02T17:59:20.000Z","0054S000000Ms6RQAS","","","","","","","","","","","nFORCE__ko_narrative_app","","","","nFORCE__ko_narrative_viewModel","nFORCE__screen_models","","","","","","","","","","","Knockout","&lt;div data-bind=&quot;template: { name: &#39;narrative-template&#39; }&quot;&gt;&lt;/div&gt;","42514840312909292","","","","","",""
"a2J4S0000008R9aUAE","0054S000000Ms6RQAS","","LifeCycle.KO_Narrative","2020-06-02T17:59:20.000Z","0054S000000Ms6RQAS","2020-06-02T17:59:20.000Z","0054S000000Ms6RQAS","","","","","","","","","","","nFORCE__ko_narrative_app","","","","nFORCE__ko_narrative_viewModel","nFORCE__screen_models","","","","","","","","","","","Knockout","&lt;div data-bind=&quot;template: { name: &#39;narrative-template&#39; }&quot;&gt;&lt;/div&gt;","42431342986268417","","","","","",""
"a2J4S0000008R9bUAE","0054S000000Ms6RQAS","","LifeCycle.KO_Narrative","2020-06-02T17:59:20.000Z","0054S000000Ms6RQAS","2020-06-02T17:59:20.000Z","0054S000000Ms6RQAS","","","","","","","","","","","nFORCE__ko_narrative_app","","","","nFORCE__ko_narrative_viewModel","nFORCE__screen_models","","","","","","","","","","","Knockout","&lt;div data-bind=&quot;template: { name: &#39;narrative-template&#39; }&quot;&gt;&lt;/div&gt;","42357555450075445","","","","","",""
"a2J4S0000008R9cUAE","0054S000000Ms6RQAS","","LifeCycle.KO_Narrative","2020-06-02T17:59:20.000Z","0054S000000Ms6RQAS","2020-06-02T17:59:20.000Z","0054S000000Ms6RQAS","","","","","","","","","","","nFORCE__ko_narrative_app","","","","nFORCE__ko_narrative_viewModel","nFORCE__screen_models","","","","","","","","","","","Knockout","&lt;div data-bind=&quot;template: { name: &#39;narrative-template&#39; }&quot;&gt;&lt;/div&gt;","42245067637427458","","","","","",""
"a2J4S0000008R9dUAE","0054S000000Ms6RQAS","","LifeCycle.KO_Narrative","2020-06-02T17:59:20.000Z","0054S000000Ms6RQAS","2020-06-02T17:59:20.000Z","0054S000000Ms6RQAS","","","","","","","","","","","nFORCE__ko_narrative_app","","","","nFORCE__ko_narrative_viewModel","nFORCE__screen_models","","","","","","","","","","","Knockout","&lt;div data-bind=&quot;template: { name: &#39;narrative-template&#39; }&quot;&gt;&lt;/div&gt;","42122323151233351","","","","","",""
"a2J4S0000008R9eUAE","0054S000000Ms6RQAS","","LifeCycle.Spread_Base","2020-06-02T17:59:20.000Z","0054S000000Ms6RQAS","2020-06-02T17:59:20.000Z","0054S000000Ms6RQAS","","","","","","","","","","","","","","","","","","","","","","","","","","","Knockout","","42512360882426635","","","","","",""
"a2J4S0000008R9fUAE","0054S000000Ms6RQAS","","LifeCycle.Default_Widget","2020-06-02T17:59:20.000Z","0054S000000Ms6RQAS","2020-06-02T17:59:20.000Z","0054S000000Ms6RQAS","","","","","","","","","","","LLC_BI__default_widget_app","","","","","LLC_BI__default_widget_viewModel","","","","","","","","","","","Knockout","&lt;table class=&quot;table&quot;&gt; &lt;tr&gt; &lt;th&gt;Date&lt;/th&gt; &lt;th&gt;Assigned To&lt;/th&gt; &lt;th&gt;Actual Approver&lt;/th&gt; &lt;th&gt;Status&lt;/th&gt; &lt;th&gt;Comments&lt;/th&gt; &lt;/tr&gt; &lt;!-- ko foreach: approvalHistory --&gt; &lt;!-- ko foreach: steps.sort(sortDates) --&gt; &lt;tr&gt; &lt;td data-bind=&quot;dateText: theDate&quot; /&gt; &lt;td&gt; &lt;span data-bind=&quot;text: originalActor.lastName&quot; /&gt; , &lt;span data-bind=&quot;text: originalActor.firstName&quot; /&gt; &lt;/td&gt; &lt;td&gt; &lt;span data-bind=&quot;text: assignedActor.lastName&quot; /&gt; , &lt;span data-bind=&quot;text: assignedActor.firstName&quot; /&gt; &lt;/td&gt; &lt;td data-bind=&quot;text: status&quot; /&gt; &lt;td data-bind=&quot;text: comments&quot; /&gt; &lt;/tr&gt; &lt;!-- /ko --&gt; &lt;!-- /ko --&gt; &lt;script&gt; function sortDates(a,b){if(a.theDate()&lt;b.theDate()){return -1; }else if(Date.parse(a.theDate())&gt; Date.parse(b.theDate())) {return 1; }else {return 0; } } &lt;/script&gt; &lt;/table&gt;","42785334641927067","","","","","",""
"a2J4S0000008R9gUAE","0054S000000Ms6RQAS","","LifeCycle.KO_Narrative","2020-06-02T17:59:20.000Z","0054S000000Ms6RQAS","2020-06-02T17:59:20.000Z","0054S000000Ms6RQAS","","","","","","","","","","","nFORCE__ko_narrative_app","","","","nFORCE__ko_narrative_viewModel","nFORCE__screen_models","","","","","","","","","","","Knockout","&lt;div data-bind=&quot;template: { name: &#39;narrative-template&#39; }&quot;&gt;&lt;/div&gt;","42403015057612002","","","","","",""
"a2J4S0000008R9hUAE","0054S000000Ms6RQAS","","LifeCycle.KO_Narrative","2020-06-02T17:59:20.000Z","0054S000000Ms6RQAS","2020-06-02T17:59:20.000Z","0054S000000Ms6RQAS","","","","","","","","","","","nFORCE__ko_narrative_app","","","","nFORCE__ko_narrative_viewModel","nFORCE__screen_models","","","","","","","","","","","Knockout","&lt;div data-bind=&quot;template: { name: &#39;narrative-template&#39; }&quot;&gt;&lt;/div&gt;","42396593774386342","","","","","",""
"a2J4S0000008R9iUAE","0054S000000Ms6RQAS","","LifeCycle.KO_Narrative","2020-06-02T17:59:20.000Z","0054S000000Ms6RQAS","2020-06-02T17:59:20.000Z","0054S000000Ms6RQAS","","","","","","","","","","","nFORCE__ko_narrative_app","","","","nFORCE__ko_narrative_viewModel","nFORCE__screen_models","","","","","","","","","","","Knockout","&lt;div data-bind=&quot;template: { name: &#39;narrative-template&#39; }&quot;&gt;&lt;/div&gt;","42762665247632822","","","","","",""
"a2J4S0000008R9jUAE","0054S000000Ms6RQAS","","LifeCycle.KO_Narrative","2020-06-02T17:59:20.000Z","0054S000000Ms6RQAS","2020-06-02T17:59:20.000Z","0054S000000Ms6RQAS","","","","","","","","","","","nFORCE__ko_narrative_app","","","","nFORCE__ko_narrative_viewModel","nFORCE__screen_models","","","","","","","","","","","Knockout","&lt;div data-bind=&quot;template: { name: &#39;narrative-template&#39; }&quot;&gt;&lt;/div&gt;","42604802731248490","","","","","",""
"a2J4S0000008R9kUAE","0054S000000Ms6RQAS","","LifeCycle.KO_Narrative","2020-06-02T17:59:20.000Z","0054S000000Ms6RQAS","2020-06-02T17:59:20.000Z","0054S000000Ms6RQAS","","","","","","","","","","","nFORCE__ko_narrative_app","","","","nFORCE__ko_narrative_viewModel","nFORCE__screen_models","","","","","","","","","","","Knockout","&lt;div data-bind=&quot;template: { name: &#39;narrative-template&#39; }&quot;&gt;&lt;/div&gt;","42511735162433415","","","","","",""
"a2J4S0000008R9lUAE","0054S000000Ms6RQAS","","LifeCycle.KO_Narrative","2020-06-02T17:59:20.000Z","0054S000000Ms6RQAS","2020-06-02T17:59:20.000Z","0054S000000Ms6RQAS","","","","","","","","","","","nFORCE__ko_narrative_app","","","","nFORCE__ko_narrative_viewModel","nFORCE__screen_models","","","","","","","","","","","Knockout","&lt;div data-bind=&quot;template: { name: &#39;narrative-template&#39; }&quot;&gt;&lt;/div&gt;","42830423129231727","","","","","",""
"a2J4S0000008R9mUAE","0054S000000Ms6RQAS","","LifeCycle.KO_Narrative","2020-06-02T17:59:20.000Z","0054S000000Ms6RQAS","2020-06-02T17:59:20.000Z","0054S000000Ms6RQAS","","","","","","","","","","","nFORCE__ko_narrative_app","","","","nFORCE__ko_narrative_viewModel","nFORCE__screen_models","","","","","","","","","","","Knockout","&lt;div data-bind=&quot;template: { name: &#39;narrative-template&#39; }&quot;&gt;&lt;/div&gt;","42862287111436589","","","","","",""
"a2J4S0000008R9nUAE","0054S000000Ms6RQAS","","LifeCycle.KO_Narrative","2020-06-02T17:59:20.000Z","0054S000000Ms6RQAS","2020-06-02T17:59:20.000Z","0054S000000Ms6RQAS","","","","","","","","","","","nFORCE__ko_narrative_app","","","","nFORCE__ko_narrative_viewModel","nFORCE__screen_models","","","","","","","","","","","Knockout","&lt;div data-bind=&quot;template: { name: &#39;narrative-template&#39; }&quot;&gt;&lt;/div&gt;","42745910885723988","","","","","",""
"a2J4S0000008R9oUAE","0054S000000Ms6RQAS","","LifeCycle.KO_Narrative","2020-06-02T17:59:20.000Z","0054S000000Ms6RQAS","2020-06-02T17:59:20.000Z","0054S000000Ms6RQAS","","","","","","","","","","","nFORCE__ko_narrative_app","","","","nFORCE__ko_narrative_viewModel","nFORCE__screen_models","","","","","","","","","","","Knockout","&lt;div data-bind=&quot;template: { name: &#39;narrative-template&#39; }&quot;&gt;&lt;/div&gt;","42680601928845685","","","","","",""
"a2J4S0000008R9pUAE","0054S000000Ms6RQAS","","LifeCycle.KO_Narrative","2020-06-02T17:59:20.000Z","0054S000000Ms6RQAS","2020-06-02T17:59:20.000Z","0054S000000Ms6RQAS","","","","","","","","","","","nFORCE__ko_narrative_app","","","","nFORCE__ko_narrative_viewModel","nFORCE__screen_models","","","","","","","","","","","Knockout","&lt;div data-bind=&quot;template: { name: &#39;narrative-template&#39; }&quot;&gt;&lt;/div&gt;","42423055273065787","","","","","",""
"a2J4S0000008R9qUAE","0054S000000Ms6RQAS","","LifeCycle.KO_Narrative","2020-06-02T17:59:20.000Z","0054S000000Ms6RQAS","2020-06-02T17:59:20.000Z","0054S000000Ms6RQAS","","","","","","","","","","","nFORCE__ko_narrative_app","","","","nFORCE__ko_narrative_viewModel","nFORCE__screen_models","","","","","","","","","","","Knockout","&lt;div data-bind=&quot;template: { name: &#39;narrative-template&#39; }&quot;&gt;&lt;/div&gt;","42960963247417303","","","","","",""
"a2J4S0000008R9rUAE","0054S000000Ms6RQAS","","LifeCycle.KO_Narrative","2020-06-02T17:59:20.000Z","0054S000000Ms6RQAS","2020-06-02T17:59:20.000Z","0054S000000Ms6RQAS","","","","","","","","","","","nFORCE__ko_narrative_app","","","","nFORCE__ko_narrative_viewModel","nFORCE__screen_models","","","","","","","","","","","Knockout","&lt;div data-bind=&quot;template: { name: &#39;narrative-template&#39; }&quot;&gt;&lt;/div&gt;","42114926681793476","","","","","",""
"a2J4S0000008R9sUAE","0054S000000Ms6RQAS","","LifeCycle.KO_Narrative","2020-06-02T17:59:20.000Z","0054S000000Ms6RQAS","2020-06-02T17:59:20.000Z","0054S000000Ms6RQAS","","","","","","","","","","","nFORCE__ko_narrative_app","","","","nFORCE__ko_narrative_viewModel","nFORCE__screen_models","","","","","","","","","","","Knockout","&lt;div data-bind=&quot;template: { name: &#39;narrative-template&#39; }&quot;&gt;&lt;/div&gt;","42292917451230110","","","","","",""
"a2J4S0000008R9tUAE","0054S000000Ms6RQAS","","LifeCycle.KO_Narrative","2020-06-02T17:59:20.000Z","0054S000000Ms6RQAS","2020-06-02T17:59:20.000Z","0054S000000Ms6RQAS","","","","","","","","","","","nFORCE__ko_narrative_app","","","","nFORCE__ko_narrative_viewModel","nFORCE__screen_models","","","","","","","","","","","Knockout","&lt;div data-bind=&quot;template: { name: &#39;narrative-template&#39; }&quot;&gt;&lt;/div&gt;","42483155325855632","","","","","",""
"a2J4S0000008R9uUAE","0054S000000Ms6RQAS","","LifeCycle.Spread_Base","2020-06-02T17:59:20.000Z","0054S000000Ms6RQAS","2020-06-02T17:59:20.000Z","0054S000000Ms6RQAS","","","","","","","","","","","","","","","","","","","","","","","","","","","Knockout","","42344744038053548","","","","","",""
"a2J4S0000008R9vUAE","0054S000000Ms6RQAS","","LifeCycle.Default_Widget","2020-06-02T17:59:20.000Z","0054S000000Ms6RQAS","2020-06-02T17:59:20.000Z","0054S000000Ms6RQAS","","","","","","","","","","","LLC_BI__default_widget_app","","","","","LLC_BI__default_widget_viewModel","","","","","","","","","","","Knockout","&lt;table class=&quot;table&quot;&gt; &lt;tr&gt; &lt;th&gt;Date&lt;/th&gt; &lt;th&gt;Assigned To&lt;/th&gt; &lt;th&gt;Actual Approver&lt;/th&gt; &lt;th&gt;Status&lt;/th&gt; &lt;th&gt;Comments&lt;/th&gt; &lt;/tr&gt; &lt;!-- ko foreach: approvalHistory --&gt; &lt;!-- ko foreach: steps.sort(sortDates) --&gt; &lt;tr&gt; &lt;td data-bind=&quot;dateText: theDate&quot; /&gt; &lt;td&gt; &lt;span data-bind=&quot;text: originalActor.lastName&quot; /&gt; , &lt;span data-bind=&quot;text: originalActor.firstName&quot; /&gt; &lt;/td&gt; &lt;td&gt; &lt;span data-bind=&quot;text: assignedActor.lastName&quot; /&gt; , &lt;span data-bind=&quot;text: assignedActor.firstName&quot; /&gt; &lt;/td&gt; &lt;td data-bind=&quot;text: status&quot; /&gt; &lt;td data-bind=&quot;text: comments&quot; /&gt; &lt;/tr&gt; &lt;!-- /ko --&gt; &lt;!-- /ko --&gt; &lt;script&gt; function sortDates(a,b){if(a.theDate()&lt;b.theDate()){return -1; }else if(Date.parse(a.theDate())&gt; Date.parse(b.theDate())) {return 1; }else {return 0; } } &lt;/script&gt; &lt;/table&gt;","42534025667158794","","","","","",""
"a2J4S0000008R9wUAE","0054S000000Ms6RQAS","","LifeCycle.KO_Narrative","2020-06-02T17:59:20.000Z","0054S000000Ms6RQAS","2020-06-02T17:59:20.000Z","0054S000000Ms6RQAS","","","","","","","","","","","nFORCE__ko_narrative_app","","","","nFORCE__ko_narrative_viewModel","nFORCE__screen_models","","","","","","","","","","","Knockout","&lt;div data-bind=&quot;template: { name: &#39;narrative-template&#39; }&quot;&gt;&lt;/div&gt;","42685833253947948","","","","","",""
"a2J4S0000008R9xUAE","0054S000000Ms6RQAS","","LifeCycle.KO_Narrative","2020-06-02T17:59:20.000Z","0054S000000Ms6RQAS","2020-06-02T17:59:20.000Z","0054S000000Ms6RQAS","","","","","","","","","","","nFORCE__ko_narrative_app","","","","nFORCE__ko_narrative_viewModel","nFORCE__screen_models","","","","","","","","","","","Knockout","&lt;div data-bind=&quot;template: { name: &#39;narrative-template&#39; }&quot;&gt;&lt;/div&gt;","42462690044220051","","","","","",""
"a2J4S0000008R9yUAE","0054S000000Ms6RQAS","","LifeCycle.KO_Narrative","2020-06-02T17:59:20.000Z","0054S000000Ms6RQAS","2020-06-02T17:59:20.000Z","0054S000000Ms6RQAS","","","","","","","","","","","nFORCE__ko_narrative_app","","","","nFORCE__ko_narrative_viewModel","nFORCE__screen_models","","","","","","","","","","","Knockout","&lt;div data-bind=&quot;template: { name: &#39;narrative-template&#39; }&quot;&gt;&lt;/div&gt;","42375003790831257","","","","","",""
"a2J4S0000008R9zUAE","0054S000000Ms6RQAS","","LifeCycle.KO_Narrative","2020-06-02T17:59:20.000Z","0054S000000Ms6RQAS","2020-06-02T17:59:20.000Z","0054S000000Ms6RQAS","","","","","","","","","","","nFORCE__ko_narrative_app","","","","nFORCE__ko_narrative_viewModel","nFORCE__screen_models","","","","","","","","","","","Knockout","&lt;div data-bind=&quot;template: { name: &#39;narrative-template&#39; }&quot;&gt;&lt;/div&gt;","42291373520472174","","","","","",""
"a2J4S0000008RA0UAM","0054S000000Ms6RQAS","","LifeCycle.KO_Narrative","2020-06-02T17:59:20.000Z","0054S000000Ms6RQAS","2020-06-02T17:59:20.000Z","0054S000000Ms6RQAS","","","","","","","","","","","nFORCE__ko_narrative_app","","","","nFORCE__ko_narrative_viewModel","nFORCE__screen_models","","","","","","","","","","","Knockout","&lt;div data-bind=&quot;template: { name: &#39;narrative-template&#39; }&quot;&gt;&lt;/div&gt;","42667580767431945","","","","","",""
"a2J4S0000008RA1UAM","0054S000000Ms6RQAS","","LifeCycle.KO_Narrative","2020-06-02T17:59:20.000Z","0054S000000Ms6RQAS","2020-06-02T17:59:20.000Z","0054S000000Ms6RQAS","","","","","","","","","","","nFORCE__ko_narrative_app","","","","nFORCE__ko_narrative_viewModel","nFORCE__screen_models","","","","","","","","","","","Knockout","&lt;div data-bind=&quot;template: { name: &#39;narrative-template&#39; }&quot;&gt;&lt;/div&gt;","42330505375308035","","","","","",""
"a2J4S0000008RA2UAM","0054S000000Ms6RQAS","","LifeCycle.KO_Narrative","2020-06-02T17:59:20.000Z","0054S000000Ms6RQAS","2020-06-02T17:59:20.000Z","0054S000000Ms6RQAS","","","","","","","","","","","nFORCE__ko_narrative_app","","","","nFORCE__ko_narrative_viewModel","nFORCE__screen_models","","","","","","","","","","","Knockout","&lt;div data-bind=&quot;template: { name: &#39;narrative-template&#39; }&quot;&gt;&lt;/div&gt;","42884670805237110","","","","","",""
"a2J4S0000008RA3UAM","0054S000000Ms6RQAS","","LifeCycle.KO_Narrative","2020-06-02T17:59:20.000Z","0054S000000Ms6RQAS","2020-06-02T17:59:20.000Z","0054S000000Ms6RQAS","","","","","","","","","","","nFORCE__ko_narrative_app","","","","nFORCE__ko_narrative_viewModel","nFORCE__screen_models","","","","","","","","","","","Knockout","&lt;div data-bind=&quot;template: { name: &#39;narrative-template&#39; }&quot;&gt;&lt;/div&gt;","42366367520666843","","","","","",""
"a2J4S0000008RA4UAM","0054S000000Ms6RQAS","","LifeCycle.KO_Narrative","2020-06-02T17:59:20.000Z","0054S000000Ms6RQAS","2020-06-02T17:59:20.000Z","0054S000000Ms6RQAS","","","","","","","","","","","nFORCE__ko_narrative_app","","","","nFORCE__ko_narrative_viewModel","nFORCE__screen_models","","","","","","","","","","","Knockout","&lt;div data-bind=&quot;template: { name: &#39;narrative-template&#39; }&quot;&gt;&lt;/div&gt;","42397365835582955","","","","","",""
"a2J4S0000008RA5UAM","0054S000000Ms6RQAS","","LifeCycle.KO_Narrative","2020-06-02T17:59:20.000Z","0054S000000Ms6RQAS","2020-06-02T17:59:20.000Z","0054S000000Ms6RQAS","","","","","","","","","","","nFORCE__ko_narrative_app","","","","nFORCE__ko_narrative_viewModel","nFORCE__screen_models","","","","","","","","","","","Knockout","&lt;div data-bind=&quot;template: { name: &#39;narrative-template&#39; }&quot;&gt;&lt;/div&gt;","42790075979151715","","","","","",""
"a2J4S0000008RA6UAM","0054S000000Ms6RQAS","","LifeCycle.KO_Narrative","2020-06-02T17:59:20.000Z","0054S000000Ms6RQAS","2020-06-02T17:59:20.000Z","0054S000000Ms6RQAS","","","","","","","","","","","nFORCE__ko_narrative_app","","","","nFORCE__ko_narrative_viewModel","nFORCE__screen_models","","","","","","","","","","","Knockout","&lt;div data-bind=&quot;template: { name: &#39;narrative-template&#39; }&quot;&gt;&lt;/div&gt;","42918774139714568","","","","","",""
"a2J4S0000008RA7UAM","0054S000000Ms6RQAS","","LifeCycle.KO_Narrative","2020-06-02T17:59:20.000Z","0054S000000Ms6RQAS","2020-06-02T17:59:20.000Z","0054S000000Ms6RQAS","","","","","","","","","","","nFORCE__ko_narrative_app","","","","nFORCE__ko_narrative_viewModel","nFORCE__screen_models","","","","","","","","","","","Knockout","&lt;div data-bind=&quot;template: { name: &#39;narrative-template&#39; }&quot;&gt;&lt;/div&gt;","42338003974200825","","","","","",""
"a2J4S0000008RA8UAM","0054S000000Ms6RQAS","","LifeCycle.KO_Narrative","2020-06-02T17:59:20.000Z","0054S000000Ms6RQAS","2020-06-02T17:59:20.000Z","0054S000000Ms6RQAS","","","","","","","","","","","nFORCE__ko_narrative_app","","","","nFORCE__ko_narrative_viewModel","nFORCE__screen_models","","","","","","","","","","","Knockout","&lt;div data-bind=&quot;template: { name: &#39;narrative-template&#39; }&quot;&gt;&lt;/div&gt;","42358312851381308","","","","","",""
"a2J4S0000008RA9UAM","0054S000000Ms6RQAS","","LifeCycle.KO_Narrative","2020-06-02T17:59:20.000Z","0054S000000Ms6RQAS","2020-06-02T17:59:20.000Z","0054S000000Ms6RQAS","","","","","","","","","","","nFORCE__ko_narrative_app","","","","nFORCE__ko_narrative_viewModel","nFORCE__screen_models","","","","","","","","","","","Knockout","&lt;div data-bind=&quot;template: { name: &#39;narrative-template&#39; }&quot;&gt;&lt;/div&gt;","42623161899103503","","","","","",""
"a2J4S0000008RAAUA2","0054S000000Ms6RQAS","","LifeCycle.Spread_Base","2020-06-02T17:59:20.000Z","0054S000000Ms6RQAS","2020-06-02T17:59:20.000Z","0054S000000Ms6RQAS","","","","","","","","","","","","","","","","","","","","","","","","","","","Knockout","","42639370889985975","","","","","",""
"a2J4S0000008RABUA2","0054S000000Ms6RQAS","","LifeCycle.Default_Widget","2020-06-02T17:59:20.000Z","0054S000000Ms6RQAS","2020-06-02T17:59:20.000Z","0054S000000Ms6RQAS","","","","","","","","","","","LLC_BI__default_widget_app","","","","","LLC_BI__default_widget_viewModel","","","","","","","","","","","Knockout","&lt;table class=&quot;table&quot;&gt; &lt;tr&gt; &lt;th&gt;Date&lt;/th&gt; &lt;th&gt;Assigned To&lt;/th&gt; &lt;th&gt;Actual Approver&lt;/th&gt; &lt;th&gt;Status&lt;/th&gt; &lt;th&gt;Comments&lt;/th&gt; &lt;/tr&gt; &lt;!-- ko foreach: approvalHistory --&gt; &lt;!-- ko foreach: steps.sort(sortDates) --&gt; &lt;tr&gt; &lt;td data-bind=&quot;dateText: theDate&quot; /&gt; &lt;td&gt; &lt;span data-bind=&quot;text: originalActor.lastName&quot; /&gt; , &lt;span data-bind=&quot;text: originalActor.firstName&quot; /&gt; &lt;/td&gt; &lt;td&gt; &lt;span data-bind=&quot;text: assignedActor.lastName&quot; /&gt; , &lt;span data-bind=&quot;text: assignedActor.firstName&quot; /&gt; &lt;/td&gt; &lt;td data-bind=&quot;text: status&quot; /&gt; &lt;td data-bind=&quot;text: comments&quot; /&gt; &lt;/tr&gt; &lt;!-- /ko --&gt; &lt;!-- /ko --&gt; &lt;script&gt; function sortDates(a,b){if(a.theDate()&lt;b.theDate()){return -1; }else if(Date.parse(a.theDate())&gt; Date.parse(b.theDate())) {return 1; }else {return 0; } } &lt;/script&gt; &lt;/table&gt;","42857101888453687","","","","","",""
"a2J4S0000008RACUA2","0054S000000Ms6RQAS","","LifeCycle.KO_Narrative","2020-06-02T17:59:20.000Z","0054S000000Ms6RQAS","2020-06-02T17:59:20.000Z","0054S000000Ms6RQAS","","","","","","","","","","","nFORCE__ko_narrative_app","","","","nFORCE__ko_narrative_viewModel","nFORCE__screen_models","","","","","","","","","","","Knockout","&lt;div data-bind=&quot;template: { name: &#39;narrative-template&#39; }&quot;&gt;&lt;/div&gt;","42175891389198252","","","","","",""
"a2J4S0000008RADUA2","0054S000000Ms6RQAS","","LifeCycle.KO_Narrative","2020-06-02T17:59:20.000Z","0054S000000Ms6RQAS","2020-06-02T17:59:20.000Z","0054S000000Ms6RQAS","","","","","","","","","","","nFORCE__ko_narrative_app","","","","nFORCE__ko_narrative_viewModel","nFORCE__screen_models","","","","","","","","","","","Knockout","&lt;div data-bind=&quot;template: { name: &#39;narrative-template&#39; }&quot;&gt;&lt;/div&gt;","42850467142348247","","","","","",""
"a2J4S0000008RAEUA2","0054S000000Ms6RQAS","","LifeCycle.KO_Narrative","2020-06-02T17:59:20.000Z","0054S000000Ms6RQAS","2020-06-02T17:59:20.000Z","0054S000000Ms6RQAS","","","","","","","","","","","nFORCE__ko_narrative_app","","","","nFORCE__ko_narrative_viewModel","nFORCE__screen_models","","","","","","","","","","","Knockout","&lt;div data-bind=&quot;template: { name: &#39;narrative-template&#39; }&quot;&gt;&lt;/div&gt;","42311353253840619","","","","","",""
"a2J4S0000008RAFUA2","0054S000000Ms6RQAS","","LifeCycle.KO_Narrative","2020-06-02T17:59:20.000Z","0054S000000Ms6RQAS","2020-06-02T17:59:20.000Z","0054S000000Ms6RQAS","","","","","","","","","","","nFORCE__ko_narrative_app","","","","nFORCE__ko_narrative_viewModel","nFORCE__screen_models","","","","","","","","","","","Knockout","&lt;div data-bind=&quot;template: { name: &#39;narrative-template&#39; }&quot;&gt;&lt;/div&gt;","42336121593298764","","","","","",""
"a2J4S0000008RAGUA2","0054S000000Ms6RQAS","","LifeCycle.KO_Narrative","2020-06-02T17:59:20.000Z","0054S000000Ms6RQAS","2020-06-02T17:59:20.000Z","0054S000000Ms6RQAS","","","","","","","","","","","nFORCE__ko_narrative_app","","","","nFORCE__ko_narrative_viewModel","nFORCE__screen_models","","","","","","","","","","","Knockout","&lt;div data-bind=&quot;template: { name: &#39;narrative-template&#39; }&quot;&gt;&lt;/div&gt;","42315949871880428","","","","","",""
"a2J4S0000008RAHUA2","0054S000000Ms6RQAS","","LifeCycle.KO_Narrative","2020-06-02T17:59:20.000Z","0054S000000Ms6RQAS","2020-06-02T17:59:20.000Z","0054S000000Ms6RQAS","","","","","","","","","","","nFORCE__ko_narrative_app","","","","nFORCE__ko_narrative_viewModel","nFORCE__screen_models","","","","","","","","","","","Knockout","&lt;div data-bind=&quot;template: { name: &#39;narrative-template&#39; }&quot;&gt;&lt;/div&gt;","42259609752547895","","","","","",""
"a2J4S0000008RAIUA2","0054S000000Ms6RQAS","","LifeCycle.KO_Narrative","2020-06-02T17:59:20.000Z","0054S000000Ms6RQAS","2020-06-02T17:59:20.000Z","0054S000000Ms6RQAS","","","","","","","","","","","nFORCE__ko_narrative_app","","","","nFORCE__ko_narrative_viewModel","nFORCE__screen_models","","","","","","","","","","","Knockout","&lt;div data-bind=&quot;template: { name: &#39;narrative-template&#39; }&quot;&gt;&lt;/div&gt;","42144238868439873","","","","","",""
"a2J4S0000008RAJUA2","0054S000000Ms6RQAS","","LifeCycle.KO_Narrative","2020-06-02T17:59:20.000Z","0054S000000Ms6RQAS","2020-06-02T17:59:20.000Z","0054S000000Ms6RQAS","","","","","","","","","","","nFORCE__ko_narrative_app","","","","nFORCE__ko_narrative_viewModel","nFORCE__screen_models","","","","","","","","","","","Knockout","&lt;div data-bind=&quot;template: { name: &#39;narrative-template&#39; }&quot;&gt;&lt;/div&gt;","42873298718413405","","","","","",""
"a2J4S0000008RAKUA2","0054S000000Ms6RQAS","","LifeCycle.KO_Narrative","2020-06-02T17:59:20.000Z","0054S000000Ms6RQAS","2020-06-02T17:59:20.000Z","0054S000000Ms6RQAS","","","","","","","","","","","nFORCE__ko_narrative_app","","","","nFORCE__ko_narrative_viewModel","nFORCE__screen_models","","","","","","","","","","","Knockout","&lt;div data-bind=&quot;template: { name: &#39;narrative-template&#39; }&quot;&gt;&lt;/div&gt;","42168243976644615","","","","","",""
"a2J4S0000008RALUA2","0054S000000Ms6RQAS","","LifeCycle.KO_Narrative","2020-06-02T17:59:20.000Z","0054S000000Ms6RQAS","2020-06-02T17:59:20.000Z","0054S000000Ms6RQAS","","","","","","","","","","","nFORCE__ko_narrative_app","","","","nFORCE__ko_narrative_viewModel","nFORCE__screen_models","","","","","","","","","","","Knockout","&lt;div data-bind=&quot;template: { name: &#39;narrative-template&#39; }&quot;&gt;&lt;/div&gt;","42380470230958288","","","","","",""
"a2J4S0000008RAMUA2","0054S000000Ms6RQAS","","LifeCycle.KO_Narrative","2020-06-02T17:59:20.000Z","0054S000000Ms6RQAS","2020-06-02T17:59:20.000Z","0054S000000Ms6RQAS","","","","","","","","","","","nFORCE__ko_narrative_app","","","","nFORCE__ko_narrative_viewModel","nFORCE__screen_models","","","","","","","","","","","Knockout","&lt;div data-bind=&quot;template: { name: &#39;narrative-template&#39; }&quot;&gt;&lt;/div&gt;","42684876239014761","","","","","",""
"a2J4S0000008RANUA2","0054S000000Ms6RQAS","","LifeCycle.KO_Narrative","2020-06-02T17:59:20.000Z","0054S000000Ms6RQAS","2020-06-02T17:59:20.000Z","0054S000000Ms6RQAS","","","","","","","","","","","nFORCE__ko_narrative_app","","","","nFORCE__ko_narrative_viewModel","nFORCE__screen_models","","","","","","","","","","","Knockout","&lt;div data-bind=&quot;template: { name: &#39;narrative-template&#39; }&quot;&gt;&lt;/div&gt;","42022535694149425","","","","","",""
"a2J4S0000008RAOUA2","0054S000000Ms6RQAS","","LifeCycle.KO_Narrative","2020-06-02T17:59:20.000Z","0054S000000Ms6RQAS","2020-06-02T17:59:20.000Z","0054S000000Ms6RQAS","","","","","","","","","","","nFORCE__ko_narrative_app","","","","nFORCE__ko_narrative_viewModel","nFORCE__screen_models","","","","","","","","","","","Knockout","&lt;div data-bind=&quot;template: { name: &#39;narrative-template&#39; }&quot;&gt;&lt;/div&gt;","42230249652179485","","","","","",""
"a2J4S0000008RAPUA2","0054S000000Ms6RQAS","","LifeCycle.KO_Narrative","2020-06-02T17:59:20.000Z","0054S000000Ms6RQAS","2020-06-02T17:59:20.000Z","0054S000000Ms6RQAS","","","","","","","","","","","nFORCE__ko_narrative_app","","","","nFORCE__ko_narrative_viewModel","nFORCE__screen_models","","","","","","","","","","","Knockout","&lt;div data-bind=&quot;template: { name: &#39;narrative-template&#39; }&quot;&gt;&lt;/div&gt;","42307600072727923","","","","","",""
"a2J4S0000008RAQUA2","0054S000000Ms6RQAS","","ProjectRollUpScreenSection","2020-06-02T17:59:20.000Z","0054S000000Ms6RQAS","2020-06-02T17:59:20.000Z","0054S000000Ms6RQAS","","","","","","","","","","","","","","","","","","","","","","","","","","","Angular","&lt;cre-project-roll-up data-bind=&quot;attr: { contextId: contextObject.Id, none: (function(){ LifeCycle.bootstrapProjectRollUp(); })() }&quot;&gt;&lt;/cre-project-roll-up&gt;","42523025420109377","","","","","",""
"a2J4S0000008RARUA2","0054S000000Ms6RQAS","","LifeCycle.Spread_Base","2020-06-02T17:59:20.000Z","0054S000000Ms6RQAS","2020-06-02T17:59:20.000Z","0054S000000Ms6RQAS","","","","","","","","","","","","","","","","","","","","","","","","","","","Knockout","","42999423109191099","","","","","",""
"a2J4S0000008RASUA2","0054S000000Ms6RQAS","","LifeCycle.Default_Widget","2020-06-02T17:59:20.000Z","0054S000000Ms6RQAS","2020-06-02T17:59:20.000Z","0054S000000Ms6RQAS","","","","","","","","","","","LLC_BI__default_widget_app","","","","","LLC_BI__default_widget_viewModel","","","","","","","","","","","Knockout","&lt;table class=&quot;table&quot;&gt; &lt;tr&gt; &lt;th&gt;Date&lt;/th&gt; &lt;th&gt;Assigned To&lt;/th&gt; &lt;th&gt;Actual Approver&lt;/th&gt; &lt;th&gt;Status&lt;/th&gt; &lt;th&gt;Comments&lt;/th&gt; &lt;/tr&gt; &lt;!-- ko foreach: approvalHistory --&gt; &lt;!-- ko foreach: steps.sort(sortDates) --&gt; &lt;tr&gt; &lt;td data-bind=&quot;dateText: theDate&quot; /&gt; &lt;td&gt; &lt;span data-bind=&quot;text: originalActor.lastName&quot; /&gt; , &lt;span data-bind=&quot;text: originalActor.firstName&quot; /&gt; &lt;/td&gt; &lt;td&gt; &lt;span data-bind=&quot;text: assignedActor.lastName&quot; /&gt; , &lt;span data-bind=&quot;text: assignedActor.firstName&quot; /&gt; &lt;/td&gt; &lt;td data-bind=&quot;text: status&quot; /&gt; &lt;td data-bind=&quot;text: comments&quot; /&gt; &lt;/tr&gt; &lt;!-- /ko --&gt; &lt;!-- /ko --&gt; &lt;script&gt; function sortDates(a,b){if(a.theDate()&lt;b.theDate()){return -1; }else if(Date.parse(a.theDate())&gt; Date.parse(b.theDate())) {return 1; }else {return 0; } } &lt;/script&gt; &lt;/table&gt;","42634886771528119","","","","","",""
"a2J4S0000008RATUA2","0054S000000Ms6RQAS","","LifeCycle.KO_Narrative","2020-06-02T17:59:20.000Z","0054S000000Ms6RQAS","2020-06-02T17:59:20.000Z","0054S000000Ms6RQAS","","","","","","","","","","","nFORCE__ko_narrative_app","","","","nFORCE__ko_narrative_viewModel","nFORCE__screen_models","","","","","","","","","","","Knockout","&lt;div data-bind=&quot;template: { name: &#39;narrative-template&#39; }&quot;&gt;&lt;/div&gt;","42888136599805245","","","","","",""
"a2J4S0000008RAUUA2","0054S000000Ms6RQAS","","LifeCycle.KO_Narrative","2020-06-02T17:59:20.000Z","0054S000000Ms6RQAS","2020-06-02T17:59:20.000Z","0054S000000Ms6RQAS","","","","","","","","","","","nFORCE__ko_narrative_app","","","","nFORCE__ko_narrative_viewModel","nFORCE__screen_models","","","","","","","","","","","Knockout","&lt;div data-bind=&quot;template: { name: &#39;narrative-template&#39; }&quot;&gt;&lt;/div&gt;","42780637171591254","","","","","",""
"a2J4S0000008RAVUA2","0054S000000Ms6RQAS","","LifeCycle.KO_Narrative","2020-06-02T17:59:20.000Z","0054S000000Ms6RQAS","2020-06-02T17:59:20.000Z","0054S000000Ms6RQAS","","","","","","","","","","","nFORCE__ko_narrative_app","","","","nFORCE__ko_narrative_viewModel","nFORCE__screen_models","","","","","","","","","","","Knockout","&lt;div data-bind=&quot;template: { name: &#39;narrative-template&#39; }&quot;&gt;&lt;/div&gt;","42446204255197252","","","","","",""
"a2J4S0000008RAWUA2","0054S000000Ms6RQAS","","LifeCycle.KO_Narrative","2020-06-02T17:59:20.000Z","0054S000000Ms6RQAS","2020-06-02T17:59:20.000Z","0054S000000Ms6RQAS","","","","","","","","","","","nFORCE__ko_narrative_app","","","","nFORCE__ko_narrative_viewModel","nFORCE__screen_models","","","","","","","","","","","Knockout","&lt;div data-bind=&quot;template: { name: &#39;narrative-template&#39; }&quot;&gt;&lt;/div&gt;","42012670141461340","","","","","",""
"a2J4S0000008RAXUA2","0054S000000Ms6RQAS","","LifeCycle.KO_Narrative","2020-06-02T17:59:20.000Z","0054S000000Ms6RQAS","2020-06-02T17:59:20.000Z","0054S000000Ms6RQAS","","","","","","","","","","","nFORCE__ko_narrative_app","","","","nFORCE__ko_narrative_viewModel","nFORCE__screen_models","","","","","","","","","","","Knockout","&lt;div data-bind=&quot;template: { name: &#39;narrative-template&#39; }&quot;&gt;&lt;/div&gt;","42645115308353648","","","","","",""
"a2J4S0000008RAYUA2","0054S000000Ms6RQAS","","LifeCycle.KO_Narrative","2020-06-02T17:59:20.000Z","0054S000000Ms6RQAS","2020-06-02T17:59:20.000Z","0054S000000Ms6RQAS","","","","","","","","","","","nFORCE__ko_narrative_app","","","","nFORCE__ko_narrative_viewModel","nFORCE__screen_models","","","","","","","","","","","Knockout","&lt;div data-bind=&quot;template: { name: &#39;narrative-template&#39; }&quot;&gt;&lt;/div&gt;","42012708286261744","","","","","",""
"a2J4S0000008RAZUA2","0054S000000Ms6RQAS","","LifeCycle.KO_Narrative","2020-06-02T17:59:20.000Z","0054S000000Ms6RQAS","2020-06-02T17:59:20.000Z","0054S000000Ms6RQAS","","","","","","","","","","","nFORCE__ko_narrative_app","","","","nFORCE__ko_narrative_viewModel","nFORCE__screen_models","","","","","","","","","","","Knockout","&lt;div data-bind=&quot;template: { name: &#39;narrative-template&#39; }&quot;&gt;&lt;/div&gt;","42059618126401459","","","","","",""
"a2J4S0000008RAaUAM","0054S000000Ms6RQAS","","LifeCycle.KO_Narrative","2020-06-02T17:59:20.000Z","0054S000000Ms6RQAS","2020-06-02T17:59:20.000Z","0054S000000Ms6RQAS","","","","","","","","","","","nFORCE__ko_narrative_app","","","","nFORCE__ko_narrative_viewModel","nFORCE__screen_models","","","","","","","","","","","Knockout","&lt;div data-bind=&quot;template: { name: &#39;narrative-template&#39; }&quot;&gt;&lt;/div&gt;","42272328149282737","","","","","",""
"a2J4S0000008RAbUAM","0054S000000Ms6RQAS","","LifeCycle.KO_Narrative","2020-06-02T17:59:20.000Z","0054S000000Ms6RQAS","2020-06-02T17:59:20.000Z","0054S000000Ms6RQAS","","","","","","","","","","","nFORCE__ko_narrative_app","","","","nFORCE__ko_narrative_viewModel","nFORCE__screen_models","","","","","","","","","","","Knockout","&lt;div data-bind=&quot;template: { name: &#39;narrative-template&#39; }&quot;&gt;&lt;/div&gt;","42464295567685778","","","","","",""
"a2J4S0000008RAcUAM","0054S000000Ms6RQAS","","LifeCycle.KO_Narrative","2020-06-02T17:59:20.000Z","0054S000000Ms6RQAS","2020-06-02T17:59:20.000Z","0054S000000Ms6RQAS","","","","","","","","","","","nFORCE__ko_narrative_app","","","","nFORCE__ko_narrative_viewModel","nFORCE__screen_models","","","","","","","","","","","Knockout","&lt;div data-bind=&quot;template: { name: &#39;narrative-template&#39; }&quot;&gt;&lt;/div&gt;","42253854619471598","","","","","",""
"a2J4S0000008RAdUAM","0054S000000Ms6RQAS","","LifeCycle.KO_Narrative","2020-06-02T17:59:20.000Z","0054S000000Ms6RQAS","2020-06-02T17:59:20.000Z","0054S000000Ms6RQAS","","","","","","","","","","","nFORCE__ko_narrative_app","","","","nFORCE__ko_narrative_viewModel","nFORCE__screen_models","","","","","","","","","","","Knockout","&lt;div data-bind=&quot;template: { name: &#39;narrative-template&#39; }&quot;&gt;&lt;/div&gt;","42388999723258922","","","","","",""
"a2J4S0000008RAeUAM","0054S000000Ms6RQAS","","LifeCycle.KO_Narrative","2020-06-02T17:59:20.000Z","0054S000000Ms6RQAS","2020-06-02T17:59:20.000Z","0054S000000Ms6RQAS","","","","","","","","","","","nFORCE__ko_narrative_app","","","","nFORCE__ko_narrative_viewModel","nFORCE__screen_models","","","","","","","","","","","Knockout","&lt;div data-bind=&quot;template: { name: &#39;narrative-template&#39; }&quot;&gt;&lt;/div&gt;","42999938157668872","","","","","",""
"a2J4S0000008RAfUAM","0054S000000Ms6RQAS","","LifeCycle.KO_Narrative","2020-06-02T17:59:20.000Z","0054S000000Ms6RQAS","2020-06-02T17:59:20.000Z","0054S000000Ms6RQAS","","","","","","","","","","","nFORCE__ko_narrative_app","","","","nFORCE__ko_narrative_viewModel","nFORCE__screen_models","","","","","","","","","","","Knockout","&lt;div data-bind=&quot;template: { name: &#39;narrative-template&#39; }&quot;&gt;&lt;/div&gt;","42476180397998848","","","","","",""
"a2J4S0000008RAgUAM","0054S000000Ms6RQAS","","LifeCycle.KO_Narrative","2020-06-02T17:59:20.000Z","0054S000000Ms6RQAS","2020-06-02T17:59:20.000Z","0054S000000Ms6RQAS","","","","","","","","","","","nFORCE__ko_narrative_app","","","","nFORCE__ko_narrative_viewModel","nFORCE__screen_models","","","","","","","","","","","Knockout","&lt;div data-bind=&quot;template: { name: &#39;narrative-template&#39; }&quot;&gt;&lt;/div&gt;","42172393657136323","","","","","",""
"a2J4S0000008RAhUAM","0054S000000Ms6RQAS","","LifeCycle.Spread_Base","2020-06-02T17:59:20.000Z","0054S000000Ms6RQAS","2020-06-02T17:59:20.000Z","0054S000000Ms6RQAS","","","","","","","","","","","","","","","","","","","","","","","","","","","Knockout","","42858028696772567","","","","","",""
"a2J4S0000008RAiUAM","0054S000000Ms6RQAS","","LifeCycle.Default_Widget","2020-06-02T17:59:20.000Z","0054S000000Ms6RQAS","2020-06-02T17:59:20.000Z","0054S000000Ms6RQAS","","","","","","","","","","","LLC_BI__default_widget_app","","","","","LLC_BI__default_widget_viewModel","","","","","","","","","","","Knockout","&lt;table class=&quot;table&quot;&gt; &lt;tr&gt; &lt;th&gt;Date&lt;/th&gt; &lt;th&gt;Assigned To&lt;/th&gt; &lt;th&gt;Actual Approver&lt;/th&gt; &lt;th&gt;Status&lt;/th&gt; &lt;th&gt;Comments&lt;/th&gt; &lt;/tr&gt; &lt;!-- ko foreach: approvalHistory --&gt; &lt;!-- ko foreach: steps.sort(sortDates) --&gt; &lt;tr&gt; &lt;td data-bind=&quot;dateText: theDate&quot; /&gt; &lt;td&gt; &lt;span data-bind=&quot;text: originalActor.lastName&quot; /&gt; , &lt;span data-bind=&quot;text: originalActor.firstName&quot; /&gt; &lt;/td&gt; &lt;td&gt; &lt;span data-bind=&quot;text: assignedActor.lastName&quot; /&gt; , &lt;span data-bind=&quot;text: assignedActor.firstName&quot; /&gt; &lt;/td&gt; &lt;td data-bind=&quot;text: status&quot; /&gt; &lt;td data-bind=&quot;text: comments&quot; /&gt; &lt;/tr&gt; &lt;!-- /ko --&gt; &lt;!-- /ko --&gt; &lt;script&gt; function sortDates(a,b){if(a.theDate()&lt;b.theDate()){return -1; }else if(Date.parse(a.theDate())&gt; Date.parse(b.theDate())) {return 1; }else {return 0; } } &lt;/script&gt; &lt;/table&gt;","42664307250453048","","","","","",""
"a2J4S0000008RAjUAM","0054S000000Ms6RQAS","","LifeCycle.KO_Narrative","2020-06-02T17:59:20.000Z","0054S000000Ms6RQAS","2020-06-02T17:59:20.000Z","0054S000000Ms6RQAS","","","","","","","","","","","nFORCE__ko_narrative_app","","","","nFORCE__ko_narrative_viewModel","nFORCE__screen_models","","","","","","","","","","","Knockout","&lt;div data-bind=&quot;template: { name: &#39;narrative-template&#39; }&quot;&gt;&lt;/div&gt;","42917311140598011","","","","","",""
"a2J4S0000008RAkUAM","0054S000000Ms6RQAS","","LifeCycle.KO_Narrative","2020-06-02T17:59:20.000Z","0054S000000Ms6RQAS","2020-06-02T17:59:20.000Z","0054S000000Ms6RQAS","","","","","","","","","","","nFORCE__ko_narrative_app","","","","nFORCE__ko_narrative_viewModel","nFORCE__screen_models","","","","","","","","","","","Knockout","&lt;div data-bind=&quot;template: { name: &#39;narrative-template&#39; }&quot;&gt;&lt;/div&gt;","42888391827823652","","","","","",""
"a2J4S0000008RAlUAM","0054S000000Ms6RQAS","","LifeCycle.KO_Narrative","2020-06-02T17:59:20.000Z","0054S000000Ms6RQAS","2020-06-02T17:59:20.000Z","0054S000000Ms6RQAS","","","","","","","","","","","nFORCE__ko_narrative_app","","","","nFORCE__ko_narrative_viewModel","nFORCE__screen_models","","","","","","","","","","","Knockout","&lt;div data-bind=&quot;template: { name: &#39;narrative-template&#39; }&quot;&gt;&lt;/div&gt;","42400776719583768","","","","","",""
"a2J4S0000008RAmUAM","0054S000000Ms6RQAS","","LifeCycle.KO_Narrative","2020-06-02T17:59:20.000Z","0054S000000Ms6RQAS","2020-06-02T17:59:20.000Z","0054S000000Ms6RQAS","","","","","","","","","","","nFORCE__ko_narrative_app","","","","nFORCE__ko_narrative_viewModel","nFORCE__screen_models","","","","","","","","","","","Knockout","&lt;div data-bind=&quot;template: { name: &#39;narrative-template&#39; }&quot;&gt;&lt;/div&gt;","42124860296729099","","","","","",""
"a2J4S0000008RAnUAM","0054S000000Ms6RQAS","","LifeCycle.KO_Narrative","2020-06-02T17:59:20.000Z","0054S000000Ms6RQAS","2020-06-02T17:59:20.000Z","0054S000000Ms6RQAS","","","","","","","","","","","nFORCE__ko_narrative_app","","","","nFORCE__ko_narrative_viewModel","nFORCE__screen_models","","","","","","","","","","","Knockout","&lt;div data-bind=&quot;template: { name: &#39;narrative-template&#39; }&quot;&gt;&lt;/div&gt;","42683233425935591","","","","","",""
"a2J4S0000008RAoUAM","0054S000000Ms6RQAS","","LifeCycle.KO_Narrative","2020-06-02T17:59:20.000Z","0054S000000Ms6RQAS","2020-06-02T17:59:20.000Z","0054S000000Ms6RQAS","","","","","","","","","","","nFORCE__ko_narrative_app","","","","nFORCE__ko_narrative_viewModel","nFORCE__screen_models","","","","","","","","","","","Knockout","&lt;div data-bind=&quot;template: { name: &#39;narrative-template&#39; }&quot;&gt;&lt;/div&gt;","42583959308951552","","","","","",""
"a2J4S0000008RApUAM","0054S000000Ms6RQAS","","LifeCycle.KO_Narrative","2020-06-02T17:59:20.000Z","0054S000000Ms6RQAS","2020-06-02T17:59:20.000Z","0054S000000Ms6RQAS","","","","","","","","","","","nFORCE__ko_narrative_app","","","","nFORCE__ko_narrative_viewModel","nFORCE__screen_models","","","","","","","","","","","Knockout","&lt;div data-bind=&quot;template: { name: &#39;narrative-template&#39; }&quot;&gt;&lt;/div&gt;","42606918955282500","","","","","",""
"a2J4S0000008RAqUAM","0054S000000Ms6RQAS","","LifeCycle.KO_Narrative","2020-06-02T17:59:20.000Z","0054S000000Ms6RQAS","2020-06-02T17:59:20.000Z","0054S000000Ms6RQAS","","","","","","","","","","","nFORCE__ko_narrative_app","","","","nFORCE__ko_narrative_viewModel","nFORCE__screen_models","","","","","","","","","","","Knockout","&lt;div data-bind=&quot;template: { name: &#39;narrative-template&#39; }&quot;&gt;&lt;/div&gt;","42095919695991333","","","","","",""
"a2J4S0000008RArUAM","0054S000000Ms6RQAS","","LifeCycle.KO_Narrative","2020-06-02T17:59:20.000Z","0054S000000Ms6RQAS","2020-06-02T17:59:20.000Z","0054S000000Ms6RQAS","","","","","","","","","","","nFORCE__ko_narrative_app","","","","nFORCE__ko_narrative_viewModel","nFORCE__screen_models","","","","","","","","","","","Knockout","&lt;div data-bind=&quot;template: { name: &#39;narrative-template&#39; }&quot;&gt;&lt;/div&gt;","42904888694908769","","","","","",""
"a2J4S0000008RAsUAM","0054S000000Ms6RQAS","","LifeCycle.KO_Narrative","2020-06-02T17:59:20.000Z","0054S000000Ms6RQAS","2020-06-02T17:59:20.000Z","0054S000000Ms6RQAS","","","","","","","","","","","nFORCE__ko_narrative_app","","","","nFORCE__ko_narrative_viewModel","nFORCE__screen_models","","","","","","","","","","","Knockout","&lt;div data-bind=&quot;template: { name: &#39;narrative-template&#39; }&quot;&gt;&lt;/div&gt;","42543802801434119","","","","","",""
"a2J4S0000008RAtUAM","0054S000000Ms6RQAS","","LifeCycle.KO_Narrative","2020-06-02T17:59:20.000Z","0054S000000Ms6RQAS","2020-06-02T17:59:20.000Z","0054S000000Ms6RQAS","","","","","","","","","","","nFORCE__ko_narrative_app","","","","nFORCE__ko_narrative_viewModel","nFORCE__screen_models","","","","","","","","","","","Knockout","&lt;div data-bind=&quot;template: { name: &#39;narrative-template&#39; }&quot;&gt;&lt;/div&gt;","42344994081541692","","","","","",""
"a2J4S0000008RAuUAM","0054S000000Ms6RQAS","","LifeCycle.KO_Narrative","2020-06-02T17:59:20.000Z","0054S000000Ms6RQAS","2020-06-02T17:59:20.000Z","0054S000000Ms6RQAS","","","","","","","","","","","nFORCE__ko_narrative_app","","","","nFORCE__ko_narrative_viewModel","nFORCE__screen_models","","","","","","","","","","","Knockout","&lt;div data-bind=&quot;template: { name: &#39;narrative-template&#39; }&quot;&gt;&lt;/div&gt;","42651152608702739","","","","","",""
"a2J4S0000008RAvUAM","0054S000000Ms6RQAS","","LifeCycle.KO_Narrative","2020-06-02T17:59:20.000Z","0054S000000Ms6RQAS","2020-06-02T17:59:20.000Z","0054S000000Ms6RQAS","","","","","","","","","","","nFORCE__ko_narrative_app","","","","nFORCE__ko_narrative_viewModel","nFORCE__screen_models","","","","","","","","","","","Knockout","&lt;div data-bind=&quot;template: { name: &#39;narrative-template&#39; }&quot;&gt;&lt;/div&gt;","42592435153904628","","","","","",""
"a2J4S0000008RAwUAM","0054S000000Ms6RQAS","","LifeCycle.KO_Narrative","2020-06-02T17:59:20.000Z","0054S000000Ms6RQAS","2020-06-02T17:59:20.000Z","0054S000000Ms6RQAS","","","","","","","","","","","nFORCE__ko_narrative_app","","","","nFORCE__ko_narrative_viewModel","nFORCE__screen_models","","","","","","","","","","","Knockout","&lt;div data-bind=&quot;template: { name: &#39;narrative-template&#39; }&quot;&gt;&lt;/div&gt;","42409372366434051","","","","","",""
"a2J4S0000008RAxUAM","0054S000000Ms6RQAS","","LifeCycle.KO_Narrative","2020-06-02T17:59:20.000Z","0054S000000Ms6RQAS","2020-06-02T17:59:20.000Z","0054S000000Ms6RQAS","","","","","","","","","","","nFORCE__ko_narrative_app","","","","nFORCE__ko_narrative_viewModel","nFORCE__screen_models","","","","","","","","","","","Knockout","&lt;div data-bind=&quot;template: { name: &#39;narrative-template&#39; }&quot;&gt;&lt;/div&gt;","42070028469399658","","","","","",""
"a2J4S0000008RAyUAM","0054S000000Ms6RQAS","","LifeCycle.KO_Narrative","2020-06-02T17:59:20.000Z","0054S000000Ms6RQAS","2020-06-02T17:59:20.000Z","0054S000000Ms6RQAS","","","","","","","","","","","nFORCE__ko_narrative_app","","","","nFORCE__ko_narrative_viewModel","nFORCE__screen_models","","","","","","","","","","","Knockout","&lt;div data-bind=&quot;template: { name: &#39;narrative-template&#39; }&quot;&gt;&lt;/div&gt;","42850072414073091","","","","","",""
"a2J4S0000008RAzUAM","0054S000000Ms6RQAS","","LifeCycle.KO_Narrative","2020-06-02T17:59:20.000Z","0054S000000Ms6RQAS","2020-06-02T17:59:20.000Z","0054S000000Ms6RQAS","","","","","","","","","","","nFORCE__ko_narrative_app","","","","nFORCE__ko_narrative_viewModel","nFORCE__screen_models","","","","","","","","","","","Knockout","&lt;div data-bind=&quot;template: { name: &#39;narrative-template&#39; }&quot;&gt;&lt;/div&gt;","42397513505912154","","","","","",""
"a2J4S0000008RB0UAM","0054S000000Ms6RQAS","","LifeCycle.KO_Narrative","2020-06-02T17:59:20.000Z","0054S000000Ms6RQAS","2020-06-02T17:59:20.000Z","0054S000000Ms6RQAS","","","","","","","","","","","nFORCE__ko_narrative_app","","","","nFORCE__ko_narrative_viewModel","nFORCE__screen_models","","","","","","","","","","","Knockout","&lt;div data-bind=&quot;template: { name: &#39;narrative-template&#39; }&quot;&gt;&lt;/div&gt;","42464740632174878","","","","","",""
"a2J4S0000008RB1UAM","0054S000000Ms6RQAS","","LifeCycle.KO_Narrative","2020-06-02T17:59:20.000Z","0054S000000Ms6RQAS","2020-06-02T17:59:20.000Z","0054S000000Ms6RQAS","","","","","","","","","","","nFORCE__ko_narrative_app","","","","nFORCE__ko_narrative_viewModel","nFORCE__screen_models","","","","","","","","","","","Knockout","&lt;div data-bind=&quot;template: { name: &#39;narrative-template&#39; }&quot;&gt;&lt;/div&gt;","42212804354250726","","","","","",""
"a2J4S0000008RB2UAM","0054S000000Ms6RQAS","","LifeCycle.KO_Narrative","2020-06-02T17:59:20.000Z","0054S000000Ms6RQAS","2020-06-02T17:59:20.000Z","0054S000000Ms6RQAS","","","","","","","","","","","nFORCE__ko_narrative_app","","","","nFORCE__ko_narrative_viewModel","nFORCE__screen_models","","","","","","","","","","","Knockout","&lt;div data-bind=&quot;template: { name: &#39;narrative-template&#39; }&quot;&gt;&lt;/div&gt;","42083155614786264","","","","","",""
"a2J4S0000008RB3UAM","0054S000000Ms6RQAS","","LifeCycle.KO_Narrative","2020-06-02T17:59:20.000Z","0054S000000Ms6RQAS","2020-06-02T17:59:20.000Z","0054S000000Ms6RQAS","","","","","","maxSize: 12000000;","","","","","nFORCE__ko_narrative_app","","","","nFORCE__ko_narrative_viewModel","nFORCE__screen_models","","","","","","","","","","","Knockout","&lt;div data-bind=&quot;template: { name: &#39;narrative-template&#39; }&quot;&gt;&lt;/div&gt;","a2J4S0000008RB3UAM","","","","","",""
"a2J4S0000008RB4UAM","0054S000000Ms6RQAS","","LifeCycle.KO_Narrative","2020-06-02T17:59:20.000Z","0054S000000Ms6RQAS","2020-06-02T17:59:20.000Z","0054S000000Ms6RQAS","","","","","","maxSize: 12000000;","","","","","nFORCE__ko_narrative_app","","","","nFORCE__ko_narrative_viewModel","nFORCE__screen_models","","","","","","","","","","","Knockout","&lt;div data-bind=&quot;template: { name: &#39;narrative-template&#39; }&quot;&gt;&lt;/div&gt;","a2J4S0000008RB4UAM","","","","","",""
"a2J4S0000008RB5UAM","0054S000000Ms6RQAS","","LifeCycle.KO_Narrative","2020-06-02T17:59:20.000Z","0054S000000Ms6RQAS","2020-06-02T17:59:20.000Z","0054S000000Ms6RQAS","","","","","","maxSize: 12000000;","","","","","nFORCE__ko_narrative_app","","","","nFORCE__ko_narrative_viewModel","nFORCE__screen_models","","","","","","","","","","","Knockout","&lt;div data-bind=&quot;template: { name: &#39;narrative-template&#39; }&quot;&gt;&lt;/div&gt;","a2J4S0000008RB5UAM","","","","","",""
"a2J4S0000008RB6UAM","0054S000000Ms6RQAS","","LifeCycle.KO_Narrative","2020-06-02T17:59:20.000Z","0054S000000Ms6RQAS","2020-06-02T17:59:20.000Z","0054S000000Ms6RQAS","","","","","","maxSize: 12000000;","","","","","nFORCE__ko_narrative_app","","","","nFORCE__ko_narrative_viewModel","nFORCE__screen_models","","","","","","","","","","","Knockout","&lt;div data-bind=&quot;template: { name: &#39;narrative-template&#39; }&quot;&gt;&lt;/div&gt;","a2J4S0000008RB6UAM","","","","","",""
"a2J4S0000008RB7UAM","0054S000000Ms6RQAS","","LifeCycle.KO_Narrative","2020-06-02T17:59:20.000Z","0054S000000Ms6RQAS","2020-06-02T17:59:20.000Z","0054S000000Ms6RQAS","","","","","","maxSize: 12000000;","","","","","nFORCE__ko_narrative_app","","","","nFORCE__ko_narrative_viewModel","nFORCE__screen_models","","","","","","","","","","","Knockout","&lt;div data-bind=&quot;template: { name: &#39;narrative-template&#39; }&quot;&gt;&lt;/div&gt;","a2J4S0000008RB7UAM","","","","","",""
"a2J4S0000008RB8UAM","0054S000000Ms6RQAS","","LifeCycle.KO_Narrative","2020-06-02T17:59:20.000Z","0054S000000Ms6RQAS","2020-06-02T17:59:20.000Z","0054S000000Ms6RQAS","","","","","","maxSize: 12000000;","","","","","nFORCE__ko_narrative_app","","","","nFORCE__ko_narrative_viewModel","nFORCE__screen_models","","","","","","","","","","","Knockout","&lt;div data-bind=&quot;template: { name: &#39;narrative-template&#39; }&quot;&gt;&lt;/div&gt;","a2J4S0000008RB8UAM","","","","","",""
"a2J4S0000008RB9UAM","0054S000000Ms6RQAS","","LifeCycle.KO_Narrative","2020-06-02T17:59:20.000Z","0054S000000Ms6RQAS","2020-06-02T17:59:20.000Z","0054S000000Ms6RQAS","","","","","","","","","","","nFORCE__ko_narrative_app","","","","nFORCE__ko_narrative_viewModel","nFORCE__screen_models","","","","","","","","","","","Knockout","&lt;div data-bind=&quot;template: { name: &#39;narrative-template&#39; }&quot;&gt;&lt;/div&gt;","42229815176908552","","","","","",""
"a2J4S0000008RBAUA2","0054S000000Ms6RQAS","","LifeCycle.KO_Narrative","2020-06-02T17:59:20.000Z","0054S000000Ms6RQAS","2020-06-02T17:59:20.000Z","0054S000000Ms6RQAS","","","","","","","","","","","nFORCE__ko_narrative_app","","","","nFORCE__ko_narrative_viewModel","nFORCE__screen_models","","","","","","","","","","","Knockout","&lt;div data-bind=&quot;template: { name: &#39;narrative-template&#39; }&quot;&gt;&lt;/div&gt;","42945444203394134","","","","","",""
"a2J4S0000008RBBUA2","0054S000000Ms6RQAS","","LifeCycle.KO_Narrative","2020-06-02T17:59:20.000Z","0054S000000Ms6RQAS","2020-06-02T17:59:20.000Z","0054S000000Ms6RQAS","","","","","","","","","","","nFORCE__ko_narrative_app","","","","nFORCE__ko_narrative_viewModel","nFORCE__screen_models","","","","","","","","","","","Knockout","&lt;div data-bind=&quot;template: { name: &#39;narrative-template&#39; }&quot;&gt;&lt;/div&gt;","42819794516069556","","","","","",""
"a2J4S0000008RBCUA2","0054S000000Ms6RQAS","","LifeCycle.KO_Narrative","2020-06-02T17:59:20.000Z","0054S000000Ms6RQAS","2020-06-02T17:59:20.000Z","0054S000000Ms6RQAS","","","","","","","","","","","nFORCE__ko_narrative_app","","","","nFORCE__ko_narrative_viewModel","nFORCE__screen_models","","","","","","","","","","","Knockout","&lt;div data-bind=&quot;template: { name: &#39;narrative-template&#39; }&quot;&gt;&lt;/div&gt;","42407959122878986","","","","","",""
"a2J4S0000008RBDUA2","0054S000000Ms6RQAS","","LifeCycle.KO_Narrative","2020-06-02T17:59:20.000Z","0054S000000Ms6RQAS","2020-06-02T17:59:20.000Z","0054S000000Ms6RQAS","","","","","","","","","","","nFORCE__ko_narrative_app","","","","nFORCE__ko_narrative_viewModel","nFORCE__screen_models","","","","","","","","","","","Knockout","&lt;div data-bind=&quot;template: { name: &#39;narrative-template&#39; }&quot;&gt;&lt;/div&gt;","42979403119303387","","","","","",""
"a2J4S0000008RBEUA2","0054S000000Ms6RQAS","","LifeCycle.KO_Narrative","2020-06-02T17:59:20.000Z","0054S000000Ms6RQAS","2020-06-02T17:59:20.000Z","0054S000000Ms6RQAS","","","","","","","","","","","nFORCE__ko_narrative_app","","","","nFORCE__ko_narrative_viewModel","nFORCE__screen_models","","","","","","","","","","","Knockout","&lt;div data-bind=&quot;template: { name: &#39;narrative-template&#39; }&quot;&gt;&lt;/div&gt;","42687175584237647","","","","","",""
"a2J4S0000008RBFUA2","0054S000000Ms6RQAS","","LifeCycle.KO_Narrative","2020-06-02T17:59:20.000Z","0054S000000Ms6RQAS","2020-06-02T17:59:20.000Z","0054S000000Ms6RQAS","","","","","","maxSize: 12000000;","","","","","nFORCE__ko_narrative_app","","","","nFORCE__ko_narrative_viewModel","nFORCE__screen_models","","","","","","","","","","","Knockout","&lt;div data-bind=&quot;template: { name: &#39;narrative-template&#39; }&quot;&gt;&lt;/div&gt;","42211482084803636","","","","","",""
"a2J4S0000008RBGUA2","0054S000000Ms6RQAS","","LifeCycle.KO_Narrative","2020-06-02T17:59:20.000Z","0054S000000Ms6RQAS","2020-06-02T17:59:20.000Z","0054S000000Ms6RQAS","","","","","","maxSize: 12000000;","","","","","nFORCE__ko_narrative_app","","","","nFORCE__ko_narrative_viewModel","nFORCE__screen_models","","","","","","","","","","","Knockout","&lt;div data-bind=&quot;template: { name: &#39;narrative-template&#39; }&quot;&gt;&lt;/div&gt;","42911959688622334","","","","","",""
"a2J4S0000008RBHUA2","0054S000000Ms6RQAS","","LifeCycle.KO_Narrative","2020-06-02T17:59:20.000Z","0054S000000Ms6RQAS","2020-06-02T17:59:20.000Z","0054S000000Ms6RQAS","","","","","","maxSize: 12000000;","","","","","nFORCE__ko_narrative_app","","","","nFORCE__ko_narrative_viewModel","nFORCE__screen_models","","","","","","","","","","","Knockout","&lt;div data-bind=&quot;template: { name: &#39;narrative-template&#39; }&quot;&gt;&lt;/div&gt;","42652333583868227","","","","","",""
"a2J4S0000008RBIUA2","0054S000000Ms6RQAS","","LifeCycle.KO_Narrative","2020-06-02T17:59:20.000Z","0054S000000Ms6RQAS","2020-06-02T17:59:20.000Z","0054S000000Ms6RQAS","","","","","","maxSize: 12000000;","","","","","nFORCE__ko_narrative_app","","","","nFORCE__ko_narrative_viewModel","nFORCE__screen_models","","","","","","","","","","","Knockout","&lt;div data-bind=&quot;template: { name: &#39;narrative-template&#39; }&quot;&gt;&lt;/div&gt;","42167380681636667","","","","","",""
"a2J4S0000008RBJUA2","0054S000000Ms6RQAS","","LifeCycle.KO_Narrative","2020-06-02T17:59:20.000Z","0054S000000Ms6RQAS","2020-06-02T17:59:20.000Z","0054S000000Ms6RQAS","","","","","","maxSize: 12000000;","","","","","nFORCE__ko_narrative_app","","","","nFORCE__ko_narrative_viewModel","nFORCE__screen_models","","","","","","","","","","","Knockout","&lt;div data-bind=&quot;template: { name: &#39;narrative-template&#39; }&quot;&gt;&lt;/div&gt;","42499599262913463","","","","","",""
"a2J4S0000008RBKUA2","0054S000000Ms6RQAS","","LifeCycle.KO_Narrative","2020-06-02T17:59:20.000Z","0054S000000Ms6RQAS","2020-06-02T17:59:20.000Z","0054S000000Ms6RQAS","","","","","","maxSize: 12000000;","","","","","nFORCE__ko_narrative_app","","","","nFORCE__ko_narrative_viewModel","nFORCE__screen_models","","","","","","","","","","","Knockout","&lt;div data-bind=&quot;template: { name: &#39;narrative-template&#39; }&quot;&gt;&lt;/div&gt;","42009885911446979","","","","","",""
"a2J4S0000008RBLUA2","0054S000000Ms6RQAS","","LifeCycle.KO_Narrative","2020-06-02T17:59:20.000Z","0054S000000Ms6RQAS","2020-06-02T17:59:20.000Z","0054S000000Ms6RQAS","","","","","","maxSize: 12000000;","","","","","nFORCE__ko_narrative_app","","","","nFORCE__ko_narrative_viewModel","nFORCE__screen_models","","","","","","","","","","","Knockout","&lt;div data-bind=&quot;template: { name: &#39;narrative-template&#39; }&quot;&gt;&lt;/div&gt;","a2J4S0000008RBLUA2","","","","","",""
"a2J4S0000008RBMUA2","0054S000000Ms6RQAS","","LifeCycle.KO_Narrative","2020-06-02T17:59:20.000Z","0054S000000Ms6RQAS","2020-06-02T17:59:20.000Z","0054S000000Ms6RQAS","","","","","","maxSize: 12000000;","","","","","nFORCE__ko_narrative_app","","","","nFORCE__ko_narrative_viewModel","nFORCE__screen_models","","","","","","","","","","","Knockout","&lt;div data-bind=&quot;template: { name: &#39;narrative-template&#39; }&quot;&gt;&lt;/div&gt;","a2J4S0000008RBMUA2","","","","","",""
"a2J4S0000008RBNUA2","0054S000000Ms6RQAS","","LifeCycle.KO_Narrative","2020-06-02T17:59:20.000Z","0054S000000Ms6RQAS","2020-06-02T17:59:20.000Z","0054S000000Ms6RQAS","","","","","","maxSize: 12000000;","","","","","nFORCE__ko_narrative_app","","","","nFORCE__ko_narrative_viewModel","nFORCE__screen_models","","","","","","","","","","","Knockout","&lt;div data-bind=&quot;template: { name: &#39;narrative-template&#39; }&quot;&gt;&lt;/div&gt;","a2J4S0000008RBNUA2","","","","","",""
"a2J4S0000008RBOUA2","0054S000000Ms6RQAS","","LifeCycle.KO_Narrative","2020-06-02T17:59:20.000Z","0054S000000Ms6RQAS","2020-06-02T17:59:20.000Z","0054S000000Ms6RQAS","","","","","","maxSize: 12000000;","","","","","nFORCE__ko_narrative_app","","","","nFORCE__ko_narrative_viewModel","nFORCE__screen_models","","","","","","","","","","","Knockout","&lt;div data-bind=&quot;template: { name: &#39;narrative-template&#39; }&quot;&gt;&lt;/div&gt;","a2J4S0000008RBOUA2","","","","","",""
"a2J4S0000008RBPUA2","0054S000000Ms6RQAS","","LifeCycle.KO_Narrative","2020-06-02T17:59:20.000Z","0054S000000Ms6RQAS","2020-06-02T17:59:20.000Z","0054S000000Ms6RQAS","","","","","","","","","","","nFORCE__ko_narrative_app","","","","nFORCE__ko_narrative_viewModel","nFORCE__screen_models","","","","","","","","","","","Knockout","&lt;div data-bind=&quot;template: { name: &#39;narrative-template&#39; }&quot;&gt;&lt;/div&gt;","42654961802050478","","","","","",""
"a2J4S0000008RBQUA2","0054S000000Ms6RQAS","","LifeCycle.KO_Narrative","2020-06-02T17:59:20.000Z","0054S000000Ms6RQAS","2020-06-02T17:59:20.000Z","0054S000000Ms6RQAS","","","","","","","","","","","nFORCE__ko_narrative_app","","","","nFORCE__ko_narrative_viewModel","nFORCE__screen_models","","","","","","","","","","","Knockout","&lt;div data-bind=&quot;template: { name: &#39;narrative-template&#39; }&quot;&gt;&lt;/div&gt;","42905882741040549","","","","","",""
"a2J4S0000008RBRUA2","0054S000000Ms6RQAS","","LifeCycle.KO_Narrative","2020-06-02T17:59:20.000Z","0054S000000Ms6RQAS","2020-06-02T17:59:20.000Z","0054S000000Ms6RQAS","","","","","","","","","","","nFORCE__ko_narrative_app","","","","nFORCE__ko_narrative_viewModel","nFORCE__screen_models","","","","","","","","","","","Knockout","&lt;div data-bind=&quot;template: { name: &#39;narrative-template&#39; }&quot;&gt;&lt;/div&gt;","42723409468888127","","","","","",""
"a2J4S0000008RBSUA2","0054S000000Ms6RQAS","","LifeCycle.KO_Narrative","2020-06-02T17:59:20.000Z","0054S000000Ms6RQAS","2020-06-02T17:59:20.000Z","0054S000000Ms6RQAS","","","","","","","","","","","nFORCE__ko_narrative_app","","","","nFORCE__ko_narrative_viewModel","nFORCE__screen_models","","","","","","","","","","","Knockout","&lt;div data-bind=&quot;template: { name: &#39;narrative-template&#39; }&quot;&gt;&lt;/div&gt;","42476290680291396","","","","","",""
"a2J4S0000008RBTUA2","0054S000000Ms6RQAS","","LifeCycle.KO_Narrative","2020-06-02T17:59:20.000Z","0054S000000Ms6RQAS","2020-06-02T17:59:20.000Z","0054S000000Ms6RQAS","","","","","","","","","","","nFORCE__ko_narrative_app","","","","nFORCE__ko_narrative_viewModel","nFORCE__screen_models","","","","","","","","","","","Knockout","&lt;div data-bind=&quot;template: { name: &#39;narrative-template&#39; }&quot;&gt;&lt;/div&gt;","42026223736916614","","","","","",""
"a2J4S0000008RBUUA2","0054S000000Ms6RQAS","","LifeCycle.KO_Narrative","2020-06-02T17:59:20.000Z","0054S000000Ms6RQAS","2020-06-02T17:59:20.000Z","0054S000000Ms6RQAS","","","","","","","","","","","nFORCE__ko_narrative_app","","","","nFORCE__ko_narrative_viewModel","nFORCE__screen_models","","","","","","","","","","","Knockout","&lt;div data-bind=&quot;template: { name: &#39;narrative-template&#39; }&quot;&gt;&lt;/div&gt;","42175023606100780","","","","","",""
"a2J4S0000008RBVUA2","0054S000000Ms6RQAS","","LifeCycle.KO_Narrative","2020-06-02T17:59:20.000Z","0054S000000Ms6RQAS","2020-06-02T17:59:20.000Z","0054S000000Ms6RQAS","","","","","","maxSize: 12000000;","","","","","nFORCE__ko_narrative_app","","","","nFORCE__ko_narrative_viewModel","nFORCE__screen_models","","","","","","","","","","","Knockout","&lt;div data-bind=&quot;template: { name: &#39;narrative-template&#39; }&quot;&gt;&lt;/div&gt;","42511051737144462","","","","","",""
"a2J4S0000008RBWUA2","0054S000000Ms6RQAS","","LifeCycle.KO_Narrative","2020-06-02T17:59:20.000Z","0054S000000Ms6RQAS","2020-06-02T17:59:20.000Z","0054S000000Ms6RQAS","","","","","","maxSize: 12000000;","","","","","nFORCE__ko_narrative_app","","","","nFORCE__ko_narrative_viewModel","nFORCE__screen_models","","","","","","","","","","","Knockout","&lt;div data-bind=&quot;template: { name: &#39;narrative-template&#39; }&quot;&gt;&lt;/div&gt;","42416995142142117","","","","","",""
"a2J4S0000008RBXUA2","0054S000000Ms6RQAS","","LifeCycle.KO_Narrative","2020-06-02T17:59:20.000Z","0054S000000Ms6RQAS","2020-06-02T17:59:20.000Z","0054S000000Ms6RQAS","","","","","","maxSize: 12000000;","","","","","nFORCE__ko_narrative_app","","","","nFORCE__ko_narrative_viewModel","nFORCE__screen_models","","","","","","","","","","","Knockout","&lt;div data-bind=&quot;template: { name: &#39;narrative-template&#39; }&quot;&gt;&lt;/div&gt;","42919279241020791","","","","","",""
"a2J4S0000008RBYUA2","0054S000000Ms6RQAS","","LifeCycle.KO_Narrative","2020-06-02T17:59:20.000Z","0054S000000Ms6RQAS","2020-06-02T17:59:20.000Z","0054S000000Ms6RQAS","","","","","","maxSize: 12000000;","","","","","nFORCE__ko_narrative_app","","","","nFORCE__ko_narrative_viewModel","nFORCE__screen_models","","","","","","","","","","","Knockout","&lt;div data-bind=&quot;template: { name: &#39;narrative-template&#39; }&quot;&gt;&lt;/div&gt;","42826046966379174","","","","","",""
"a2J4S0000008RBZUA2","0054S000000Ms6RQAS","","LifeCycle.KO_Narrative","2020-06-02T17:59:20.000Z","0054S000000Ms6RQAS","2020-06-02T17:59:20.000Z","0054S000000Ms6RQAS","","","","","","maxSize: 12000000;","","","","","nFORCE__ko_narrative_app","","","","nFORCE__ko_narrative_viewModel","nFORCE__screen_models","","","","","","","","","","","Knockout","&lt;div data-bind=&quot;template: { name: &#39;narrative-template&#39; }&quot;&gt;&lt;/div&gt;","42337330948281038","","","","","",""
"a2J4S0000008RBaUAM","0054S000000Ms6RQAS","","LifeCycle.KO_Narrative","2020-06-02T17:59:20.000Z","0054S000000Ms6RQAS","2020-06-02T17:59:20.000Z","0054S000000Ms6RQAS","","","","","","maxSize: 12000000;","","","","","nFORCE__ko_narrative_app","","","","nFORCE__ko_narrative_viewModel","nFORCE__screen_models","","","","","","","","","","","Knockout","&lt;div data-bind=&quot;template: { name: &#39;narrative-template&#39; }&quot;&gt;&lt;/div&gt;","42753070176242755","","","","","",""
"a2J4S0000008RBbUAM","0054S000000Ms6RQAS","","LifeCycle.KO_Narrative","2020-06-02T17:59:20.000Z","0054S000000Ms6RQAS","2020-06-02T17:59:20.000Z","0054S000000Ms6RQAS","","","","","","maxSize: 12000000;","","","","","nFORCE__ko_narrative_app","","","","nFORCE__ko_narrative_viewModel","nFORCE__screen_models","","","","","","","","","","","Knockout","&lt;div data-bind=&quot;template: { name: &#39;narrative-template&#39; }&quot;&gt;&lt;/div&gt;","42014048416585417","","","","","",""
"a2J4S0000008RBcUAM","0054S000000Ms6RQAS","","LifeCycle.KO_Narrative","2020-06-02T17:59:20.000Z","0054S000000Ms6RQAS","2020-06-02T17:59:20.000Z","0054S000000Ms6RQAS","","","","","","maxSize: 12000000;","","","","","nFORCE__ko_narrative_app","","","","nFORCE__ko_narrative_viewModel","nFORCE__screen_models","","","","","","","","","","","Knockout","&lt;div data-bind=&quot;template: { name: &#39;narrative-template&#39; }&quot;&gt;&lt;/div&gt;","42901356655891154","","","","","",""
"a2J4S0000008RBdUAM","0054S000000Ms6RQAS","","LifeCycle.KO_Narrative","2020-06-02T17:59:20.000Z","0054S000000Ms6RQAS","2020-06-02T17:59:20.000Z","0054S000000Ms6RQAS","","","","","","maxSize: 12000000;","","","","","nFORCE__ko_narrative_app","","","","nFORCE__ko_narrative_viewModel","nFORCE__screen_models","","","","","","","","","","","Knockout","&lt;div data-bind=&quot;template: { name: &#39;narrative-template&#39; }&quot;&gt;&lt;/div&gt;","42068025770207738","","","","","",""
"a2J4S0000008RBeUAM","0054S000000Ms6RQAS","","LifeCycle.KO_Narrative","2020-06-02T17:59:20.000Z","0054S000000Ms6RQAS","2020-06-02T17:59:20.000Z","0054S000000Ms6RQAS","","","","","","maxSize: 12000000;","","","","","nFORCE__ko_narrative_app","","","","nFORCE__ko_narrative_viewModel","nFORCE__screen_models","","","","","","","","","","","Knockout","&lt;div data-bind=&quot;template: { name: &#39;narrative-template&#39; }&quot;&gt;&lt;/div&gt;","42923358956773671","","","","","",""
"a2J4S0000008RBfUAM","0054S000000Ms6RQAS","","LifeCycle.Spread_Base","2020-06-02T17:59:20.000Z","0054S000000Ms6RQAS","2020-06-02T17:59:20.000Z","0054S000000Ms6RQAS","","","","","","","","","","","","","","","","","","","","","","","","","","","Knockout","","42732856405816938","","","","","",""
"a2J4S0000008RBgUAM","0054S000000Ms6RQAS","","LifeCycle.Default_Widget","2020-06-02T17:59:20.000Z","0054S000000Ms6RQAS","2020-06-02T17:59:20.000Z","0054S000000Ms6RQAS","","","","","","","","","","","LLC_BI__default_widget_app","","","","","LLC_BI__default_widget_viewModel","","","","","","","","","","","Knockout","&lt;table class=&quot;table&quot;&gt; &lt;tr&gt; &lt;th&gt;Date&lt;/th&gt; &lt;th&gt;Assigned To&lt;/th&gt; &lt;th&gt;Actual Approver&lt;/th&gt; &lt;th&gt;Status&lt;/th&gt; &lt;th&gt;Comments&lt;/th&gt; &lt;/tr&gt; &lt;!-- ko foreach: approvalHistory --&gt; &lt;!-- ko foreach: steps.sort(sortDates) --&gt; &lt;tr&gt; &lt;td data-bind=&quot;dateText: theDate&quot; /&gt; &lt;td&gt; &lt;span data-bind=&quot;text: originalActor.lastName&quot; /&gt; , &lt;span data-bind=&quot;text: originalActor.firstName&quot; /&gt; &lt;/td&gt; &lt;td&gt; &lt;span data-bind=&quot;text: assignedActor.lastName&quot; /&gt; , &lt;span data-bind=&quot;text: assignedActor.firstName&quot; /&gt; &lt;/td&gt; &lt;td data-bind=&quot;text: status&quot; /&gt; &lt;td data-bind=&quot;text: comments&quot; /&gt; &lt;/tr&gt; &lt;!-- /ko --&gt; &lt;!-- /ko --&gt; &lt;script&gt; function sortDates(a,b){if(a.theDate()&lt;b.theDate()){return -1; }else if(Date.parse(a.theDate())&gt; Date.parse(b.theDate())) {return 1; }else {return 0; } } &lt;/script&gt; &lt;/table&gt;","42722739745461095","","","","","",""
"a2J4S0000008RBhUAM","0054S000000Ms6RQAS","","LifeCycle.KO_Narrative","2020-06-02T17:59:20.000Z","0054S000000Ms6RQAS","2020-06-02T17:59:20.000Z","0054S000000Ms6RQAS","","","","","","","","","","","nFORCE__ko_narrative_app","","","","nFORCE__ko_narrative_viewModel","nFORCE__screen_models","","","","","","","","","","","Knockout","&lt;div data-bind=&quot;template: { name: &#39;narrative-template&#39; }&quot;&gt;&lt;/div&gt;","42432144907378181","","","","","",""
"a2J4S0000008RBiUAM","0054S000000Ms6RQAS","","LifeCycle.KO_Narrative","2020-06-02T17:59:20.000Z","0054S000000Ms6RQAS","2020-06-02T17:59:20.000Z","0054S000000Ms6RQAS","","","","","","","","","","","nFORCE__ko_narrative_app","","","","nFORCE__ko_narrative_viewModel","nFORCE__screen_models","","","","","","","","","","","Knockout","&lt;div data-bind=&quot;template: { name: &#39;narrative-template&#39; }&quot;&gt;&lt;/div&gt;","42940324802353302","","","","","",""
"a2J4S0000008RBjUAM","0054S000000Ms6RQAS","","LifeCycle.KO_Narrative","2020-06-02T17:59:20.000Z","0054S000000Ms6RQAS","2020-06-02T17:59:20.000Z","0054S000000Ms6RQAS","","","","","","","","","","","nFORCE__ko_narrative_app","","","","nFORCE__ko_narrative_viewModel","nFORCE__screen_models","","","","","","","","","","","Knockout","&lt;div data-bind=&quot;template: { name: &#39;narrative-template&#39; }&quot;&gt;&lt;/div&gt;","42816947800446363","","","","","",""
"a2J4S0000008RBkUAM","0054S000000Ms6RQAS","","LifeCycle.KO_Narrative","2020-06-02T17:59:20.000Z","0054S000000Ms6RQAS","2020-06-02T17:59:20.000Z","0054S000000Ms6RQAS","","","","","","","","","","","nFORCE__ko_narrative_app","","","","nFORCE__ko_narrative_viewModel","nFORCE__screen_models","","","","","","","","","","","Knockout","&lt;div data-bind=&quot;template: { name: &#39;narrative-template&#39; }&quot;&gt;&lt;/div&gt;","42024448316466186","","","","","",""
"a2J4S0000008RBlUAM","0054S000000Ms6RQAS","","LifeCycle.KO_Narrative","2020-06-02T17:59:20.000Z","0054S000000Ms6RQAS","2020-06-02T17:59:20.000Z","0054S000000Ms6RQAS","","","","","","","","","","","nFORCE__ko_narrative_app","","","","nFORCE__ko_narrative_viewModel","nFORCE__screen_models","","","","","","","","","","","Knockout","&lt;div data-bind=&quot;template: { name: &#39;narrative-template&#39; }&quot;&gt;&lt;/div&gt;","42876619653221529","","","","","",""
"a2J4S0000008RBmUAM","0054S000000Ms6RQAS","","LifeCycle.KO_Narrative","2020-06-02T17:59:20.000Z","0054S000000Ms6RQAS","2020-06-02T17:59:20.000Z","0054S000000Ms6RQAS","","","","","","","","","","","nFORCE__ko_narrative_app","","","","nFORCE__ko_narrative_viewModel","nFORCE__screen_models","","","","","","","","","","","Knockout","&lt;div data-bind=&quot;template: { name: &#39;narrative-template&#39; }&quot;&gt;&lt;/div&gt;","42892326271363792","","","","","",""
"a2J4S0000008RBnUAM","0054S000000Ms6RQAS","","LifeCycle.KO_Narrative","2020-06-02T17:59:20.000Z","0054S000000Ms6RQAS","2020-06-02T17:59:20.000Z","0054S000000Ms6RQAS","","","","","","","","","","","nFORCE__ko_narrative_app","","","","nFORCE__ko_narrative_viewModel","nFORCE__screen_models","","","","","","","","","","","Knockout","&lt;div data-bind=&quot;template: { name: &#39;narrative-template&#39; }&quot;&gt;&lt;/div&gt;","42382193028126037","","","","","",""
"a2J4S0000008RBoUAM","0054S000000Ms6RQAS","","LifeCycle.KO_Narrative","2020-06-02T17:59:20.000Z","0054S000000Ms6RQAS","2020-06-02T17:59:20.000Z","0054S000000Ms6RQAS","","","","","","","","","","","nFORCE__ko_narrative_app","","","","nFORCE__ko_narrative_viewModel","nFORCE__screen_models","","","","","","","","","","","Knockout","&lt;div data-bind=&quot;template: { name: &#39;narrative-template&#39; }&quot;&gt;&lt;/div&gt;","42046756365031767","","","","","",""
"a2J4S0000008RBpUAM","0054S000000Ms6RQAS","","LifeCycle.KO_Narrative","2020-06-02T17:59:20.000Z","0054S000000Ms6RQAS","2020-06-02T17:59:20.000Z","0054S000000Ms6RQAS","","","","","","","","","","","nFORCE__ko_narrative_app","","","","nFORCE__ko_narrative_viewModel","nFORCE__screen_models","","","","","","","","","","","Knockout","&lt;div data-bind=&quot;template: { name: &#39;narrative-template&#39; }&quot;&gt;&lt;/div&gt;","42971378385436417","","","","","",""
"a2J4S0000008RBqUAM","0054S000000Ms6RQAS","","LifeCycle.KO_Narrative","2020-06-02T17:59:20.000Z","0054S000000Ms6RQAS","2020-06-02T17:59:20.000Z","0054S000000Ms6RQAS","","","","","","","","","","","nFORCE__ko_narrative_app","","","","nFORCE__ko_narrative_viewModel","nFORCE__screen_models","","","","","","","","","","","Knockout","&lt;div data-bind=&quot;template: { name: &#39;narrative-template&#39; }&quot;&gt;&lt;/div&gt;","42561086712115774","","","","","",""
"a2J4S0000008RBrUAM","0054S000000Ms6RQAS","","LifeCycle.KO_Narrative","2020-06-02T17:59:20.000Z","0054S000000Ms6RQAS","2020-06-02T17:59:20.000Z","0054S000000Ms6RQAS","","","","","","","","","","","nFORCE__ko_narrative_app","","","","nFORCE__ko_narrative_viewModel","nFORCE__screen_models","","","","","","","","","","","Knockout","&lt;div data-bind=&quot;template: { name: &#39;narrative-template&#39; }&quot;&gt;&lt;/div&gt;","42498907608509576","","","","","",""
"a2J4S0000008RBsUAM","0054S000000Ms6RQAS","","LifeCycle.KO_Narrative","2020-06-02T17:59:20.000Z","0054S000000Ms6RQAS","2020-06-02T17:59:20.000Z","0054S000000Ms6RQAS","","","","","","","","","","","nFORCE__ko_narrative_app","","","","nFORCE__ko_narrative_viewModel","nFORCE__screen_models","","","","","","","","","","","Knockout","&lt;div data-bind=&quot;template: { name: &#39;narrative-template&#39; }&quot;&gt;&lt;/div&gt;","42282967572697160","","","","","",""
"a2J4S0000008RBtUAM","0054S000000Ms6RQAS","","LifeCycle.KO_Narrative","2020-06-02T17:59:20.000Z","0054S000000Ms6RQAS","2020-06-02T17:59:20.000Z","0054S000000Ms6RQAS","","","","","","","","","","","nFORCE__ko_narrative_app","","","","nFORCE__ko_narrative_viewModel","nFORCE__screen_models","","","","","","","","","","","Knockout","&lt;div data-bind=&quot;template: { name: &#39;narrative-template&#39; }&quot;&gt;&lt;/div&gt;","42717382516171589","","","","","",""
"a2J4S0000008RBuUAM","0054S000000Ms6RQAS","","LifeCycle.KO_Narrative","2020-06-02T17:59:20.000Z","0054S000000Ms6RQAS","2020-06-02T17:59:20.000Z","0054S000000Ms6RQAS","","","","","","","","","","","nFORCE__ko_narrative_app","","","","nFORCE__ko_narrative_viewModel","nFORCE__screen_models","","","","","","","","","","","Knockout","&lt;div data-bind=&quot;template: { name: &#39;narrative-template&#39; }&quot;&gt;&lt;/div&gt;","42497615317252560","","","","","",""
"a2J4S0000008RBvUAM","0054S000000Ms6RQAS","","Default_Widget","2020-06-02T17:59:20.000Z","0054S000000Ms6RQAS","2020-06-02T17:59:20.000Z","0054S000000Ms6RQAS","","","","","","","","","","","nFORCE__default_widget_app","","","","nFORCE__screen_models","nFORCE__default_widget_viewModel","","","","","","","","","","","Knockout","&lt;table class=&quot;table&quot;&gt;<br>   &lt;tr&gt;<br>      &lt;th&gt;Date&lt;/th&gt;<br>      &lt;th&gt;Assigned To&lt;/th&gt;<br>      &lt;th&gt;Actual Approver&lt;/th&gt;<br>      &lt;th&gt;Status&lt;/th&gt;<br>      &lt;th&gt;Comments&lt;/th&gt;<br>   &lt;/tr&gt;<br>   &lt;!--ko foreach: contextObject.approvalHistory--&gt; &lt;!-- ko foreach: steps --&gt; <br>   &lt;tr&gt;<br>      &lt;td data-bind=&quot;dateText: theDate&quot; /&gt; <br>      &lt;td&gt; &lt;span data-bind=&quot;text: originalActor.name&quot; /&gt; &lt;/td&gt;<br>      &lt;td&gt; &lt;span data-bind=&quot;text: assignedActor.name&quot; /&gt; &lt;/td&gt;<br>      &lt;td data-bind=&quot;text: status&quot; /&gt; <br>      &lt;td data-bind=&quot;text: comments&quot; /&gt; <br>   &lt;/tr&gt;<br>   &lt;!-- /ko --&gt; &lt;!-- /ko --&gt; &lt;script&gt; function sortDates(a,b){if(a.theDate()&lt;b.theDate()){return -1; }else if(Date.parse(a.theDate())&gt; Date.parse(b.theDate())) {return 1; }else {return 0; } } &lt;/script&gt; <br>&lt;/table&gt;","42615946399218793","","","","","",""
"a2J4S0000008RBwUAM","0054S000000Ms6RQAS","","LifeCycle.KO_Narrative","2020-06-02T17:59:20.000Z","0054S000000Ms6RQAS","2020-06-02T17:59:20.000Z","0054S000000Ms6RQAS","","","","","","","","","","","nFORCE__ko_narrative_app","","","","nFORCE__ko_narrative_viewModel","nFORCE__screen_models","","","","","","","","","","","Knockout","&lt;div data-bind=&quot;template: { name: &#39;narrative-template&#39; }&quot;&gt;&lt;/div&gt;","42573321226087672","","","","","",""
"a2J4S0000008RBxUAM","0054S000000Ms6RQAS","","LifeCycle.KO_Narrative","2020-06-02T17:59:20.000Z","0054S000000Ms6RQAS","2020-06-02T17:59:20.000Z","0054S000000Ms6RQAS","","","","","","","","","","","nFORCE__ko_narrative_app","","","","nFORCE__ko_narrative_viewModel","nFORCE__screen_models","","","","","","","","","","","Knockout","&lt;div data-bind=&quot;template: { name: &#39;narrative-template&#39; }&quot;&gt;&lt;/div&gt;","42965387831288249","","","","","",""
"a2J4S0000008RByUAM","0054S000000Ms6RQAS","","LifeCycle.KO_Narrative","2020-06-02T17:59:20.000Z","0054S000000Ms6RQAS","2020-06-02T17:59:20.000Z","0054S000000Ms6RQAS","","","","","","","","","","","nFORCE__ko_narrative_app","","","","nFORCE__ko_narrative_viewModel","nFORCE__screen_models","","","","","","","","","","","Knockout","&lt;div data-bind=&quot;template: { name: &#39;narrative-template&#39; }&quot;&gt;&lt;/div&gt;","42803293325915742","","","","","",""
"a2J4S0000008RBzUAM","0054S000000Ms6RQAS","","LifeCycle.KO_Narrative","2020-06-02T17:59:20.000Z","0054S000000Ms6RQAS","2020-06-02T17:59:20.000Z","0054S000000Ms6RQAS","","","","","","","","","","","nFORCE__ko_narrative_app","","","","nFORCE__ko_narrative_viewModel","nFORCE__screen_models","","","","","","","","","","","Knockout","&lt;div data-bind=&quot;template: { name: &#39;narrative-template&#39; }&quot;&gt;&lt;/div&gt;","42172548194046789","","","","","",""
"a2J4S0000008RC0UAM","0054S000000Ms6RQAS","","LifeCycle.KO_Narrative","2020-06-02T17:59:20.000Z","0054S000000Ms6RQAS","2020-06-02T17:59:20.000Z","0054S000000Ms6RQAS","","","","","","","","","","","nFORCE__ko_narrative_app","","","","nFORCE__ko_narrative_viewModel","nFORCE__screen_models","","","","","","","","","","","Knockout","&lt;div data-bind=&quot;template: { name: &#39;narrative-template&#39; }&quot;&gt;&lt;/div&gt;","42462854672033431","","","","","",""
"a2J4S0000008RC1UAM","0054S000000Ms6RQAS","","LifeCycle.KO_Narrative","2020-06-02T17:59:20.000Z","0054S000000Ms6RQAS","2020-06-02T17:59:20.000Z","0054S000000Ms6RQAS","","","","","","","","","","","nFORCE__ko_narrative_app","","","","nFORCE__ko_narrative_viewModel","nFORCE__screen_models","","","","","","","","","","","Knockout","&lt;div data-bind=&quot;template: { name: &#39;narrative-template&#39; }&quot;&gt;&lt;/div&gt;","42698882674081407","","","","","",""
"a2J4S0000008RC2UAM","0054S000000Ms6RQAS","","LifeCycle.KO_Narrative","2020-06-02T17:59:20.000Z","0054S000000Ms6RQAS","2020-06-02T17:59:20.000Z","0054S000000Ms6RQAS","","","","","","","","","","","nFORCE__ko_narrative_app","","","","nFORCE__ko_narrative_viewModel","nFORCE__screen_models","","","","","","","","","","","Knockout","&lt;div data-bind=&quot;template: { name: &#39;narrative-template&#39; }&quot;&gt;&lt;/div&gt;","a054S000000BOAtQAO","","","","","",""
"a2J4S0000008RC3UAM","0054S000000Ms6RQAS","","LifeCycle.KO_Narrative","2020-06-02T17:59:20.000Z","0054S000000Ms6RQAS","2020-06-02T17:59:20.000Z","0054S000000Ms6RQAS","","","","","","","","","","","nFORCE__ko_narrative_app","","","","nFORCE__ko_narrative_viewModel","nFORCE__screen_models","","","","","","","","","","","Knockout","&lt;div data-bind=&quot;template: { name: &#39;narrative-template&#39; }&quot;&gt;&lt;/div&gt;","a054S000000BOAmQAO","","","","","",""
"a2J4S0000008RC4UAM","0054S000000Ms6RQAS","","LifeCycle.KO_Narrative","2020-06-02T17:59:20.000Z","0054S000000Ms6RQAS","2020-06-02T17:59:20.000Z","0054S000000Ms6RQAS","","","","","","","","","","","nFORCE__ko_narrative_app","","","","nFORCE__ko_narrative_viewModel","nFORCE__screen_models","","","","","","","","","","","Knockout","&lt;div data-bind=&quot;template: { name: &#39;narrative-template&#39; }&quot;&gt;&lt;/div&gt;","a054S000000BOAnQAO","","","","","",""
"a2J4S0000008RC5UAM","0054S000000Ms6RQAS","","LifeCycle.KO_Narrative","2020-06-02T17:59:20.000Z","0054S000000Ms6RQAS","2020-06-02T17:59:20.000Z","0054S000000Ms6RQAS","","","","","","","","","","","nFORCE__ko_narrative_app","","","","nFORCE__ko_narrative_viewModel","nFORCE__screen_models","","","","","","","","","","","Knockout","&lt;div data-bind=&quot;template: { name: &#39;narrative-template&#39; }&quot;&gt;&lt;/div&gt;","a054S000000BOAoQAO","","","","","",""
"a2J4S0000008RC6UAM","0054S000000Ms6RQAS","","LifeCycle.KO_Narrative","2020-06-02T17:59:20.000Z","0054S000000Ms6RQAS","2020-06-02T17:59:20.000Z","0054S000000Ms6RQAS","","","","","","","","","","","nFORCE__ko_narrative_app","","","","nFORCE__ko_narrative_viewModel","nFORCE__screen_models","","","","","","","","","","","Knockout","&lt;div data-bind=&quot;template: { name: &#39;narrative-template&#39; }&quot;&gt;&lt;/div&gt;","a054S000000BOApQAO","","","","","",""
"a2J4S0000008RC7UAM","0054S000000Ms6RQAS","","LifeCycle.KO_Narrative","2020-06-02T17:59:20.000Z","0054S000000Ms6RQAS","2020-06-02T17:59:20.000Z","0054S000000Ms6RQAS","","","","","","","","","","","nFORCE__ko_narrative_app","","","","nFORCE__ko_narrative_viewModel","nFORCE__screen_models","","","","","","","","","","","Knockout","&lt;div data-bind=&quot;template: { name: &#39;narrative-template&#39; }&quot;&gt;&lt;/div&gt;","a054S000000BOAqQAO","","","","","",""
"a2J4S0000008RC8UAM","0054S000000Ms6RQAS","","LifeCycle.KO_Narrative","2020-06-02T17:59:20.000Z","0054S000000Ms6RQAS","2020-06-02T17:59:20.000Z","0054S000000Ms6RQAS","","","","","","","","","","","nFORCE__ko_narrative_app","","","","nFORCE__ko_narrative_viewModel","nFORCE__screen_models","","","","","","","","","","","Knockout","&lt;div data-bind=&quot;template: { name: &#39;narrative-template&#39; }&quot;&gt;&lt;/div&gt;","a054S000000BOArQAO","","","","","",""
"a2J4S0000008RC9UAM","0054S000000Ms6RQAS","","LifeCycle.KO_Narrative","2020-06-02T17:59:20.000Z","0054S000000Ms6RQAS","2020-06-02T17:59:20.000Z","0054S000000Ms6RQAS","","","","","","","","","","","nFORCE__ko_narrative_app","","","","nFORCE__ko_narrative_viewModel","nFORCE__screen_models","","","","","","","","","","","Knockout","&lt;div data-bind=&quot;template: { name: &#39;narrative-template&#39; }&quot;&gt;&lt;/div&gt;","a054S000000BOAsQAO","","","","","",""
"a2J4S0000008RCAUA2","0054S000000Ms6RQAS","","LifeCycle.DebtSchedule","2020-06-02T17:59:20.000Z","0054S000000Ms6RQAS","2020-06-02T17:59:20.000Z","0054S000000Ms6RQAS","","","","","","","","","LLC_BI__keymaster","","LLC_BI__debt_schedule_app","","","","LLC_BI__debt_schedule_models","LLC_BI__debt_schedule_viewModel","","","","","","","","","","","Knockout","","a054S000000BOAuQAO","","","","","",""
"a2J4S0000008RCBUA2","0054S000000Ms6RQAS","","LifeCycle.GlobalAnalysis","2020-06-02T17:59:20.000Z","0054S000000Ms6RQAS","2020-06-02T17:59:20.000Z","0054S000000Ms6RQAS","","","","","","","","","","","","","","","","","","","","","","","","","","","Knockout","&lt;div data-bind=&quot;template: { name: &#39;globalAnalysisPrintTemplate&#39; }&quot; /&gt;","a054S000000BOAyQAO","","","","","",""
"a2J4S0000008RCCUA2","0054S000000Ms6RQAS","","LifeCycle.Default_Widget","2020-06-02T17:59:20.000Z","0054S000000Ms6RQAS","2020-06-02T17:59:20.000Z","0054S000000Ms6RQAS","","","","","","","","","","","LLC_BI__default_widget_app","","","","","LLC_BI__default_widget_viewModel","","","","","","","","","","","Knockout","&lt;table class=&quot;table&quot;&gt;
    &lt;tr&gt;
        &lt;th&gt;Date&lt;/th&gt;
        &lt;th&gt;Assigned To&lt;/th&gt;
        &lt;th&gt;Actual Approver&lt;/th&gt;
        &lt;th&gt;Status&lt;/th&gt;
        &lt;th&gt;Comments&lt;/th&gt;
    &lt;/tr&gt;
    &lt;!-- ko foreach: approvalHistory --&gt;
    	&lt;!-- ko foreach: steps --&gt;
    		&lt;tr&gt;
		        &lt;td data-bind=&quot;dateText: theDate&quot; /&gt;
		        &lt;td&gt;
					&lt;span data-bind=&quot;text: originalActor.name&quot; /&gt;
		        &lt;/td&gt;
		        &lt;td&gt;
					&lt;span data-bind=&quot;text: assignedActor.name&quot; /&gt; 
		        &lt;/td&gt;
		        &lt;td data-bind=&quot;text: status&quot; /&gt;
		        &lt;td data-bind=&quot;text: comments&quot; /&gt;
		    &lt;/tr&gt;
    	&lt;!-- /ko --&gt;
    &lt;!-- /ko --&gt;
&lt;/table&gt;","a054S000000BOAzQAO","","","","","",""
"a2J4S0000008RCDUA2","0054S000000Ms6RQAS","","LifeCycle.Spread_Base","2020-06-02T17:59:20.000Z","0054S000000Ms6RQAS","2020-06-02T17:59:20.000Z","0054S000000Ms6RQAS","","","","","","","","","","","","","","","","","","","","","","","","","","","Knockout","","a054S000000BOBxQAO","","","","","",""
"a2J4S0000008RCEUA2","0054S000000Ms6RQAS","","LifeCycle.KO_Narrative","2020-06-02T17:59:20.000Z","0054S000000Ms6RQAS","2020-06-02T17:59:20.000Z","0054S000000Ms6RQAS","","","","","","","","","","","nFORCE__ko_narrative_app","","","","nFORCE__ko_narrative_viewModel","nFORCE__screen_models","","","","","","","","","","","Knockout","&lt;div data-bind=&quot;template: { name: &#39;narrative-template&#39; }&quot;&gt;&lt;/div&gt;","a054S000000BOBJQA4","","","","","",""
"a2J4S0000008RCFUA2","0054S000000Ms6RQAS","","LifeCycle.KO_Narrative","2020-06-02T17:59:20.000Z","0054S000000Ms6RQAS","2020-06-02T17:59:20.000Z","0054S000000Ms6RQAS","","","","","","","","","","","nFORCE__ko_narrative_app","","","","nFORCE__ko_narrative_viewModel","nFORCE__screen_models","","","","","","","","","","","Knockout","&lt;div data-bind=&quot;template: { name: &#39;narrative-template&#39; }&quot;&gt;&lt;/div&gt;","a054S000000BOCCQA4","","","","","",""
"a2J4S0000008RCGUA2","0054S000000Ms6RQAS","","LifeCycle.Spread_Base","2020-06-02T17:59:20.000Z","0054S000000Ms6RQAS","2020-06-02T17:59:20.000Z","0054S000000Ms6RQAS","","","","","","","","","","","","","","","","","","","","","","","","","","","Knockout","","a054S000000BOCPQA4","","","","","",""
"a2J4S0000008RCHUA2","0054S000000Ms6RQAS","","LifeCycle.Default_Widget","2020-06-02T17:59:20.000Z","0054S000000Ms6RQAS","2020-06-02T17:59:20.000Z","0054S000000Ms6RQAS","","","","","","","","","","","LLC_BI__default_widget_app","","","","","LLC_BI__default_widget_viewModel","","","","","","","","","","","Knockout","&lt;table class=&quot;table&quot;&gt; &lt;tr&gt; &lt;th&gt;Date&lt;/th&gt; &lt;th&gt;Assigned To&lt;/th&gt; &lt;th&gt;Actual Approver&lt;/th&gt; &lt;th&gt;Status&lt;/th&gt; &lt;th&gt;Comments&lt;/th&gt; &lt;/tr&gt; &lt;!-- ko foreach: approvalHistory --&gt; &lt;!-- ko foreach: steps --&gt; &lt;tr&gt; &lt;td data-bind=&quot;dateText: theDate&quot; /&gt; &lt;td&gt; &lt;span data-bind=&quot;text: originalActor.name&quot; /&gt; &lt;/td&gt; &lt;td&gt; &lt;span data-bind=&quot;text: assignedActor.name&quot; /&gt; &lt;/td&gt; &lt;td data-bind=&quot;text: status&quot; /&gt; &lt;td data-bind=&quot;text: comments&quot; /&gt; &lt;/tr&gt; &lt;!-- /ko --&gt; &lt;!-- /ko --&gt; &lt;/table&gt;","a054S000000BOCQQA4","","","","","",""
"a2J4S0000008RCIUA2","0054S000000Ms6RQAS","","LifeCycle.KO_Narrative","2020-06-02T17:59:20.000Z","0054S000000Ms6RQAS","2020-06-02T17:59:20.000Z","0054S000000Ms6RQAS","","","","","","","","","","","nFORCE__ko_narrative_app","","","","nFORCE__ko_narrative_viewModel","nFORCE__screen_models","","","","","","","","","","","Knockout","&lt;div data-bind=&quot;template: { name: &#39;narrative-template&#39; }&quot;&gt;&lt;/div&gt;","a054S000000BOCRQA4","","","","","",""
"a2J4S0000008RCJUA2","0054S000000Ms6RQAS","","LifeCycle.KO_Narrative","2020-06-02T17:59:20.000Z","0054S000000Ms6RQAS","2020-06-02T17:59:20.000Z","0054S000000Ms6RQAS","","","","","","","","","","","nFORCE__ko_narrative_app","","","","nFORCE__ko_narrative_viewModel","nFORCE__screen_models","","","","","","","","","","","Knockout","&lt;div data-bind=&quot;template: { name: &#39;narrative-template&#39; }&quot;&gt;&lt;/div&gt;","a054S000000BOCSQA4","","","","","",""
"a2J4S0000008RCKUA2","0054S000000Ms6RQAS","","LifeCycle.KO_Narrative","2020-06-02T17:59:20.000Z","0054S000000Ms6RQAS","2020-06-02T17:59:20.000Z","0054S000000Ms6RQAS","","","","","","","","","","","nFORCE__ko_narrative_app","","","","nFORCE__ko_narrative_viewModel","nFORCE__screen_models","","","","","","","","","","","Knockout","&lt;div data-bind=&quot;template: { name: &#39;narrative-template&#39; }&quot;&gt;&lt;/div&gt;","a054S000000BOCDQA4","","","","","",""
"a2J4S0000008RCLUA2","0054S000000Ms6RQAS","","LifeCycle.KO_Narrative","2020-06-02T17:59:20.000Z","0054S000000Ms6RQAS","2020-06-02T17:59:20.000Z","0054S000000Ms6RQAS","","","","","","","","","","","nFORCE__ko_narrative_app","","","","nFORCE__ko_narrative_viewModel","nFORCE__screen_models","","","","","","","","","","","Knockout","&lt;div data-bind=&quot;template: { name: &#39;narrative-template&#39; }&quot;&gt;&lt;/div&gt;","a054S000000BOCEQA4","","","","","",""
"a2J4S0000008RCMUA2","0054S000000Ms6RQAS","","LifeCycle.KO_Narrative","2020-06-02T17:59:20.000Z","0054S000000Ms6RQAS","2020-06-02T17:59:20.000Z","0054S000000Ms6RQAS","","","","","","","","","","","nFORCE__ko_narrative_app","","","","nFORCE__ko_narrative_viewModel","nFORCE__screen_models","","","","","","","","","","","Knockout","&lt;div data-bind=&quot;template: { name: &#39;narrative-template&#39; }&quot;&gt;&lt;/div&gt;","a054S000000BOCFQA4","","","","","",""
"a2J4S0000008RCNUA2","0054S000000Ms6RQAS","","LifeCycle.KO_Narrative","2020-06-02T17:59:20.000Z","0054S000000Ms6RQAS","2020-06-02T17:59:20.000Z","0054S000000Ms6RQAS","","","","","","","","","","","nFORCE__ko_narrative_app","","","","nFORCE__ko_narrative_viewModel","nFORCE__screen_models","","","","","","","","","","","Knockout","&lt;div data-bind=&quot;template: { name: &#39;narrative-template&#39; }&quot;&gt;&lt;/div&gt;","a054S000000BOCGQA4","","","","","",""
"a2J4S0000008RCOUA2","0054S000000Ms6RQAS","","LifeCycle.KO_Narrative","2020-06-02T17:59:20.000Z","0054S000000Ms6RQAS","2020-06-02T17:59:20.000Z","0054S000000Ms6RQAS","","","","","","","","","","","nFORCE__ko_narrative_app","","","","nFORCE__ko_narrative_viewModel","nFORCE__screen_models","","","","","","","","","","","Knockout","&lt;div data-bind=&quot;template: { name: &#39;narrative-template&#39; }&quot;&gt;&lt;/div&gt;","a054S000000BOCHQA4","","","","","",""
"a2J4S0000008RCPUA2","0054S000000Ms6RQAS","","LifeCycle.KO_Narrative","2020-06-02T17:59:20.000Z","0054S000000Ms6RQAS","2020-06-02T17:59:20.000Z","0054S000000Ms6RQAS","","","","","","","","","","","nFORCE__ko_narrative_app","","","","nFORCE__ko_narrative_viewModel","nFORCE__screen_models","","","","","","","","","","","Knockout","&lt;div data-bind=&quot;template: { name: &#39;narrative-template&#39; }&quot;&gt;&lt;/div&gt;","a054S000000BOCIQA4","","","","","",""
"a2J4S0000008RCQUA2","0054S000000Ms6RQAS","","LifeCycle.KO_Narrative","2020-06-02T17:59:20.000Z","0054S000000Ms6RQAS","2020-06-02T17:59:20.000Z","0054S000000Ms6RQAS","","","","","","","","","","","nFORCE__ko_narrative_app","","","","nFORCE__ko_narrative_viewModel","nFORCE__screen_models","","","","","","","","","","","Knockout","&lt;div data-bind=&quot;template: { name: &#39;narrative-template&#39; }&quot;&gt;&lt;/div&gt;","a054S000000BOCJQA4","","","","","",""
"a2J4S0000008RCRUA2","0054S000000Ms6RQAS","","LifeCycle.KO_Narrative","2020-06-02T17:59:20.000Z","0054S000000Ms6RQAS","2020-06-02T17:59:20.000Z","0054S000000Ms6RQAS","","","","","","","","","","","nFORCE__ko_narrative_app","","","","nFORCE__ko_narrative_viewModel","nFORCE__screen_models","","","","","","","","","","","Knockout","&lt;div data-bind=&quot;template: { name: &#39;narrative-template&#39; }&quot;&gt;&lt;/div&gt;","a054S000000BOCKQA4","","","","","",""
"a2J4S0000008RCSUA2","0054S000000Ms6RQAS","","LifeCycle.KO_Narrative","2020-06-02T17:59:20.000Z","0054S000000Ms6RQAS","2020-06-02T17:59:20.000Z","0054S000000Ms6RQAS","","","","","","","","","","","nFORCE__ko_narrative_app","","","","nFORCE__ko_narrative_viewModel","nFORCE__screen_models","","","","","","","","","","","Knockout","&lt;div data-bind=&quot;template: { name: &#39;narrative-template&#39; }&quot;&gt;&lt;/div&gt;","a054S000000BOCLQA4","","","","","",""
"a2J4S0000008RCTUA2","0054S000000Ms6RQAS","","LifeCycle.KO_Narrative","2020-06-02T17:59:20.000Z","0054S000000Ms6RQAS","2020-06-02T17:59:20.000Z","0054S000000Ms6RQAS","","","","","","","","","","","nFORCE__ko_narrative_app","","","","nFORCE__ko_narrative_viewModel","nFORCE__screen_models","","","","","","","","","","","Knockout","&lt;div data-bind=&quot;template: { name: &#39;narrative-template&#39; }&quot;&gt;&lt;/div&gt;","a054S000000BOCMQA4","","","","","",""
"a2J4S0000008RCUUA2","0054S000000Ms6RQAS","","LifeCycle.KO_Narrative","2020-06-02T17:59:20.000Z","0054S000000Ms6RQAS","2020-06-02T17:59:20.000Z","0054S000000Ms6RQAS","","","","","","","","","","","nFORCE__ko_narrative_app","","","","nFORCE__ko_narrative_viewModel","nFORCE__screen_models","","","","","","","","","","","Knockout","&lt;div data-bind=&quot;template: { name: &#39;narrative-template&#39; }&quot;&gt;&lt;/div&gt;","a054S000000BOCNQA4","","","","","",""
"a2J4S0000008RCVUA2","0054S000000Ms6RQAS","","LifeCycle.KO_Narrative","2020-06-02T17:59:20.000Z","0054S000000Ms6RQAS","2020-06-02T17:59:20.000Z","0054S000000Ms6RQAS","","","","","","","","","","","nFORCE__ko_narrative_app","","","","nFORCE__ko_narrative_viewModel","nFORCE__screen_models","","","","","","","","","","","Knockout","&lt;div data-bind=&quot;template: { name: &#39;narrative-template&#39; }&quot;&gt;&lt;/div&gt;","a054S000000BOCOQA4","","","","","",""
"a2J4S0000008RCWUA2","0054S000000Ms6RQAS","","LifeCycle.Spread_Base","2020-06-02T17:59:20.000Z","0054S000000Ms6RQAS","2020-06-02T17:59:20.000Z","0054S000000Ms6RQAS","","","","","","","","","","","","","","","","","","","","","","","","","","","Knockout","","a054S000000BOCTQA4","","","","","",""
"a2J4S0000008RCXUA2","0054S000000Ms6RQAS","","LifeCycle.Default_Widget","2020-06-02T17:59:20.000Z","0054S000000Ms6RQAS","2020-06-02T17:59:20.000Z","0054S000000Ms6RQAS","","","","","","","","","","","LLC_BI__default_widget_app","","","","","LLC_BI__default_widget_viewModel","","","","","","","","","","","Knockout","&lt;table class=&quot;table&quot;&gt; &lt;tr&gt; &lt;th&gt;Date&lt;/th&gt; &lt;th&gt;Assigned To&lt;/th&gt; &lt;th&gt;Actual Approver&lt;/th&gt; &lt;th&gt;Status&lt;/th&gt; &lt;th&gt;Comments&lt;/th&gt; &lt;/tr&gt; &lt;!-- ko foreach: approvalHistory --&gt; &lt;!-- ko foreach: steps --&gt; &lt;tr&gt; &lt;td data-bind=&quot;dateText: theDate&quot; /&gt; &lt;td&gt; &lt;span data-bind=&quot;text: originalActor.name&quot; /&gt; &lt;/td&gt; &lt;td&gt; &lt;span data-bind=&quot;text: assignedActor.name&quot; /&gt; &lt;/td&gt; &lt;td data-bind=&quot;text: status&quot; /&gt; &lt;td data-bind=&quot;text: comments&quot; /&gt; &lt;/tr&gt; &lt;!-- /ko --&gt; &lt;!-- /ko --&gt; &lt;/table&gt;","a054S000000BOCUQA4","","","","","",""
"a2J4S0000008RCYUA2","0054S000000Ms6RQAS","","LifeCycle.KO_Narrative","2020-06-02T17:59:20.000Z","0054S000000Ms6RQAS","2020-06-02T17:59:20.000Z","0054S000000Ms6RQAS","","","","","","","","","","","nFORCE__ko_narrative_app","","","","nFORCE__ko_narrative_viewModel","nFORCE__screen_models","","","","","","","","","","","Knockout","&lt;div data-bind=&quot;template: { name: &#39;narrative-template&#39; }&quot;&gt;&lt;/div&gt;","a054S000000BOCVQA4","","","","","",""
"a2J4S0000008RCZUA2","0054S000000Ms6RQAS","","LifeCycle.KO_Narrative","2020-06-02T17:59:20.000Z","0054S000000Ms6RQAS","2020-06-02T17:59:20.000Z","0054S000000Ms6RQAS","","","","","","","","","","","nFORCE__ko_narrative_app","","","","nFORCE__ko_narrative_viewModel","nFORCE__screen_models","","","","","","","","","","","Knockout","&lt;div data-bind=&quot;template: { name: &#39;narrative-template&#39; }&quot;&gt;&lt;/div&gt;","a054S000000BOCWQA4","","","","","",""
"a2J4S0000008RCaUAM","0054S000000Ms6RQAS","","LifeCycle.KO_Narrative","2020-06-02T17:59:20.000Z","0054S000000Ms6RQAS","2020-06-02T17:59:20.000Z","0054S000000Ms6RQAS","","","","","","","","","","","nFORCE__ko_narrative_app","","","","nFORCE__ko_narrative_viewModel","nFORCE__screen_models","","","","","","","","","","","Knockout","&lt;div data-bind=&quot;template: { name: &#39;narrative-template&#39; }&quot;&gt;&lt;/div&gt;","a054S000000BOCXQA4","","","","","",""
"a2J4S0000008RCbUAM","0054S000000Ms6RQAS","","LifeCycle.KO_Narrative","2020-06-02T17:59:20.000Z","0054S000000Ms6RQAS","2020-06-02T17:59:20.000Z","0054S000000Ms6RQAS","","","","","","","","","","","nFORCE__ko_narrative_app","","","","nFORCE__ko_narrative_viewModel","nFORCE__screen_models","","","","","","","","","","","Knockout","&lt;div data-bind=&quot;template: { name: &#39;narrative-template&#39; }&quot;&gt;&lt;/div&gt;","a054S000000BOCYQA4","","","","","",""
"a2J4S0000008RCcUAM","0054S000000Ms6RQAS","","LifeCycle.KO_Narrative","2020-06-02T17:59:20.000Z","0054S000000Ms6RQAS","2020-06-02T17:59:20.000Z","0054S000000Ms6RQAS","","","","","","","","","","","nFORCE__ko_narrative_app","","","","nFORCE__ko_narrative_viewModel","nFORCE__screen_models","","","","","","","","","","","Knockout","&lt;div data-bind=&quot;template: { name: &#39;narrative-template&#39; }&quot;&gt;&lt;/div&gt;","a054S000000BOCZQA4","","","","","",""
"a2J4S0000008RCdUAM","0054S000000Ms6RQAS","","LifeCycle.KO_Narrative","2020-06-02T17:59:20.000Z","0054S000000Ms6RQAS","2020-06-02T17:59:20.000Z","0054S000000Ms6RQAS","","","","","","","","","","","nFORCE__ko_narrative_app","","","","nFORCE__ko_narrative_viewModel","nFORCE__screen_models","","","","","","","","","","","Knockout","&lt;div data-bind=&quot;template: { name: &#39;narrative-template&#39; }&quot;&gt;&lt;/div&gt;","a054S000000BOCaQAO","","","","","",""
"a2J4S0000008RCeUAM","0054S000000Ms6RQAS","","LifeCycle.KO_Narrative","2020-06-02T17:59:20.000Z","0054S000000Ms6RQAS","2020-06-02T17:59:20.000Z","0054S000000Ms6RQAS","","","","","","","","","","","nFORCE__ko_narrative_app","","","","nFORCE__ko_narrative_viewModel","nFORCE__screen_models","","","","","","","","","","","Knockout","&lt;div data-bind=&quot;template: { name: &#39;narrative-template&#39; }&quot;&gt;&lt;/div&gt;","a054S000000BOCbQAO","","","","","",""
"a2J4S0000008RCfUAM","0054S000000Ms6RQAS","","LifeCycle.KO_Narrative","2020-06-02T17:59:20.000Z","0054S000000Ms6RQAS","2020-06-02T17:59:20.000Z","0054S000000Ms6RQAS","","","","","","","","","","","nFORCE__ko_narrative_app","","","","nFORCE__ko_narrative_viewModel","nFORCE__screen_models","","","","","","","","","","","Knockout","&lt;div data-bind=&quot;template: { name: &#39;narrative-template&#39; }&quot;&gt;&lt;/div&gt;","a054S000000BOCcQAO","","","","","",""
"a2J4S0000008RCgUAM","0054S000000Ms6RQAS","","LifeCycle.KO_Narrative","2020-06-02T17:59:20.000Z","0054S000000Ms6RQAS","2020-06-02T17:59:20.000Z","0054S000000Ms6RQAS","","","","","","","","","","","nFORCE__ko_narrative_app","","","","nFORCE__ko_narrative_viewModel","nFORCE__screen_models","","","","","","","","","","","Knockout","&lt;div data-bind=&quot;template: { name: &#39;narrative-template&#39; }&quot;&gt;&lt;/div&gt;","a054S000000BOCdQAO","","","","","",""
"a2J4S0000008RChUAM","0054S000000Ms6RQAS","","LifeCycle.KO_Narrative","2020-06-02T17:59:20.000Z","0054S000000Ms6RQAS","2020-06-02T17:59:20.000Z","0054S000000Ms6RQAS","","","","","","","","","","","nFORCE__ko_narrative_app","","","","nFORCE__ko_narrative_viewModel","nFORCE__screen_models","","","","","","","","","","","Knockout","&lt;div data-bind=&quot;template: { name: &#39;narrative-template&#39; }&quot;&gt;&lt;/div&gt;","a054S000000BOCeQAO","","","","","",""
"a2J4S0000008RCiUAM","0054S000000Ms6RQAS","","LifeCycle.KO_Narrative","2020-06-02T17:59:20.000Z","0054S000000Ms6RQAS","2020-06-02T17:59:20.000Z","0054S000000Ms6RQAS","","","","","","","","","","","nFORCE__ko_narrative_app","","","","nFORCE__ko_narrative_viewModel","nFORCE__screen_models","","","","","","","","","","","Knockout","&lt;div data-bind=&quot;template: { name: &#39;narrative-template&#39; }&quot;&gt;&lt;/div&gt;","a054S000000BOCfQAO","","","","","",""
"a2J4S0000008RCjUAM","0054S000000Ms6RQAS","","LifeCycle.KO_Narrative","2020-06-02T17:59:20.000Z","0054S000000Ms6RQAS","2020-06-02T17:59:20.000Z","0054S000000Ms6RQAS","","","","","","","","","","","nFORCE__ko_narrative_app","","","","nFORCE__ko_narrative_viewModel","nFORCE__screen_models","","","","","","","","","","","Knockout","&lt;div data-bind=&quot;template: { name: &#39;narrative-template&#39; }&quot;&gt;&lt;/div&gt;","a054S000000BOCgQAO","","","","","",""
"a2J4S0000008RCkUAM","0054S000000Ms6RQAS","","LifeCycle.KO_Narrative","2020-06-02T17:59:20.000Z","0054S000000Ms6RQAS","2020-06-02T17:59:20.000Z","0054S000000Ms6RQAS","","","","","","","","","","","nFORCE__ko_narrative_app","","","","nFORCE__ko_narrative_viewModel","nFORCE__screen_models","","","","","","","","","","","Knockout","&lt;div data-bind=&quot;template: { name: &#39;narrative-template&#39; }&quot;&gt;&lt;/div&gt;","a054S000000BOChQAO","","","","","",""
"a2J4S0000008RClUAM","0054S000000Ms6RQAS","","LifeCycle.KO_Narrative","2020-06-02T17:59:20.000Z","0054S000000Ms6RQAS","2020-06-02T17:59:20.000Z","0054S000000Ms6RQAS","","","","","","","","","","","nFORCE__ko_narrative_app","","","","nFORCE__ko_narrative_viewModel","nFORCE__screen_models","","","","","","","","","","","Knockout","&lt;div data-bind=&quot;template: { name: &#39;narrative-template&#39; }&quot;&gt;&lt;/div&gt;","a054S000000BOCiQAO","","","","","",""
"a2J4S0000008RCmUAM","0054S000000Ms6RQAS","","LifeCycle.KO_Narrative","2020-06-02T17:59:20.000Z","0054S000000Ms6RQAS","2020-06-02T17:59:20.000Z","0054S000000Ms6RQAS","","","","","","","","","","","nFORCE__ko_narrative_app","","","","nFORCE__ko_narrative_viewModel","nFORCE__screen_models","","","","","","","","","","","Knockout","&lt;div data-bind=&quot;template: { name: &#39;narrative-template&#39; }&quot;&gt;&lt;/div&gt;","a054S000000BOCwQAO","","","","","",""
"a2J4S0000008RCnUAM","0054S000000Ms6RQAS","","LifeCycle.KO_Narrative","2020-06-02T17:59:20.000Z","0054S000000Ms6RQAS","2020-06-02T17:59:20.000Z","0054S000000Ms6RQAS","","","","","","","","","","","nFORCE__ko_narrative_app","","","","nFORCE__ko_narrative_viewModel","nFORCE__screen_models","","","","","","","","","","","Knockout","&lt;div data-bind=&quot;template: { name: &#39;narrative-template&#39; }&quot;&gt;&lt;/div&gt;","a054S000000BOCxQAO","","","","","",""
"a2J4S0000008RCoUAM","0054S000000Ms6RQAS","","LifeCycle.KO_Narrative","2020-06-02T17:59:20.000Z","0054S000000Ms6RQAS","2020-06-02T17:59:20.000Z","0054S000000Ms6RQAS","","","","","","","","","","","nFORCE__ko_narrative_app","","","","nFORCE__ko_narrative_viewModel","nFORCE__screen_models","","","","","","","","","","","Knockout","&lt;div data-bind=&quot;template: { name: &#39;narrative-template&#39; }&quot;&gt;&lt;/div&gt;","a054S000000BOCyQAO","","","","","",""
"a2J4S0000008RCpUAM","0054S000000Ms6RQAS","","LifeCycle.KO_Narrative","2020-06-02T17:59:20.000Z","0054S000000Ms6RQAS","2020-06-02T17:59:20.000Z","0054S000000Ms6RQAS","","","","","","","","","","","nFORCE__ko_narrative_app","","","","nFORCE__ko_narrative_viewModel","nFORCE__screen_models","","","","","","","","","","","Knockout","&lt;div data-bind=&quot;template: { name: &#39;narrative-template&#39; }&quot;&gt;&lt;/div&gt;","a054S000000BOCvQAO","","","","","",""
"a2J4S0000008RCqUAM","0054S000000Ms6RQAS","","LifeCycle.Spread_Base","2020-06-02T17:59:20.000Z","0054S000000Ms6RQAS","2020-06-02T17:59:20.000Z","0054S000000Ms6RQAS","","","","","","","","","","","","","","","","","","","","","","","","","","","Knockout","","a054S000000BOCjQAO","","","","","",""
"a2J4S0000008RCrUAM","0054S000000Ms6RQAS","","LifeCycle.Default_Widget","2020-06-02T17:59:20.000Z","0054S000000Ms6RQAS","2020-06-02T17:59:20.000Z","0054S000000Ms6RQAS","","","","","","","","","","","LLC_BI__default_widget_app","","","","","LLC_BI__default_widget_viewModel","","","","","","","","","","","Knockout","&lt;table class=&quot;table&quot;&gt; &lt;tr&gt; &lt;th&gt;Date&lt;/th&gt; &lt;th&gt;Assigned To&lt;/th&gt; &lt;th&gt;Actual Approver&lt;/th&gt; &lt;th&gt;Status&lt;/th&gt; &lt;th&gt;Comments&lt;/th&gt; &lt;/tr&gt; &lt;!-- ko foreach: approvalHistory --&gt; &lt;!-- ko foreach: steps --&gt; &lt;tr&gt; &lt;td data-bind=&quot;dateText: theDate&quot; /&gt; &lt;td&gt; &lt;span data-bind=&quot;text: originalActor.name&quot; /&gt; &lt;/td&gt; &lt;td&gt; &lt;span data-bind=&quot;text: assignedActor.name&quot; /&gt; &lt;/td&gt; &lt;td data-bind=&quot;text: status&quot; /&gt; &lt;td data-bind=&quot;text: comments&quot; /&gt; &lt;/tr&gt; &lt;!-- /ko --&gt; &lt;!-- /ko --&gt; &lt;/table&gt;","a054S000000BOCkQAO","","","","","",""
"a2J4S0000008RCsUAM","0054S000000Ms6RQAS","","LifeCycle.KO_Narrative","2020-06-02T17:59:20.000Z","0054S000000Ms6RQAS","2020-06-02T17:59:20.000Z","0054S000000Ms6RQAS","","","","","","","","","","","nFORCE__ko_narrative_app","","","","nFORCE__ko_narrative_viewModel","nFORCE__screen_models","","","","","","","","","","","Knockout","&lt;div data-bind=&quot;template: { name: &#39;narrative-template&#39; }&quot;&gt;&lt;/div&gt;","a054S000000BOClQAO","","","","","",""
"a2J4S0000008RCtUAM","0054S000000Ms6RQAS","","LifeCycle.KO_Narrative","2020-06-02T17:59:20.000Z","0054S000000Ms6RQAS","2020-06-02T17:59:20.000Z","0054S000000Ms6RQAS","","","","","","","","","","","nFORCE__ko_narrative_app","","","","nFORCE__ko_narrative_viewModel","nFORCE__screen_models","","","","","","","","","","","Knockout","&lt;div data-bind=&quot;template: { name: &#39;narrative-template&#39; }&quot;&gt;&lt;/div&gt;","a054S000000BOCmQAO","","","","","",""
"a2J4S0000008RCuUAM","0054S000000Ms6RQAS","","LifeCycle.KO_Narrative","2020-06-02T17:59:20.000Z","0054S000000Ms6RQAS","2020-06-02T17:59:20.000Z","0054S000000Ms6RQAS","","","","","","","","","","","nFORCE__ko_narrative_app","","","","nFORCE__ko_narrative_viewModel","nFORCE__screen_models","","","","","","","","","","","Knockout","&lt;div data-bind=&quot;template: { name: &#39;narrative-template&#39; }&quot;&gt;&lt;/div&gt;","a054S000000BOCnQAO","","","","","",""
"a2J4S0000008RCvUAM","0054S000000Ms6RQAS","","LifeCycle.KO_Narrative","2020-06-02T17:59:20.000Z","0054S000000Ms6RQAS","2020-06-02T17:59:20.000Z","0054S000000Ms6RQAS","","","","","","","","","","","nFORCE__ko_narrative_app","","","","nFORCE__ko_narrative_viewModel","nFORCE__screen_models","","","","","","","","","","","Knockout","&lt;div data-bind=&quot;template: { name: &#39;narrative-template&#39; }&quot;&gt;&lt;/div&gt;","a054S000000BOCoQAO","","","","","",""
"a2J4S0000008RCwUAM","0054S000000Ms6RQAS","","LifeCycle.KO_Narrative","2020-06-02T17:59:20.000Z","0054S000000Ms6RQAS","2020-06-02T17:59:20.000Z","0054S000000Ms6RQAS","","","","","","","","","","","nFORCE__ko_narrative_app","","","","nFORCE__ko_narrative_viewModel","nFORCE__screen_models","","","","","","","","","","","Knockout","&lt;div data-bind=&quot;template: { name: &#39;narrative-template&#39; }&quot;&gt;&lt;/div&gt;","a054S000000BOCpQAO","","","","","",""
"a2J4S0000008RCxUAM","0054S000000Ms6RQAS","","LifeCycle.KO_Narrative","2020-06-02T17:59:20.000Z","0054S000000Ms6RQAS","2020-06-02T17:59:20.000Z","0054S000000Ms6RQAS","","","","","","","","","","","nFORCE__ko_narrative_app","","","","nFORCE__ko_narrative_viewModel","nFORCE__screen_models","","","","","","","","","","","Knockout","&lt;div data-bind=&quot;template: { name: &#39;narrative-template&#39; }&quot;&gt;&lt;/div&gt;","a054S000000BOCqQAO","","","","","",""
"a2J4S0000008RCyUAM","0054S000000Ms6RQAS","","LifeCycle.KO_Narrative","2020-06-02T17:59:20.000Z","0054S000000Ms6RQAS","2020-06-02T17:59:20.000Z","0054S000000Ms6RQAS","","","","","","","","","","","nFORCE__ko_narrative_app","","","","nFORCE__ko_narrative_viewModel","nFORCE__screen_models","","","","","","","","","","","Knockout","&lt;div data-bind=&quot;template: { name: &#39;narrative-template&#39; }&quot;&gt;&lt;/div&gt;","a054S000000BOCrQAO","","","","","",""
"a2J4S0000008RCzUAM","0054S000000Ms6RQAS","","LifeCycle.KO_Narrative","2020-06-02T17:59:20.000Z","0054S000000Ms6RQAS","2020-06-02T17:59:20.000Z","0054S000000Ms6RQAS","","","","","","","","","","","nFORCE__ko_narrative_app","","","","nFORCE__ko_narrative_viewModel","nFORCE__screen_models","","","","","","","","","","","Knockout","&lt;div data-bind=&quot;template: { name: &#39;narrative-template&#39; }&quot;&gt;&lt;/div&gt;","a054S000000BOCsQAO","","","","","",""
"a2J4S0000008RD0UAM","0054S000000Ms6RQAS","","LifeCycle.KO_Narrative","2020-06-02T17:59:20.000Z","0054S000000Ms6RQAS","2020-06-02T17:59:20.000Z","0054S000000Ms6RQAS","","","","","","","","","","","nFORCE__ko_narrative_app","","","","nFORCE__ko_narrative_viewModel","nFORCE__screen_models","","","","","","","","","","","Knockout","&lt;div data-bind=&quot;template: { name: &#39;narrative-template&#39; }&quot;&gt;&lt;/div&gt;","a054S000000BOCtQAO","","","","","",""
"a2J4S0000008RD1UAM","0054S000000Ms6RQAS","","LifeCycle.KO_Narrative","2020-06-02T17:59:20.000Z","0054S000000Ms6RQAS","2020-06-02T17:59:20.000Z","0054S000000Ms6RQAS","","","","","","","","","","","nFORCE__ko_narrative_app","","","","nFORCE__ko_narrative_viewModel","nFORCE__screen_models","","","","","","","","","","","Knockout","&lt;div data-bind=&quot;template: { name: &#39;narrative-template&#39; }&quot;&gt;&lt;/div&gt;","a054S000000BOCuQAO","","","","","",""
"a2J4S0000008RD2UAM","0054S000000Ms6RQAS","","LifeCycle.Default_Widget","2020-06-02T17:59:20.000Z","0054S000000Ms6RQAS","2020-06-02T17:59:20.000Z","0054S000000Ms6RQAS","","","","","","","","","","","LLC_BI__default_widget_app","","","","","LLC_BI__default_widget_viewModel","","","","","","","","","","","Knockout","&lt;table class=&quot;table&quot;&gt; &lt;tr&gt; &lt;th&gt;Date&lt;/th&gt; &lt;th&gt;Assigned To&lt;/th&gt; &lt;th&gt;Actual Approver&lt;/th&gt; &lt;th&gt;Status&lt;/th&gt; &lt;th&gt;Comments&lt;/th&gt; &lt;/tr&gt; &lt;!-- ko foreach: approvalHistory --&gt; &lt;!-- ko foreach: steps.sort(sortDates) --&gt; &lt;tr&gt; &lt;td data-bind=&quot;dateText: theDate&quot; /&gt; &lt;td&gt; &lt;span data-bind=&quot;text: originalActor.lastName&quot; /&gt; , &lt;span data-bind=&quot;text: originalActor.firstName&quot; /&gt; &lt;/td&gt; &lt;td&gt; &lt;span data-bind=&quot;text: assignedActor.lastName&quot; /&gt; , &lt;span data-bind=&quot;text: assignedActor.firstName&quot; /&gt; &lt;/td&gt; &lt;td data-bind=&quot;text: status&quot; /&gt; &lt;td data-bind=&quot;text: comments&quot; /&gt; &lt;/tr&gt; &lt;!-- /ko --&gt; &lt;!-- /ko --&gt; &lt;script&gt; function sortDates(a,b){if(a.theDate()&lt;b.theDate()){return -1; }else if(Date.parse(a.theDate())&gt; Date.parse(b.theDate())) {return 1; }else {return 0; } } &lt;/script&gt; &lt;/table&gt;","a054S000000BOBcQAO","","","","","",""
"a2J4S0000008RD3UAM","0054S000000Ms6RQAS","","LifeCycle.KO_Narrative","2020-06-02T17:59:20.000Z","0054S000000Ms6RQAS","2020-06-02T17:59:20.000Z","0054S000000Ms6RQAS","","","","","","","","","","","nFORCE__ko_narrative_app","","","","nFORCE__ko_narrative_viewModel","nFORCE__screen_models","","","","","","","","","","","Knockout","&lt;div data-bind=&quot;template: { name: &#39;narrative-template&#39; }&quot;&gt;&lt;/div&gt;","a054S000000BOBiQAO","","","","","",""
"a2J4S0000008RD4UAM","0054S000000Ms6RQAS","","LifeCycle.KO_Narrative","2020-06-02T17:59:20.000Z","0054S000000Ms6RQAS","2020-06-02T17:59:20.000Z","0054S000000Ms6RQAS","","","","","","","","","","","nFORCE__ko_narrative_app","","","","nFORCE__ko_narrative_viewModel","nFORCE__screen_models","","","","","","","","","","","Knockout","&lt;div data-bind=&quot;template: { name: &#39;narrative-template&#39; }&quot;&gt;&lt;/div&gt;","a054S000000BOBwQAO","","","","","",""
"a2J4S0000008RD5UAM","0054S000000Ms6RQAS","","LifeCycle.KO_Narrative","2020-06-02T17:59:20.000Z","0054S000000Ms6RQAS","2020-06-02T17:59:20.000Z","0054S000000Ms6RQAS","","","","","","","","","","","nFORCE__ko_narrative_app","","","","nFORCE__ko_narrative_viewModel","nFORCE__screen_models","","","","","","","","","","","Knockout","&lt;div data-bind=&quot;template: { name: &#39;narrative-template&#39; }&quot;&gt;&lt;/div&gt;","a054S000000BOBkQAO","","","","","",""
"a2J4S0000008RD6UAM","0054S000000Ms6RQAS","","LifeCycle.KO_Narrative","2020-06-02T17:59:20.000Z","0054S000000Ms6RQAS","2020-06-02T17:59:20.000Z","0054S000000Ms6RQAS","","","","","","","","","","","nFORCE__ko_narrative_app","","","","nFORCE__ko_narrative_viewModel","nFORCE__screen_models","","","","","","","","","","","Knockout","&lt;div data-bind=&quot;template: { name: &#39;narrative-template&#39; }&quot;&gt;&lt;/div&gt;","a054S000000BOBeQAO","","","","","",""
"a2J4S0000008RD7UAM","0054S000000Ms6RQAS","","LifeCycle.KO_Narrative","2020-06-02T17:59:20.000Z","0054S000000Ms6RQAS","2020-06-02T17:59:20.000Z","0054S000000Ms6RQAS","","","","","","","","","","","nFORCE__ko_narrative_app","","","","nFORCE__ko_narrative_viewModel","nFORCE__screen_models","","","","","","","","","","","Knockout","&lt;div data-bind=&quot;template: { name: &#39;narrative-template&#39; }&quot;&gt;&lt;/div&gt;","a054S000000BOBtQAO","","","","","",""
"a2J4S0000008RD8UAM","0054S000000Ms6RQAS","","LifeCycle.KO_Narrative","2020-06-02T17:59:20.000Z","0054S000000Ms6RQAS","2020-06-02T17:59:20.000Z","0054S000000Ms6RQAS","","","","","","","","","","","nFORCE__ko_narrative_app","","","","nFORCE__ko_narrative_viewModel","nFORCE__screen_models","","","","","","","","","","","Knockout","&lt;div data-bind=&quot;template: { name: &#39;narrative-template&#39; }&quot;&gt;&lt;/div&gt;","a054S000000BOC6QAO","","","","","",""
"a2J4S0000008RD9UAM","0054S000000Ms6RQAS","","LifeCycle.KO_Narrative","2020-06-02T17:59:20.000Z","0054S000000Ms6RQAS","2020-06-02T17:59:20.000Z","0054S000000Ms6RQAS","","","","","","","","","","","nFORCE__ko_narrative_app","","","","nFORCE__ko_narrative_viewModel","nFORCE__screen_models","","","","","","","","","","","Knockout","&lt;div data-bind=&quot;template: { name: &#39;narrative-template&#39; }&quot;&gt;&lt;/div&gt;","a054S000000BOBmQAO","","","","","",""
"a2J4S0000008RDAUA2","0054S000000Ms6RQAS","","LifeCycle.KO_Narrative","2020-06-02T17:59:20.000Z","0054S000000Ms6RQAS","2020-06-02T17:59:20.000Z","0054S000000Ms6RQAS","","","","","","","","","","","nFORCE__ko_narrative_app","","","","nFORCE__ko_narrative_viewModel","nFORCE__screen_models","","","","","","","","","","","Knockout","&lt;div data-bind=&quot;template: { name: &#39;narrative-template&#39; }&quot;&gt;&lt;/div&gt;","a054S000000BOBnQAO","","","","","",""
"a2J4S0000008RDBUA2","0054S000000Ms6RQAS","","LifeCycle.KO_Narrative","2020-06-02T17:59:20.000Z","0054S000000Ms6RQAS","2020-06-02T17:59:20.000Z","0054S000000Ms6RQAS","","","","","","","","","","","nFORCE__ko_narrative_app","","","","nFORCE__ko_narrative_viewModel","nFORCE__screen_models","","","","","","","","","","","Knockout","&lt;div data-bind=&quot;template: { name: &#39;narrative-template&#39; }&quot;&gt;&lt;/div&gt;","a054S000000BOBlQAO","","","","","",""
"a2J4S0000008RDCUA2","0054S000000Ms6RQAS","","LifeCycle.KO_Narrative","2020-06-02T17:59:20.000Z","0054S000000Ms6RQAS","2020-06-02T17:59:20.000Z","0054S000000Ms6RQAS","","","","","","","","","","","nFORCE__ko_narrative_app","","","","nFORCE__ko_narrative_viewModel","nFORCE__screen_models","","","","","","","","","","","Knockout","&lt;div data-bind=&quot;template: { name: &#39;narrative-template&#39; }&quot;&gt;&lt;/div&gt;","a054S000000BOBvQAO","","","","","",""
"a2J4S0000008RDDUA2","0054S000000Ms6RQAS","","LifeCycle.KO_Narrative","2020-06-02T17:59:20.000Z","0054S000000Ms6RQAS","2020-06-02T17:59:20.000Z","0054S000000Ms6RQAS","","","","","","","","","","","nFORCE__ko_narrative_app","","","","nFORCE__ko_narrative_viewModel","nFORCE__screen_models","","","","","","","","","","","Knockout","&lt;div data-bind=&quot;template: { name: &#39;narrative-template&#39; }&quot;&gt;&lt;/div&gt;","a054S000000BOBgQAO","","","","","",""
"a2J4S0000008RDEUA2","0054S000000Ms6RQAS","","LifeCycle.KO_Narrative","2020-06-02T17:59:20.000Z","0054S000000Ms6RQAS","2020-06-02T17:59:20.000Z","0054S000000Ms6RQAS","","","","","","","","","","","nFORCE__ko_narrative_app","","","","nFORCE__ko_narrative_viewModel","nFORCE__screen_models","","","","","","","","","","","Knockout","&lt;div data-bind=&quot;template: { name: &#39;narrative-template&#39; }&quot;&gt;&lt;/div&gt;","a054S000000BOBdQAO","","","","","",""
"a2J4S0000008RDFUA2","0054S000000Ms6RQAS","","LifeCycle.KO_Narrative","2020-06-02T17:59:20.000Z","0054S000000Ms6RQAS","2020-06-02T17:59:20.000Z","0054S000000Ms6RQAS","","","","","","","","","","","nFORCE__ko_narrative_app","","","","nFORCE__ko_narrative_viewModel","nFORCE__screen_models","","","","","","","","","","","Knockout","&lt;div data-bind=&quot;template: { name: &#39;narrative-template&#39; }&quot;&gt;&lt;/div&gt;","a054S000000BOBfQAO","","","","","",""
"a2J4S0000008RDGUA2","0054S000000Ms6RQAS","","LifeCycle.KO_Narrative","2020-06-02T17:59:20.000Z","0054S000000Ms6RQAS","2020-06-02T17:59:20.000Z","0054S000000Ms6RQAS","","","","","","","","","","","nFORCE__ko_narrative_app","","","","nFORCE__ko_narrative_viewModel","nFORCE__screen_models","","","","","","","","","","","Knockout","&lt;div data-bind=&quot;template: { name: &#39;narrative-template&#39; }&quot;&gt;&lt;/div&gt;","a054S000000BOBhQAO","","","","","",""
"a2J4S0000008RDHUA2","0054S000000Ms6RQAS","","LifeCycle.Spread_Base","2020-06-02T17:59:20.000Z","0054S000000Ms6RQAS","2020-06-02T17:59:20.000Z","0054S000000Ms6RQAS","","","","","","filterSpreadsByLoanId:true","","","","","","","","","","","","","","","","","","","","","Knockout","","42111373674249163","","","","","",""
"a2J4S0000008RDIUA2","0054S000000Ms6RQAS","","LifeCycle.KO_Narrative","2020-06-02T17:59:20.000Z","0054S000000Ms6RQAS","2020-06-02T17:59:20.000Z","0054S000000Ms6RQAS","","","","","","","","","","","nFORCE__ko_narrative_app","","","","nFORCE__ko_narrative_viewModel","nFORCE__screen_models","","","","","","","","","","","Knockout","&lt;div data-bind=&quot;template: { name: &#39;narrative-template&#39; }&quot;&gt;&lt;/div&gt;","42573101076398111","","","","","",""
"a2J4S0000008RDJUA2","0054S000000Ms6RQAS","","LifeCycle.KO_Narrative","2020-06-02T17:59:20.000Z","0054S000000Ms6RQAS","2020-06-02T17:59:20.000Z","0054S000000Ms6RQAS","","","","","","","","","","","nFORCE__ko_narrative_app","","","","nFORCE__ko_narrative_viewModel","nFORCE__screen_models","","","","","","","","","","","Knockout","&lt;div data-bind=&quot;template: { name: &#39;narrative-template&#39; }&quot;&gt;&lt;/div&gt;","42134553761774068","","","","","",""
"a2J4S0000008RDKUA2","0054S000000Ms6RQAS","","LifeCycle.KO_Narrative","2020-06-02T17:59:20.000Z","0054S000000Ms6RQAS","2020-06-02T17:59:20.000Z","0054S000000Ms6RQAS","","","","","","","","","","","nFORCE__ko_narrative_app","","","","nFORCE__ko_narrative_viewModel","nFORCE__screen_models","","","","","","","","","","","Knockout","&lt;div data-bind=&quot;template: { name: &#39;narrative-template&#39; }&quot;&gt;&lt;/div&gt;","42067274303062005","","","","","",""
"a2J4S0000008RDLUA2","0054S000000Ms6RQAS","","LifeCycle.Default_Widget","2020-06-02T17:59:20.000Z","0054S000000Ms6RQAS","2020-06-02T17:59:20.000Z","0054S000000Ms6RQAS","","","","","","","","","","","LLC_BI__default_widget_app","","","","","LLC_BI__default_widget_viewModel","","","","","","","","","","","Knockout","&lt;table class=&quot;table&quot;&gt; &lt;tr&gt; &lt;th&gt;Date&lt;/th&gt; &lt;th&gt;Assigned To&lt;/th&gt; &lt;th&gt;Actual Approver&lt;/th&gt; &lt;th&gt;Status&lt;/th&gt; &lt;th&gt;Comments&lt;/th&gt; &lt;/tr&gt; &lt;!-- ko foreach: approvalHistory --&gt; &lt;!-- ko foreach: steps --&gt; &lt;tr&gt; &lt;td data-bind=&quot;dateText: theDate&quot; /&gt; &lt;td&gt; &lt;span data-bind=&quot;text: originalActor.name&quot; /&gt; &lt;/td&gt; &lt;td&gt; &lt;span data-bind=&quot;text: assignedActor.name&quot; /&gt; &lt;/td&gt; &lt;td data-bind=&quot;text: status&quot; /&gt; &lt;td data-bind=&quot;text: comments&quot; /&gt; &lt;/tr&gt; &lt;!-- /ko --&gt; &lt;!-- /ko --&gt; &lt;/table&gt;","42031584059579587","","","","","",""
"a2J4S0000008RDMUA2","0054S000000Ms6RQAS","","LifeCycle.Spread_Base","2020-06-02T17:59:20.000Z","0054S000000Ms6RQAS","2020-06-02T17:59:20.000Z","0054S000000Ms6RQAS","","","","","","filterSpreadsByLoanId:true","","","","","","","","","","","","","","","","","","","","","Knockout","","42741364917595828","","","","","",""
"a2J4S0000008RDNUA2","0054S000000Ms6RQAS","","LifeCycle.KO_Narrative","2020-06-02T17:59:20.000Z","0054S000000Ms6RQAS","2020-06-02T17:59:20.000Z","0054S000000Ms6RQAS","","","","","","","","","","","nFORCE__ko_narrative_app","","","","nFORCE__ko_narrative_viewModel","nFORCE__screen_models","","","","","","","","","","","Knockout","&lt;div data-bind=&quot;template: { name: &#39;narrative-template&#39; }&quot;&gt;&lt;/div&gt;","a2J4S0000008RDN","","","","","",""
"a2J4S0000008RDOUA2","0054S000000Ms6RQAS","","LifeCycle.KO_Narrative","2020-06-02T17:59:20.000Z","0054S000000Ms6RQAS","2020-06-02T17:59:20.000Z","0054S000000Ms6RQAS","","","","","","","","","","","nFORCE__ko_narrative_app","","","","nFORCE__ko_narrative_viewModel","nFORCE__screen_models","","","","","","","","","","","Knockout","&lt;div data-bind=&quot;template: { name: &#39;narrative-template&#39; }&quot;&gt;&lt;/div&gt;","a2J4S0000008RDOUA2","","","","","",""
"a2J4S0000008RDPUA2","0054S000000Ms6RQAS","","LifeCycle.KO_Narrative","2020-06-02T17:59:20.000Z","0054S000000Ms6RQAS","2020-06-02T17:59:20.000Z","0054S000000Ms6RQAS","","","","","","","","","","","nFORCE__ko_narrative_app","","","","nFORCE__ko_narrative_viewModel","nFORCE__screen_models","","","","","","","","","","","Knockout","&lt;div data-bind=&quot;template: { name: &#39;narrative-template&#39; }&quot;&gt;&lt;/div&gt;","a2J4S0000008RDPUA2","","","","","",""
"a2J4S0000008RDQUA2","0054S000000Ms6RQAS","","LifeCycle.KO_Narrative","2020-06-02T17:59:20.000Z","0054S000000Ms6RQAS","2020-06-02T17:59:20.000Z","0054S000000Ms6RQAS","","","","","","","","","","","nFORCE__ko_narrative_app","","","","nFORCE__ko_narrative_viewModel","nFORCE__screen_models","","","","","","","","","","","Knockout","&lt;div data-bind=&quot;template: { name: &#39;narrative-template&#39; }&quot;&gt;&lt;/div&gt;","a2J4S0000008RDQUA2","","","","","",""
"a2J4S0000008RDRUA2","0054S000000Ms6RQAS","","LifeCycle.KO_Narrative","2020-06-02T17:59:20.000Z","0054S000000Ms6RQAS","2020-06-02T17:59:20.000Z","0054S000000Ms6RQAS","","","","","","","","","","","nFORCE__ko_narrative_app","","","","nFORCE__ko_narrative_viewModel","nFORCE__screen_models","","","","","","","","","","","Knockout","&lt;div data-bind=&quot;template: { name: &#39;narrative-template&#39; }&quot;&gt;&lt;/div&gt;","a2J4S0000008RDRUA2","","","","","",""
"a2J4S0000008RDSUA2","0054S000000Ms6RQAS","","LifeCycle.KO_Narrative","2020-06-02T17:59:20.000Z","0054S000000Ms6RQAS","2020-06-02T17:59:20.000Z","0054S000000Ms6RQAS","","","","","","","","","","","nFORCE__ko_narrative_app","","","","nFORCE__ko_narrative_viewModel","nFORCE__screen_models","","","","","","","","","","","Knockout","&lt;div data-bind=&quot;template: { name: &#39;narrative-template&#39; }&quot;&gt;&lt;/div&gt;","a2J4S0000008RDSUA2","","","","","",""
"a2J4S0000008RDTUA2","0054S000000Ms6RQAS","","LifeCycle.KO_Narrative","2020-06-02T17:59:20.000Z","0054S000000Ms6RQAS","2020-06-02T17:59:20.000Z","0054S000000Ms6RQAS","","","","","","","","","","","nFORCE__ko_narrative_app","","","","nFORCE__ko_narrative_viewModel","nFORCE__screen_models","","","","","","","","","","","Knockout","&lt;div data-bind=&quot;template: { name: &#39;narrative-template&#39; }&quot;&gt;&lt;/div&gt;","a2J4S0000008RDTUA2","","","","","",""
"a2J4S0000008RDUUA2","0054S000000Ms6RQAS","","LifeCycle.KO_Narrative","2020-06-02T17:59:20.000Z","0054S000000Ms6RQAS","2020-06-02T17:59:20.000Z","0054S000000Ms6RQAS","","","","","","","","","","","nFORCE__ko_narrative_app","","","","nFORCE__ko_narrative_viewModel","nFORCE__screen_models","","","","","","","","","","","Knockout","&lt;div data-bind=&quot;template: { name: &#39;narrative-template&#39; }&quot;&gt;&lt;/div&gt;","a2J4S0000008RDUUA2","","","","","",""
"a2J4S0000008RDVUA2","0054S000000Ms6RQAS","","LifeCycle.KO_Narrative","2020-06-02T17:59:20.000Z","0054S000000Ms6RQAS","2020-06-02T17:59:20.000Z","0054S000000Ms6RQAS","","","","","","","","","","","nFORCE__ko_narrative_app","","","","nFORCE__ko_narrative_viewModel","nFORCE__screen_models","","","","","","","","","","","Knockout","&lt;div data-bind=&quot;template: { name: &#39;narrative-template&#39; }&quot;&gt;&lt;/div&gt;","a2J4S0000008RDVUA2","","","","","",""
"a2J4S0000008RDWUA2","0054S000000Ms6RQAS","","LifeCycle.KO_Narrative","2020-06-02T17:59:20.000Z","0054S000000Ms6RQAS","2020-06-02T17:59:20.000Z","0054S000000Ms6RQAS","","","","","","","","","","","nFORCE__ko_narrative_app","","","","nFORCE__ko_narrative_viewModel","nFORCE__screen_models","","","","","","","","","","","Knockout","&lt;div data-bind=&quot;template: { name: &#39;narrative-template&#39; }&quot;&gt;&lt;/div&gt;","a2J4S0000008RDWUA2","","","","","",""
"a2J4S0000008RDXUA2","0054S000000Ms6RQAS","","LifeCycle.KO_Narrative","2020-06-02T17:59:20.000Z","0054S000000Ms6RQAS","2020-06-02T17:59:20.000Z","0054S000000Ms6RQAS","","","","","","","","","","","nFORCE__ko_narrative_app","","","","nFORCE__ko_narrative_viewModel","nFORCE__screen_models","","","","","","","","","","","Knockout","&lt;div data-bind=&quot;template: { name: &#39;narrative-template&#39; }&quot;&gt;&lt;/div&gt;","a2J4S0000008RDXUA2","","","","","",""
"a2J4S0000008RDYUA2","0054S000000Ms6RQAS","","LifeCycle.KO_Narrative","2020-06-02T17:59:20.000Z","0054S000000Ms6RQAS","2020-06-02T17:59:20.000Z","0054S000000Ms6RQAS","","","","","","","","","","","nFORCE__ko_narrative_app","","","","nFORCE__ko_narrative_viewModel","nFORCE__screen_models","","","","","","","","","","","Knockout","&lt;div data-bind=&quot;template: { name: &#39;narrative-template&#39; }&quot;&gt;&lt;/div&gt;","a2J4S0000008RDYUA2","","","","","",""
"a2J4S0000008RDZUA2","0054S000000Ms6RQAS","","LifeCycle.KO_Narrative","2020-06-02T17:59:20.000Z","0054S000000Ms6RQAS","2020-06-02T17:59:20.000Z","0054S000000Ms6RQAS","","","","","","","","","","","nFORCE__ko_narrative_app","","","","nFORCE__ko_narrative_viewModel","nFORCE__screen_models","","","","","","","","","","","Knockout","&lt;div data-bind=&quot;template: { name: &#39;narrative-template&#39; }&quot;&gt;&lt;/div&gt;","a2J4S0000008RDZUA2","","","","","",""
"a2J4S0000008RDaUAM","0054S000000Ms6RQAS","","LifeCycle.KO_Narrative","2020-06-02T17:59:20.000Z","0054S000000Ms6RQAS","2020-06-02T17:59:20.000Z","0054S000000Ms6RQAS","","","","","","","","","","","nFORCE__ko_narrative_app","","","","nFORCE__ko_narrative_viewModel","nFORCE__screen_models","","","","","","","","","","","Knockout","&lt;div data-bind=&quot;template: { name: &#39;narrative-template&#39; }&quot;&gt;&lt;/div&gt;","a2J4S0000008RDaUAM","","","","","",""
"a2J4S0000008RDbUAM","0054S000000Ms6RQAS","","LifeCycle.KO_Narrative","2020-06-02T17:59:20.000Z","0054S000000Ms6RQAS","2020-06-02T17:59:20.000Z","0054S000000Ms6RQAS","","","","","","","","","","","nFORCE__ko_narrative_app","","","","nFORCE__ko_narrative_viewModel","nFORCE__screen_models","","","","","","","","","","","Knockout","&lt;div data-bind=&quot;template: { name: &#39;narrative-template&#39; }&quot;&gt;&lt;/div&gt;","42789903582195713","","","","","",""
"a2J4S0000008RDcUAM","0054S000000Ms6RQAS","","LifeCycle.KO_Narrative","2020-06-02T17:59:20.000Z","0054S000000Ms6RQAS","2020-06-02T17:59:20.000Z","0054S000000Ms6RQAS","","","","","","","","","","","nFORCE__ko_narrative_app","","","","nFORCE__ko_narrative_viewModel","nFORCE__screen_models","","","","","","","","","","","Knockout","&lt;div data-bind=&quot;template: { name: &#39;narrative-template&#39; }&quot;&gt;&lt;/div&gt;","42226153912943863","","","","","",""
"a2J4S0000008RDdUAM","0054S000000Ms6RQAS","","LifeCycle.KO_Narrative","2020-06-02T17:59:20.000Z","0054S000000Ms6RQAS","2020-06-02T17:59:20.000Z","0054S000000Ms6RQAS","","","","","","","","","","","nFORCE__ko_narrative_app","","","","nFORCE__ko_narrative_viewModel","nFORCE__screen_models","","","","","","","","","","","Knockout","&lt;div data-bind=&quot;template: { name: &#39;narrative-template&#39; }&quot;&gt;&lt;/div&gt;","42621828227380223","","","","","",""
"a2J4S0000008RDeUAM","0054S000000Ms6RQAS","","LifeCycle.KO_Narrative","2020-06-02T17:59:20.000Z","0054S000000Ms6RQAS","2020-06-02T17:59:20.000Z","0054S000000Ms6RQAS","","","","","","","","","","","nFORCE__ko_narrative_app","","","","nFORCE__ko_narrative_viewModel","nFORCE__screen_models","","","","","","","","","","","Knockout","&lt;div data-bind=&quot;template: { name: &#39;narrative-template&#39; }&quot;&gt;&lt;/div&gt;","42664288956592718","","","","","",""
"a2J4S0000008RDfUAM","0054S000000Ms6RQAS","","LifeCycle.KO_Narrative","2020-06-02T17:59:20.000Z","0054S000000Ms6RQAS","2020-06-02T17:59:20.000Z","0054S000000Ms6RQAS","","","","","","","","","","","nFORCE__ko_narrative_app","","","","nFORCE__ko_narrative_viewModel","nFORCE__screen_models","","","","","","","","","","","Knockout","&lt;div data-bind=&quot;template: { name: &#39;narrative-template&#39; }&quot;&gt;&lt;/div&gt;","42154744960102467","","","","","",""
"a2J4S0000008RDgUAM","0054S000000Ms6RQAS","","LifeCycle.KO_Narrative","2020-06-02T17:59:20.000Z","0054S000000Ms6RQAS","2020-06-02T17:59:20.000Z","0054S000000Ms6RQAS","","","","","","","","","","","nFORCE__ko_narrative_app","","","","nFORCE__ko_narrative_viewModel","nFORCE__screen_models","","","","","","","","","","","Knockout","&lt;div data-bind=&quot;template: { name: &#39;narrative-template&#39; }&quot;&gt;&lt;/div&gt;","42075515717744859","","","","","",""
"a2J4S0000008RDhUAM","0054S000000Ms6RQAS","","LifeCycle.Spread_Base","2020-06-02T17:59:20.000Z","0054S000000Ms6RQAS","2020-06-02T17:59:20.000Z","0054S000000Ms6RQAS","","","","","","","","","","","","","","","","","","","","","","","","","","","Knockout","","42520999487136321","","","","","",""
"a2J4S0000008RDiUAM","0054S000000Ms6RQAS","","LifeCycle.Default_Widget","2020-06-02T17:59:20.000Z","0054S000000Ms6RQAS","2020-06-02T17:59:20.000Z","0054S000000Ms6RQAS","","","","","","","","","","","LLC_BI__default_widget_app","","","","","LLC_BI__default_widget_viewModel","","","","","","","","","","","Knockout","&lt;table class=&quot;table&quot;&gt; &lt;tr&gt; &lt;th&gt;Date&lt;/th&gt; &lt;th&gt;Assigned To&lt;/th&gt; &lt;th&gt;Actual Approver&lt;/th&gt; &lt;th&gt;Status&lt;/th&gt; &lt;th&gt;Comments&lt;/th&gt; &lt;/tr&gt; &lt;!-- ko foreach: approvalHistory --&gt; &lt;!-- ko foreach: steps --&gt; &lt;tr&gt; &lt;td data-bind=&quot;dateText: theDate&quot; /&gt; &lt;td&gt; &lt;span data-bind=&quot;text: originalActor.name&quot; /&gt; &lt;/td&gt; &lt;td&gt; &lt;span data-bind=&quot;text: assignedActor.name&quot; /&gt; &lt;/td&gt; &lt;td data-bind=&quot;text: status&quot; /&gt; &lt;td data-bind=&quot;text: comments&quot; /&gt; &lt;/tr&gt; &lt;!-- /ko --&gt; &lt;!-- /ko --&gt; &lt;/table&gt;","42153591005945550","","","","","",""
"a2J4S0000008RDjUAM","0054S000000Ms6RQAS","","LifeCycle.KO_Narrative","2020-06-02T17:59:20.000Z","0054S000000Ms6RQAS","2020-06-02T17:59:20.000Z","0054S000000Ms6RQAS","","","","","","","","","","","nFORCE__ko_narrative_app","","","","nFORCE__ko_narrative_viewModel","nFORCE__screen_models","","","","","","","","","","","Knockout","&lt;div data-bind=&quot;template: { name: &#39;narrative-template&#39; }&quot;&gt;&lt;/div&gt;","42121071618343657","","","","","",""
"a2J4S0000008RDkUAM","0054S000000Ms6RQAS","","LifeCycle.KO_Narrative","2020-06-02T17:59:20.000Z","0054S000000Ms6RQAS","2020-06-02T17:59:20.000Z","0054S000000Ms6RQAS","","","","","","","","","","","nFORCE__ko_narrative_app","","","","nFORCE__ko_narrative_viewModel","nFORCE__screen_models","","","","","","","","","","","Knockout","&lt;div data-bind=&quot;template: { name: &#39;narrative-template&#39; }&quot;&gt;&lt;/div&gt;","42966894519849347","","","","","",""
"a2J4S0000008RDlUAM","0054S000000Ms6RQAS","","LifeCycle.KO_Narrative","2020-06-02T17:59:20.000Z","0054S000000Ms6RQAS","2020-06-02T17:59:20.000Z","0054S000000Ms6RQAS","","","","","","","","","","","nFORCE__ko_narrative_app","","","","nFORCE__ko_narrative_viewModel","nFORCE__screen_models","","","","","","","","","","","Knockout","&lt;div data-bind=&quot;template: { name: &#39;narrative-template&#39; }&quot;&gt;&lt;/div&gt;","42275753867298239","","","","","",""
"a2J4S0000008RDmUAM","0054S000000Ms6RQAS","","LifeCycle.KO_Narrative","2020-06-02T17:59:20.000Z","0054S000000Ms6RQAS","2020-06-02T17:59:20.000Z","0054S000000Ms6RQAS","","","","","","","","","","","nFORCE__ko_narrative_app","","","","nFORCE__ko_narrative_viewModel","nFORCE__screen_models","","","","","","","","","","","Knockout","&lt;div data-bind=&quot;template: { name: &#39;narrative-template&#39; }&quot;&gt;&lt;/div&gt;","42260190325764114","","","","","",""
"a2J4S0000008RDnUAM","0054S000000Ms6RQAS","","LifeCycle.KO_Narrative","2020-06-02T17:59:20.000Z","0054S000000Ms6RQAS","2020-06-02T17:59:20.000Z","0054S000000Ms6RQAS","","","","","","","","","","","nFORCE__ko_narrative_app","","","","nFORCE__ko_narrative_viewModel","nFORCE__screen_models","","","","","","","","","","","Knockout","&lt;div data-bind=&quot;template: { name: &#39;narrative-template&#39; }&quot;&gt;&lt;/div&gt;","42552010708172211","","","","","",""
"a2J4S0000008RDoUAM","0054S000000Ms6RQAS","","LifeCycle.KO_Narrative","2020-06-02T17:59:20.000Z","0054S000000Ms6RQAS","2020-06-02T17:59:20.000Z","0054S000000Ms6RQAS","","","","","","","","","","","nFORCE__ko_narrative_app","","","","nFORCE__ko_narrative_viewModel","nFORCE__screen_models","","","","","","","","","","","Knockout","&lt;div data-bind=&quot;template: { name: &#39;narrative-template&#39; }&quot;&gt;&lt;/div&gt;","42167303237366064","","","","","",""
"a2J4S0000008RDpUAM","0054S000000Ms6RQAS","","LifeCycle.KO_Narrative","2020-06-02T17:59:20.000Z","0054S000000Ms6RQAS","2020-06-02T17:59:20.000Z","0054S000000Ms6RQAS","","","","","","","","","","","nFORCE__ko_narrative_app","","","","nFORCE__ko_narrative_viewModel","nFORCE__screen_models","","","","","","","","","","","Knockout","&lt;div data-bind=&quot;template: { name: &#39;narrative-template&#39; }&quot;&gt;&lt;/div&gt;","42315597995746780","","","","","",""
"a2J4S0000008RDqUAM","0054S000000Ms6RQAS","","LifeCycle.KO_Narrative","2020-06-02T17:59:20.000Z","0054S000000Ms6RQAS","2020-06-02T17:59:20.000Z","0054S000000Ms6RQAS","","","","","","","","","","","nFORCE__ko_narrative_app","","","","nFORCE__ko_narrative_viewModel","nFORCE__screen_models","","","","","","","","","","","Knockout","&lt;div data-bind=&quot;template: { name: &#39;narrative-template&#39; }&quot;&gt;&lt;/div&gt;","42746587262549645","","","","","",""
"a2J4S0000008RDrUAM","0054S000000Ms6RQAS","","LifeCycle.KO_Narrative","2020-06-02T17:59:20.000Z","0054S000000Ms6RQAS","2020-06-02T17:59:20.000Z","0054S000000Ms6RQAS","","","","","","","","","","","nFORCE__ko_narrative_app","","","","nFORCE__ko_narrative_viewModel","nFORCE__screen_models","","","","","","","","","","","Knockout","&lt;div data-bind=&quot;template: { name: &#39;narrative-template&#39; }&quot;&gt;&lt;/div&gt;","42503729432218099","","","","","",""
"a2J4S0000008RDsUAM","0054S000000Ms6RQAS","","LifeCycle.KO_Narrative","2020-06-02T17:59:20.000Z","0054S000000Ms6RQAS","2020-06-02T17:59:20.000Z","0054S000000Ms6RQAS","","","","","","","","","","","nFORCE__ko_narrative_app","","","","nFORCE__ko_narrative_viewModel","nFORCE__screen_models","","","","","","","","","","","Knockout","&lt;div data-bind=&quot;template: { name: &#39;narrative-template&#39; }&quot;&gt;&lt;/div&gt;","42734959730615745","","","","","",""
"a2J4S0000008RDtUAM","0054S000000Ms6RQAS","","LifeCycle.KO_Narrative","2020-06-02T17:59:20.000Z","0054S000000Ms6RQAS","2020-06-02T17:59:20.000Z","0054S000000Ms6RQAS","","","","","","","","","","","nFORCE__ko_narrative_app","","","","nFORCE__ko_narrative_viewModel","nFORCE__screen_models","","","","","","","","","","","Knockout","&lt;div data-bind=&quot;template: { name: &#39;narrative-template&#39; }&quot;&gt;&lt;/div&gt;","42639461112436314","","","","","",""
"a2J4S0000008RDuUAM","0054S000000Ms6RQAS","","LifeCycle.KO_Narrative","2020-06-02T17:59:20.000Z","0054S000000Ms6RQAS","2020-06-02T17:59:20.000Z","0054S000000Ms6RQAS","","","","","","","","","","","nFORCE__ko_narrative_app","","","","nFORCE__ko_narrative_viewModel","nFORCE__screen_models","","","","","","","","","","","Knockout","&lt;div data-bind=&quot;template: { name: &#39;narrative-template&#39; }&quot;&gt;&lt;/div&gt;","42957114667831082","","","","","",""
"a2J4S0000008RDvUAM","0054S000000Ms6RQAS","","LifeCycle.KO_Narrative","2020-06-02T17:59:20.000Z","0054S000000Ms6RQAS","2020-06-02T17:59:20.000Z","0054S000000Ms6RQAS","","","","","","","","","","","nFORCE__ko_narrative_app","","","","nFORCE__ko_narrative_viewModel","nFORCE__screen_models","","","","","","","","","","","Knockout","&lt;div data-bind=&quot;template: { name: &#39;narrative-template&#39; }&quot;&gt;&lt;/div&gt;","42307915905379902","","","","","",""
"a2J4S0000008RDwUAM","0054S000000Ms6RQAS","","LifeCycle.KO_Narrative","2020-06-02T17:59:20.000Z","0054S000000Ms6RQAS","2020-06-02T17:59:20.000Z","0054S000000Ms6RQAS","","","","","","","","","","","nFORCE__ko_narrative_app","","","","nFORCE__ko_narrative_viewModel","nFORCE__screen_models","","","","","","","","","","","Knockout","&lt;div data-bind=&quot;template: { name: &#39;narrative-template&#39; }&quot;&gt;&lt;/div&gt;","42981778576826513","","","","","",""
"a2J4S0000008RDxUAM","0054S000000Ms6RQAS","","LifeCycle.Spread_Base","2020-06-02T17:59:20.000Z","0054S000000Ms6RQAS","2020-06-02T17:59:20.000Z","0054S000000Ms6RQAS","","","","","","","","","","","","","","","","","","","","","","","","","","","Knockout","","42172395681080154","","","","","",""
"a2J4S0000008RDyUAM","0054S000000Ms6RQAS","","LifeCycle.Default_Widget","2020-06-02T17:59:20.000Z","0054S000000Ms6RQAS","2020-06-02T17:59:20.000Z","0054S000000Ms6RQAS","","","","","","","","","","","LLC_BI__default_widget_app","","","","","LLC_BI__default_widget_viewModel","","","","","","","","","","","Knockout","&lt;table class=&quot;table&quot;&gt; &lt;tr&gt; &lt;th&gt;Date&lt;/th&gt; &lt;th&gt;Assigned To&lt;/th&gt; &lt;th&gt;Actual Approver&lt;/th&gt; &lt;th&gt;Status&lt;/th&gt; &lt;th&gt;Comments&lt;/th&gt; &lt;/tr&gt; &lt;!-- ko foreach: approvalHistory --&gt; &lt;!-- ko foreach: steps --&gt; &lt;tr&gt; &lt;td data-bind=&quot;dateText: theDate&quot; /&gt; &lt;td&gt; &lt;span data-bind=&quot;text: originalActor.name&quot; /&gt; &lt;/td&gt; &lt;td&gt; &lt;span data-bind=&quot;text: assignedActor.name&quot; /&gt; &lt;/td&gt; &lt;td data-bind=&quot;text: status&quot; /&gt; &lt;td data-bind=&quot;text: comments&quot; /&gt; &lt;/tr&gt; &lt;!-- /ko --&gt; &lt;!-- /ko --&gt; &lt;/table&gt;","42307522083867878","","","","","",""
"a2J4S0000008RDzUAM","0054S000000Ms6RQAS","","LifeCycle.KO_Narrative","2020-06-02T17:59:20.000Z","0054S000000Ms6RQAS","2020-06-02T17:59:20.000Z","0054S000000Ms6RQAS","","","","","","","","","","","nFORCE__ko_narrative_app","","","","nFORCE__ko_narrative_viewModel","nFORCE__screen_models","","","","","","","","","","","Knockout","&lt;div data-bind=&quot;template: { name: &#39;narrative-template&#39; }&quot;&gt;&lt;/div&gt;","42869438810208977","","","","","",""
"a2J4S0000008RE0UAM","0054S000000Ms6RQAS","","LifeCycle.KO_Narrative","2020-06-02T17:59:20.000Z","0054S000000Ms6RQAS","2020-06-02T17:59:20.000Z","0054S000000Ms6RQAS","","","","","","","","","","","nFORCE__ko_narrative_app","","","","nFORCE__ko_narrative_viewModel","nFORCE__screen_models","","","","","","","","","","","Knockout","&lt;div data-bind=&quot;template: { name: &#39;narrative-template&#39; }&quot;&gt;&lt;/div&gt;","42777233261016914","","","","","",""
"a2J4S0000008RE1UAM","0054S000000Ms6RQAS","","LifeCycle.KO_Narrative","2020-06-02T17:59:20.000Z","0054S000000Ms6RQAS","2020-06-02T17:59:20.000Z","0054S000000Ms6RQAS","","","","","","","","","","","nFORCE__ko_narrative_app","","","","nFORCE__ko_narrative_viewModel","nFORCE__screen_models","","","","","","","","","","","Knockout","&lt;div data-bind=&quot;template: { name: &#39;narrative-template&#39; }&quot;&gt;&lt;/div&gt;","42024676911492140","","","","","",""
"a2J4S0000008RE2UAM","0054S000000Ms6RQAS","","LifeCycle.KO_Narrative","2020-06-02T17:59:20.000Z","0054S000000Ms6RQAS","2020-06-02T17:59:20.000Z","0054S000000Ms6RQAS","","","","","","","","","","","nFORCE__ko_narrative_app","","","","nFORCE__ko_narrative_viewModel","nFORCE__screen_models","","","","","","","","","","","Knockout","&lt;div data-bind=&quot;template: { name: &#39;narrative-template&#39; }&quot;&gt;&lt;/div&gt;","42287913510889359","","","","","",""
"a2J4S0000008RE3UAM","0054S000000Ms6RQAS","","LifeCycle.KO_Narrative","2020-06-02T17:59:20.000Z","0054S000000Ms6RQAS","2020-06-02T17:59:20.000Z","0054S000000Ms6RQAS","","","","","","","","","","","nFORCE__ko_narrative_app","","","","nFORCE__ko_narrative_viewModel","nFORCE__screen_models","","","","","","","","","","","Knockout","&lt;div data-bind=&quot;template: { name: &#39;narrative-template&#39; }&quot;&gt;&lt;/div&gt;","42118740669044497","","","","","",""
"a2J4S0000008RE4UAM","0054S000000Ms6RQAS","","LifeCycle.KO_Narrative","2020-06-02T17:59:20.000Z","0054S000000Ms6RQAS","2020-06-02T17:59:20.000Z","0054S000000Ms6RQAS","","","","","","","","","","","nFORCE__ko_narrative_app","","","","nFORCE__ko_narrative_viewModel","nFORCE__screen_models","","","","","","","","","","","Knockout","&lt;div data-bind=&quot;template: { name: &#39;narrative-template&#39; }&quot;&gt;&lt;/div&gt;","42114798196320018","","","","","",""
"a2J4S0000008RE5UAM","0054S000000Ms6RQAS","","LifeCycle.KO_Narrative","2020-06-02T17:59:20.000Z","0054S000000Ms6RQAS","2020-06-02T17:59:20.000Z","0054S000000Ms6RQAS","","","","","","","","","","","nFORCE__ko_narrative_app","","","","nFORCE__ko_narrative_viewModel","nFORCE__screen_models","","","","","","","","","","","Knockout","&lt;div data-bind=&quot;template: { name: &#39;narrative-template&#39; }&quot;&gt;&lt;/div&gt;","42853230338378250","","","","","",""
"a2J4S0000008RE6UAM","0054S000000Ms6RQAS","","LifeCycle.KO_Narrative","2020-06-02T17:59:20.000Z","0054S000000Ms6RQAS","2020-06-02T17:59:20.000Z","0054S000000Ms6RQAS","","","","","","","","","","","nFORCE__ko_narrative_app","","","","nFORCE__ko_narrative_viewModel","nFORCE__screen_models","","","","","","","","","","","Knockout","&lt;div data-bind=&quot;template: { name: &#39;narrative-template&#39; }&quot;&gt;&lt;/div&gt;","42621455617358722","","","","","",""
"a2J4S0000008RE7UAM","0054S000000Ms6RQAS","","LifeCycle.KO_Narrative","2020-06-02T17:59:20.000Z","0054S000000Ms6RQAS","2020-06-02T17:59:20.000Z","0054S000000Ms6RQAS","","","","","","","","","","","nFORCE__ko_narrative_app","","","","nFORCE__ko_narrative_viewModel","nFORCE__screen_models","","","","","","","","","","","Knockout","&lt;div data-bind=&quot;template: { name: &#39;narrative-template&#39; }&quot;&gt;&lt;/div&gt;","42390305517083256","","","","","",""
"a2J4S0000008RE8UAM","0054S000000Ms6RQAS","","LifeCycle.KO_Narrative","2020-06-02T17:59:20.000Z","0054S000000Ms6RQAS","2020-06-02T17:59:20.000Z","0054S000000Ms6RQAS","","","","","","","","","","","nFORCE__ko_narrative_app","","","","nFORCE__ko_narrative_viewModel","nFORCE__screen_models","","","","","","","","","","","Knockout","&lt;div data-bind=&quot;template: { name: &#39;narrative-template&#39; }&quot;&gt;&lt;/div&gt;","42109302200407473","","","","","",""
"a2J4S0000008RE9UAM","0054S000000Ms6RQAS","","LifeCycle.KO_Narrative","2020-06-02T17:59:20.000Z","0054S000000Ms6RQAS","2020-06-02T17:59:20.000Z","0054S000000Ms6RQAS","","","","","","","","","","","nFORCE__ko_narrative_app","","","","nFORCE__ko_narrative_viewModel","nFORCE__screen_models","","","","","","","","","","","Knockout","&lt;div data-bind=&quot;template: { name: &#39;narrative-template&#39; }&quot;&gt;&lt;/div&gt;","42500051010557966","","","","","",""
"a2J4S0000008REAUA2","0054S000000Ms6RQAS","","LifeCycle.KO_Narrative","2020-06-02T17:59:20.000Z","0054S000000Ms6RQAS","2020-06-02T17:59:20.000Z","0054S000000Ms6RQAS","","","","","","","","","","","nFORCE__ko_narrative_app","","","","nFORCE__ko_narrative_viewModel","nFORCE__screen_models","","","","","","","","","","","Knockout","&lt;div data-bind=&quot;template: { name: &#39;narrative-template&#39; }&quot;&gt;&lt;/div&gt;","42786929301074160","","","","","",""
"a2J4S0000008REBUA2","0054S000000Ms6RQAS","","LifeCycle.KO_Narrative","2020-06-02T17:59:20.000Z","0054S000000Ms6RQAS","2020-06-02T17:59:20.000Z","0054S000000Ms6RQAS","","","","","","","","","","","nFORCE__ko_narrative_app","","","","nFORCE__ko_narrative_viewModel","nFORCE__screen_models","","","","","","","","","","","Knockout","&lt;div data-bind=&quot;template: { name: &#39;narrative-template&#39; }&quot;&gt;&lt;/div&gt;","42877259381802739","","","","","",""
"a2J4S0000008RECUA2","0054S000000Ms6RQAS","","LifeCycle.KO_Narrative","2020-06-02T17:59:20.000Z","0054S000000Ms6RQAS","2020-06-02T17:59:20.000Z","0054S000000Ms6RQAS","","","","","","","","","","","nFORCE__ko_narrative_app","","","","nFORCE__ko_narrative_viewModel","nFORCE__screen_models","","","","","","","","","","","Knockout","&lt;div data-bind=&quot;template: { name: &#39;narrative-template&#39; }&quot;&gt;&lt;/div&gt;","42141122885554291","","","","","",""
"a2J4S0000008REDUA2","0054S000000Ms6RQAS","","LifeCycle.Spread_Base","2020-06-02T17:59:20.000Z","0054S000000Ms6RQAS","2020-06-02T17:59:20.000Z","0054S000000Ms6RQAS","","","","","","","","","","","","","","","","","","","","","","","","","","","Knockout","","42424777606365410","","","","","",""
"a2J4S0000008REEUA2","0054S000000Ms6RQAS","","LifeCycle.Default_Widget","2020-06-02T17:59:20.000Z","0054S000000Ms6RQAS","2020-06-02T17:59:20.000Z","0054S000000Ms6RQAS","","","","","","","","","","","LLC_BI__default_widget_app","","","","","LLC_BI__default_widget_viewModel","","","","","","","","","","","Knockout","&lt;table class=&quot;table&quot;&gt; &lt;tr&gt; &lt;th&gt;Date&lt;/th&gt; &lt;th&gt;Assigned To&lt;/th&gt; &lt;th&gt;Actual Approver&lt;/th&gt; &lt;th&gt;Status&lt;/th&gt; &lt;th&gt;Comments&lt;/th&gt; &lt;/tr&gt; &lt;!-- ko foreach: approvalHistory --&gt; &lt;!-- ko foreach: steps --&gt; &lt;tr&gt; &lt;td data-bind=&quot;dateText: theDate&quot; /&gt; &lt;td&gt; &lt;span data-bind=&quot;text: originalActor.name&quot; /&gt; &lt;/td&gt; &lt;td&gt; &lt;span data-bind=&quot;text: assignedActor.name&quot; /&gt; &lt;/td&gt; &lt;td data-bind=&quot;text: status&quot; /&gt; &lt;td data-bind=&quot;text: comments&quot; /&gt; &lt;/tr&gt; &lt;!-- /ko --&gt; &lt;!-- /ko --&gt; &lt;/table&gt;","42661290947214164","","","","","",""
"a2J4S0000008REFUA2","0054S000000Ms6RQAS","","LifeCycle.KO_Narrative","2020-06-02T17:59:20.000Z","0054S000000Ms6RQAS","2020-06-02T17:59:20.000Z","0054S000000Ms6RQAS","","","","","","","","","","","nFORCE__ko_narrative_app","","","","nFORCE__ko_narrative_viewModel","nFORCE__screen_models","","","","","","","","","","","Knockout","&lt;div data-bind=&quot;template: { name: &#39;narrative-template&#39; }&quot;&gt;&lt;/div&gt;","42975351414933743","","","","","",""
"a2J4S0000008REGUA2","0054S000000Ms6RQAS","","LifeCycle.KO_Narrative","2020-06-02T17:59:20.000Z","0054S000000Ms6RQAS","2020-06-02T17:59:20.000Z","0054S000000Ms6RQAS","","","","","","","","","","","nFORCE__ko_narrative_app","","","","nFORCE__ko_narrative_viewModel","nFORCE__screen_models","","","","","","","","","","","Knockout","&lt;div data-bind=&quot;template: { name: &#39;narrative-template&#39; }&quot;&gt;&lt;/div&gt;","42018358874732145","","","","","",""
"a2J4S0000008REHUA2","0054S000000Ms6RQAS","","LifeCycle.KO_Narrative","2020-06-02T17:59:20.000Z","0054S000000Ms6RQAS","2020-06-02T17:59:20.000Z","0054S000000Ms6RQAS","","","","","","","","","","","nFORCE__ko_narrative_app","","","","nFORCE__ko_narrative_viewModel","nFORCE__screen_models","","","","","","","","","","","Knockout","&lt;div data-bind=&quot;template: { name: &#39;narrative-template&#39; }&quot;&gt;&lt;/div&gt;","42699318283387139","","","","","",""
"a2J4S0000008REIUA2","0054S000000Ms6RQAS","","LifeCycle.KO_Narrative","2020-06-02T17:59:20.000Z","0054S000000Ms6RQAS","2020-06-02T17:59:20.000Z","0054S000000Ms6RQAS","","","","","","","","","","","nFORCE__ko_narrative_app","","","","nFORCE__ko_narrative_viewModel","nFORCE__screen_models","","","","","","","","","","","Knockout","&lt;div data-bind=&quot;template: { name: &#39;narrative-template&#39; }&quot;&gt;&lt;/div&gt;","42857302320151476","","","","","",""
"a2J4S0000008REJUA2","0054S000000Ms6RQAS","","LifeCycle.KO_Narrative","2020-06-02T17:59:20.000Z","0054S000000Ms6RQAS","2020-06-02T17:59:20.000Z","0054S000000Ms6RQAS","","","","","","","","","","","nFORCE__ko_narrative_app","","","","nFORCE__ko_narrative_viewModel","nFORCE__screen_models","","","","","","","","","","","Knockout","&lt;div data-bind=&quot;template: { name: &#39;narrative-template&#39; }&quot;&gt;&lt;/div&gt;","4264749774469906","","","","","",""
"a2J4S0000008REKUA2","0054S000000Ms6RQAS","","LifeCycle.KO_Narrative","2020-06-02T17:59:20.000Z","0054S000000Ms6RQAS","2020-06-02T17:59:20.000Z","0054S000000Ms6RQAS","","","","","","","","","","","nFORCE__ko_narrative_app","","","","nFORCE__ko_narrative_viewModel","nFORCE__screen_models","","","","","","","","","","","Knockout","&lt;div data-bind=&quot;template: { name: &#39;narrative-template&#39; }&quot;&gt;&lt;/div&gt;","42855854735269061","","","","","",""
"a2J4S0000008RELUA2","0054S000000Ms6RQAS","","LifeCycle.KO_Narrative","2020-06-02T17:59:20.000Z","0054S000000Ms6RQAS","2020-06-02T17:59:20.000Z","0054S000000Ms6RQAS","","","","","","","","","","","nFORCE__ko_narrative_app","","","","nFORCE__ko_narrative_viewModel","nFORCE__screen_models","","","","","","","","","","","Knockout","&lt;div data-bind=&quot;template: { name: &#39;narrative-template&#39; }&quot;&gt;&lt;/div&gt;","42291156415763943","","","","","",""
"a2J4S0000008REMUA2","0054S000000Ms6RQAS","","LifeCycle.KO_Narrative","2020-06-02T17:59:20.000Z","0054S000000Ms6RQAS","2020-06-02T17:59:20.000Z","0054S000000Ms6RQAS","","","","","","","","","","","nFORCE__ko_narrative_app","","","","nFORCE__ko_narrative_viewModel","nFORCE__screen_models","","","","","","","","","","","Knockout","&lt;div data-bind=&quot;template: { name: &#39;narrative-template&#39; }&quot;&gt;&lt;/div&gt;","42692802203940100","","","","","",""
"a2J4S0000008RENUA2","0054S000000Ms6RQAS","","LifeCycle.KO_Narrative","2020-06-02T17:59:20.000Z","0054S000000Ms6RQAS","2020-06-02T17:59:20.000Z","0054S000000Ms6RQAS","","","","","","","","","","","nFORCE__ko_narrative_app","","","","nFORCE__ko_narrative_viewModel","nFORCE__screen_models","","","","","","","","","","","Knockout","&lt;div data-bind=&quot;template: { name: &#39;narrative-template&#39; }&quot;&gt;&lt;/div&gt;","42814141186251188","","","","","",""
"a2J4S0000008REOUA2","0054S000000Ms6RQAS","","LifeCycle.KO_Narrative","2020-06-02T17:59:20.000Z","0054S000000Ms6RQAS","2020-06-02T17:59:20.000Z","0054S000000Ms6RQAS","","","","","","","","","","","nFORCE__ko_narrative_app","","","","nFORCE__ko_narrative_viewModel","nFORCE__screen_models","","","","","","","","","","","Knockout","&lt;div data-bind=&quot;template: { name: &#39;narrative-template&#39; }&quot;&gt;&lt;/div&gt;","42940137331848379","","","","","",""
"a2J4S0000008REPUA2","0054S000000Ms6RQAS","","LifeCycle.KO_Narrative","2020-06-02T17:59:20.000Z","0054S000000Ms6RQAS","2020-06-02T17:59:20.000Z","0054S000000Ms6RQAS","","","","","","","","","","","nFORCE__ko_narrative_app","","","","nFORCE__ko_narrative_viewModel","nFORCE__screen_models","","","","","","","","","","","Knockout","&lt;div data-bind=&quot;template: { name: &#39;narrative-template&#39; }&quot;&gt;&lt;/div&gt;","42701413316017675","","","","","",""
"a2J4S0000008REQUA2","0054S000000Ms6RQAS","","LifeCycle.KO_Narrative","2020-06-02T17:59:20.000Z","0054S000000Ms6RQAS","2020-06-02T17:59:20.000Z","0054S000000Ms6RQAS","","","","","","","","","","","nFORCE__ko_narrative_app","","","","nFORCE__ko_narrative_viewModel","nFORCE__screen_models","","","","","","","","","","","Knockout","&lt;div data-bind=&quot;template: { name: &#39;narrative-template&#39; }&quot;&gt;&lt;/div&gt;","42683849843237941","","","","","",""
"a2J4S0000008RERUA2","0054S000000Ms6RQAS","","LifeCycle.KO_Narrative","2020-06-02T17:59:20.000Z","0054S000000Ms6RQAS","2020-06-02T17:59:20.000Z","0054S000000Ms6RQAS","","","","","","","","","","","nFORCE__ko_narrative_app","","","","nFORCE__ko_narrative_viewModel","nFORCE__screen_models","","","","","","","","","","","Knockout","&lt;div data-bind=&quot;template: { name: &#39;narrative-template&#39; }&quot;&gt;&lt;/div&gt;","42851196473604813","","","","","",""
"a2J4S0000008RESUA2","0054S000000Ms6RQAS","","LifeCycle.KO_Narrative","2020-06-02T17:59:20.000Z","0054S000000Ms6RQAS","2020-06-02T17:59:20.000Z","0054S000000Ms6RQAS","","","","","","","","","","","nFORCE__ko_narrative_app","","","","nFORCE__ko_narrative_viewModel","nFORCE__screen_models","","","","","","","","","","","Knockout","&lt;div data-bind=&quot;template: { name: &#39;narrative-template&#39; }&quot;&gt;&lt;/div&gt;","42993682320189290","","","","","",""
"a2J4S0000008RETUA2","0054S000000Ms6RQAS","","Risk_Grade_Worksheet","2020-06-02T17:59:20.000Z","0054S000000Ms6RQAS","2020-06-02T17:59:20.000Z","0054S000000Ms6RQAS","","","","","","readOnly:true;","","","","","LLC_BI__risk_grade_worksheet_app","","","","LLC_BI__risk_grade_worksheet_viewModel","LLC_BI__risk_grade_models","","","","","LLC_BI__risk_grade_worksheet_css","","","","","","Knockout","&lt;div data-bind=&quot;template: {name: &#39;riskGradeWorksheet-template&#39;}&quot; /&gt;","42048009888301711","","","","","",""
"a2J4S0000008REUUA2","0054S000000Ms6RQAS","","LifeCycle.KO_Narrative","2020-06-02T17:59:20.000Z","0054S000000Ms6RQAS","2020-06-02T17:59:20.000Z","0054S000000Ms6RQAS","","","","","","","","","","","nFORCE__ko_narrative_app","","","","nFORCE__ko_narrative_viewModel","nFORCE__screen_models","","","","","","","","","","","Knockout","&lt;div data-bind=&quot;template: { name: &#39;narrative-template&#39; }&quot;&gt;&lt;/div&gt;","4265215896338404","","","","","",""
"a2J4S0000008REVUA2","0054S000000Ms6RQAS","","LifeCycle.KO_Narrative","2020-06-02T17:59:20.000Z","0054S000000Ms6RQAS","2020-06-02T17:59:20.000Z","0054S000000Ms6RQAS","","","","","","","","","","","nFORCE__ko_narrative_app","","","","nFORCE__ko_narrative_viewModel","nFORCE__screen_models","","","","","","","","","","","Knockout","&lt;div data-bind=&quot;template: { name: &#39;narrative-template&#39; }&quot;&gt;&lt;/div&gt;","42966859825274486","","","","","",""
"a2J4S0000008REWUA2","0054S000000Ms6RQAS","","LifeCycle.KO_Narrative","2020-06-02T17:59:20.000Z","0054S000000Ms6RQAS","2020-06-02T17:59:20.000Z","0054S000000Ms6RQAS","","","","","","","","","","","nFORCE__ko_narrative_app","","","","nFORCE__ko_narrative_viewModel","nFORCE__screen_models","","","","","","","","","","","Knockout","&lt;div data-bind=&quot;template: { name: &#39;narrative-template&#39; }&quot;&gt;&lt;/div&gt;","42590622646882173","","","","","",""
"a2J4S0000008REXUA2","0054S000000Ms6RQAS","","LifeCycle.KO_Narrative","2020-06-02T17:59:20.000Z","0054S000000Ms6RQAS","2020-06-02T17:59:20.000Z","0054S000000Ms6RQAS","","","","","","","","","","","nFORCE__ko_narrative_app","","","","nFORCE__ko_narrative_viewModel","nFORCE__screen_models","","","","","","","","","","","Knockout","&lt;div data-bind=&quot;template: { name: &#39;narrative-template&#39; }&quot;&gt;&lt;/div&gt;","42047069549145718","","","","","",""
"a2J4S0000008REYUA2","0054S000000Ms6RQAS","","LifeCycle.KO_Narrative","2020-06-02T17:59:20.000Z","0054S000000Ms6RQAS","2020-06-02T17:59:20.000Z","0054S000000Ms6RQAS","","","","","","","","","","","nFORCE__ko_narrative_app","","","","nFORCE__ko_narrative_viewModel","nFORCE__screen_models","","","","","","","","","","","Knockout","&lt;div data-bind=&quot;template: { name: &#39;narrative-template&#39; }&quot;&gt;&lt;/div&gt;","42625975377415866","","","","","",""
"a2J4S0000008REZUA2","0054S000000Ms6RQAS","","LifeCycle.KO_Narrative","2020-06-02T17:59:20.000Z","0054S000000Ms6RQAS","2020-06-02T17:59:20.000Z","0054S000000Ms6RQAS","","","","","","","","","","","nFORCE__ko_narrative_app","","","","nFORCE__ko_narrative_viewModel","nFORCE__screen_models","","","","","","","","","","","Knockout","&lt;div data-bind=&quot;template: { name: &#39;narrative-template&#39; }&quot;&gt;&lt;/div&gt;","42115208461604074","","","","","",""
"a2J4S0000008REaUAM","0054S000000Ms6RQAS","","LifeCycle.KO_Narrative","2020-06-02T17:59:20.000Z","0054S000000Ms6RQAS","2020-06-02T17:59:20.000Z","0054S000000Ms6RQAS","","","","","","","","","","","nFORCE__ko_narrative_app","","","","nFORCE__ko_narrative_viewModel","nFORCE__screen_models","","","","","","","","","","","Knockout","&lt;div data-bind=&quot;template: { name: &#39;narrative-template&#39; }&quot;&gt;&lt;/div&gt;","42107394870337440","","","","","",""
"a2J4S0000008REbUAM","0054S000000Ms6RQAS","","LifeCycle.KO_Narrative","2020-06-02T17:59:20.000Z","0054S000000Ms6RQAS","2020-06-02T17:59:20.000Z","0054S000000Ms6RQAS","","","","","","","","","","","nFORCE__ko_narrative_app","","","","nFORCE__ko_narrative_viewModel","nFORCE__screen_models","","","","","","","","","","","Knockout","&lt;div data-bind=&quot;template: { name: &#39;narrative-template&#39; }&quot;&gt;&lt;/div&gt;","42624925125987421","","","","","",""
"a2J4S0000008REcUAM","0054S000000Ms6RQAS","","LifeCycle.KO_Narrative","2020-06-02T17:59:20.000Z","0054S000000Ms6RQAS","2020-06-02T17:59:20.000Z","0054S000000Ms6RQAS","","","","","","","","","","","nFORCE__ko_narrative_app","","","","nFORCE__ko_narrative_viewModel","nFORCE__screen_models","","","","","","","","","","","Knockout","&lt;div data-bind=&quot;template: { name: &#39;narrative-template&#39; }&quot;&gt;&lt;/div&gt;","42446777613907675","","","","","",""
"a2J4S0000008REdUAM","0054S000000Ms6RQAS","","LifeCycle.KO_Narrative","2020-06-02T17:59:20.000Z","0054S000000Ms6RQAS","2020-06-02T17:59:20.000Z","0054S000000Ms6RQAS","","","","","","","","","","","nFORCE__ko_narrative_app","","","","nFORCE__ko_narrative_viewModel","nFORCE__screen_models","","","","","","","","","","","Knockout","&lt;div data-bind=&quot;template: { name: &#39;narrative-template&#39; }&quot;&gt;&lt;/div&gt;","42428539319662132","","","","","",""
"a2J4S0000008REeUAM","0054S000000Ms6RQAS","","LifeCycle.KO_Narrative","2020-06-02T17:59:20.000Z","0054S000000Ms6RQAS","2020-06-02T17:59:20.000Z","0054S000000Ms6RQAS","","","","","","","","","","","nFORCE__ko_narrative_app","","","","nFORCE__ko_narrative_viewModel","nFORCE__screen_models","","","","","","","","","","","Knockout","&lt;div data-bind=&quot;template: { name: &#39;narrative-template&#39; }&quot;&gt;&lt;/div&gt;","42537476117743438","","","","","",""
"a2J4S0000008REfUAM","0054S000000Ms6RQAS","","LifeCycle.KO_Narrative","2020-06-02T17:59:20.000Z","0054S000000Ms6RQAS","2020-06-02T17:59:20.000Z","0054S000000Ms6RQAS","","","","","","","","","","","nFORCE__ko_narrative_app","","","","nFORCE__ko_narrative_viewModel","nFORCE__screen_models","","","","","","","","","","","Knockout","&lt;div data-bind=&quot;template: { name: &#39;narrative-template&#39; }&quot;&gt;&lt;/div&gt;","42050958183119559","","","","","",""
"a2J4S0000008REgUAM","0054S000000Ms6RQAS","","LifeCycle.KO_Narrative","2020-06-02T17:59:20.000Z","0054S000000Ms6RQAS","2020-06-02T17:59:20.000Z","0054S000000Ms6RQAS","","","","","","","","","","","nFORCE__ko_narrative_app","","","","nFORCE__ko_narrative_viewModel","nFORCE__screen_models","","","","","","","","","","","Knockout","&lt;div data-bind=&quot;template: { name: &#39;narrative-template&#39; }&quot;&gt;&lt;/div&gt;","42258998344232128","","","","","",""
"a2J4S0000008REhUAM","0054S000000Ms6RQAS","","LifeCycle.KO_Narrative","2020-06-02T17:59:20.000Z","0054S000000Ms6RQAS","2020-06-02T17:59:20.000Z","0054S000000Ms6RQAS","","","","","","","","","","","nFORCE__ko_narrative_app","","","","nFORCE__ko_narrative_viewModel","nFORCE__screen_models","","","","","","","","","","","Knockout","&lt;div data-bind=&quot;template: { name: &#39;narrative-template&#39; }&quot;&gt;&lt;/div&gt;","42106740097263942","","","","","",""
"a2J4S0000008REiUAM","0054S000000Ms6RQAS","","LifeCycle.KO_Narrative","2020-06-02T17:59:20.000Z","0054S000000Ms6RQAS","2020-06-02T17:59:20.000Z","0054S000000Ms6RQAS","","","","","","","","","","","nFORCE__ko_narrative_app","","","","nFORCE__ko_narrative_viewModel","nFORCE__screen_models","","","","","","","","","","","Knockout","&lt;div data-bind=&quot;template: { name: &#39;narrative-template&#39; }&quot;&gt;&lt;/div&gt;","42087857961812542","","","","","",""
"a2J4S0000008REjUAM","0054S000000Ms6RQAS","","LifeCycle.KO_Narrative","2020-06-02T17:59:20.000Z","0054S000000Ms6RQAS","2020-06-02T17:59:20.000Z","0054S000000Ms6RQAS","","","","","","","","","","","nFORCE__ko_narrative_app","","","","nFORCE__ko_narrative_viewModel","nFORCE__screen_models","","","","","","","","","","","Knockout","&lt;div data-bind=&quot;template: { name: &#39;narrative-template&#39; }&quot;&gt;&lt;/div&gt;","42006302856308995","","","","","",""
"a2J4S0000008REkUAM","0054S000000Ms6RQAS","","LifeCycle.KO_Narrative","2020-06-02T17:59:20.000Z","0054S000000Ms6RQAS","2020-06-02T17:59:20.000Z","0054S000000Ms6RQAS","","","","","","","","","","","nFORCE__ko_narrative_app","","","","nFORCE__ko_narrative_viewModel","nFORCE__screen_models","","","","","","","","","","","Knockout","&lt;div data-bind=&quot;template: { name: &#39;narrative-template&#39; }&quot;&gt;&lt;/div&gt;","42659380279524921","","","","","",""
"a2J4S0000008RElUAM","0054S000000Ms6RQAS","","LifeCycle.KO_Narrative","2020-06-02T17:59:20.000Z","0054S000000Ms6RQAS","2020-06-02T17:59:20.000Z","0054S000000Ms6RQAS","","","","","","","","","","","nFORCE__ko_narrative_app","","","","nFORCE__ko_narrative_viewModel","nFORCE__screen_models","","","","","","","","","","","Knockout","&lt;div data-bind=&quot;template: { name: &#39;narrative-template&#39; }&quot;&gt;&lt;/div&gt;","42638947403767885","","","","","",""
"a2J4S0000008REmUAM","0054S000000Ms6RQAS","","LifeCycle.KO_Narrative","2020-06-02T17:59:20.000Z","0054S000000Ms6RQAS","2020-06-02T17:59:20.000Z","0054S000000Ms6RQAS","","","","","","","","","","","nFORCE__ko_narrative_app","","","","nFORCE__ko_narrative_viewModel","nFORCE__screen_models","","","","","","","","","","","Knockout","&lt;div data-bind=&quot;template: { name: &#39;narrative-template&#39; }&quot;&gt;&lt;/div&gt;","42028050319989754","","","","","",""
"a2J4S0000008REnUAM","0054S000000Ms6RQAS","","LifeCycle.KO_Narrative","2020-06-02T17:59:20.000Z","0054S000000Ms6RQAS","2020-06-02T17:59:20.000Z","0054S000000Ms6RQAS","","","","","","","","","","","nFORCE__ko_narrative_app","","","","nFORCE__ko_narrative_viewModel","nFORCE__screen_models","","","","","","","","","","","Knockout","&lt;div data-bind=&quot;template: { name: &#39;narrative-template&#39; }&quot;&gt;&lt;/div&gt;","42640414248691339","","","","","",""
"a2J4S0000008REoUAM","0054S000000Ms6RQAS","","LifeCycle.KO_Narrative","2020-06-02T17:59:20.000Z","0054S000000Ms6RQAS","2020-06-02T17:59:20.000Z","0054S000000Ms6RQAS","","","","","","","","","","","nFORCE__ko_narrative_app","","","","nFORCE__ko_narrative_viewModel","nFORCE__screen_models","","","","","","","","","","","Knockout","&lt;div data-bind=&quot;template: { name: &#39;narrative-template&#39; }&quot;&gt;&lt;/div&gt;","42604293467915318","","","","","",""
"a2J4S0000008REpUAM","0054S000000Ms6RQAS","","LifeCycle.KO_Narrative","2020-06-02T17:59:20.000Z","0054S000000Ms6RQAS","2020-06-02T17:59:20.000Z","0054S000000Ms6RQAS","","","","","","","","","","","nFORCE__ko_narrative_app","","","","nFORCE__ko_narrative_viewModel","nFORCE__screen_models","","","","","","","","","","","Knockout","&lt;div data-bind=&quot;template: { name: &#39;narrative-template&#39; }&quot;&gt;&lt;/div&gt;","42126175228763952","","","","","",""
"a2J4S0000008REqUAM","0054S000000Ms6RQAS","","LifeCycle.KO_Narrative","2020-06-02T17:59:20.000Z","0054S000000Ms6RQAS","2020-06-02T17:59:20.000Z","0054S000000Ms6RQAS","","","","","","","","","","","nFORCE__ko_narrative_app","","","","nFORCE__ko_narrative_viewModel","nFORCE__screen_models","","","","","","","","","","","Knockout","&lt;div data-bind=&quot;template: { name: &#39;narrative-template&#39; }&quot;&gt;&lt;/div&gt;","42267756694683589","","","","","",""
"a2J4S0000008RErUAM","0054S000000Ms6RQAS","","LifeCycle.KO_Narrative","2020-06-02T17:59:20.000Z","0054S000000Ms6RQAS","2020-06-02T17:59:20.000Z","0054S000000Ms6RQAS","","","","","","","","","","","nFORCE__ko_narrative_app","","","","nFORCE__ko_narrative_viewModel","nFORCE__screen_models","","","","","","","","","","","Knockout","&lt;div data-bind=&quot;template: { name: &#39;narrative-template&#39; }&quot;&gt;&lt;/div&gt;","42453330692275539","","","","","",""
"a2J4S0000008REsUAM","0054S000000Ms6RQAS","","LifeCycle.KO_Narrative","2020-06-02T17:59:20.000Z","0054S000000Ms6RQAS","2020-06-02T17:59:20.000Z","0054S000000Ms6RQAS","","","","","","","","","","","nFORCE__ko_narrative_app","","","","nFORCE__ko_narrative_viewModel","nFORCE__screen_models","","","","","","","","","","","Knockout","&lt;div data-bind=&quot;template: { name: &#39;narrative-template&#39; }&quot;&gt;&lt;/div&gt;","42003401524821863","","","","","",""
"a2J4S0000008REtUAM","0054S000000Ms6RQAS","","LifeCycle.KO_Narrative","2020-06-02T17:59:20.000Z","0054S000000Ms6RQAS","2020-06-02T17:59:20.000Z","0054S000000Ms6RQAS","","","","","","","","","","","nFORCE__ko_narrative_app","","","","nFORCE__ko_narrative_viewModel","nFORCE__screen_models","","","","","","","","","","","Knockout","&lt;div data-bind=&quot;template: { name: &#39;narrative-template&#39; }&quot;&gt;&lt;/div&gt;","42798022555786111","","","","","",""
"a2J4S0000008REuUAM","0054S000000Ms6RQAS","","LifeCycle.KO_Narrative","2020-06-02T17:59:20.000Z","0054S000000Ms6RQAS","2020-06-02T17:59:20.000Z","0054S000000Ms6RQAS","","","","","","","","","","","nFORCE__ko_narrative_app","","","","nFORCE__ko_narrative_viewModel","nFORCE__screen_models","","","","","","","","","","","Knockout","&lt;div data-bind=&quot;template: { name: &#39;narrative-template&#39; }&quot;&gt;&lt;/div&gt;","42582436153525922","","","","","",""
"a2J4S0000008REvUAM","0054S000000Ms6RQAS","","LifeCycle.KO_Narrative","2020-06-02T17:59:20.000Z","0054S000000Ms6RQAS","2020-06-02T17:59:20.000Z","0054S000000Ms6RQAS","","","","","","","","","","","nFORCE__ko_narrative_app","","","","nFORCE__ko_narrative_viewModel","nFORCE__screen_models","","","","","","","","","","","Knockout","&lt;div data-bind=&quot;template: { name: &#39;narrative-template&#39; }&quot;&gt;&lt;/div&gt;","42150247859615980","","","","","",""
"a2J4S0000008REwUAM","0054S000000Ms6RQAS","","LifeCycle.KO_Narrative","2020-06-02T17:59:20.000Z","0054S000000Ms6RQAS","2020-06-02T17:59:20.000Z","0054S000000Ms6RQAS","","","","","","","","","","","nFORCE__ko_narrative_app","","","","nFORCE__ko_narrative_viewModel","nFORCE__screen_models","","","","","","","","","","","Knockout","&lt;div data-bind=&quot;template: { name: &#39;narrative-template&#39; }&quot;&gt;&lt;/div&gt;","42268457478773307","","","","","",""
"a2J4S0000008RExUAM","0054S000000Ms6RQAS","","LifeCycle.KO_Narrative","2020-06-02T17:59:20.000Z","0054S000000Ms6RQAS","2020-06-02T17:59:20.000Z","0054S000000Ms6RQAS","","","","","","","","","","","nFORCE__ko_narrative_app","","","","nFORCE__ko_narrative_viewModel","nFORCE__screen_models","","","","","","","","","","","Knockout","&lt;div data-bind=&quot;template: { name: &#39;narrative-template&#39; }&quot;&gt;&lt;/div&gt;","42772707293881423","","","","","",""
