"Id","IsDeleted","Name","CreatedDate","CreatedById","LastModifiedDate","LastModifiedById","SystemModstamp","nFORCE__Screen_Section__c","nFORCE__Display_Order__c","nFORCE__Field_Set_Key__c","nFORCE__Layout__c","nFORCE__Parent_Configuration__c","nFORCE__Parent_Relationship_Name__c","nFORCE__Section_Header__c","nFORCE__lookupKey__c","nFORCE__sObject_Type__c","nFORCE__Filter_Criteria__c","nFORCE__Limit__c","nFORCE__Offset_By_Limit__c","nFORCE__Sort_Criteria__c","nFORCE__Unique__c"
"a2H4S0000006vzlUAA","","SC-000011604","2020-10-05T22:09:29.000Z","0054S000000Ms6RQAS","2021-01-14T21:03:27.000Z","0054S000000Ms6RQAS","","a2F4S0000008ocZUAQ","1.01","IBCL_Consumer_Next_Steps","a2C4S0000008bHOUAY","","","","42887641968948669","LLC_BI__Loan__c","","0.0","false","","false"
"a2H4S0000006vzqUAA","","SC-000011605","2020-10-05T22:23:24.000Z","0054S000000Ms6RQAS","2021-01-14T21:02:49.000Z","0054S000000Ms6RQAS","","a2F4S0000008ocoUAA","1.01","IBCL_Consumer_Manual_Underwriting","a2C4S0000008bHTUAY","","","","42581334556606223","LLC_BI__Loan__c","","0.0","false","","false"
"a2H4S0000006vzvUAA","","SC-000011606","2020-10-05T22:36:39.000Z","0054S000000Ms6RQAS","2021-01-14T21:00:14.000Z","0054S000000Ms6RQAS","","a2F4S0000008octUAA","1.01","IBCL_Exposure_Details","a2C4S0000008bHYUAY","","","","42270983953981763","LLC_BI__Loan__c","","0.0","false","","false"
"a2H4S0000006w00UAA","","SC-000011607","2020-10-06T01:41:35.000Z","0054S000000Ms6RQAS","2020-10-06T01:41:35.000Z","0054S000000Ms6RQAS","","a2F4S0000008od8UAA","1.01","","a2C4S0000008bHdUAI","","","","42333554276862423","LLC_BI__Loan__c","","0.0","false","","false"
"a2H4S0000006w01UAA","","SC-000011608","2020-10-06T01:41:35.000Z","0054S000000Ms6RQAS","2021-01-14T21:53:10.000Z","0054S000000Ms6RQAS","","a2F4S0000008od8UAA","2.02","IBCL_RetailLoan_Scorecard_Details","a2C4S0000008bHeUAI","a2H4S0000006w00UAA","LLC_BI__Legal_Entities__r","","42158231132120436","LLC_BI__Legal_Entities__c","","0.0","false","","false"
"a2H4S0000006w0AUAQ","","SC-000011610","2020-10-06T01:48:15.000Z","0054S000000Ms6RQAS","2020-10-07T22:55:30.000Z","0054S000000Ms6RQAS","","a2F4S0000008odIUAQ","1.01","","a2C4S0000008bHnUAI","","","","42610001746170186","LLC_BI__Loan__c","","0.0","false","","false"
"a2H4S0000006w0BUAQ","","SC-000011611","2020-10-06T01:48:15.000Z","0054S000000Ms6RQAS","2021-01-14T21:53:37.000Z","0054S000000Ms6RQAS","","a2F4S0000008odIUAQ","2.02","IBCL_Scorecard_FieldSet","a2C4S0000008bHoUAI","a2H4S0000006w0AUAQ","LLC_BI__Scorecards__r","","42052914601107697","LLC_BI__Scorecard__c","","0.0","false","","false"
"a2H4S0000006w0FUAQ","","SC-000011612","2020-10-07T13:35:22.000Z","0054S000000Ms6RQAS","2020-10-07T13:35:22.000Z","0054S000000Ms6RQAS","","a2F4S0000008oiPUAQ","1.01","NPORTAL__Secured_RL_Eligibility_Loan","","","","","42148373097069519","LLC_BI__Loan__c","","","false","","false"
"a2H4S0000006w0GUAQ","","SC-000011613","2020-10-07T13:35:22.000Z","0054S000000Ms6RQAS","2020-10-07T13:35:22.000Z","0054S000000Ms6RQAS","","a2F4S0000008oiQUAQ","1.01","NPORTAL__RL_Personal_SSN","","","","","42526478573942082","Contact","","","false","","false"
"a2H4S0000006w0HUAQ","","SC-000011614","2020-10-07T13:35:22.000Z","0054S000000Ms6RQAS","2020-10-07T13:35:22.000Z","0054S000000Ms6RQAS","","a2F4S0000008oiRUAQ","1.01","NPORTAL__RL_Personal_Contact","","","","","42076016261199849","Contact","","","false","","false"
"a2H4S0000006w0IUAQ","","SC-000011615","2020-10-07T13:35:22.000Z","0054S000000Ms6RQAS","2020-10-07T13:35:22.000Z","0054S000000Ms6RQAS","","a2F4S0000008oiSUAQ","1.01","NPORTAL__Secured_RL_Personal_SSN_Other","","","","","42547917846929425","Contact","","","false","","false"
"a2H4S0000006w0JUAQ","","SC-000011616","2020-10-07T13:35:22.000Z","0054S000000Ms6RQAS","2020-10-07T13:35:22.000Z","0054S000000Ms6RQAS","","a2F4S0000008oiTUAQ","1.01","NPORTAL__Secured_RL_Personal_Contact_Other","","","","","42192976903275064","Contact","","","false","","false"
"a2H4S0000006w0KUAQ","","SC-000011617","2020-10-07T13:44:11.000Z","0054S000000Ms6RQAS","2020-10-07T13:44:11.000Z","0054S000000Ms6RQAS","","a2F4S0000008oiUUAQ","1.01","NPORTAL__Secured_RL_Eligibility_Loan","","","","","01671602078251889","LLC_BI__Loan__c","","","false","","false"
"a2H4S0000006w0LUAQ","","SC-000011618","2020-10-07T13:44:11.000Z","0054S000000Ms6RQAS","2020-10-07T13:44:11.000Z","0054S000000Ms6RQAS","","a2F4S0000008oiVUAQ","1.01","NPORTAL__RL_Personal_SSN","","","","","08021602078251892","Contact","","","false","","false"
"a2H4S0000006w0MUAQ","","SC-000011619","2020-10-07T13:44:11.000Z","0054S000000Ms6RQAS","2020-10-07T13:44:11.000Z","0054S000000Ms6RQAS","","a2F4S0000008oiWUAQ","1.01","NPORTAL__RL_Personal_Contact","","","","","83581602078251893","Contact","","","false","","false"
"a2H4S0000006w0PUAQ","","SC-000011620","2020-10-08T14:02:25.000Z","0054S000000Ms6RQAS","2021-01-14T20:58:29.000Z","0054S000000Ms6RQAS","","a2F4S0000008ocyUAA","1.01","IBCL_Approver_1_Details","a2C4S0000008bI7UAI","","","","42677885348978806","LLC_BI__Loan__c","","0.0","false","","false"
"a2H4S0000006w0UUAQ","","SC-000011621","2020-10-08T14:03:03.000Z","0054S000000Ms6RQAS","2021-01-14T20:59:05.000Z","0054S000000Ms6RQAS","","a2F4S0000008ocuUAA","1.01","IBCL_Approver_2_Details","a2C4S0000008bICUAY","","","","42380857274292489","LLC_BI__Loan__c","","0.0","false","","false"
"a2H4S0000006w0ZUAQ","","SC-000011622","2020-10-08T15:13:30.000Z","0054S000000Ms6RQAS","2021-01-14T20:44:01.000Z","0054S000000Ms6RQAS","","a2F4S0000008omCUAQ","1.01","OACL_Income","","","","","5983785930413820583421","LLC_BI__Income__c","","","false","","false"
"a2H4S0000006w5vUAA","","SC-000011624","2020-10-12T20:49:00.000Z","0054S000000Ms6RQAS","2021-01-19T15:02:58.000Z","0054S000000Ms6RQAS","","a2F4S0000008ouxUAA","1.01","OA_Personal_Contact_Information_Individ","a2C4S0000008belUAA","","","","4246481275824865753486","Contact","","0.0","false","","false"
"a2H4S0000006w60UAA","","SC-000011625","2020-10-13T14:25:33.000Z","0054S000000Ms6RQAS","2020-10-13T14:25:51.000Z","0054S000000Ms6RQAS","","a2F4S0000008owHUAQ","1.01","OA_Mailing_Address_Fields","","","","","a2H4S0000006w60UAA","Contact","","","false","","false"
"a2H4S0000006w65UAA","","SC-000011626","2020-10-13T14:27:18.000Z","0054S000000Ms6RQAS","2020-10-13T16:01:02.000Z","0054S000000Ms6RQAS","","a2F4S0000008owMUAQ","1.01","OA_Primary_ID_Details","","","","","a2H4S0000006w65UAA","Contact","","0.0","false","","false"
"a2H4S0000006w6AUAQ","","SC-000011627","2020-10-13T15:30:21.000Z","0054S000000Ms6RQAS","2020-10-19T15:10:41.000Z","0054S000000Ms6RQAS","","a2F4S0000008owlUAA","1.01","OA_Personal_Contact_Information_Individ","a2C4S0000008bTWUAY","","","","65281602603021544","Contact","","0.0","false","","false"
"a2H4S0000006w6BUAQ","","SC-000011628","2020-10-13T15:30:21.000Z","0054S000000Ms6RQAS","2020-10-19T15:09:53.000Z","0054S000000Ms6RQAS","","a2F4S0000008owmUAA","1.01","OA_Mailing_Address_Fields","a2C4S0000008bTRUAY","","","","93031602603021545","Contact","","0.0","false","","false"
"a2H4S0000006wBMUAY","","SC-000011629","2020-10-13T20:25:51.000Z","0054S000000Ms6RQAS","2021-01-14T21:42:47.000Z","0054S000000Ms6RQAS","","a2F4S0000008oxpUAA","1.01","OACL_Add_Debt_Rental_Expense","a2C4S0000008bSVUAY","","","","42927701921127860","LLC_BI__Debt__c","","0.0","false","","false"
"a2H4S0000006wBWUAY","","SC-000011630","2020-10-15T12:23:52.000Z","0054S000000Ms6RQAS","2020-10-15T12:23:53.000Z","0054S000000Ms6RQAS","","a2F4S0000008p3UUAQ","0.0","nRetail__Applicant_Schedule","","","","Applicants","93831602764632527","LLC_BI__Legal_Entities__c","","","false","","false"
"a2H4S0000006wBXUAY","","SC-000011631","2020-10-15T12:23:52.000Z","0054S000000Ms6RQAS","2020-10-15T12:23:53.000Z","0054S000000Ms6RQAS","","a2F4S0000008p3VUAQ","0.0","nRetail__Application_Details","","","","Application Details","87711602764632527","LLC_BI__Loan__c","","","false","","false"
"a2H4S0000006wBYUAY","","SC-000011632","2020-10-15T12:23:52.000Z","0054S000000Ms6RQAS","2021-01-14T20:11:21.000Z","0054S000000Ms6RQAS","","a2F4S0000008p3WUAQ","0.0","IBCL_Applicant_Details","a2C4S0000008bScUAI","","","Employer Info","38971602764632527","Contact","","0.0","false","","false"
"a2H4S0000006wBZUAY","","SC-000011633","2020-10-15T12:23:52.000Z","0054S000000Ms6RQAS","2020-10-15T12:23:53.000Z","0054S000000Ms6RQAS","","a2F4S0000008p3XUAQ","0.0","","","","","Previous Address","98051602764632528","Contact","","","false","","false"
"a2H4S0000006wBaUAI","","SC-000011634","2020-10-15T12:23:52.000Z","0054S000000Ms6RQAS","2020-10-15T12:23:53.000Z","0054S000000Ms6RQAS","","a2F4S0000008p3XUAQ","10.0","nRETAIL__Other_Address","","a2H4S0000006wBZUAY","LLC_BI__Addresses__r","","68381602764632528","LLC_BI__Address__c","","","false","","false"
"a2H4S0000006wBbUAI","","SC-000011635","2020-10-15T12:23:52.000Z","0054S000000Ms6RQAS","2020-10-15T12:23:53.000Z","0054S000000Ms6RQAS","","a2F4S0000008p3YUAQ","0.0","LLC_BI__UI_Collateral_Summary","","","","Collateral Summary","36521602764632528","LLC_BI__Loan__c","","","false","","false"
"a2H4S0000006wBcUAI","","SC-000011636","2020-10-15T12:23:52.000Z","0054S000000Ms6RQAS","2020-10-15T12:23:53.000Z","0054S000000Ms6RQAS","","a2F4S0000008p3ZUAQ","0.0","LLC_BI__UI_Collateral_Record_Schedule","","","","UI Collateral Record Schedule","94291602764632529","LLC_BI__Loan_Collateral2__c","","","false","","false"
"a2H4S0000006wBdUAI","","SC-000011637","2020-10-15T12:23:52.000Z","0054S000000Ms6RQAS","2020-10-15T12:23:53.000Z","0054S000000Ms6RQAS","","a2F4S0000008p3aUAA","0.0","LLC_BI__UI_Related_Collateral_Pledge_Schedule","","","","UI Related Pledged Collateral Schedule","43631602764632529","LLC_BI__Loan_Collateral2__c","","","false","","false"
"a2H4S0000006wBeUAI","","SC-000011638","2020-10-15T12:23:52.000Z","0054S000000Ms6RQAS","2020-10-15T12:23:53.000Z","0054S000000Ms6RQAS","","a2F4S0000008p3bUAA","0.0","Manage_Fees_Enhanced","","","","Enhanced Fees Management","52371602764632529","LLC_BI__Loan__c","","","false","","false"
"a2H4S0000006wBfUAI","","SC-000011639","2020-10-15T12:23:52.000Z","0054S000000Ms6RQAS","2020-10-15T12:23:53.000Z","0054S000000Ms6RQAS","","a2F4S0000008p3bUAA","10.0","LLC_BI__Manage_Fees_List_Enhanced","","a2H4S0000006wBeUAI","LLC_BI__Fees__r","","26681602764632529","LLC_BI__Fee__c","","","false","","false"
"a2H4S0000006wBgUAI","","SC-000011640","2020-10-15T12:23:52.000Z","0054S000000Ms6RQAS","2020-10-15T12:23:53.000Z","0054S000000Ms6RQAS","","a2F4S0000008p3cUAA","0.0","LLC_BI__Add_Non_Standard_Fee","","","","Add Non Standard Fee","69441602764632530","LLC_BI__Fee__c","","","false","","false"
"a2H4S0000006wBhUAI","","SC-000011641","2020-10-15T12:23:52.000Z","0054S000000Ms6RQAS","2020-10-15T12:23:53.000Z","0054S000000Ms6RQAS","","a2F4S0000008p3dUAA","0.0","LLC_BI__Enhanced_Fee_Loan_Aggregate_Summary","","","","","85491602764632530","LLC_BI__Fee_Loan_Aggregate__c","","","false","","false"
"a2H4S0000006wBiUAI","","SC-000011642","2020-10-15T12:23:52.000Z","0054S000000Ms6RQAS","2020-10-15T12:23:53.000Z","0054S000000Ms6RQAS","","a2F4S0000008p3eUAA","0.0","","","","","Third Party Management","33781602764632530","LLC_BI__Loan__c","","","false","","false"
"a2H4S0000006wBjUAI","","SC-000011643","2020-10-15T12:23:52.000Z","0054S000000Ms6RQAS","2020-10-15T12:23:53.000Z","0054S000000Ms6RQAS","","a2F4S0000008p3eUAA","10.0","nRetail__Third_Party_Related_List","","a2H4S0000006wBiUAI","LLC_BI__Service_Mgmt__r","","63041602764632531","LLC_BI__Service_Mgmt__c","","","false","","false"
"a2H4S0000006wBkUAI","","SC-000011644","2020-10-15T12:23:52.000Z","0054S000000Ms6RQAS","2021-01-14T21:50:50.000Z","0054S000000Ms6RQAS","","a2F4S0000008p3fUAA","0.0","IBCL_Debt_Schedule","","","","Debt Schedule","38901602764632531","LLC_BI__Debt__c","","","false","","false"
"a2H4S0000006wBlUAI","","SC-000011645","2020-10-15T12:23:52.000Z","0054S000000Ms6RQAS","2020-10-15T12:23:53.000Z","0054S000000Ms6RQAS","","a2F4S0000008p3gUAA","0.0","nRetail__Asset_Schedule","","","","Asset Schedule","09511602764632531","nRetail__Asset__c","","","false","","false"
"a2H4S0000006wBmUAI","","SC-000011646","2020-10-15T12:23:52.000Z","0054S000000Ms6RQAS","2020-10-15T12:23:53.000Z","0054S000000Ms6RQAS","","a2F4S0000008p3hUAA","0.0","LLC_BI__Income_Schedule","","","","Income Schedule","01261602764632532","LLC_BI__Income__c","","","false","","false"
"a2H4S0000006wBnUAI","","SC-000011647","2020-10-15T12:23:52.000Z","0054S000000Ms6RQAS","2021-01-14T21:51:30.000Z","0054S000000Ms6RQAS","","a2F4S0000008p3iUAA","0.0","IBCL_Add_Debt","","","","Add Debt","65431602764632532","LLC_BI__Debt__c","","","false","","false"
"a2H4S0000006wBoUAI","","SC-000011648","2020-10-15T12:23:52.000Z","0054S000000Ms6RQAS","2020-10-15T12:23:53.000Z","0054S000000Ms6RQAS","","a2F4S0000008p3jUAA","0.0","nRetail__Add_Asset","","","","Add Asset","59971602764632532","nRetail__Asset__c","","","false","","false"
"a2H4S0000006wBpUAI","","SC-000011649","2020-10-15T12:23:52.000Z","0054S000000Ms6RQAS","2020-10-15T12:23:53.000Z","0054S000000Ms6RQAS","","a2F4S0000008p3kUAA","0.0","LLC_BI__Add_Income","","","","Add Income","82351602764632533","LLC_BI__Income__c","","","false","","false"
"a2H4S0000006wBqUAI","","SC-000011650","2020-10-15T12:23:52.000Z","0054S000000Ms6RQAS","2020-10-15T12:23:53.000Z","0054S000000Ms6RQAS","","a2F4S0000008p3lUAA","0.0","nRetail__Underwriting_Overview","","","","Underwriting_Overview","47621602764632533","LLC_BI__Loan__c","","","false","","false"
"a2H4S0000006wBrUAI","","SC-000011651","2020-10-15T12:23:52.000Z","0054S000000Ms6RQAS","2020-10-15T12:23:53.000Z","0054S000000Ms6RQAS","","a2F4S0000008p3mUAA","0.0","nRetail__Decision_Overview","","","","Decision_Overview","99061602764632533","LLC_BI__Loan__c","","","false","","false"
"a2H4S0000006wBsUAI","","SC-000011652","2020-10-15T12:23:52.000Z","0054S000000Ms6RQAS","2020-10-15T12:23:53.000Z","0054S000000Ms6RQAS","","a2F4S0000008p3nUAA","0.0","","","","","HMDA","15181602764632533","LLC_BI__Loan__c","","","false","","false"
"a2H4S0000006wBtUAI","","SC-000011653","2020-10-15T12:23:52.000Z","0054S000000Ms6RQAS","2020-10-15T12:23:53.000Z","0054S000000Ms6RQAS","","a2F4S0000008p3nUAA","10.0","LLC_BI__UI_HMDA_Demographic_Questions","","a2H4S0000006wBsUAI","LLC_BI__Legal_Entities__r","","76141602764632534","LLC_BI__Legal_Entities__c","","","false","","false"
"a2H4S0000006wBuUAI","","SC-000011654","2020-10-15T12:23:52.000Z","0054S000000Ms6RQAS","2020-10-15T12:56:56.000Z","0054S000000Ms6RQAS","","a2F4S0000008p3oUAA","1.01","","a2C4S0000008bSaUAI","","","","00001602764632534","LLC_BI__Loan__c","","0.0","false","","false"
"a2H4S0000006wBvUAI","","SC-000011655","2020-10-15T12:23:52.000Z","0054S000000Ms6RQAS","2021-01-14T21:51:44.000Z","0054S000000Ms6RQAS","","a2F4S0000008p3oUAA","2.02","IBCL_Credit_Auth_Joint_Intent","a2C4S0000008bSbUAI","a2H4S0000006wBuUAI","LLC_BI__Legal_Entities__r","","33401602764632534","LLC_BI__Legal_Entities__c","","0.0","false","","false"
"a2H4S0000006wBwUAI","","SC-000011656","2020-10-15T12:23:52.000Z","0054S000000Ms6RQAS","2021-01-14T21:03:25.000Z","0054S000000Ms6RQAS","","a2F4S0000008p3pUAA","1.01","IBCL_Consumer_Next_Steps","a2C4S0000008bSdUAI","","","","02651602764632535","LLC_BI__Loan__c","","0.0","false","","false"
"a2H4S0000006wBxUAI","","SC-000011657","2020-10-15T12:23:52.000Z","0054S000000Ms6RQAS","2021-01-14T21:02:46.000Z","0054S000000Ms6RQAS","","a2F4S0000008p3qUAA","1.01","IBCL_Consumer_Manual_Underwriting","a2C4S0000008bSeUAI","","","","37571602764632535","LLC_BI__Loan__c","","0.0","false","","false"
"a2H4S0000006wByUAI","","SC-000011658","2020-10-15T12:23:52.000Z","0054S000000Ms6RQAS","2021-01-14T21:00:12.000Z","0054S000000Ms6RQAS","","a2F4S0000008p3rUAA","1.01","IBCL_Exposure_Details","a2C4S0000008bSfUAI","","","","57651602764632535","LLC_BI__Loan__c","","0.0","false","","false"
"a2H4S0000006wBzUAI","","SC-000011659","2020-10-15T12:23:52.000Z","0054S000000Ms6RQAS","2021-01-14T20:59:03.000Z","0054S000000Ms6RQAS","","a2F4S0000008p3sUAA","1.01","IBCL_Approver_2_Details","a2C4S0000008bShUAI","","","","79001602764632535","LLC_BI__Loan__c","","0.0","false","","false"
"a2H4S0000006wC0UAI","","SC-000011660","2020-10-15T12:23:52.000Z","0054S000000Ms6RQAS","2021-01-14T20:58:58.000Z","0054S000000Ms6RQAS","","a2F4S0000008p3tUAA","1.01","IBCL_Approver_1_Details","a2C4S0000008bSgUAI","","","","90761602764632536","LLC_BI__Loan__c","","0.0","false","","false"
"a2H4S0000006wC1UAI","","SC-000011661","2020-10-15T12:39:05.000Z","0054S000000Ms6RQAS","2020-10-15T12:39:05.000Z","0054S000000Ms6RQAS","","a2F4S0000008p3uUAA","1.01","nRetail__Application_Details","a2C4S0000008bSiUAI","","","","42422425704441854","LLC_BI__Loan__c","","0.0","false","","false"
"a2H4S0000006wC6UAI","","SC-000011662","2020-10-15T12:44:20.000Z","0054S000000Ms6RQAS","2020-10-15T12:44:20.000Z","0054S000000Ms6RQAS","","a2F4S0000008p3zUAA","1.01","","a2C4S0000008bSnUAI","","","","42721001977075158","LLC_BI__Loan__c","","0.0","false","","false"
"a2H4S0000006wC7UAI","","SC-000011663","2020-10-15T12:44:20.000Z","0054S000000Ms6RQAS","2020-10-15T12:44:20.000Z","0054S000000Ms6RQAS","","a2F4S0000008p3zUAA","2.02","LLC_BI__UI_Loan_Team_Members","a2C4S0000008bSoUAI","a2H4S0000006wC6UAI","LLC_BI__Loan_Teams__r","","42618490972914607","LLC_BI__LoanTeam__c","","0.0","false","","false"
"a2H4S0000006wCBUAY","","SC-000011664","2020-10-15T12:54:54.000Z","0054S000000Ms6RQAS","2021-01-14T21:02:31.000Z","0054S000000Ms6RQAS","","a2F4S0000008p44UAA","1.01","IBCL_Consumer_Manual_Underwriting","a2C4S0000008bSsUAI","","","","42603085381998709","LLC_BI__Loan__c","","0.0","false","","false"
"a2H4S0000006wCGUAY","","SC-000011665","2020-10-15T13:53:06.000Z","0054S000000Ms6RQAS","2020-10-15T13:53:06.000Z","0054S000000Ms6RQAS","","a2F4S0000008p4JUAQ","1.01","","a2C4S0000008bSxUAI","","","","42680827785654973","LLC_BI__Loan__c","","0.0","false","","false"
"a2H4S0000006wCHUAY","","SC-000011666","2020-10-15T13:53:06.000Z","0054S000000Ms6RQAS","2021-01-14T21:55:57.000Z","0054S000000Ms6RQAS","","a2F4S0000008p4JUAQ","2.02","IBCL_Locked_Collateral","a2C4S0000008bSyUAI","a2H4S0000006wCGUAY","LLC_BI__Loan_Collateral__r","","42920025803586649","LLC_BI__Loan_Collateral2__c","","0.0","false","","false"
"a2H4S0000006wCLUAY","","SC-000011667","2020-10-15T14:12:42.000Z","0054S000000Ms6RQAS","2021-01-14T21:04:14.000Z","0054S000000Ms6RQAS","","a2F4S0000008p4OUAQ","1.01","IBCL_Retail_Editable_Details","a2C4S0000008bT7UAI","","","","42191568535069144","LLC_BI__Loan__c","","0.0","false","","false"
"a2H4S0000006wCpUAI","","SC-000011668","2020-10-19T13:45:05.000Z","0054S000000Ms6RQAS","2021-01-14T20:43:31.000Z","0054S000000Ms6RQAS","","a2F4S0000008otLUAQ","1.01","OACL_Employment_information","a2C4S0000008bTMUAY","","","","42123034747244009","LLC_BI__Income__c","","0.0","false","","false"
"a2H4S0000006wCuUAI","","SC-000011669","2020-10-19T15:13:17.000Z","0054S000000Ms6RQAS","2020-10-19T15:13:17.000Z","0054S000000Ms6RQAS","","a2F4S0000008pFuUAI","1.01","OA_Primary_ID_Details","a2C4S0000008bTbUAI","","","","42525740740303463","Contact","","0.0","false","","false"
"a2H4S0000006wCzUAI","","SC-000011670","2020-10-19T17:51:37.000Z","0054S000000Ms6RQAS","2021-01-15T21:20:22.000Z","0054S000000Ms6RQAS","","a2F4S0000008pGiUAI","1.01","nPortal__Secured_RL_Eligibility_Loan","a2C4S0000008bebUAA","","","","50331603129897405","LLC_BI__Loan__c","","0.0","false","","false"
"a2H4S0000006wD9UAI","","SC-000011672","2020-10-19T20:34:40.000Z","0054S000000Ms6RQAS","2021-01-14T20:55:26.000Z","0054S000000Ms6RQAS","","a2F4S0000008p6oUAA","1.01","OACL_Titled_Collateral_Details","a2C4S0000008bTlUAI","","","","42488915061969871","LLC_BI__Collateral__c","","0.0","false","","false"
"a2H4S0000006wDEUAY","","SC-000011673","2020-10-19T20:44:24.000Z","0054S000000Ms6RQAS","2021-01-14T21:42:44.000Z","0054S000000Ms6RQAS","","a2F4S0000008pH2UAI","1.01","OACL_Add_Debt_Rental_Expense","a2C4S0000008bTqUAI","","","","42298192361893530","LLC_BI__Debt__c","","0.0","false","","false"
"a2H4S0000006wDJUAY","","SC-000011674","2020-10-20T19:33:24.000Z","0054S000000Ms6RQAS","2020-10-20T19:33:24.000Z","0054S000000Ms6RQAS","","a2F4S0000008pKfUAI","1.01","OA_Retail_Loan_Additional_Personal_Detai","a2C4S0000008bUFUAY","","","","42635030237421719","Contact","","0.0","false","","false"
"a2H4S0000006wQqUAI","","SC-000011675","2020-11-05T18:32:46.000Z","0054S000000SW2ZQAW","2020-11-05T18:32:46.000Z","0054S000000SW2ZQAW","","a2F4S0000008qM9UAI","0.01","nDOC__DocMan_Fields","","","","","42162180073708113","LLC_BI__AccountDocument__c","","","false","","false"
"a2H4S0000006wQrUAI","","SC-000011676","2020-11-05T18:32:46.000Z","0054S000000SW2ZQAW","2020-11-05T18:32:46.000Z","0054S000000SW2ZQAW","","a2F4S0000008qMAUAY","0.01","nDOC__DocMan_Fields","","","","","42584569068012393","LLC_BI__LLC_LoanDocument__c","","","false","","false"
"a2H4S0000006wQsUAI","","SC-000011677","2020-11-05T18:32:46.000Z","0054S000000SW2ZQAW","2020-11-05T18:32:46.000Z","0054S000000SW2ZQAW","","a2F4S0000008qMBUAY","0.01","nDOC__DocMan_Fields","","","","","42297749371216423","LLC_BI__Document_Placeholder__c","","","false","","false"
"a2H4S0000006wQtUAI","","SC-000011678","2020-11-05T18:32:46.000Z","0054S000000SW2ZQAW","2020-11-05T18:32:46.000Z","0054S000000SW2ZQAW","","a2F4S0000008qMCUAY","0.01","nDOC__DocMan_Add_New_Fields","","","","","42256562082908589","LLC_BI__AccountDocument__c","","","false","","false"
"a2H4S0000006wQuUAI","","SC-000011679","2020-11-05T18:32:46.000Z","0054S000000SW2ZQAW","2020-11-05T18:32:46.000Z","0054S000000SW2ZQAW","","a2F4S0000008qMDUAY","0.01","nDOC__DocMan_Add_New_Fields","","","","","42260725019656565","LLC_BI__LLC_LoanDocument__c","","","false","","false"
"a2H4S0000006wQvUAI","","SC-000011680","2020-11-05T18:32:47.000Z","0054S000000SW2ZQAW","2020-11-05T18:32:47.000Z","0054S000000SW2ZQAW","","a2F4S0000008qMEUAY","0.01","nDOC__DocMan_Add_New_Fields","","","","","42013880452884998","LLC_BI__Document_Placeholder__c","","","false","","false"
"a2H4S0000006wcvUAA","","SC-000011681","2020-11-09T18:28:05.000Z","0054S000000Ms6RQAS","2021-01-22T19:05:52.000Z","0054S000000Ms6RQAS","","a2F4S0000008qq3UAA","1.01","nPortal__DEP_Co_Owners_Multi_Record","a2C4S0000008bevUAA","","","","42119089898923895","Contact","","0.0","false","","false"
"a2H4S0000006wcwUAA","","SC-000011682","2020-11-09T18:28:05.000Z","0054S000000Ms6RQAS","2020-12-08T20:02:16.000Z","0054S000000Ms6RQAS","","a2F4S0000008qq4UAA","1.01","nPortal__DEP_Co_Owners_Ownership_Percent","a2C4S0000008bYMUAY","","","","42782097658347977","LLC_BI__Connection__c","","0.0","false","","false"
"a2H4S0000006wcxUAA","","SC-000011683","2020-11-09T18:28:05.000Z","0054S000000Ms6RQAS","2020-11-09T18:28:05.000Z","0054S000000Ms6RQAS","","a2F4S0000008qq5UAA","1.01","NPORTAL__DEP_Co_Owners_Multi_Record","","","","","42156849637444677","Contact","","","false","","false"
"a2H4S0000006wcyUAA","","SC-000011684","2020-11-09T18:28:05.000Z","0054S000000Ms6RQAS","2020-12-16T22:23:32.000Z","0054S000000Ms6RQAS","","a2F4S0000008qq6UAA","1.01","BUS_ODAO_Role","a2C4S0000008bYRUAY","","","","42836311607199457","LLC_BI__Connection__c","","0.0","false","","false"
"a2H4S0000006wczUAA","","SC-000011685","2020-11-09T18:28:06.000Z","0054S000000Ms6RQAS","2020-11-09T18:28:06.000Z","0054S000000Ms6RQAS","","a2F4S0000008qq7UAA","1.01","NPORTAL__SBL_Others_Involved_Multi_Record","","","","","42282899411721467","Contact","","","false","","false"
"a2H4S0000006wd0UAA","","SC-000011686","2020-11-09T18:28:06.000Z","0054S000000Ms6RQAS","2020-11-09T18:28:06.000Z","0054S000000Ms6RQAS","","a2F4S0000008qq8UAA","1.01","NPORTAL__SBL_Others_Involved_Borrower_Type","","","","","42808994549356062","LLC_BI__Legal_Entities__c","","","false","","false"
"a2H4S0000006wd1UAA","","SC-000011687","2020-11-09T18:28:06.000Z","0054S000000Ms6RQAS","2020-11-09T18:28:06.000Z","0054S000000Ms6RQAS","","a2F4S0000008qq9UAA","1.01","NPORTAL__SBL_Others_Involved_Connection_Role","","","","","42376565906429186","LLC_BI__Connection__c","","","false","","false"
"a2H4S0000006wd2UAA","","SC-000011690","2020-11-09T18:28:06.000Z","0054S000000Ms6RQAS","2020-11-09T18:28:06.000Z","0054S000000Ms6RQAS","","a2F4S0000008qqAUAQ","1.01","NPORTAL__SBL_Others_Involved_Multi_Record","","","","","42366749072334294","Contact","","","false","","false"
"a2H4S0000006wd3UAA","","SC-000011691","2020-11-09T18:28:06.000Z","0054S000000Ms6RQAS","2020-11-09T18:28:06.000Z","0054S000000Ms6RQAS","","a2F4S0000008qqBUAQ","1.01","NPORTAL__SBL_Others_Involved_Borrower_Type","","","","","42572233453521808","LLC_BI__Legal_Entities__c","","","false","","false"
"a2H4S0000006wd4UAA","","SC-000011692","2020-11-09T18:28:06.000Z","0054S000000Ms6RQAS","2020-11-09T18:28:06.000Z","0054S000000Ms6RQAS","","a2F4S0000008qqCUAQ","1.01","NPORTAL__SBL_Others_Involved_Connection_Role","","","","","42367187536750536","LLC_BI__Connection__c","","","false","","false"
"a2H4S0000006wdAUAQ","","SC-000011695","2020-11-09T18:28:08.000Z","0054S000000Ms6RQAS","2020-11-09T18:28:08.000Z","0054S000000Ms6RQAS","","a2F4S0000008qqIUAQ","1.01","NPORTAL__SBL_Others_Involved_Multi_Record","","","","","42713236086953325","Contact","","","false","","false"
"a2H4S0000006wdBUAQ","","SC-000011696","2020-11-09T18:28:08.000Z","0054S000000Ms6RQAS","2020-11-09T18:28:08.000Z","0054S000000Ms6RQAS","","a2F4S0000008qqJUAQ","1.01","NPORTAL__SBL_Others_Involved_Borrower_Type","","","","","42860759108395786","LLC_BI__Legal_Entities__c","","","false","","false"
"a2H4S0000006wdCUAQ","","SC-000011698","2020-11-09T18:28:09.000Z","0054S000000Ms6RQAS","2020-11-09T18:28:09.000Z","0054S000000Ms6RQAS","","a2F4S0000008qqKUAQ","1.01","NPORTAL__SBL_Others_Involved_Connection_Role","","","","","42302141072589788","LLC_BI__Connection__c","","","false","","false"
"a2H4S0000006wdDUAQ","","SC-000011701","2020-11-09T18:28:09.000Z","0054S000000Ms6RQAS","2020-11-09T18:28:09.000Z","0054S000000Ms6RQAS","","a2F4S0000008qqLUAQ","1.01","NPORTAL__SBL_Others_Involved_Multi_Record","","","","","42196636527616757","Contact","","","false","","false"
"a2H4S0000006wdEUAQ","","SC-000011703","2020-11-09T18:28:09.000Z","0054S000000Ms6RQAS","2020-11-09T18:28:09.000Z","0054S000000Ms6RQAS","","a2F4S0000008qqMUAQ","1.01","NPORTAL__SBL_Others_Involved_Borrower_Type","","","","","42675593545410332","LLC_BI__Legal_Entities__c","","","false","","false"
"a2H4S0000006wdKUAQ","","SC-000011705","2020-11-09T18:28:09.000Z","0054S000000Ms6RQAS","2020-11-09T18:28:09.000Z","0054S000000Ms6RQAS","","a2F4S0000008qqSUAQ","1.01","NPORTAL__SBL_Others_Involved_Connection_Role","","","","","42267394104354608","LLC_BI__Connection__c","","","false","","false"
"a2H4S0000006wdZUAQ","","SC-000011713","2020-11-09T19:15:58.000Z","0054S000000Ms6RQAS","2021-01-14T21:09:35.000Z","0054S000000Ms6RQAS","","a2F4S0000008qqhUAA","1.01","IBCL_Retail_Material_Changes","a2C4S0000008bWBUAY","","","","42132690215920637","LLC_BI__Loan__c","","0.0","false","","false"
"a2H4S0000006wqlUAA","","SC-000011714","2020-11-24T18:33:31.000Z","0054S000000Ms6RQAS","2020-11-24T18:33:31.000Z","0054S000000Ms6RQAS","","a2F4S0000008rKSUAY","1.01","OA_Personal_Contact_Information_Individ","a2C4S0000008bX9UAI","","","","42325402813970826","Contact","","0.0","false","","false"
"a2H4S0000006wqqUAA","","SC-000011715","2020-11-24T18:34:12.000Z","0054S000000Ms6RQAS","2020-12-16T19:47:24.000Z","0054S000000Ms6RQAS","","a2F4S0000008rKXUAY","1.01","OA_Personal_Info_CIF","a2C4S0000008bXEUAY","","","","42539310071631927","Contact","","0.0","false","","false"
"a2H4S0000006wqvUAA","","SC-000011716","2020-11-24T21:43:21.000Z","0054S000000Ms6RQAS","2020-11-24T21:43:21.000Z","0054S000000Ms6RQAS","","a2F4S0000008rKhUAI","1.01","OA_Mailing_Address_Fields","a2C4S0000008bXOUAY","","","","42522434635556872","Contact","","0.0","false","","false"
"a2H4S0000006wr0UAA","","SC-000011717","2020-11-25T14:26:07.000Z","0054S000000Ms6RQAS","2020-12-16T19:47:21.000Z","0054S000000Ms6RQAS","","a2F4S0000008rMWUAY","1.01","OA_Personal_Info_CIF","a2C4S0000008bXTUAY","","","","42336210155292867","Contact","","0.0","false","","false"
"a2H4S0000006wr5UAA","","SC-000011718","2020-11-25T14:28:56.000Z","0054S000000Ms6RQAS","2020-11-25T14:28:56.000Z","0054S000000Ms6RQAS","","a2F4S0000008rMbUAI","1.01","OA_Personal_Contact_Information_Individ","a2C4S0000008bXYUAY","","","","42035946493266584","Contact","","0.0","false","","false"
"a2H4S0000006wrAUAQ","","SC-000011719","2020-11-25T14:41:00.000Z","0054S000000Ms6RQAS","2020-11-25T14:41:00.000Z","0054S000000Ms6RQAS","","a2F4S0000008rMlUAI","1.01","OA_Mailing_Address_Fields","a2C4S0000008bXiUAI","","","","42877581849015412","Contact","","0.0","false","","false"
"a2H4S0000006x5aUAA","","SC-000011720","2021-01-07T17:19:56.000Z","0054S000000Ms6RQAS","2021-01-07T17:19:56.000Z","0054S000000Ms6RQAS","","a2F4S0000008t59UAA","1.01","EO_Business_Mailing_Address","a2C4S0000008beRUAQ","","","","42368078084691566","Account","","0.0","false","","false"
"a2H4S0000006x5pUAA","","SC-000011721","2021-01-12T18:13:10.000Z","0054S000000Ms6RQAS","2021-01-12T18:13:10.000Z","0054S000000Ms6RQAS","","a2F4S0000008tDDUAY","1.01","","a2C4S0000008beWUAQ","","","","42179187034745105","LLC_BI__Loan__c","","0.0","false","","false"
"a2H4S0000006x5qUAA","","SC-000011722","2021-01-12T18:13:10.000Z","0054S000000Ms6RQAS","2021-01-14T21:46:19.000Z","0054S000000Ms6RQAS","","a2F4S0000008tDDUAY","2.02","IBCL_UI_Loan_Counter_Offer","a2C4S0000008beXUAQ","a2H4S0000006x5pUAA","LLC_BI__Adverse_Actions__r","","42530089037761771","LLC_BI__Adverse_Action__c","","0.0","false","","false"
"a2H4S0000006xHtUAI","","SC-000011723","2021-02-05T16:28:16.000Z","0054S000000Ms6RQAS","2021-02-05T16:28:16.000Z","0054S000000Ms6RQAS","","a2F4S0000008v2oUAA","1.01","EO_Beneficial_Owner","a2C4S0000008bfUUAQ","","","","42365990930887899","LLC_BI__Connection__c","","0.0","false","","false"
"a2H4S0000006xaEUAQ","","SC-000011724","2021-02-24T19:44:46.000Z","0054S000000Ms6RQAS","2021-02-24T19:53:33.000Z","0054S000000Ms6RQAS","","a2F4S0000008vngUAA","1.01","EO_Detail_Summary_Screen","a2C4S0000008bghUAA","","","","42202316927682003","Contact","","0.0","false","","false"
"a2H4S0000006xaJUAQ","","SC-000011725","2021-02-24T20:16:19.000Z","0054S000000Ms6RQAS","2021-02-24T20:19:07.000Z","0054S000000Ms6RQAS","","a2F4S0000008vnlUAA","1.01","EO_Details_Business_Summary","a2C4S0000008bgmUAA","","","","42245343867143435","Account","","0.0","false","","false"
"a2H4S0000006xasUAA","","SC-000011726","2021-03-01T20:41:55.000Z","0054S000000Ms6RQAS","2021-03-01T20:41:55.000Z","0054S000000Ms6RQAS","","a2F4S0000008vvjUAA","1.01","IBDAO_Interest_Payment_Method_Credit_Acc","a2C4S0000008bhQUAQ","","","","42018094533894838","LLC_BI__Deposit__c","","0.0","false","","false"
"a2H4S0000006xfHUAQ","","SC-000011727","2021-03-03T14:57:36.000Z","0054S000000Ms6RQAS","2021-03-03T14:57:36.000Z","0054S000000Ms6RQAS","","a2F4S0000008w9JUAQ","1.01","IBDAO_Interest_Payment_Method_Credit_Ext","a2C4S0000008bm3UAA","","","","42717218838209570","LLC_BI__Deposit__c","","0.0","false","","false"
"a2H4S00000071ZCUAY","","SC-000011728","2021-07-22T16:28:54.000Z","0054S000000Ms6RQAS","2021-07-22T16:28:54.000Z","0054S000000Ms6RQAS","","a2F4S0000009EbIUAU","1.01","OA_Drivers_License","a2C4S0000008f4DUAQ","","","","42033124626045350","Contact","","0.0","false","","false"
"a2H4S00000071ZMUAY","","SC-000011729","2021-07-22T17:50:59.000Z","0054S000000Ms6RQAS","2021-07-22T17:50:59.000Z","0054S000000Ms6RQAS","","a2F4S0000009EbNUAU","1.01","OA_Passport_Details","a2C4S0000008f4IUAQ","","","","42199422278284981","Contact","","0.0","false","","false"
"a2H4S00000071ZRUAY","","SC-000011730","2021-07-22T18:02:20.000Z","0054S000000Ms6RQAS","2021-07-22T18:02:20.000Z","0054S000000Ms6RQAS","","a2F4S0000009EcGUAU","1.01","OA_Passport_Details","a2C4S0000008f4NUAQ","","","","42081532038656528","Contact","","0.0","false","","false"
"a2H4S00000071ZWUAY","","SC-000011731","2021-07-22T18:02:28.000Z","0054S000000Ms6RQAS","2021-07-22T18:02:31.000Z","0054S000000Ms6RQAS","","a2F4S0000009Ec6UAE","1.01","OA_Drivers_License","a2C4S0000008f4SUAQ","","","","42405810383140652","Contact","","0.0","false","","false"
"a2H4S00000072DBUAY","","SC-000011732","2021-09-29T16:24:39.000Z","0054S000000Ms6RQAS","2021-09-29T16:24:39.000Z","0054S000000Ms6RQAS","","a2F4S0000009GbPUAU","1.01","OA_Bypass_Idology","a2C4S0000008feGUAQ","","","","42459882760548249","Contact","","0.0","false","","false"
"a2H4S00000056jXUAQ","","SC-000000974","2020-06-02T17:59:20.000Z","0054S000000Ms6RQAS","2020-06-02T17:59:20.000Z","0054S000000Ms6RQAS","","a2F4S0000008dYRUAY","0.0","LLC_BI__UI_HMDA_Property_Location","","","","Property Location","1166","LLC_BI__Loan__c","","","false","","false"
"a2H4S00000056jYUAQ","","SC-000000975","2020-06-02T17:59:20.000Z","0054S000000Ms6RQAS","2020-06-02T17:59:20.000Z","0054S000000Ms6RQAS","","a2F4S0000008dXtUAI","0.0","LLC_BI__UI_HMDA_Loan_Lifecycle","","","","Loan Lifecycle","1167","LLC_BI__Loan__c","","","false","","false"
"a2H4S00000056jZUAQ","","SC-000000976","2020-06-02T17:59:20.000Z","0054S000000Ms6RQAS","2020-06-02T17:59:20.000Z","0054S000000Ms6RQAS","","a2F4S0000008dXlUAI","0.0","LLC_BI__UI_Loan_Summary","","","","Loan Information","1168","LLC_BI__Loan__c","","","false","","false"
"a2H4S00000056jaUAA","","SC-000000977","2020-06-02T17:59:20.000Z","0054S000000Ms6RQAS","2020-06-02T17:59:20.000Z","0054S000000Ms6RQAS","","a2F4S0000008dXxUAI","1.01","","","","","","1169","Account","","","false","","false"
"a2H4S00000056jbUAA","","SC-000000978","2020-06-02T17:59:20.000Z","0054S000000Ms6RQAS","2020-06-02T17:59:20.000Z","0054S000000Ms6RQAS","","a2F4S0000008dXUUAY","1.01","","","","","","1170","Account","","","false","","false"
"a2H4S00000056jcUAA","","SC-000000979","2020-06-02T17:59:20.000Z","0054S000000Ms6RQAS","2020-06-02T17:59:20.000Z","0054S000000Ms6RQAS","","a2F4S0000008dXCUAY","1.01","","","","","Loan Relationship","1171","LLC_BI__Loan__c","","","false","","false"
"a2H4S00000056jdUAA","","SC-000000980","2020-06-02T17:59:20.000Z","0054S000000Ms6RQAS","2020-06-02T17:59:20.000Z","0054S000000Ms6RQAS","","a2F4S0000008dXCUAY","2.01","LLC_BI__UI_Entity_Involvement_Fieldset","","a2H4S00000056jcUAA","LLC_BI__Legal_Entities__r","Borrowing Structure","1172","LLC_BI__Legal_Entities__c","","","false","","false"
"a2H4S00000056jeUAA","","SC-000000981","2020-06-02T17:59:20.000Z","0054S000000Ms6RQAS","2020-06-02T17:59:20.000Z","0054S000000Ms6RQAS","","a2F4S0000008dXKUAY","1.0","LLC_BI__UI_Collateral_Summary","","","","Collateral","1173","LLC_BI__Loan__c","","","false","","false"
"a2H4S00000056jfUAA","","SC-000000982","2020-06-02T17:59:20.000Z","0054S000000Ms6RQAS","2020-06-02T17:59:20.000Z","0054S000000Ms6RQAS","","a2F4S0000008dXKUAY","2.0","LLC_BI__UI_Collateral_Record_Summary","","a2H4S00000056jeUAA","LLC_BI__Collateral__r","Collateral","1174","LLC_BI__Loan_Collateral__c","","","false","","false"
"a2H4S00000056jgUAA","","SC-000000983","2020-06-02T17:59:20.000Z","0054S000000Ms6RQAS","2020-06-02T17:59:20.000Z","0054S000000Ms6RQAS","","a2F4S0000008dXeUAI","1.0","","","","","HMDA Applicants","1175","LLC_BI__Loan__c","","","false","","false"
"a2H4S00000056jhUAA","","SC-000000984","2020-06-02T17:59:20.000Z","0054S000000Ms6RQAS","2020-06-02T17:59:20.000Z","0054S000000Ms6RQAS","","a2F4S0000008dXeUAI","2.0","LLC_BI__UI_HMDA_Demographic_Questions","","a2H4S00000056jgUAA","LLC_BI__Legal_Entities__r","HMDA Applicants","1176","LLC_BI__Legal_Entities__c","","","false","","false"
"a2H4S00000056jiUAA","","SC-000000985","2020-06-02T17:59:20.000Z","0054S000000Ms6RQAS","2020-06-02T17:59:20.000Z","0054S000000Ms6RQAS","","a2F4S0000008dXdUAI","1.0","","","","","HMDA Applicants","1177","LLC_BI__Loan__c","","","false","","false"
"a2H4S00000056jjUAA","","SC-000000986","2020-06-02T17:59:20.000Z","0054S000000Ms6RQAS","2020-06-02T17:59:20.000Z","0054S000000Ms6RQAS","","a2F4S0000008dXxUAI","2.01","LLC_BI__UI_Loan_Products","","a2H4S00000056jiUAA","LLC_BI__Legal_Entities__r","","1178","LLC_BI__Legal_Entities__c","","","false","","false"
"a2H4S00000056jkUAA","","SC-000000987","2020-06-02T17:59:20.000Z","0054S000000Ms6RQAS","2020-06-02T17:59:20.000Z","0054S000000Ms6RQAS","","a2F4S0000008dXUUAY","2.01","LLC_BI__UI_Deposit_Products","","a2H4S00000056jbUAA","LLC_BI__Legal_Entities__r","","1179","LLC_BI__Legal_Entities__c","","","false","","false"
"a2H4S00000056jlUAA","","SC-000000988","2020-06-02T17:59:20.000Z","0054S000000Ms6RQAS","2020-06-02T17:59:20.000Z","0054S000000Ms6RQAS","","a2F4S0000008dXNUAY","1.01","UI_Loan_Collateral1_Summary","","","","","1180","LLC_BI__Loan__c","","","false","","false"
"a2H4S00000056jmUAA","","SC-000000989","2020-06-02T17:59:20.000Z","0054S000000Ms6RQAS","2020-06-02T17:59:20.000Z","0054S000000Ms6RQAS","","a2F4S0000008dWvUAI","1.01","","","","","","1181","Account","","","false","","false"
"a2H4S00000056jnUAA","","SC-000000990","2020-06-02T17:59:20.000Z","0054S000000Ms6RQAS","2020-06-02T17:59:20.000Z","0054S000000Ms6RQAS","","a2F4S0000008dWvUAI","2.01","LLC_BI__UI_Tasks","","a2H4S00000056jmUAA","Tasks","","1182","Task","","","false","","false"
"a2H4S00000056joUAA","","SC-000010501","2020-06-02T17:59:20.000Z","0054S000000Ms6RQAS","2020-06-02T17:59:20.000Z","0054S000000Ms6RQAS","","a2F4S0000008dOnUAI","1.01","","a2C4S0000008SjJUAU","","","","42051461644293675","LLC_BI__Product_Package__c","","","false","","false"
"a2H4S00000056jpUAA","","SC-000010502","2020-06-02T17:59:20.000Z","0054S000000Ms6RQAS","2020-06-02T17:59:20.000Z","0054S000000Ms6RQAS","","a2F4S0000008dOnUAI","2.01","","a2C4S0000008SjKUAU","a2H4S00000056joUAA","LLC_BI__Account__r","","42783576366444907","Account","","","false","","false"
"a2H4S00000056jqUAA","","SC-000010503","2020-06-02T17:59:20.000Z","0054S000000Ms6RQAS","2020-06-02T17:59:20.000Z","0054S000000Ms6RQAS","","a2F4S0000008dOnUAI","3.01","","a2C4S0000008SjLUAU","a2H4S00000056jpUAA","LLC_BI__Legal_Entities__r","","42947138871683144","LLC_BI__Legal_Entities__c","","","false","","false"
"a2H4S00000056jrUAA","","SC-000010504","2020-06-02T17:59:20.000Z","0054S000000Ms6RQAS","2020-06-02T17:59:20.000Z","0054S000000Ms6RQAS","","a2F4S0000008dOnUAI","4.01","Standard_Product_Package_Credit_Memo_Exp","a2C4S0000008SjMUAU","a2H4S00000056jqUAA","LLC_BI__Loan__r","Loans","42687729787440991","LLC_BI__Loan__c","","","false","","false"
"a2H4S00000056jsUAA","","SC-000010505","2020-06-02T17:59:20.000Z","0054S000000Ms6RQAS","2020-06-02T17:59:20.000Z","0054S000000Ms6RQAS","","a2F4S0000008dOnUAI","4.02","Standard_Product_Package_Credit_Memo","a2C4S0000008SjNUAU","a2H4S00000056jqUAA","LLC_BI__Deposit__r","Deposits","42443064028612190","LLC_BI__Deposit__c","","","false","","false"
"a2H4S00000056jtUAA","","SC-000010506","2020-06-02T17:59:20.000Z","0054S000000Ms6RQAS","2020-06-02T17:59:20.000Z","0054S000000Ms6RQAS","","a2F4S0000008dOoUAI","1.01","","a2C4S0000008SjOUAU","","","","42051562911910142","LLC_BI__Product_Package__c","","","false","","false"
"a2H4S00000056juUAA","","SC-000010507","2020-06-02T17:59:20.000Z","0054S000000Ms6RQAS","2020-06-02T17:59:20.000Z","0054S000000Ms6RQAS","","a2F4S0000008dOoUAI","2.01","Standard_Product_Package_Credit_Memo","a2C4S0000008SjPUAU","a2H4S00000056jtUAA","LLC_BI__Loan_Facilities__r","Loan Details","42443902212822067","LLC_BI__Loan__c","","","false","","false"
"a2H4S00000056jvUAA","","SC-000010508","2020-06-02T17:59:20.000Z","0054S000000Ms6RQAS","2020-06-02T17:59:20.000Z","0054S000000Ms6RQAS","","a2F4S0000008dOoUAI","3.01","Standard_Product_Package_Credit_Memo","a2C4S0000008SjQUAU","a2H4S00000056juUAA","LLC_BI__Legal_Entities__r","Borrower Structure","42436514054438613","LLC_BI__Legal_Entities__c","","","false","","false"
"a2H4S00000056jwUAA","","SC-000010509","2020-06-02T17:59:20.000Z","0054S000000Ms6RQAS","2020-06-02T17:59:20.000Z","0054S000000Ms6RQAS","","a2F4S0000008dOoUAI","3.02","Standard_Product_Package_Credit_Memo","a2C4S0000008SjRUAU","a2H4S00000056juUAA","LLC_BI__Fees__r","Fees","42634699565268824","LLC_BI__Fee__c","","","false","","false"
"a2H4S00000056jxUAA","","SC-000010510","2020-06-02T17:59:20.000Z","0054S000000Ms6RQAS","2020-06-02T17:59:20.000Z","0054S000000Ms6RQAS","","a2F4S0000008dOoUAI","3.03","Standard_Product_Package_Credit_Memo","a2C4S0000008SjSUAU","a2H4S00000056juUAA","LLC_BI__Policy_Exceptions__r","Policy Exceptions","42052188131023670","LLC_BI__Policy_Exception__c","","","false","","false"
"a2H4S00000056jyUAA","","SC-000010511","2020-06-02T17:59:20.000Z","0054S000000Ms6RQAS","2020-06-02T17:59:20.000Z","0054S000000Ms6RQAS","","a2F4S0000008dOoUAI","3.04","Standard_Product_Package_Credit_Memo","a2C4S0000008SjTUAU","a2H4S00000056juUAA","LLC_BI__Third_Party_Reports__r","Third Party Reports","42864746952012319","LLC_BI__third_party_report__c","","","false","","false"
"a2H4S00000056jzUAA","","SC-000010512","2020-06-02T17:59:20.000Z","0054S000000Ms6RQAS","2020-06-02T17:59:20.000Z","0054S000000Ms6RQAS","","a2F4S0000008dOoUAI","3.05","Standard_Product_Package_Credit_Memo","a2C4S0000008SjUUAU","a2H4S00000056juUAA","LLC_BI__Participations__r","Participations","42203377375994540","LLC_BI__Participation__c","","","false","","false"
"a2H4S00000056k0UAA","","SC-000010513","2020-06-02T17:59:20.000Z","0054S000000Ms6RQAS","2020-06-02T17:59:20.000Z","0054S000000Ms6RQAS","","a2F4S0000008dOpUAI","1.01","Standard_Product_Package_Credit_Memo","a2C4S0000008SjVUAU","","","","42946294048505786","LLC_BI__Product_Package__c","","","false","","false"
"a2H4S00000056k1UAA","","SC-000010514","2020-06-02T17:59:20.000Z","0054S000000Ms6RQAS","2020-06-02T17:59:20.000Z","0054S000000Ms6RQAS","","a2F4S0000008dOqUAI","1.01","","a2C4S0000008SjWUAU","","","","42252014745380772","LLC_BI__Product_Package__c","","","false","","false"
"a2H4S00000056k2UAA","","SC-000010515","2020-06-02T17:59:20.000Z","0054S000000Ms6RQAS","2020-06-02T17:59:20.000Z","0054S000000Ms6RQAS","","a2F4S0000008dOqUAI","2.01","Standard_Product_Package_Credit_Memo","a2C4S0000008SjXUAU","a2H4S00000056k1UAA","LLC_BI__Account__r","","42808220464475467","Account","","","false","","false"
"a2H4S00000056k3UAA","","SC-000010516","2020-06-02T17:59:20.000Z","0054S000000Ms6RQAS","2020-06-02T17:59:20.000Z","0054S000000Ms6RQAS","","a2F4S0000008dOrUAI","1.01","","a2C4S0000008SjYUAU","","","","42083165014661436","LLC_BI__Product_Package__c","","","false","","false"
"a2H4S00000056k4UAA","","SC-000010517","2020-06-02T17:59:20.000Z","0054S000000Ms6RQAS","2020-06-02T17:59:20.000Z","0054S000000Ms6RQAS","","a2F4S0000008dOrUAI","2.01","Credit_Memo_Standard_Product_Package","a2C4S0000008SjZUAU","a2H4S00000056k3UAA","LLC_BI__Product_Package_Teams__r","","42831375648165547","LLC_BI__Product_Package_Team__c","","","false","","false"
"a2H4S00000056k5UAA","","SC-000010518","2020-06-02T17:59:20.000Z","0054S000000Ms6RQAS","2020-06-02T17:59:20.000Z","0054S000000Ms6RQAS","","a2F4S0000008dOsUAI","1.01","","a2C4S0000008SjaUAE","","","","42675906465279180","LLC_BI__Product_Package__c","","","false","","false"
"a2H4S00000056k6UAA","","SC-000010519","2020-06-02T17:59:20.000Z","0054S000000Ms6RQAS","2020-06-02T17:59:20.000Z","0054S000000Ms6RQAS","","a2F4S0000008dOsUAI","2.01","","a2C4S0000008SjbUAE","a2H4S00000056k5UAA","LLC_BI__Loan_Facilities__r","","42749352807372839","LLC_BI__Loan__c","","","false","","false"
"a2H4S00000056k7UAA","","SC-000010520","2020-06-02T17:59:20.000Z","0054S000000Ms6RQAS","2020-06-02T17:59:20.000Z","0054S000000Ms6RQAS","","a2F4S0000008dOsUAI","3.01","","a2C4S0000008SjcUAE","a2H4S00000056k6UAA","LLC_BI__Loan_Collateral__r","","42213146091615581","LLC_BI__Loan_Collateral2__c","","","false","","false"
"a2H4S00000056k8UAA","","SC-000010521","2020-06-02T17:59:20.000Z","0054S000000Ms6RQAS","2020-06-02T17:59:20.000Z","0054S000000Ms6RQAS","","a2F4S0000008dOsUAI","4.01","Credit_Memo_Standard_Product_Package","a2C4S0000008SjdUAE","a2H4S00000056k7UAA","LLC_BI__Collateral__r","Collateral Details","42969989768652502","LLC_BI__Collateral__c","","","false","","false"
"a2H4S00000056k9UAA","","SC-000010522","2020-06-02T17:59:20.000Z","0054S000000Ms6RQAS","2020-06-02T17:59:20.000Z","0054S000000Ms6RQAS","","a2F4S0000008dOsUAI","5.01","Credit_Memo_Standard_Product_Package","a2C4S0000008SjeUAE","a2H4S00000056k8UAA","LLC_BI__Account_Collateral__r","Ownership","42539928108904509","LLC_BI__Account_Collateral__c","","","false","","false"
"a2H4S00000056kAUAQ","","SC-000010523","2020-06-02T17:59:20.000Z","0054S000000Ms6RQAS","2020-06-02T17:59:20.000Z","0054S000000Ms6RQAS","","a2F4S0000008dOsUAI","5.02","Credit_Memo_Standard_Product_Package","a2C4S0000008SjfUAE","a2H4S00000056k8UAA","LLC_BI__Loan_Collateral2__r","Loans","42560961578535252","LLC_BI__Loan_Collateral2__c","","","false","","false"
"a2H4S00000056kBUAQ","","SC-000010524","2020-06-02T17:59:20.000Z","0054S000000Ms6RQAS","2020-06-02T17:59:20.000Z","0054S000000Ms6RQAS","","a2F4S0000008dOsUAI","5.03","Credit_Memo_Standard_Product_Package","a2C4S0000008SjgUAE","a2H4S00000056k8UAA","LLC_BI__Liens__r","Liens","42713130234061818","LLC_BI__Lien__c","","","false","","false"
"a2H4S00000056kCUAQ","","SC-000010525","2020-06-02T17:59:20.000Z","0054S000000Ms6RQAS","2020-06-02T17:59:20.000Z","0054S000000Ms6RQAS","","a2F4S0000008dOtUAI","1.01","","a2C4S0000008SjhUAE","","","","42380373665555554","LLC_BI__Product_Package__c","","","false","","false"
"a2H4S00000056kDUAQ","","SC-000010526","2020-06-02T17:59:20.000Z","0054S000000Ms6RQAS","2020-06-02T17:59:20.000Z","0054S000000Ms6RQAS","","a2F4S0000008dOtUAI","2.01","","a2C4S0000008SjiUAE","a2H4S00000056kCUAQ","LLC_BI__Loan_Facilities__r","","42033467130927165","LLC_BI__Loan__c","","","false","","false"
"a2H4S00000056kEUAQ","","SC-000010527","2020-06-02T17:59:20.000Z","0054S000000Ms6RQAS","2020-06-02T17:59:20.000Z","0054S000000Ms6RQAS","","a2F4S0000008dOtUAI","3.01","","a2C4S0000008SjjUAE","a2H4S00000056kDUAQ","LLC_BI__Loan_Covenants__r","","42478548624579945","LLC_BI__Loan_Covenant__c","","","false","","false"
"a2H4S00000056kFUAQ","","SC-000010528","2020-06-02T17:59:20.000Z","0054S000000Ms6RQAS","2020-06-02T17:59:20.000Z","0054S000000Ms6RQAS","","a2F4S0000008dOtUAI","4.01","Credit_Memo_Standard_Product_Package","a2C4S0000008SjkUAE","a2H4S00000056kEUAQ","LLC_BI__Covenant2__r","Covenant Details","42106149949634824","LLC_BI__Covenant2__c","","","false","","false"
"a2H4S00000056kGUAQ","","SC-000010529","2020-06-02T17:59:20.000Z","0054S000000Ms6RQAS","2020-06-02T17:59:20.000Z","0054S000000Ms6RQAS","","a2F4S0000008dOtUAI","5.01","Credit_Memo_Standard_Product_Package","a2C4S0000008SjlUAE","a2H4S00000056kFUAQ","LLC_BI__Account_Covenants__r","Ownership","42094792018141821","LLC_BI__Account_Covenant__c","","","false","","false"
"a2H4S00000056kHUAQ","","SC-000010530","2020-06-02T17:59:20.000Z","0054S000000Ms6RQAS","2020-06-02T17:59:20.000Z","0054S000000Ms6RQAS","","a2F4S0000008dOtUAI","5.02","Credit_Memo_Standard_Product_Package","a2C4S0000008SjmUAE","a2H4S00000056kFUAQ","LLC_BI__Loan_Covenants__r","Loans","42124985229623918","LLC_BI__Loan_Covenant__c","","","false","","false"
"a2H4S00000056kIUAQ","","SC-000010531","2020-06-02T17:59:20.000Z","0054S000000Ms6RQAS","2020-06-02T17:59:20.000Z","0054S000000Ms6RQAS","","a2F4S0000008dd7UAA","1.01","LLC_BI__UI_Budget_Details","a2C4S0000008SjnUAE","","","","42241112990305845","LLC_BI__Loan__c","","","false","","false"
"a2H4S00000056kJUAQ","","SC-000010532","2020-06-02T17:59:20.000Z","0054S000000Ms6RQAS","2020-06-02T17:59:20.000Z","0054S000000Ms6RQAS","","a2F4S0000008dXTUAY","2.01","LLC_BI__UI_Deposit_Products","a2C4S0000008SjoUAE","a2H4S00000056gtUAA","LLC_BI__Legal_Entities__r","","42832771969942875","LLC_BI__Legal_Entities__c","","","false","","false"
"a2H4S00000056kKUAQ","","SC-000010333","2020-06-02T17:59:20.000Z","0054S000000Ms6RQAS","2020-06-02T17:59:20.000Z","0054S000000Ms6RQAS","","a2F4S0000008dcsUAA","1.01","UI_Structure_Information","a2C4S0000008SjpUAE","","","","42636243849917012","LLC_BI__Loan__c","","","false","","false"
"a2H4S00000056kLUAQ","","SC-000010334","2020-06-02T17:59:20.000Z","0054S000000Ms6RQAS","2020-06-02T17:59:20.000Z","0054S000000Ms6RQAS","","a2F4S0000008dcrUAA","1.01","UI_Compliance_Information","a2C4S0000008SjqUAE","","","","42951286771601951","LLC_BI__Loan__c","","","false","","false"
"a2H4S00000056kMUAQ","","SC-000010337","2020-06-02T17:59:20.000Z","0054S000000Ms6RQAS","2020-06-02T17:59:20.000Z","0054S000000Ms6RQAS","","a2F4S0000008dctUAA","1.01","","a2C4S0000008SjrUAE","","","","42202339022058216","LLC_BI__Loan__c","","","false","","false"
"a2H4S00000056kNUAQ","","SC-000010338","2020-06-02T17:59:20.000Z","0054S000000Ms6RQAS","2020-06-02T17:59:20.000Z","0054S000000Ms6RQAS","","a2F4S0000008dctUAA","2.01","LLC_BI__Commercial_Credit_Memo","a2C4S0000008SjsUAE","a2H4S00000056kMUAQ","LLC_BI__Risk_Rating_Review__r","","42658407637770943","LLC_BI__Annual_Review__c","","","false","","false"
"a2H4S00000056kOUAQ","","SC-000010339","2020-06-02T17:59:20.000Z","0054S000000Ms6RQAS","2020-06-02T17:59:20.000Z","0054S000000Ms6RQAS","","a2F4S0000008dcuUAA","1.01","","a2C4S0000008SjtUAE","","","","42040875784839593","LLC_BI__Product_Package__c","","","false","","false"
"a2H4S00000056kPUAQ","","SC-000010340","2020-06-02T17:59:20.000Z","0054S000000Ms6RQAS","2020-06-02T17:59:20.000Z","0054S000000Ms6RQAS","","a2F4S0000008dcuUAA","2.01","LLC_BI__Standard_Product_Package_Credit_Memo","a2C4S0000008SjuUAE","a2H4S00000056kOUAQ","LLC_BI__Account__r","","42194809885480186","Account","","","false","","false"
"a2H4S00000056kQUAQ","","SC-000010341","2020-06-02T17:59:20.000Z","0054S000000Ms6RQAS","2020-06-02T17:59:20.000Z","0054S000000Ms6RQAS","","a2F4S0000008dcwUAA","1.01","LLC_BI__Standard_Product_Package_Credit_Memo","a2C4S0000008SjvUAE","","","","42698362331218062","LLC_BI__Product_Package__c","","","false","","false"
"a2H4S00000056kRUAQ","","SC-000010342","2020-06-02T17:59:20.000Z","0054S000000Ms6RQAS","2020-06-02T17:59:20.000Z","0054S000000Ms6RQAS","","a2F4S0000008dcyUAA","1.01","","a2C4S0000008SjwUAE","","","","42829950290287695","LLC_BI__Product_Package__c","","","false","","false"
"a2H4S00000056kSUAQ","","SC-000010343","2020-06-02T17:59:20.000Z","0054S000000Ms6RQAS","2020-06-02T17:59:20.000Z","0054S000000Ms6RQAS","","a2F4S0000008dcyUAA","2.01","LLC_BI__Standard_Product_Package_Credit_Memo","a2C4S0000008SjxUAE","a2H4S00000056kRUAQ","LLC_BI__Loan_Facilities__r","Loan Details","42577212565109500","LLC_BI__Loan__c","","","false","","false"
"a2H4S00000056kTUAQ","","SC-000010344","2020-06-02T17:59:20.000Z","0054S000000Ms6RQAS","2020-06-02T17:59:20.000Z","0054S000000Ms6RQAS","","a2F4S0000008dcyUAA","3.01","LLC_BI__Standard_Product_Package_Credit_Memo","a2C4S0000008SjyUAE","a2H4S00000056kSUAQ","LLC_BI__Legal_Entities__r","Borrower Structure","42414920167290369","LLC_BI__Legal_Entities__c","","","false","","false"
"a2H4S00000056kUUAQ","","SC-000010345","2020-06-02T17:59:20.000Z","0054S000000Ms6RQAS","2020-06-02T17:59:20.000Z","0054S000000Ms6RQAS","","a2F4S0000008dcyUAA","3.02","LLC_BI__Standard_Product_Package_Credit_Memo","a2C4S0000008SjzUAE","a2H4S00000056kSUAQ","LLC_BI__Fees__r","Fees","42518232889998281","LLC_BI__Fee__c","","","false","","false"
"a2H4S00000056kVUAQ","","SC-000010346","2020-06-02T17:59:20.000Z","0054S000000Ms6RQAS","2020-06-02T17:59:20.000Z","0054S000000Ms6RQAS","","a2F4S0000008dcyUAA","3.03","LLC_BI__Standard_Product_Package_Credit_Memo","a2C4S0000008Sk0UAE","a2H4S00000056kSUAQ","LLC_BI__Policy_Exceptions__r","Policy Exceptions","42854751759491393","LLC_BI__Policy_Exception__c","","","false","","false"
"a2H4S00000056kWUAQ","","SC-000010347","2020-06-02T17:59:20.000Z","0054S000000Ms6RQAS","2020-06-02T17:59:20.000Z","0054S000000Ms6RQAS","","a2F4S0000008dcyUAA","3.04","LLC_BI__Standard_Product_Package_Credit_Memo","a2C4S0000008Sk1UAE","a2H4S00000056kSUAQ","LLC_BI__Third_Party_Reports__r","Third Party Reports","42059896132222596","LLC_BI__third_party_report__c","","","false","","false"
"a2H4S00000056kXUAQ","","SC-000010348","2020-06-02T17:59:20.000Z","0054S000000Ms6RQAS","2020-06-02T17:59:20.000Z","0054S000000Ms6RQAS","","a2F4S0000008dcyUAA","3.05","LLC_BI__Standard_Product_Package_Credit_Memo","a2C4S0000008Sk2UAE","a2H4S00000056kSUAQ","LLC_BI__Participations__r","Participations","42590560368390926","LLC_BI__Participation__c","","","false","","false"
"a2H4S00000056kYUAQ","","SC-000010349","2020-06-02T17:59:20.000Z","0054S000000Ms6RQAS","2020-06-02T17:59:20.000Z","0054S000000Ms6RQAS","","a2F4S0000008dd0UAA","1.01","","a2C4S0000008Sk3UAE","","","","42800889319829083","LLC_BI__Product_Package__c","","","false","","false"
"a2H4S00000056kZUAQ","","SC-000010350","2020-06-02T17:59:20.000Z","0054S000000Ms6RQAS","2020-06-02T17:59:20.000Z","0054S000000Ms6RQAS","","a2F4S0000008dd0UAA","2.01","","a2C4S0000008Sk4UAE","a2H4S00000056kYUAQ","LLC_BI__Loan_Facilities__r","","42762023065373019","LLC_BI__Loan__c","","","false","","false"
"a2H4S00000056kaUAA","","SC-000010351","2020-06-02T17:59:20.000Z","0054S000000Ms6RQAS","2020-06-02T17:59:20.000Z","0054S000000Ms6RQAS","","a2F4S0000008dd0UAA","3.01","","a2C4S0000008Sk5UAE","a2H4S00000056kZUAQ","LLC_BI__Loan_Collateral__r","","42337450560280325","LLC_BI__Loan_Collateral2__c","","","false","","false"
"a2H4S00000056kbUAA","","SC-000010352","2020-06-02T17:59:20.000Z","0054S000000Ms6RQAS","2020-06-02T17:59:20.000Z","0054S000000Ms6RQAS","","a2F4S0000008dd0UAA","4.01","LLC_BI__Credit_Memo_Standard_Product_Package","a2C4S0000008Sk6UAE","a2H4S00000056kaUAA","LLC_BI__Collateral__r","Collateral Details","42357322394362290","LLC_BI__Collateral__c","","","false","","false"
"a2H4S00000056kcUAA","","SC-000010353","2020-06-02T17:59:20.000Z","0054S000000Ms6RQAS","2020-06-02T17:59:20.000Z","0054S000000Ms6RQAS","","a2F4S0000008dd0UAA","5.01","LLC_BI__Credit_Memo_Standard_Product_Package","a2C4S0000008Sk7UAE","a2H4S00000056kbUAA","LLC_BI__Account_Collateral__r","Ownership","42273636131067619","LLC_BI__Account_Collateral__c","","","false","","false"
"a2H4S00000056kdUAA","","SC-000010354","2020-06-02T17:59:20.000Z","0054S000000Ms6RQAS","2020-06-02T17:59:20.000Z","0054S000000Ms6RQAS","","a2F4S0000008dd0UAA","5.02","LLC_BI__Credit_Memo_Standard_Product_Package","a2C4S0000008Sk8UAE","a2H4S00000056kbUAA","LLC_BI__Loan_Collateral2__r","Loans","42596807175922283","LLC_BI__Loan_Collateral2__c","","","false","","false"
"a2H4S00000056keUAA","","SC-000010355","2020-06-02T17:59:20.000Z","0054S000000Ms6RQAS","2020-06-02T17:59:20.000Z","0054S000000Ms6RQAS","","a2F4S0000008dd0UAA","5.03","LLC_BI__Credit_Memo_Standard_Product_Package","a2C4S0000008Sk9UAE","a2H4S00000056kbUAA","LLC_BI__Liens__r","Liens","42656578498167426","LLC_BI__Lien__c","","","false","","false"
"a2H4S00000056kfUAA","","SC-000010356","2020-06-02T17:59:20.000Z","0054S000000Ms6RQAS","2020-06-02T17:59:20.000Z","0054S000000Ms6RQAS","","a2F4S0000008dd2UAA","1.01","","a2C4S0000008SkAUAU","","","","42376024485172917","LLC_BI__Product_Package__c","","","false","","false"
"a2H4S00000056kgUAA","","SC-000010357","2020-06-02T17:59:20.000Z","0054S000000Ms6RQAS","2020-06-02T17:59:20.000Z","0054S000000Ms6RQAS","","a2F4S0000008dd2UAA","2.01","","a2C4S0000008SkBUAU","a2H4S00000056kfUAA","LLC_BI__Loan_Facilities__r","","42407854464419006","LLC_BI__Loan__c","","","false","","false"
"a2H4S00000056khUAA","","SC-000010358","2020-06-02T17:59:20.000Z","0054S000000Ms6RQAS","2020-06-02T17:59:20.000Z","0054S000000Ms6RQAS","","a2F4S0000008dd2UAA","3.01","","a2C4S0000008SkCUAU","a2H4S00000056kgUAA","LLC_BI__Loan_Covenants__r","","42601475864186573","LLC_BI__Loan_Covenant__c","","","false","","false"
"a2H4S00000056kiUAA","","SC-000010359","2020-06-02T17:59:20.000Z","0054S000000Ms6RQAS","2020-06-02T17:59:20.000Z","0054S000000Ms6RQAS","","a2F4S0000008dd2UAA","4.01","LLC_BI__Credit_Memo_Standard_Product_Package","a2C4S0000008SkDUAU","a2H4S00000056khUAA","LLC_BI__Covenant2__r","Covenant Details","42173200054514049","LLC_BI__Covenant2__c","","","false","","false"
"a2H4S00000056kjUAA","","SC-000010360","2020-06-02T17:59:20.000Z","0054S000000Ms6RQAS","2020-06-02T17:59:20.000Z","0054S000000Ms6RQAS","","a2F4S0000008dd2UAA","5.01","LLC_BI__Credit_Memo_Standard_Product_Package","a2C4S0000008SkEUAU","a2H4S00000056kiUAA","LLC_BI__Account_Covenants__r","Ownership","42135880036798698","LLC_BI__Account_Covenant__c","","","false","","false"
"a2H4S00000056kkUAA","","SC-000010361","2020-06-02T17:59:20.000Z","0054S000000Ms6RQAS","2020-06-02T17:59:20.000Z","0054S000000Ms6RQAS","","a2F4S0000008dd2UAA","5.02","LLC_BI__Credit_Memo_Standard_Product_Package","a2C4S0000008SkFUAU","a2H4S00000056kiUAA","LLC_BI__Loan_Covenants__r","Loans","42036586837914096","LLC_BI__Loan_Covenant__c","","","false","","false"
"a2H4S00000056klUAA","","SC-000010362","2020-06-02T17:59:20.000Z","0054S000000Ms6RQAS","2020-06-02T17:59:20.000Z","0054S000000Ms6RQAS","","a2F4S0000008dd4UAA","1.01","","a2C4S0000008SkGUAU","","","","42856608723754887","LLC_BI__Product_Package__c","","","false","","false"
"a2H4S00000056kmUAA","","SC-000010363","2020-06-02T17:59:20.000Z","0054S000000Ms6RQAS","2020-06-02T17:59:20.000Z","0054S000000Ms6RQAS","","a2F4S0000008dd4UAA","2.01","","a2C4S0000008SkHUAU","a2H4S00000056klUAA","LLC_BI__Account__r","","42966844612405937","Account","","","false","","false"
"a2H4S00000056knUAA","","SC-000010364","2020-06-02T17:59:20.000Z","0054S000000Ms6RQAS","2020-06-02T17:59:20.000Z","0054S000000Ms6RQAS","","a2F4S0000008dd4UAA","3.01","","a2C4S0000008SkIUAU","a2H4S00000056kmUAA","LLC_BI__Legal_Entities__r","","42143619775457544","LLC_BI__Legal_Entities__c","","","false","","false"
"a2H4S00000056koUAA","","SC-000010365","2020-06-02T17:59:20.000Z","0054S000000Ms6RQAS","2020-06-02T17:59:20.000Z","0054S000000Ms6RQAS","","a2F4S0000008dd4UAA","4.01","LLC_BI__Standard_Product_Package_Credit_Memo_Exp","a2C4S0000008SkJUAU","a2H4S00000056knUAA","LLC_BI__Loan__r","Loans","42166821553823826","LLC_BI__Loan__c","","","false","","false"
"a2H4S00000056kpUAA","","SC-000010366","2020-06-02T17:59:20.000Z","0054S000000Ms6RQAS","2020-06-02T17:59:20.000Z","0054S000000Ms6RQAS","","a2F4S0000008dd4UAA","4.02","LLC_BI__Standard_Product_Package_Credit_Memo","a2C4S0000008SkKUAU","a2H4S00000056knUAA","LLC_BI__Deposit__r","Deposits","42073172007429411","LLC_BI__Deposit__c","","","false","","false"
"a2H4S00000056kqUAA","","SC-000010367","2020-06-02T17:59:20.000Z","0054S000000Ms6RQAS","2020-06-02T17:59:20.000Z","0054S000000Ms6RQAS","","a2F4S0000008dd5UAA","1.01","","a2C4S0000008SkLUAU","","","","42356814262931023","LLC_BI__Product_Package__c","","","false","","false"
"a2H4S00000056krUAA","","SC-000010368","2020-06-02T17:59:20.000Z","0054S000000Ms6RQAS","2020-06-02T17:59:20.000Z","0054S000000Ms6RQAS","","a2F4S0000008dd5UAA","2.01","LLC_BI__Credit_Memo_Standard_Product_Package","a2C4S0000008SkMUAU","a2H4S00000056kqUAA","LLC_BI__Product_Package_Teams__r","","4265913348541758","LLC_BI__Product_Package_Team__c","","","false","","false"
"a2H4S00000056ksUAA","","SC-000010370","2020-06-02T17:59:20.000Z","0054S000000Ms6RQAS","2020-06-02T17:59:20.000Z","0054S000000Ms6RQAS","","a2F4S0000008dc4UAA","1.01","UI_Loan_Details","a2C4S0000008SkNUAU","","","","42355113755085998","LLC_BI__Loan__c","","","false","","false"
"a2H4S00000056ktUAA","","SC-000010371","2020-06-02T17:59:20.000Z","0054S000000Ms6RQAS","2020-06-02T17:59:20.000Z","0054S000000Ms6RQAS","","a2F4S0000008dd8UAA","1.01","UI_Approval_Fields","a2C4S0000008SkOUAU","","","","42068486761861005","LLC_BI__Loan__c","","","false","","false"
"a2H4S00000056kuUAA","","SC-000010372","2020-06-02T17:59:20.000Z","0054S000000Ms6RQAS","2020-06-02T17:59:20.000Z","0054S000000Ms6RQAS","","a2F4S0000008dcKUAQ","1.01","","a2C4S0000008SkPUAU","","","","42919976750688686","LLC_BI__Loan__c","","","false","","false"
"a2H4S00000056kvUAA","","SC-000010373","2020-06-02T17:59:20.000Z","0054S000000Ms6RQAS","2020-06-02T17:59:20.000Z","0054S000000Ms6RQAS","","a2F4S0000008dcKUAQ","2.01","UI_Fees","a2C4S0000008SkQUAU","a2H4S00000056kuUAA","LLC_BI__Fees__r","","42049256418606453","LLC_BI__Fee__c","","","false","","false"
"a2H4S00000056kwUAA","","SC-000010374","2020-06-02T17:59:20.000Z","0054S000000Ms6RQAS","2020-06-02T17:59:20.000Z","0054S000000Ms6RQAS","","a2F4S0000008dd9UAA","1.01","LLC_BI__Service_Details","","","","","42787769521856457","LLC_BI__Treasury_Service__c","","","false","","false"
"a2H4S00000056kxUAA","","SC-000010375","2020-06-02T17:59:20.000Z","0054S000000Ms6RQAS","2020-06-02T17:59:20.000Z","0054S000000Ms6RQAS","","a2F4S0000008ddAUAQ","1.01","UI_Loan_Details","a2C4S0000008SkRUAU","","","","42227760270089452","LLC_BI__Loan__c","","","false","","false"
"a2H4S00000056kyUAA","","SC-000010376","2020-06-02T17:59:20.000Z","0054S000000Ms6RQAS","2020-06-02T17:59:20.000Z","0054S000000Ms6RQAS","","a2F4S0000008ddBUAQ","1.01","LLC_BI__UI_Balance_Information","a2C4S0000008SkSUAU","","","","42958563038355886","LLC_BI__Loan__c","","","false","","false"
"a2H4S00000056kzUAA","","SC-000010377","2020-06-02T17:59:20.000Z","0054S000000Ms6RQAS","2020-06-02T17:59:20.000Z","0054S000000Ms6RQAS","","a2F4S0000008ddCUAQ","1.01","UI_Loan_Narrative","a2C4S0000008SkTUAU","","","","42804242305992322","LLC_BI__Loan__c","","","false","","false"
"a2H4S00000056l0UAA","","SC-000010378","2020-06-02T17:59:20.000Z","0054S000000Ms6RQAS","2020-06-02T17:59:20.000Z","0054S000000Ms6RQAS","","a2F4S0000008ddDUAQ","1.01","LLC_BI__UI_Booked_Information","a2C4S0000008SkUUAU","","","","42361371084748167","LLC_BI__Loan__c","","","false","","false"
"a2H4S00000056l1UAA","","SC-000010379","2020-06-02T17:59:20.000Z","0054S000000Ms6RQAS","2020-06-02T17:59:20.000Z","0054S000000Ms6RQAS","","a2F4S0000008ddEUAQ","1.01","","a2C4S0000008SkVUAU","","","","42416214627530769","LLC_BI__Loan__c","","","false","","false"
"a2H4S00000056l2UAA","","SC-000010380","2020-06-02T17:59:20.000Z","0054S000000Ms6RQAS","2020-06-02T17:59:20.000Z","0054S000000Ms6RQAS","","a2F4S0000008ddEUAQ","2.01","UI_Loan_Memo","a2C4S0000008SkWUAU","a2H4S00000056l1UAA","LLC_BI__Change_Memos__r","","42806475681316009","LLC_BI__Credit_Memo_Modifcation__c","","","false","","false"
"a2H4S00000056l3UAA","","SC-000010381","2020-06-02T17:59:20.000Z","0054S000000Ms6RQAS","2020-06-02T17:59:20.000Z","0054S000000Ms6RQAS","","a2F4S0000008dOwUAI","1.01","","a2C4S0000008SkXUAU","","","","42553112414504812","LLC_BI__Product_Package__c","","","false","","false"
"a2H4S00000056l4UAA","","SC-000010382","2020-06-02T17:59:20.000Z","0054S000000Ms6RQAS","2020-06-02T17:59:20.000Z","0054S000000Ms6RQAS","","a2F4S0000008dOwUAI","2.01","LLC_BI__Standard_Product_Package_Credit_Memo","a2C4S0000008SkYUAU","a2H4S00000056l3UAA","LLC_BI__Account__r","","42346842695802568","Account","","","false","","false"
"a2H4S00000056l5UAA","","SC-000010383","2020-06-02T17:59:20.000Z","0054S000000Ms6RQAS","2020-06-02T17:59:20.000Z","0054S000000Ms6RQAS","","a2F4S0000008dOvUAI","1.01","LLC_BI__Standard_Product_Package_Credit_Memo","a2C4S0000008SkZUAU","","","","42285318007906204","LLC_BI__Product_Package__c","","","false","","false"
"a2H4S00000056l6UAA","","SC-000010384","2020-06-02T17:59:20.000Z","0054S000000Ms6RQAS","2020-06-02T17:59:20.000Z","0054S000000Ms6RQAS","","a2F4S0000008dOuUAI","1.01","","a2C4S0000008SkaUAE","","","","42305216522761841","LLC_BI__Product_Package__c","","","false","","false"
"a2H4S00000056l7UAA","","SC-000010385","2020-06-02T17:59:20.000Z","0054S000000Ms6RQAS","2020-06-02T17:59:20.000Z","0054S000000Ms6RQAS","","a2F4S0000008dOuUAI","2.01","LLC_BI__Standard_Product_Package_Credit_Memo","a2C4S0000008SkbUAE","a2H4S00000056l6UAA","LLC_BI__Loan_Facilities__r","Loan Details","42649864336961071","LLC_BI__Loan__c","","","false","","false"
"a2H4S00000056l8UAA","","SC-000010386","2020-06-02T17:59:20.000Z","0054S000000Ms6RQAS","2020-06-02T17:59:20.000Z","0054S000000Ms6RQAS","","a2F4S0000008dOuUAI","3.01","LLC_BI__Standard_Product_Package_Credit_Memo","a2C4S0000008SkcUAE","a2H4S00000056l7UAA","LLC_BI__Legal_Entities__r","Borrower Structure","42675523760740483","LLC_BI__Legal_Entities__c","","","false","","false"
"a2H4S00000056l9UAA","","SC-000010387","2020-06-02T17:59:20.000Z","0054S000000Ms6RQAS","2020-06-02T17:59:20.000Z","0054S000000Ms6RQAS","","a2F4S0000008dOuUAI","3.02","LLC_BI__Standard_Product_Package_Credit_Memo","a2C4S0000008SkdUAE","a2H4S00000056l7UAA","LLC_BI__Fees__r","Fees","42238023838321371","LLC_BI__Fee__c","","","false","","false"
"a2H4S00000056lAUAQ","","SC-000010388","2020-06-02T17:59:20.000Z","0054S000000Ms6RQAS","2020-06-02T17:59:20.000Z","0054S000000Ms6RQAS","","a2F4S0000008dOuUAI","3.03","LLC_BI__Standard_Product_Package_Credit_Memo","a2C4S0000008SkeUAE","a2H4S00000056l7UAA","LLC_BI__Policy_Exceptions__r","Policy Exceptions","42408727743196930","LLC_BI__Policy_Exception__c","","","false","","false"
"a2H4S00000056lBUAQ","","SC-000010389","2020-06-02T17:59:20.000Z","0054S000000Ms6RQAS","2020-06-02T17:59:20.000Z","0054S000000Ms6RQAS","","a2F4S0000008dOuUAI","3.04","LLC_BI__Standard_Product_Package_Credit_Memo","a2C4S0000008SkfUAE","a2H4S00000056l7UAA","LLC_BI__Third_Party_Reports__r","Third Party Reports","42990240622258751","LLC_BI__third_party_report__c","","","false","","false"
"a2H4S00000056lCUAQ","","SC-000010390","2020-06-02T17:59:20.000Z","0054S000000Ms6RQAS","2020-06-02T17:59:20.000Z","0054S000000Ms6RQAS","","a2F4S0000008dOuUAI","3.05","LLC_BI__Standard_Product_Package_Credit_Memo","a2C4S0000008SkgUAE","a2H4S00000056l7UAA","LLC_BI__Participations__r","Participations","42209007448913289","LLC_BI__Participation__c","","","false","","false"
"a2H4S00000056lDUAQ","","SC-000010391","2020-06-02T17:59:20.000Z","0054S000000Ms6RQAS","2020-06-02T17:59:20.000Z","0054S000000Ms6RQAS","","a2F4S0000008dOyUAI","1.01","","a2C4S0000008SkhUAE","","","","42735440093794476","LLC_BI__Product_Package__c","","","false","","false"
"a2H4S00000056lEUAQ","","SC-000010392","2020-06-02T17:59:20.000Z","0054S000000Ms6RQAS","2020-06-02T17:59:20.000Z","0054S000000Ms6RQAS","","a2F4S0000008dOyUAI","2.01","","a2C4S0000008SkiUAE","a2H4S00000056lDUAQ","LLC_BI__Loan_Facilities__r","","42769286682952268","LLC_BI__Loan__c","","","false","","false"
"a2H4S00000056lFUAQ","","SC-000010393","2020-06-02T17:59:20.000Z","0054S000000Ms6RQAS","2020-06-02T17:59:20.000Z","0054S000000Ms6RQAS","","a2F4S0000008dOyUAI","3.01","","a2C4S0000008SkjUAE","a2H4S00000056lEUAQ","LLC_BI__Loan_Collateral__r","","42752368230968044","LLC_BI__Loan_Collateral2__c","","","false","","false"
"a2H4S00000056lGUAQ","","SC-000010394","2020-06-02T17:59:20.000Z","0054S000000Ms6RQAS","2020-06-02T17:59:20.000Z","0054S000000Ms6RQAS","","a2F4S0000008dOyUAI","4.01","LLC_BI__Credit_Memo_Standard_Product_Package","a2C4S0000008SkkUAE","a2H4S00000056lFUAQ","LLC_BI__Collateral__r","Collateral Details","42241371895250171","LLC_BI__Collateral__c","","","false","","false"
"a2H4S00000056lHUAQ","","SC-000010395","2020-06-02T17:59:20.000Z","0054S000000Ms6RQAS","2020-06-02T17:59:20.000Z","0054S000000Ms6RQAS","","a2F4S0000008dOyUAI","5.01","LLC_BI__Credit_Memo_Standard_Product_Package","a2C4S0000008SklUAE","a2H4S00000056lGUAQ","LLC_BI__Account_Collateral__r","Ownership","42809660074952110","LLC_BI__Account_Collateral__c","","","false","","false"
"a2H4S00000056lIUAQ","","SC-000010396","2020-06-02T17:59:20.000Z","0054S000000Ms6RQAS","2020-06-02T17:59:20.000Z","0054S000000Ms6RQAS","","a2F4S0000008dOyUAI","5.02","LLC_BI__Credit_Memo_Standard_Product_Package","a2C4S0000008SkmUAE","a2H4S00000056lGUAQ","LLC_BI__Loan_Collateral2__r","Loans","42880415853103115","LLC_BI__Loan_Collateral2__c","","","false","","false"
"a2H4S00000056lJUAQ","","SC-000010397","2020-06-02T17:59:20.000Z","0054S000000Ms6RQAS","2020-06-02T17:59:20.000Z","0054S000000Ms6RQAS","","a2F4S0000008dOyUAI","5.03","LLC_BI__Credit_Memo_Standard_Product_Package","a2C4S0000008SknUAE","a2H4S00000056lGUAQ","LLC_BI__Liens__r","Liens","42111840021420610","LLC_BI__Lien__c","","","false","","false"
"a2H4S00000056lKUAQ","","SC-000010398","2020-06-02T17:59:20.000Z","0054S000000Ms6RQAS","2020-06-02T17:59:20.000Z","0054S000000Ms6RQAS","","a2F4S0000008dOxUAI","1.01","","a2C4S0000008SkoUAE","","","","42953190553814390","LLC_BI__Product_Package__c","","","false","","false"
"a2H4S00000056lLUAQ","","SC-000010399","2020-06-02T17:59:20.000Z","0054S000000Ms6RQAS","2020-06-02T17:59:20.000Z","0054S000000Ms6RQAS","","a2F4S0000008dOxUAI","2.01","","a2C4S0000008SkpUAE","a2H4S00000056lKUAQ","LLC_BI__Loan_Facilities__r","","42283579473662298","LLC_BI__Loan__c","","","false","","false"
"a2H4S00000056lMUAQ","","SC-000010400","2020-06-02T17:59:20.000Z","0054S000000Ms6RQAS","2020-06-02T17:59:20.000Z","0054S000000Ms6RQAS","","a2F4S0000008dOxUAI","3.01","","a2C4S0000008SkqUAE","a2H4S00000056lLUAQ","LLC_BI__Loan_Covenants__r","","42279778888861777","LLC_BI__Loan_Covenant__c","","","false","","false"
"a2H4S00000056lNUAQ","","SC-000010401","2020-06-02T17:59:20.000Z","0054S000000Ms6RQAS","2020-06-02T17:59:20.000Z","0054S000000Ms6RQAS","","a2F4S0000008dOxUAI","4.01","LLC_BI__Credit_Memo_Standard_Product_Package","a2C4S0000008SkrUAE","a2H4S00000056lMUAQ","LLC_BI__Covenant2__r","Covenant Details","42976606691789909","LLC_BI__Covenant2__c","","","false","","false"
"a2H4S00000056lOUAQ","","SC-000010402","2020-06-02T17:59:20.000Z","0054S000000Ms6RQAS","2020-06-02T17:59:20.000Z","0054S000000Ms6RQAS","","a2F4S0000008dOxUAI","5.01","LLC_BI__Credit_Memo_Standard_Product_Package","a2C4S0000008SksUAE","a2H4S00000056lNUAQ","LLC_BI__Account_Covenants__r","Ownership","42404446166845156","LLC_BI__Account_Covenant__c","","","false","","false"
"a2H4S00000056lPUAQ","","SC-000010403","2020-06-02T17:59:20.000Z","0054S000000Ms6RQAS","2020-06-02T17:59:20.000Z","0054S000000Ms6RQAS","","a2F4S0000008dOxUAI","5.02","LLC_BI__Credit_Memo_Standard_Product_Package","a2C4S0000008SktUAE","a2H4S00000056lNUAQ","LLC_BI__Loan_Covenants__r","Loans","42141452572941863","LLC_BI__Loan_Covenant__c","","","false","","false"
"a2H4S00000056lQUAQ","","SC-000010404","2020-06-02T17:59:20.000Z","0054S000000Ms6RQAS","2020-06-02T17:59:20.000Z","0054S000000Ms6RQAS","","a2F4S0000008ddKUAQ","1.01","","a2C4S0000008SkuUAE","","","","42456296668398422","LLC_BI__Product_Package__c","","","false","","false"
"a2H4S00000056lRUAQ","","SC-000010405","2020-06-02T17:59:20.000Z","0054S000000Ms6RQAS","2020-06-02T17:59:20.000Z","0054S000000Ms6RQAS","","a2F4S0000008ddKUAQ","2.01","","a2C4S0000008SkvUAE","a2H4S00000056lQUAQ","LLC_BI__Account__r","","42349626933879195","Account","","","false","","false"
"a2H4S00000056lSUAQ","","SC-000010406","2020-06-02T17:59:20.000Z","0054S000000Ms6RQAS","2020-06-02T17:59:20.000Z","0054S000000Ms6RQAS","","a2F4S0000008ddKUAQ","3.01","","a2C4S0000008SkwUAE","a2H4S00000056lRUAQ","LLC_BI__Legal_Entities__r","","42624271245678137","LLC_BI__Legal_Entities__c","","","false","","false"
"a2H4S00000056lTUAQ","","SC-000010407","2020-06-02T17:59:20.000Z","0054S000000Ms6RQAS","2020-06-02T17:59:20.000Z","0054S000000Ms6RQAS","","a2F4S0000008ddKUAQ","4.01","LLC_BI__Standard_Product_Package_Credit_Memo_Exp","a2C4S0000008SkxUAE","a2H4S00000056lSUAQ","LLC_BI__Loan__r","Loans","42685263301822279","LLC_BI__Loan__c","","","false","","false"
"a2H4S00000056lUUAQ","","SC-000010408","2020-06-02T17:59:20.000Z","0054S000000Ms6RQAS","2020-06-02T17:59:20.000Z","0054S000000Ms6RQAS","","a2F4S0000008ddKUAQ","4.02","LLC_BI__Standard_Product_Package_Credit_Memo","a2C4S0000008SkyUAE","a2H4S00000056lSUAQ","LLC_BI__Deposit__r","Deposits","42861429364119473","LLC_BI__Deposit__c","","","false","","false"
"a2H4S00000056lVUAQ","","SC-000010409","2020-06-02T17:59:20.000Z","0054S000000Ms6RQAS","2020-06-02T17:59:20.000Z","0054S000000Ms6RQAS","","a2F4S0000008dOzUAI","1.01","","a2C4S0000008SkzUAE","","","","42069773185355403","LLC_BI__Product_Package__c","","","false","","false"
"a2H4S00000056lWUAQ","","SC-000010410","2020-06-02T17:59:20.000Z","0054S000000Ms6RQAS","2020-06-02T17:59:20.000Z","0054S000000Ms6RQAS","","a2F4S0000008dOzUAI","2.01","LLC_BI__Credit_Memo_Standard_Product_Package","a2C4S0000008Sl0UAE","a2H4S00000056lVUAQ","LLC_BI__Product_Package_Teams__r","","42292100665263914","LLC_BI__Product_Package_Team__c","","","false","","false"
"a2H4S00000056lXUAQ","","SC-000010411","2020-06-02T17:59:20.000Z","0054S000000Ms6RQAS","2020-06-02T17:59:20.000Z","0054S000000Ms6RQAS","","a2F4S0000008dP0UAI","1.01","","a2C4S0000008Sl1UAE","","","","42713975232076028","LLC_BI__Product_Package__c","","","false","","false"
"a2H4S00000056lYUAQ","","SC-000010412","2020-06-02T17:59:20.000Z","0054S000000Ms6RQAS","2020-06-02T17:59:20.000Z","0054S000000Ms6RQAS","","a2F4S0000008dP0UAI","2.01","","a2C4S0000008Sl2UAE","a2H4S00000056lXUAQ","LLC_BI__Account__r","","42470837648007069","Account","","","false","","false"
"a2H4S00000056lZUAQ","","SC-000010413","2020-06-02T17:59:20.000Z","0054S000000Ms6RQAS","2020-06-02T17:59:20.000Z","0054S000000Ms6RQAS","","a2F4S0000008dP0UAI","3.01","","a2C4S0000008Sl3UAE","a2H4S00000056lYUAQ","LLC_BI__Legal_Entities__r","","42575413507798711","LLC_BI__Legal_Entities__c","","","false","","false"
"a2H4S00000056laUAA","","SC-000010414","2020-06-02T17:59:20.000Z","0054S000000Ms6RQAS","2020-06-02T17:59:20.000Z","0054S000000Ms6RQAS","","a2F4S0000008dP0UAI","4.01","Standard_Product_Package_Credit_Memo_Exp","a2C4S0000008Sl4UAE","a2H4S00000056lZUAQ","LLC_BI__Loan__r","Loans","42545354781993953","LLC_BI__Loan__c","","","false","","false"
"a2H4S00000056lbUAA","","SC-000010415","2020-06-02T17:59:20.000Z","0054S000000Ms6RQAS","2020-06-02T17:59:20.000Z","0054S000000Ms6RQAS","","a2F4S0000008dP0UAI","4.02","Standard_Product_Package_Credit_Memo","a2C4S0000008Sl5UAE","a2H4S00000056lZUAQ","LLC_BI__Deposit__r","Deposits","42073780520595737","LLC_BI__Deposit__c","","","false","","false"
"a2H4S00000056lcUAA","","SC-000010416","2020-06-02T17:59:20.000Z","0054S000000Ms6RQAS","2020-06-02T17:59:20.000Z","0054S000000Ms6RQAS","","a2F4S0000008dP1UAI","1.01","","a2C4S0000008Sl6UAE","","","","42461958138292728","LLC_BI__Product_Package__c","","","false","","false"
"a2H4S00000056ldUAA","","SC-000010417","2020-06-02T17:59:20.000Z","0054S000000Ms6RQAS","2020-06-02T17:59:20.000Z","0054S000000Ms6RQAS","","a2F4S0000008dP1UAI","2.01","Standard_Product_Package_Credit_Memo","a2C4S0000008Sl7UAE","a2H4S00000056lcUAA","LLC_BI__Loan_Facilities__r","Loan Details","42208692718576374","LLC_BI__Loan__c","","","false","","false"
"a2H4S00000056leUAA","","SC-000010418","2020-06-02T17:59:20.000Z","0054S000000Ms6RQAS","2020-06-02T17:59:20.000Z","0054S000000Ms6RQAS","","a2F4S0000008dP1UAI","3.01","Standard_Product_Package_Credit_Memo","a2C4S0000008Sl8UAE","a2H4S00000056ldUAA","LLC_BI__Legal_Entities__r","Borrower Structure","42757649497489510","LLC_BI__Legal_Entities__c","","","false","","false"
"a2H4S00000056lfUAA","","SC-000010419","2020-06-02T17:59:20.000Z","0054S000000Ms6RQAS","2020-06-02T17:59:20.000Z","0054S000000Ms6RQAS","","a2F4S0000008dP1UAI","3.02","Standard_Product_Package_Credit_Memo","a2C4S0000008Sl9UAE","a2H4S00000056ldUAA","LLC_BI__Fees__r","Fees","42783989650168398","LLC_BI__Fee__c","","","false","","false"
"a2H4S00000056lgUAA","","SC-000010420","2020-06-02T17:59:20.000Z","0054S000000Ms6RQAS","2020-06-02T17:59:20.000Z","0054S000000Ms6RQAS","","a2F4S0000008dP1UAI","3.03","Standard_Product_Package_Credit_Memo","a2C4S0000008SlAUAU","a2H4S00000056ldUAA","LLC_BI__Policy_Exceptions__r","Policy Exceptions","42105782260281092","LLC_BI__Policy_Exception__c","","","false","","false"
"a2H4S00000056lhUAA","","SC-000010421","2020-06-02T17:59:20.000Z","0054S000000Ms6RQAS","2020-06-02T17:59:20.000Z","0054S000000Ms6RQAS","","a2F4S0000008dP1UAI","3.04","Standard_Product_Package_Credit_Memo","a2C4S0000008SlBUAU","a2H4S00000056ldUAA","LLC_BI__Third_Party_Reports__r","Third Party Reports","42087662775736846","LLC_BI__third_party_report__c","","","false","","false"
"a2H4S00000056liUAA","","SC-000010422","2020-06-02T17:59:20.000Z","0054S000000Ms6RQAS","2020-06-02T17:59:20.000Z","0054S000000Ms6RQAS","","a2F4S0000008dP1UAI","3.05","Standard_Product_Package_Credit_Memo","a2C4S0000008SlCUAU","a2H4S00000056ldUAA","LLC_BI__Participations__r","Participations","42713219043195910","LLC_BI__Participation__c","","","false","","false"
"a2H4S00000056ljUAA","","SC-000010423","2020-06-02T17:59:20.000Z","0054S000000Ms6RQAS","2020-06-02T17:59:20.000Z","0054S000000Ms6RQAS","","a2F4S0000008dP2UAI","1.01","Standard_Product_Package_Credit_Memo","a2C4S0000008SlDUAU","","","","42774553511778322","LLC_BI__Product_Package__c","","","false","","false"
"a2H4S00000056lkUAA","","SC-000010424","2020-06-02T17:59:20.000Z","0054S000000Ms6RQAS","2020-06-02T17:59:20.000Z","0054S000000Ms6RQAS","","a2F4S0000008dP3UAI","1.01","","a2C4S0000008SlEUAU","","","","42654698292994893","LLC_BI__Product_Package__c","","","false","","false"
"a2H4S00000056llUAA","","SC-000010425","2020-06-02T17:59:20.000Z","0054S000000Ms6RQAS","2020-06-02T17:59:20.000Z","0054S000000Ms6RQAS","","a2F4S0000008dP3UAI","2.01","Standard_Product_Package_Credit_Memo","a2C4S0000008SlFUAU","a2H4S00000056lkUAA","LLC_BI__Account__r","","42251624949308181","Account","","","false","","false"
"a2H4S00000056lmUAA","","SC-000010426","2020-06-02T17:59:20.000Z","0054S000000Ms6RQAS","2020-06-02T17:59:20.000Z","0054S000000Ms6RQAS","","a2F4S0000008dP4UAI","1.01","","a2C4S0000008SlGUAU","","","","42089985730188422","LLC_BI__Product_Package__c","","","false","","false"
"a2H4S00000056lnUAA","","SC-000010427","2020-06-02T17:59:20.000Z","0054S000000Ms6RQAS","2020-06-02T17:59:20.000Z","0054S000000Ms6RQAS","","a2F4S0000008dP4UAI","2.01","Credit_Memo_Standard_Product_Package","a2C4S0000008SlHUAU","a2H4S00000056lmUAA","LLC_BI__Product_Package_Teams__r","","42208789743441793","LLC_BI__Product_Package_Team__c","","","false","","false"
"a2H4S00000056loUAA","","SC-000010428","2020-06-02T17:59:20.000Z","0054S000000Ms6RQAS","2020-06-02T17:59:20.000Z","0054S000000Ms6RQAS","","a2F4S0000008dP5UAI","1.01","","a2C4S0000008SlIUAU","","","","42705056357353708","LLC_BI__Product_Package__c","","","false","","false"
"a2H4S00000056lpUAA","","SC-000010429","2020-06-02T17:59:20.000Z","0054S000000Ms6RQAS","2020-06-02T17:59:20.000Z","0054S000000Ms6RQAS","","a2F4S0000008dP5UAI","2.01","","a2C4S0000008SlJUAU","a2H4S00000056loUAA","LLC_BI__Loan_Facilities__r","","42107387817587774","LLC_BI__Loan__c","","","false","","false"
"a2H4S00000056lqUAA","","SC-000010430","2020-06-02T17:59:20.000Z","0054S000000Ms6RQAS","2020-06-02T17:59:20.000Z","0054S000000Ms6RQAS","","a2F4S0000008dP5UAI","3.01","","a2C4S0000008SlKUAU","a2H4S00000056lpUAA","LLC_BI__Loan_Collateral__r","","42218834053937522","LLC_BI__Loan_Collateral2__c","","","false","","false"
"a2H4S00000056lrUAA","","SC-000010431","2020-06-02T17:59:20.000Z","0054S000000Ms6RQAS","2020-06-02T17:59:20.000Z","0054S000000Ms6RQAS","","a2F4S0000008dP5UAI","4.01","Credit_Memo_Standard_Product_Package","a2C4S0000008SlLUAU","a2H4S00000056lqUAA","LLC_BI__Collateral__r","Collateral Details","42477640196326994","LLC_BI__Collateral__c","","","false","","false"
"a2H4S00000056lsUAA","","SC-000010432","2020-06-02T17:59:20.000Z","0054S000000Ms6RQAS","2020-06-02T17:59:20.000Z","0054S000000Ms6RQAS","","a2F4S0000008dP5UAI","5.01","Credit_Memo_Standard_Product_Package","a2C4S0000008SlMUAU","a2H4S00000056lrUAA","LLC_BI__Account_Collateral__r","Ownership","42123833122650462","LLC_BI__Account_Collateral__c","","","false","","false"
"a2H4S00000056ltUAA","","SC-000010433","2020-06-02T17:59:20.000Z","0054S000000Ms6RQAS","2020-06-02T17:59:20.000Z","0054S000000Ms6RQAS","","a2F4S0000008dP5UAI","5.02","Credit_Memo_Standard_Product_Package","a2C4S0000008SlNUAU","a2H4S00000056lrUAA","LLC_BI__Loan_Collateral2__r","Loans","42754843308468725","LLC_BI__Loan_Collateral2__c","","","false","","false"
"a2H4S00000056luUAA","","SC-000010434","2020-06-02T17:59:20.000Z","0054S000000Ms6RQAS","2020-06-02T17:59:20.000Z","0054S000000Ms6RQAS","","a2F4S0000008dP5UAI","5.03","Credit_Memo_Standard_Product_Package","a2C4S0000008SlOUAU","a2H4S00000056lrUAA","LLC_BI__Liens__r","Liens","42820307440894512","LLC_BI__Lien__c","","","false","","false"
"a2H4S00000056lvUAA","","SC-000010435","2020-06-02T17:59:20.000Z","0054S000000Ms6RQAS","2020-06-02T17:59:20.000Z","0054S000000Ms6RQAS","","a2F4S0000008dP6UAI","1.01","","a2C4S0000008SlPUAU","","","","42095722682659059","LLC_BI__Product_Package__c","","","false","","false"
"a2H4S00000056lwUAA","","SC-000010436","2020-06-02T17:59:20.000Z","0054S000000Ms6RQAS","2020-06-02T17:59:20.000Z","0054S000000Ms6RQAS","","a2F4S0000008dP6UAI","2.01","","a2C4S0000008SlQUAU","a2H4S00000056lvUAA","LLC_BI__Loan_Facilities__r","","42550995901381166","LLC_BI__Loan__c","","","false","","false"
"a2H4S00000056lxUAA","","SC-000010437","2020-06-02T17:59:20.000Z","0054S000000Ms6RQAS","2020-06-02T17:59:20.000Z","0054S000000Ms6RQAS","","a2F4S0000008dP6UAI","3.01","","a2C4S0000008SlRUAU","a2H4S00000056lwUAA","LLC_BI__Loan_Covenants__r","","42063825043056600","LLC_BI__Loan_Covenant__c","","","false","","false"
"a2H4S00000056lyUAA","","SC-000010438","2020-06-02T17:59:20.000Z","0054S000000Ms6RQAS","2020-06-02T17:59:20.000Z","0054S000000Ms6RQAS","","a2F4S0000008dP6UAI","4.01","Credit_Memo_Standard_Product_Package","a2C4S0000008SlSUAU","a2H4S00000056lxUAA","LLC_BI__Covenant2__r","Covenant Details","42121115097981882","LLC_BI__Covenant2__c","","","false","","false"
"a2H4S00000056lzUAA","","SC-000010439","2020-06-02T17:59:20.000Z","0054S000000Ms6RQAS","2020-06-02T17:59:20.000Z","0054S000000Ms6RQAS","","a2F4S0000008dP6UAI","5.01","Credit_Memo_Standard_Product_Package","a2C4S0000008SlTUAU","a2H4S00000056lyUAA","LLC_BI__Account_Covenants__r","Ownership","42610003095613996","LLC_BI__Account_Covenant__c","","","false","","false"
"a2H4S00000056m0UAA","","SC-000010440","2020-06-02T17:59:20.000Z","0054S000000Ms6RQAS","2020-06-02T17:59:20.000Z","0054S000000Ms6RQAS","","a2F4S0000008dP6UAI","5.02","Credit_Memo_Standard_Product_Package","a2C4S0000008SlUUAU","a2H4S00000056lyUAA","LLC_BI__Loan_Covenants__r","Loans","42216222535267817","LLC_BI__Loan_Covenant__c","","","false","","false"
"a2H4S00000056m1UAA","","SC-000010441","2020-06-02T17:59:20.000Z","0054S000000Ms6RQAS","2020-06-02T17:59:20.000Z","0054S000000Ms6RQAS","","a2F4S0000008dP9UAI","1.01","","a2C4S0000008SlVUAU","","","","42091309321811504","LLC_BI__Product_Package__c","","","false","","false"
"a2H4S00000056m2UAA","","SC-000010442","2020-06-02T17:59:20.000Z","0054S000000Ms6RQAS","2020-06-02T17:59:20.000Z","0054S000000Ms6RQAS","","a2F4S0000008dP9UAI","2.01","LLC_BI__Standard_Product_Package_Credit_Memo","a2C4S0000008SlWUAU","a2H4S00000056m1UAA","LLC_BI__Account__r","","42426946285093434","Account","","","false","","false"
"a2H4S00000056m3UAA","","SC-000010443","2020-06-02T17:59:20.000Z","0054S000000Ms6RQAS","2020-06-02T17:59:20.000Z","0054S000000Ms6RQAS","","a2F4S0000008dPAUAY","1.01","LLC_BI__Standard_Product_Package_Credit_Memo","a2C4S0000008SlXUAU","","","","42933438977479012","LLC_BI__Product_Package__c","","","false","","false"
"a2H4S00000056m4UAA","","SC-000010444","2020-06-02T17:59:20.000Z","0054S000000Ms6RQAS","2020-06-02T17:59:20.000Z","0054S000000Ms6RQAS","","a2F4S0000008dPCUAY","1.01","","a2C4S0000008SlYUAU","","","","42091092434332877","LLC_BI__Product_Package__c","","","false","","false"
"a2H4S00000056m5UAA","","SC-000010445","2020-06-02T17:59:20.000Z","0054S000000Ms6RQAS","2020-06-02T17:59:20.000Z","0054S000000Ms6RQAS","","a2F4S0000008dPCUAY","2.01","LLC_BI__Standard_Product_Package_Credit_Memo","a2C4S0000008SlZUAU","a2H4S00000056m4UAA","LLC_BI__Loan_Facilities__r","Loan Details","42458781856539353","LLC_BI__Loan__c","","","false","","false"
"a2H4S00000056m6UAA","","SC-000010446","2020-06-02T17:59:20.000Z","0054S000000Ms6RQAS","2020-06-02T17:59:20.000Z","0054S000000Ms6RQAS","","a2F4S0000008dPCUAY","3.01","LLC_BI__Standard_Product_Package_Credit_Memo","a2C4S0000008SlaUAE","a2H4S00000056m5UAA","LLC_BI__Legal_Entities__r","Borrower Structure","42303570325479006","LLC_BI__Legal_Entities__c","","","false","","false"
"a2H4S00000056m7UAA","","SC-000010447","2020-06-02T17:59:20.000Z","0054S000000Ms6RQAS","2020-06-02T17:59:20.000Z","0054S000000Ms6RQAS","","a2F4S0000008dPCUAY","3.02","LLC_BI__Standard_Product_Package_Credit_Memo","a2C4S0000008SlbUAE","a2H4S00000056m5UAA","LLC_BI__Fees__r","Fees","42317681976591419","LLC_BI__Fee__c","","","false","","false"
"a2H4S00000056m8UAA","","SC-000010448","2020-06-02T17:59:20.000Z","0054S000000Ms6RQAS","2020-06-02T17:59:20.000Z","0054S000000Ms6RQAS","","a2F4S0000008dPCUAY","3.03","LLC_BI__Standard_Product_Package_Credit_Memo","a2C4S0000008SlcUAE","a2H4S00000056m5UAA","LLC_BI__Policy_Exceptions__r","Policy Exceptions","42381520726601247","LLC_BI__Policy_Exception__c","","","false","","false"
"a2H4S00000056m9UAA","","SC-000010449","2020-06-02T17:59:20.000Z","0054S000000Ms6RQAS","2020-06-02T17:59:20.000Z","0054S000000Ms6RQAS","","a2F4S0000008dPCUAY","3.04","LLC_BI__Standard_Product_Package_Credit_Memo","a2C4S0000008SldUAE","a2H4S00000056m5UAA","LLC_BI__Third_Party_Reports__r","Third Party Reports","42948131115090083","LLC_BI__third_party_report__c","","","false","","false"
"a2H4S00000056mAUAQ","","SC-000010450","2020-06-02T17:59:20.000Z","0054S000000Ms6RQAS","2020-06-02T17:59:20.000Z","0054S000000Ms6RQAS","","a2F4S0000008dPCUAY","3.05","LLC_BI__Standard_Product_Package_Credit_Memo","a2C4S0000008SleUAE","a2H4S00000056m5UAA","LLC_BI__Participations__r","Participations","42572817308363358","LLC_BI__Participation__c","","","false","","false"
"a2H4S00000056mBUAQ","","SC-000010451","2020-06-02T17:59:20.000Z","0054S000000Ms6RQAS","2020-06-02T17:59:20.000Z","0054S000000Ms6RQAS","","a2F4S0000008dPBUAY","1.01","","a2C4S0000008SlfUAE","","","","42920920429734299","LLC_BI__Product_Package__c","","","false","","false"
"a2H4S00000056mCUAQ","","SC-000010452","2020-06-02T17:59:20.000Z","0054S000000Ms6RQAS","2020-06-02T17:59:20.000Z","0054S000000Ms6RQAS","","a2F4S0000008dPBUAY","2.01","","a2C4S0000008SlgUAE","a2H4S00000056mBUAQ","LLC_BI__Loan_Facilities__r","","42846322635742885","LLC_BI__Loan__c","","","false","","false"
"a2H4S00000056mDUAQ","","SC-000010453","2020-06-02T17:59:20.000Z","0054S000000Ms6RQAS","2020-06-02T17:59:20.000Z","0054S000000Ms6RQAS","","a2F4S0000008dPBUAY","3.01","","a2C4S0000008SlhUAE","a2H4S00000056mCUAQ","LLC_BI__Loan_Collateral__r","","42659880541076667","LLC_BI__Loan_Collateral2__c","","","false","","false"
"a2H4S00000056mEUAQ","","SC-000010454","2020-06-02T17:59:20.000Z","0054S000000Ms6RQAS","2020-06-02T17:59:20.000Z","0054S000000Ms6RQAS","","a2F4S0000008dPBUAY","4.01","LLC_BI__Credit_Memo_Standard_Product_Package","a2C4S0000008SliUAE","a2H4S00000056mDUAQ","LLC_BI__Collateral__r","Collateral Details","42324910066101961","LLC_BI__Collateral__c","","","false","","false"
"a2H4S00000056mFUAQ","","SC-000010455","2020-06-02T17:59:20.000Z","0054S000000Ms6RQAS","2020-06-02T17:59:20.000Z","0054S000000Ms6RQAS","","a2F4S0000008dPBUAY","5.01","LLC_BI__Credit_Memo_Standard_Product_Package","a2C4S0000008SljUAE","a2H4S00000056mEUAQ","LLC_BI__Account_Collateral__r","Ownership","42352135555144274","LLC_BI__Account_Collateral__c","","","false","","false"
"a2H4S00000056mGUAQ","","SC-000010456","2020-06-02T17:59:20.000Z","0054S000000Ms6RQAS","2020-06-02T17:59:20.000Z","0054S000000Ms6RQAS","","a2F4S0000008dPBUAY","5.02","LLC_BI__Credit_Memo_Standard_Product_Package","a2C4S0000008SlkUAE","a2H4S00000056mEUAQ","LLC_BI__Loan_Collateral2__r","Loans","42198440380260960","LLC_BI__Loan_Collateral2__c","","","false","","false"
"a2H4S00000056mHUAQ","","SC-000010457","2020-06-02T17:59:20.000Z","0054S000000Ms6RQAS","2020-06-02T17:59:20.000Z","0054S000000Ms6RQAS","","a2F4S0000008dPBUAY","5.03","LLC_BI__Credit_Memo_Standard_Product_Package","a2C4S0000008SllUAE","a2H4S00000056mEUAQ","LLC_BI__Liens__r","Liens","42064429827735536","LLC_BI__Lien__c","","","false","","false"
"a2H4S00000056mIUAQ","","SC-000010458","2020-06-02T17:59:20.000Z","0054S000000Ms6RQAS","2020-06-02T17:59:20.000Z","0054S000000Ms6RQAS","","a2F4S0000008dP7UAI","1.01","","a2C4S0000008SlmUAE","","","","42863071350823002","LLC_BI__Product_Package__c","","","false","","false"
"a2H4S00000056mJUAQ","","SC-000010459","2020-06-02T17:59:20.000Z","0054S000000Ms6RQAS","2020-06-02T17:59:20.000Z","0054S000000Ms6RQAS","","a2F4S0000008dP7UAI","2.01","","a2C4S0000008SlnUAE","a2H4S00000056mIUAQ","LLC_BI__Loan_Facilities__r","","42781884196996445","LLC_BI__Loan__c","","","false","","false"
"a2H4S00000056mKUAQ","","SC-000010460","2020-06-02T17:59:20.000Z","0054S000000Ms6RQAS","2020-06-02T17:59:20.000Z","0054S000000Ms6RQAS","","a2F4S0000008dP7UAI","3.01","","a2C4S0000008SloUAE","a2H4S00000056mJUAQ","LLC_BI__Loan_Covenants__r","","42646762332123880","LLC_BI__Loan_Covenant__c","","","false","","false"
"a2H4S00000056mLUAQ","","SC-000010461","2020-06-02T17:59:20.000Z","0054S000000Ms6RQAS","2020-06-02T17:59:20.000Z","0054S000000Ms6RQAS","","a2F4S0000008dP7UAI","4.01","LLC_BI__Credit_Memo_Standard_Product_Package","a2C4S0000008SlpUAE","a2H4S00000056mKUAQ","LLC_BI__Covenant2__r","Covenant Details","42631323616828021","LLC_BI__Covenant2__c","","","false","","false"
"a2H4S00000056mMUAQ","","SC-000010462","2020-06-02T17:59:20.000Z","0054S000000Ms6RQAS","2020-06-02T17:59:20.000Z","0054S000000Ms6RQAS","","a2F4S0000008dP7UAI","5.01","LLC_BI__Credit_Memo_Standard_Product_Package","a2C4S0000008SlqUAE","a2H4S00000056mLUAQ","LLC_BI__Account_Covenants__r","Ownership","42868553595654145","LLC_BI__Account_Covenant__c","","","false","","false"
"a2H4S00000056mNUAQ","","SC-000010463","2020-06-02T17:59:20.000Z","0054S000000Ms6RQAS","2020-06-02T17:59:20.000Z","0054S000000Ms6RQAS","","a2F4S0000008dP7UAI","5.02","LLC_BI__Credit_Memo_Standard_Product_Package","a2C4S0000008SlrUAE","a2H4S00000056mLUAQ","LLC_BI__Loan_Covenants__r","Loans","42854032702645148","LLC_BI__Loan_Covenant__c","","","false","","false"
"a2H4S00000056mOUAQ","","SC-000010464","2020-06-02T17:59:20.000Z","0054S000000Ms6RQAS","2020-06-02T17:59:20.000Z","0054S000000Ms6RQAS","","a2F4S0000008ddXUAQ","1.01","","a2C4S0000008SlsUAE","","","","42750478865212267","LLC_BI__Product_Package__c","","","false","","false"
"a2H4S00000056mPUAQ","","SC-000010465","2020-06-02T17:59:20.000Z","0054S000000Ms6RQAS","2020-06-02T17:59:20.000Z","0054S000000Ms6RQAS","","a2F4S0000008ddXUAQ","2.01","","a2C4S0000008SltUAE","a2H4S00000056mOUAQ","LLC_BI__Account__r","","42226619185913415","Account","","","false","","false"
"a2H4S00000056mQUAQ","","SC-000010466","2020-06-02T17:59:20.000Z","0054S000000Ms6RQAS","2020-06-02T17:59:20.000Z","0054S000000Ms6RQAS","","a2F4S0000008ddXUAQ","3.01","","a2C4S0000008SluUAE","a2H4S00000056mPUAQ","LLC_BI__Legal_Entities__r","","42331607246291720","LLC_BI__Legal_Entities__c","","","false","","false"
"a2H4S00000056mRUAQ","","SC-000010467","2020-06-02T17:59:20.000Z","0054S000000Ms6RQAS","2020-06-02T17:59:20.000Z","0054S000000Ms6RQAS","","a2F4S0000008ddXUAQ","4.01","LLC_BI__Standard_Product_Package_Credit_Memo_Exp","a2C4S0000008SlvUAE","a2H4S00000056mQUAQ","LLC_BI__Loan__r","Loans","42418911655264522","LLC_BI__Loan__c","","","false","","false"
"a2H4S00000056mSUAQ","","SC-000010468","2020-06-02T17:59:20.000Z","0054S000000Ms6RQAS","2020-06-02T17:59:20.000Z","0054S000000Ms6RQAS","","a2F4S0000008ddXUAQ","4.02","LLC_BI__Standard_Product_Package_Credit_Memo","a2C4S0000008SlwUAE","a2H4S00000056mQUAQ","LLC_BI__Deposit__r","Deposits","42798488684785695","LLC_BI__Deposit__c","","","false","","false"
"a2H4S00000056mTUAQ","","SC-000010469","2020-06-02T17:59:20.000Z","0054S000000Ms6RQAS","2020-06-02T17:59:20.000Z","0054S000000Ms6RQAS","","a2F4S0000008dP8UAI","1.01","","a2C4S0000008SlxUAE","","","","42795545956466064","LLC_BI__Product_Package__c","","","false","","false"
"a2H4S00000056mUUAQ","","SC-000010470","2020-06-02T17:59:20.000Z","0054S000000Ms6RQAS","2020-06-02T17:59:20.000Z","0054S000000Ms6RQAS","","a2F4S0000008dP8UAI","2.01","LLC_BI__Credit_Memo_Standard_Product_Package","a2C4S0000008SlyUAE","a2H4S00000056mTUAQ","LLC_BI__Product_Package_Teams__r","","42468047293740128","LLC_BI__Product_Package_Team__c","","","false","","false"
"a2H4S00000056mVUAQ","","SC-000010471","2020-06-02T17:59:20.000Z","0054S000000Ms6RQAS","2020-06-02T17:59:20.000Z","0054S000000Ms6RQAS","","a2F4S0000008dPDUAY","1.01","","a2C4S0000008SlzUAE","","","","42058528406399089","LLC_BI__Product_Package__c","","","false","","false"
"a2H4S00000056mWUAQ","","SC-000010472","2020-06-02T17:59:20.000Z","0054S000000Ms6RQAS","2020-06-02T17:59:20.000Z","0054S000000Ms6RQAS","","a2F4S0000008dPDUAY","2.01","","a2C4S0000008Sm0UAE","a2H4S00000056mVUAQ","LLC_BI__Account__r","","42093885801045970","Account","","","false","","false"
"a2H4S00000056mXUAQ","","SC-000010473","2020-06-02T17:59:20.000Z","0054S000000Ms6RQAS","2020-06-02T17:59:20.000Z","0054S000000Ms6RQAS","","a2F4S0000008dPDUAY","3.01","","a2C4S0000008Sm1UAE","a2H4S00000056mWUAQ","LLC_BI__Legal_Entities__r","","42720263294056363","LLC_BI__Legal_Entities__c","","","false","","false"
"a2H4S00000056mYUAQ","","SC-000010474","2020-06-02T17:59:20.000Z","0054S000000Ms6RQAS","2020-06-02T17:59:20.000Z","0054S000000Ms6RQAS","","a2F4S0000008dPDUAY","4.01","Standard_Product_Package_Credit_Memo_Exp","a2C4S0000008Sm2UAE","a2H4S00000056mXUAQ","LLC_BI__Loan__r","Loans","42423081934095205","LLC_BI__Loan__c","","","false","","false"
"a2H4S00000056mZUAQ","","SC-000010475","2020-06-02T17:59:20.000Z","0054S000000Ms6RQAS","2020-06-02T17:59:20.000Z","0054S000000Ms6RQAS","","a2F4S0000008dPDUAY","4.02","Standard_Product_Package_Credit_Memo","a2C4S0000008Sm3UAE","a2H4S00000056mXUAQ","LLC_BI__Deposit__r","Deposits","42516247926691097","LLC_BI__Deposit__c","","","false","","false"
"a2H4S00000056maUAA","","SC-000010476","2020-06-02T17:59:20.000Z","0054S000000Ms6RQAS","2020-06-02T17:59:20.000Z","0054S000000Ms6RQAS","","a2F4S0000008dPEUAY","1.01","","a2C4S0000008Sm4UAE","","","","42877094766402935","LLC_BI__Product_Package__c","","","false","","false"
"a2H4S00000056mbUAA","","SC-000010477","2020-06-02T17:59:20.000Z","0054S000000Ms6RQAS","2020-06-02T17:59:20.000Z","0054S000000Ms6RQAS","","a2F4S0000008dPEUAY","2.01","Standard_Product_Package_Credit_Memo","a2C4S0000008Sm5UAE","a2H4S00000056maUAA","LLC_BI__Loan_Facilities__r","Loan Details","42751151889629172","LLC_BI__Loan__c","","","false","","false"
"a2H4S00000056mcUAA","","SC-000010478","2020-06-02T17:59:20.000Z","0054S000000Ms6RQAS","2020-06-02T17:59:20.000Z","0054S000000Ms6RQAS","","a2F4S0000008dPEUAY","3.01","Standard_Product_Package_Credit_Memo","a2C4S0000008Sm6UAE","a2H4S00000056mbUAA","LLC_BI__Legal_Entities__r","Borrower Structure","42196656655329411","LLC_BI__Legal_Entities__c","","","false","","false"
"a2H4S00000056mdUAA","","SC-000010479","2020-06-02T17:59:20.000Z","0054S000000Ms6RQAS","2020-06-02T17:59:20.000Z","0054S000000Ms6RQAS","","a2F4S0000008dPEUAY","3.02","Standard_Product_Package_Credit_Memo","a2C4S0000008Sm7UAE","a2H4S00000056mbUAA","LLC_BI__Fees__r","Fees","42592002350264334","LLC_BI__Fee__c","","","false","","false"
"a2H4S00000056meUAA","","SC-000010480","2020-06-02T17:59:20.000Z","0054S000000Ms6RQAS","2020-06-02T17:59:20.000Z","0054S000000Ms6RQAS","","a2F4S0000008dPEUAY","3.03","Standard_Product_Package_Credit_Memo","a2C4S0000008Sm8UAE","a2H4S00000056mbUAA","LLC_BI__Policy_Exceptions__r","Policy Exceptions","42683277979986066","LLC_BI__Policy_Exception__c","","","false","","false"
"a2H4S00000056mfUAA","","SC-000010481","2020-06-02T17:59:20.000Z","0054S000000Ms6RQAS","2020-06-02T17:59:20.000Z","0054S000000Ms6RQAS","","a2F4S0000008dPEUAY","3.04","Standard_Product_Package_Credit_Memo","a2C4S0000008Sm9UAE","a2H4S00000056mbUAA","LLC_BI__Third_Party_Reports__r","Third Party Reports","42834357201510121","LLC_BI__third_party_report__c","","","false","","false"
"a2H4S00000056mgUAA","","SC-000010482","2020-06-02T17:59:20.000Z","0054S000000Ms6RQAS","2020-06-02T17:59:20.000Z","0054S000000Ms6RQAS","","a2F4S0000008dPEUAY","3.05","Standard_Product_Package_Credit_Memo","a2C4S0000008SmAUAU","a2H4S00000056mbUAA","LLC_BI__Participations__r","Participations","42783086247035763","LLC_BI__Participation__c","","","false","","false"
"a2H4S00000056mhUAA","","SC-000010483","2020-06-02T17:59:20.000Z","0054S000000Ms6RQAS","2020-06-02T17:59:20.000Z","0054S000000Ms6RQAS","","a2F4S0000008dPFUAY","1.01","Standard_Product_Package_Credit_Memo","a2C4S0000008SmBUAU","","","","42323784531902015","LLC_BI__Product_Package__c","","","false","","false"
"a2H4S00000056miUAA","","SC-000010484","2020-06-02T17:59:20.000Z","0054S000000Ms6RQAS","2020-06-02T17:59:20.000Z","0054S000000Ms6RQAS","","a2F4S0000008dPGUAY","1.01","","a2C4S0000008SmCUAU","","","","42418360411289129","LLC_BI__Product_Package__c","","","false","","false"
"a2H4S00000056mjUAA","","SC-000010485","2020-06-02T17:59:20.000Z","0054S000000Ms6RQAS","2020-06-02T17:59:20.000Z","0054S000000Ms6RQAS","","a2F4S0000008dPGUAY","2.01","Standard_Product_Package_Credit_Memo","a2C4S0000008SmDUAU","a2H4S00000056miUAA","LLC_BI__Account__r","","42063871976807378","Account","","","false","","false"
"a2H4S00000056mkUAA","","SC-000010486","2020-06-02T17:59:20.000Z","0054S000000Ms6RQAS","2020-06-02T17:59:20.000Z","0054S000000Ms6RQAS","","a2F4S0000008dPHUAY","1.01","","a2C4S0000008SmEUAU","","","","42030873948590885","LLC_BI__Product_Package__c","","","false","","false"
"a2H4S00000056mlUAA","","SC-000010487","2020-06-02T17:59:20.000Z","0054S000000Ms6RQAS","2020-06-02T17:59:20.000Z","0054S000000Ms6RQAS","","a2F4S0000008dPHUAY","2.01","Credit_Memo_Standard_Product_Package","a2C4S0000008SmFUAU","a2H4S00000056mkUAA","LLC_BI__Product_Package_Teams__r","","42933567601875504","LLC_BI__Product_Package_Team__c","","","false","","false"
"a2H4S00000056mmUAA","","SC-000010488","2020-06-02T17:59:20.000Z","0054S000000Ms6RQAS","2020-06-02T17:59:20.000Z","0054S000000Ms6RQAS","","a2F4S0000008dPIUAY","1.01","","a2C4S0000008SmGUAU","","","","42210321127845442","LLC_BI__Product_Package__c","","","false","","false"
"a2H4S00000056mnUAA","","SC-000010489","2020-06-02T17:59:20.000Z","0054S000000Ms6RQAS","2020-06-02T17:59:20.000Z","0054S000000Ms6RQAS","","a2F4S0000008dPIUAY","2.01","","a2C4S0000008SmHUAU","a2H4S00000056mmUAA","LLC_BI__Loan_Facilities__r","","42379387970115809","LLC_BI__Loan__c","","","false","","false"
"a2H4S00000056moUAA","","SC-000010490","2020-06-02T17:59:20.000Z","0054S000000Ms6RQAS","2020-06-02T17:59:20.000Z","0054S000000Ms6RQAS","","a2F4S0000008dPIUAY","3.01","","a2C4S0000008SmIUAU","a2H4S00000056mnUAA","LLC_BI__Loan_Collateral__r","","42121315497268537","LLC_BI__Loan_Collateral2__c","","","false","","false"
"a2H4S00000056mpUAA","","SC-000010491","2020-06-02T17:59:20.000Z","0054S000000Ms6RQAS","2020-06-02T17:59:20.000Z","0054S000000Ms6RQAS","","a2F4S0000008dPIUAY","4.01","Credit_Memo_Standard_Product_Package","a2C4S0000008SmJUAU","a2H4S00000056moUAA","LLC_BI__Collateral__r","Collateral Details","42705335113732625","LLC_BI__Collateral__c","","","false","","false"
"a2H4S00000056mqUAA","","SC-000010492","2020-06-02T17:59:20.000Z","0054S000000Ms6RQAS","2020-06-02T17:59:20.000Z","0054S000000Ms6RQAS","","a2F4S0000008dPIUAY","5.01","Credit_Memo_Standard_Product_Package","a2C4S0000008SmKUAU","a2H4S00000056mpUAA","LLC_BI__Account_Collateral__r","Ownership","42425917973424880","LLC_BI__Account_Collateral__c","","","false","","false"
"a2H4S00000056mrUAA","","SC-000010493","2020-06-02T17:59:20.000Z","0054S000000Ms6RQAS","2020-06-02T17:59:20.000Z","0054S000000Ms6RQAS","","a2F4S0000008dPIUAY","5.02","Credit_Memo_Standard_Product_Package","a2C4S0000008SmLUAU","a2H4S00000056mpUAA","LLC_BI__Loan_Collateral2__r","Loans","42309712230541302","LLC_BI__Loan_Collateral2__c","","","false","","false"
"a2H4S00000056msUAA","","SC-000010494","2020-06-02T17:59:20.000Z","0054S000000Ms6RQAS","2020-06-02T17:59:20.000Z","0054S000000Ms6RQAS","","a2F4S0000008dPIUAY","5.03","Credit_Memo_Standard_Product_Package","a2C4S0000008SmMUAU","a2H4S00000056mpUAA","LLC_BI__Liens__r","Liens","42902700606603786","LLC_BI__Lien__c","","","false","","false"
"a2H4S00000056mtUAA","","SC-000010495","2020-06-02T17:59:20.000Z","0054S000000Ms6RQAS","2020-06-02T17:59:20.000Z","0054S000000Ms6RQAS","","a2F4S0000008dPJUAY","1.01","","a2C4S0000008SmNUAU","","","","42925218569185494","LLC_BI__Product_Package__c","","","false","","false"
"a2H4S00000056muUAA","","SC-000010496","2020-06-02T17:59:20.000Z","0054S000000Ms6RQAS","2020-06-02T17:59:20.000Z","0054S000000Ms6RQAS","","a2F4S0000008dPJUAY","2.01","","a2C4S0000008SmOUAU","a2H4S00000056mtUAA","LLC_BI__Loan_Facilities__r","","42547005142033269","LLC_BI__Loan__c","","","false","","false"
"a2H4S00000056mvUAA","","SC-000010497","2020-06-02T17:59:20.000Z","0054S000000Ms6RQAS","2020-06-02T17:59:20.000Z","0054S000000Ms6RQAS","","a2F4S0000008dPJUAY","3.01","","a2C4S0000008SmPUAU","a2H4S00000056muUAA","LLC_BI__Loan_Covenants__r","","42029519150202862","LLC_BI__Loan_Covenant__c","","","false","","false"
"a2H4S00000056mwUAA","","SC-000010498","2020-06-02T17:59:20.000Z","0054S000000Ms6RQAS","2020-06-02T17:59:20.000Z","0054S000000Ms6RQAS","","a2F4S0000008dPJUAY","4.01","Credit_Memo_Standard_Product_Package","a2C4S0000008SmQUAU","a2H4S00000056mvUAA","LLC_BI__Covenant2__r","Covenant Details","42288534357684703","LLC_BI__Covenant2__c","","","false","","false"
"a2H4S00000056mxUAA","","SC-000010499","2020-06-02T17:59:20.000Z","0054S000000Ms6RQAS","2020-06-02T17:59:20.000Z","0054S000000Ms6RQAS","","a2F4S0000008dPJUAY","5.01","Credit_Memo_Standard_Product_Package","a2C4S0000008SmRUAU","a2H4S00000056mwUAA","LLC_BI__Account_Covenants__r","Ownership","42411755853043458","LLC_BI__Account_Covenant__c","","","false","","false"
"a2H4S00000056myUAA","","SC-000010500","2020-06-02T17:59:20.000Z","0054S000000Ms6RQAS","2020-06-02T17:59:20.000Z","0054S000000Ms6RQAS","","a2F4S0000008dPJUAY","5.02","Credit_Memo_Standard_Product_Package","a2C4S0000008SmSUAU","a2H4S00000056mwUAA","LLC_BI__Loan_Covenants__r","Loans","42999683588982757","LLC_BI__Loan_Covenant__c","","","false","","false"
"a2H4S00000056mzUAA","","SC-000010257","2020-06-02T17:59:20.000Z","0054S000000Ms6RQAS","2020-06-02T17:59:20.000Z","0054S000000Ms6RQAS","","a2F4S0000008dOYUAY","1.01","","","","","","42922155396516860","LLC_BI__Loan__c","","","false","","false"
"a2H4S00000056n0UAA","","SC-000010258","2020-06-02T17:59:20.000Z","0054S000000Ms6RQAS","2020-06-02T17:59:20.000Z","0054S000000Ms6RQAS","","a2F4S0000008dOYUAY","2.01","LLC_BI__Entity_ID","","a2H4S00000056mzUAA","LLC_BI__Legal_Entities__r","","42503761985497858","LLC_BI__Legal_Entities__c","","","false","","false"
"a2H4S00000056n1UAA","","SC-000010259","2020-06-02T17:59:20.000Z","0054S000000Ms6RQAS","2020-06-02T17:59:20.000Z","0054S000000Ms6RQAS","","a2F4S0000008dOYUAY","3.01","","","a2H4S00000056n0UAA","LLC_BI__Account__r","","42907784262763145","Account","","","false","","false"
"a2H4S00000056n2UAA","","SC-000010260","2020-06-02T17:59:20.000Z","0054S000000Ms6RQAS","2020-06-02T17:59:20.000Z","0054S000000Ms6RQAS","","a2F4S0000008dOYUAY","4.01","LLC_BI__Bundle_ID","","a2H4S00000056n1UAA","LLC_BI__Underwriting_Bundle__r","","42453016920930956","LLC_BI__Underwriting_Bundle__c","","","false","","false"
"a2H4S00000056n3UAA","","SC-000010261","2020-06-02T17:59:20.000Z","0054S000000Ms6RQAS","2020-06-02T17:59:20.000Z","0054S000000Ms6RQAS","","a2F4S0000008dOLUAY","1.01","","a2C4S0000008SmTUAU","","","","42155147469393407","LLC_BI__Loan__c","","","false","","false"
"a2H4S00000056n4UAA","","SC-000010262","2020-06-02T17:59:20.000Z","0054S000000Ms6RQAS","2020-06-02T17:59:20.000Z","0054S000000Ms6RQAS","","a2F4S0000008dOLUAY","2.01","","a2C4S0000008SmUUAU","a2H4S00000056n3UAA","LLC_BI__Account__r","","42163232262892507","Account","","","false","","false"
"a2H4S00000056n5UAA","","SC-000010263","2020-06-02T17:59:20.000Z","0054S000000Ms6RQAS","2020-06-02T17:59:20.000Z","0054S000000Ms6RQAS","","a2F4S0000008dOLUAY","3.01","","a2C4S0000008SmVUAU","a2H4S00000056n4UAA","LLC_BI__Legal_Entities__r","","42023249068517748","LLC_BI__Legal_Entities__c","","","false","","false"
"a2H4S00000056n6UAA","","SC-000010264","2020-06-02T17:59:20.000Z","0054S000000Ms6RQAS","2020-06-02T17:59:20.000Z","0054S000000Ms6RQAS","","a2F4S0000008dOLUAY","4.01","Credit_Memo_Standard_Loan_Exp","a2C4S0000008SmWUAU","a2H4S00000056n5UAA","LLC_BI__Loan__r","Loans","42963851869716166","LLC_BI__Loan__c","","","false","","false"
"a2H4S00000056n7UAA","","SC-000010265","2020-06-02T17:59:20.000Z","0054S000000Ms6RQAS","2020-06-02T17:59:20.000Z","0054S000000Ms6RQAS","","a2F4S0000008dOLUAY","4.02","Credit_Memo_Standard_Loan","a2C4S0000008SmXUAU","a2H4S00000056n5UAA","LLC_BI__Deposit__r","Deposits","42930982110276816","LLC_BI__Deposit__c","","","false","","false"
"a2H4S00000056n8UAA","","SC-000010266","2020-06-02T17:59:20.000Z","0054S000000Ms6RQAS","2020-06-02T17:59:20.000Z","0054S000000Ms6RQAS","","a2F4S0000008dOMUAY","1.01","","a2C4S0000008SmYUAU","","","Authorized Signers","42552456939285916","LLC_BI__Loan__c","","","false","","false"
"a2H4S00000056n9UAA","","SC-000010267","2020-06-02T17:59:20.000Z","0054S000000Ms6RQAS","2020-06-02T17:59:20.000Z","0054S000000Ms6RQAS","","a2F4S0000008dOMUAY","2.01","","a2C4S0000008SmZUAU","a2H4S00000056n8UAA","LLC_BI__Legal_Entities__r","","42566123519027088","LLC_BI__Legal_Entities__c","","","false","","false"
"a2H4S00000056nAUAQ","","SC-000010268","2020-06-02T17:59:20.000Z","0054S000000Ms6RQAS","2020-06-02T17:59:20.000Z","0054S000000Ms6RQAS","","a2F4S0000008dOMUAY","3.01","Credit_Memo_Standard_Loan","a2C4S0000008SmaUAE","a2H4S00000056n9UAA","LLC_BI__Contingent_Liabilties__r","","42586750063846746","LLC_BI__Contingent_Liabilty__c","","","false","","false"
"a2H4S00000056nBUAQ","","SC-000010269","2020-06-02T17:59:20.000Z","0054S000000Ms6RQAS","2020-06-02T17:59:20.000Z","0054S000000Ms6RQAS","","a2F4S0000008dONUAY","1.01","","a2C4S0000008SmbUAE","","","","42168271297030475","LLC_BI__Loan__c","","","false","","false"
"a2H4S00000056nCUAQ","","SC-000010270","2020-06-02T17:59:20.000Z","0054S000000Ms6RQAS","2020-06-02T17:59:20.000Z","0054S000000Ms6RQAS","","a2F4S0000008dONUAY","2.01","Credit_Memo_Standard_Loan","a2C4S0000008SmcUAE","a2H4S00000056nBUAQ","LLC_BI__Legal_Entities__r","","42149605028666898","LLC_BI__Legal_Entities__c","","","false","","false"
"a2H4S00000056nDUAQ","","SC-000010271","2020-06-02T17:59:20.000Z","0054S000000Ms6RQAS","2020-06-02T17:59:20.000Z","0054S000000Ms6RQAS","","a2F4S0000008dOOUAY","1.01","Credit_Memo_Standard_Loan","a2C4S0000008SmdUAE","","","","42433885353952300","LLC_BI__Loan__c","","","false","","false"
"a2H4S00000056nEUAQ","","SC-000010272","2020-06-02T17:59:20.000Z","0054S000000Ms6RQAS","2020-06-02T17:59:20.000Z","0054S000000Ms6RQAS","","a2F4S0000008dOPUAY","1.01","","a2C4S0000008SmeUAE","","","","42964324822598686","LLC_BI__Loan__c","","","false","","false"
"a2H4S00000056nFUAQ","","SC-000010273","2020-06-02T17:59:20.000Z","0054S000000Ms6RQAS","2020-06-02T17:59:20.000Z","0054S000000Ms6RQAS","","a2F4S0000008dOPUAY","2.01","","a2C4S0000008SmfUAE","a2H4S00000056nEUAQ","LLC_BI__Loan_Collateral__r","","42012499296062345","LLC_BI__Loan_Collateral2__c","","","false","","false"
"a2H4S00000056nGUAQ","","SC-000010274","2020-06-02T17:59:20.000Z","0054S000000Ms6RQAS","2020-06-02T17:59:20.000Z","0054S000000Ms6RQAS","","a2F4S0000008dOPUAY","3.01","Credit_Memo_Standard_Loan","a2C4S0000008SmgUAE","a2H4S00000056nFUAQ","LLC_BI__Collateral__r","Collateral Details","42454699476139091","LLC_BI__Collateral__c","","","false","","false"
"a2H4S00000056nHUAQ","","SC-000010275","2020-06-02T17:59:20.000Z","0054S000000Ms6RQAS","2020-06-02T17:59:20.000Z","0054S000000Ms6RQAS","","a2F4S0000008dOPUAY","4.01","Credit_Memo_Standard_Loan","a2C4S0000008SmhUAE","a2H4S00000056nGUAQ","LLC_BI__Account_Collateral__r","Ownership","42333281379792034","LLC_BI__Account_Collateral__c","","","false","","false"
"a2H4S00000056nIUAQ","","SC-000010276","2020-06-02T17:59:20.000Z","0054S000000Ms6RQAS","2020-06-02T17:59:20.000Z","0054S000000Ms6RQAS","","a2F4S0000008dOPUAY","4.02","Credit_Memo_Standard_Loan","a2C4S0000008SmiUAE","a2H4S00000056nGUAQ","LLC_BI__Loan_Collateral2__r","Loans","42718838856917249","LLC_BI__Loan_Collateral2__c","","","false","","false"
"a2H4S00000056nJUAQ","","SC-000010277","2020-06-02T17:59:20.000Z","0054S000000Ms6RQAS","2020-06-02T17:59:20.000Z","0054S000000Ms6RQAS","","a2F4S0000008dOPUAY","4.03","Credit_Memo_Standard_Loan","a2C4S0000008SmjUAE","a2H4S00000056nGUAQ","LLC_BI__Liens__r","Liens","42311740032229608","LLC_BI__Lien__c","","","false","","false"
"a2H4S00000056nKUAQ","","SC-000010278","2020-06-02T17:59:20.000Z","0054S000000Ms6RQAS","2020-06-02T17:59:20.000Z","0054S000000Ms6RQAS","","a2F4S0000008dOQUAY","1.01","","a2C4S0000008SmkUAE","","","","42588276608791597","LLC_BI__Loan__c","","","false","","false"
"a2H4S00000056nLUAQ","","SC-000010279","2020-06-02T17:59:20.000Z","0054S000000Ms6RQAS","2020-06-02T17:59:20.000Z","0054S000000Ms6RQAS","","a2F4S0000008dOQUAY","2.01","Credit_Memo_Standard_Loan","a2C4S0000008SmlUAE","a2H4S00000056nKUAQ","LLC_BI__Participations__r","","42341513378853154","LLC_BI__Participation__c","","","false","","false"
"a2H4S00000056nMUAQ","","SC-000010280","2020-06-02T17:59:20.000Z","0054S000000Ms6RQAS","2020-06-02T17:59:20.000Z","0054S000000Ms6RQAS","","a2F4S0000008dORUAY","1.01","","a2C4S0000008SmmUAE","","","","42568770979433390","LLC_BI__Loan__c","","","false","","false"
"a2H4S00000056nNUAQ","","SC-000010281","2020-06-02T17:59:20.000Z","0054S000000Ms6RQAS","2020-06-02T17:59:20.000Z","0054S000000Ms6RQAS","","a2F4S0000008dORUAY","2.01","","a2C4S0000008SmnUAE","a2H4S00000056nMUAQ","LLC_BI__Loan_Covenants__r","","42100018375895000","LLC_BI__Loan_Covenant__c","","","false","","false"
"a2H4S00000056nOUAQ","","SC-000010282","2020-06-02T17:59:20.000Z","0054S000000Ms6RQAS","2020-06-02T17:59:20.000Z","0054S000000Ms6RQAS","","a2F4S0000008dORUAY","3.01","Credit_Memo_Standard_Loan","a2C4S0000008SmoUAE","a2H4S00000056nNUAQ","LLC_BI__Covenant2__r","Covenant Details","42427127639714911","LLC_BI__Covenant2__c","","","false","","false"
"a2H4S00000056nPUAQ","","SC-000010283","2020-06-02T17:59:20.000Z","0054S000000Ms6RQAS","2020-06-02T17:59:20.000Z","0054S000000Ms6RQAS","","a2F4S0000008dORUAY","4.01","Credit_Memo_Standard_Loan","a2C4S0000008SmpUAE","a2H4S00000056nOUAQ","LLC_BI__Account_Covenants__r","Ownership","42872213298442956","LLC_BI__Account_Covenant__c","","","false","","false"
"a2H4S00000056nQUAQ","","SC-000010284","2020-06-02T17:59:20.000Z","0054S000000Ms6RQAS","2020-06-02T17:59:20.000Z","0054S000000Ms6RQAS","","a2F4S0000008dORUAY","4.02","Credit_Memo_Standard_Loan","a2C4S0000008SmqUAE","a2H4S00000056nOUAQ","LLC_BI__Loan_Covenants__r","Loans","42523067569440822","LLC_BI__Loan_Covenant__c","","","false","","false"
"a2H4S00000056nRUAQ","","SC-000010285","2020-06-02T17:59:20.000Z","0054S000000Ms6RQAS","2020-06-02T17:59:20.000Z","0054S000000Ms6RQAS","","a2F4S0000008dOSUAY","1.01","","a2C4S0000008SmrUAE","","","","42418588376970605","LLC_BI__Loan__c","","","false","","false"
"a2H4S00000056nSUAQ","","SC-000010286","2020-06-02T17:59:20.000Z","0054S000000Ms6RQAS","2020-06-02T17:59:20.000Z","0054S000000Ms6RQAS","","a2F4S0000008dOSUAY","2.01","Credit_Memo_Standard_Loan","a2C4S0000008SmsUAE","a2H4S00000056nRUAQ","LLC_BI__Third_Party_Reports__r","","42759203919103602","LLC_BI__third_party_report__c","","","false","","false"
"a2H4S00000056nTUAQ","","SC-000010287","2020-06-02T17:59:20.000Z","0054S000000Ms6RQAS","2020-06-02T17:59:20.000Z","0054S000000Ms6RQAS","","a2F4S0000008dOTUAY","1.01","","a2C4S0000008SmtUAE","","","","42645403360133398","LLC_BI__Loan__c","","","false","","false"
"a2H4S00000056nUUAQ","","SC-000010288","2020-06-02T17:59:20.000Z","0054S000000Ms6RQAS","2020-06-02T17:59:20.000Z","0054S000000Ms6RQAS","","a2F4S0000008dOTUAY","2.01","Credit_Memo_Standard_Loan","a2C4S0000008SmuUAE","a2H4S00000056nTUAQ","LLC_BI__Loan_Teams__r","","42984907166419225","LLC_BI__LoanTeam__c","","","false","","false"
"a2H4S00000056nVUAQ","","SC-000010289","2020-06-02T17:59:20.000Z","0054S000000Ms6RQAS","2020-06-02T17:59:20.000Z","0054S000000Ms6RQAS","","a2F4S0000008dOUUAY","1.01","","a2C4S0000008SmvUAE","","","","42859878671027802","LLC_BI__Loan__c","","","false","","false"
"a2H4S00000056nWUAQ","","SC-000010290","2020-06-02T17:59:20.000Z","0054S000000Ms6RQAS","2020-06-02T17:59:20.000Z","0054S000000Ms6RQAS","","a2F4S0000008dOUUAY","2.01","Credit_Memo_Standard_Loan","a2C4S0000008SmwUAE","a2H4S00000056nVUAQ","LLC_BI__Fees__r","","42648633389499283","LLC_BI__Fee__c","","","false","","false"
"a2H4S00000056nXUAQ","","SC-000010291","2020-06-02T17:59:20.000Z","0054S000000Ms6RQAS","2020-06-02T17:59:20.000Z","0054S000000Ms6RQAS","","a2F4S0000008dOVUAY","1.01","","a2C4S0000008SmxUAE","","","","42413820532470775","LLC_BI__Loan__c","","","false","","false"
"a2H4S00000056nYUAQ","","SC-000010292","2020-06-02T17:59:20.000Z","0054S000000Ms6RQAS","2020-06-02T17:59:20.000Z","0054S000000Ms6RQAS","","a2F4S0000008dOVUAY","2.01","Credit_Memo_Standard_Loan","a2C4S0000008SmyUAE","a2H4S00000056nXUAQ","LLC_BI__Account__r","","42657492958915888","Account","","","false","","false"
"a2H4S00000056nZUAQ","","SC-000010293","2020-06-02T17:59:20.000Z","0054S000000Ms6RQAS","2020-06-02T17:59:20.000Z","0054S000000Ms6RQAS","","a2F4S0000008dOWUAY","1.01","","a2C4S0000008SmzUAE","","","","42387272567493325","LLC_BI__Loan__c","","","false","","false"
"a2H4S00000056naUAA","","SC-000010294","2020-06-02T17:59:20.000Z","0054S000000Ms6RQAS","2020-06-02T17:59:20.000Z","0054S000000Ms6RQAS","","a2F4S0000008dOWUAY","2.01","Credit_Memo_Standard_Loan","a2C4S0000008Sn0UAE","a2H4S00000056nZUAQ","LLC_BI__Policy_Exceptions__r","","42560929526738183","LLC_BI__Policy_Exception__c","","","false","","false"
"a2H4S00000056nbUAA","","SC-000010295","2020-06-02T17:59:20.000Z","0054S000000Ms6RQAS","2020-06-02T17:59:20.000Z","0054S000000Ms6RQAS","","a2F4S0000008dOmUAI","1.01","","","","","","42394465837085053","LLC_BI__Loan__c","","","false","","false"
"a2H4S00000056ncUAA","","SC-000010296","2020-06-02T17:59:20.000Z","0054S000000Ms6RQAS","2020-06-02T17:59:20.000Z","0054S000000Ms6RQAS","","a2F4S0000008dOmUAI","2.01","LLC_BI__Entity_ID","","a2H4S00000056nbUAA","LLC_BI__Legal_Entities__r","","42161353891254956","LLC_BI__Legal_Entities__c","","","false","","false"
"a2H4S00000056ndUAA","","SC-000010297","2020-06-02T17:59:20.000Z","0054S000000Ms6RQAS","2020-06-02T17:59:20.000Z","0054S000000Ms6RQAS","","a2F4S0000008dOmUAI","3.01","","","a2H4S00000056ncUAA","LLC_BI__Account__r","","42657142219528119","Account","","","false","","false"
"a2H4S00000056neUAA","","SC-000010298","2020-06-02T17:59:20.000Z","0054S000000Ms6RQAS","2020-06-02T17:59:20.000Z","0054S000000Ms6RQAS","","a2F4S0000008dOmUAI","4.01","LLC_BI__Bundle_ID","","a2H4S00000056ndUAA","LLC_BI__Underwriting_Bundle__r","","42947179346974288","LLC_BI__Underwriting_Bundle__c","","","false","","false"
"a2H4S00000056nfUAA","","SC-000010299","2020-06-02T17:59:20.000Z","0054S000000Ms6RQAS","2020-06-02T17:59:20.000Z","0054S000000Ms6RQAS","","a2F4S0000008dOZUAY","1.01","","a2C4S0000008Sn1UAE","","","","42843588503236545","LLC_BI__Loan__c","","","false","","false"
"a2H4S00000056ngUAA","","SC-000010300","2020-06-02T17:59:20.000Z","0054S000000Ms6RQAS","2020-06-02T17:59:20.000Z","0054S000000Ms6RQAS","","a2F4S0000008dOZUAY","2.01","","a2C4S0000008Sn2UAE","a2H4S00000056nfUAA","LLC_BI__Account__r","","42976502259775899","Account","","","false","","false"
"a2H4S00000056nhUAA","","SC-000010301","2020-06-02T17:59:20.000Z","0054S000000Ms6RQAS","2020-06-02T17:59:20.000Z","0054S000000Ms6RQAS","","a2F4S0000008dOZUAY","3.01","","a2C4S0000008Sn3UAE","a2H4S00000056ngUAA","LLC_BI__Legal_Entities__r","","42050297456862461","LLC_BI__Legal_Entities__c","","","false","","false"
"a2H4S00000056niUAA","","SC-000010302","2020-06-02T17:59:20.000Z","0054S000000Ms6RQAS","2020-06-02T17:59:20.000Z","0054S000000Ms6RQAS","","a2F4S0000008dOZUAY","4.01","Credit_Memo_Standard_Loan_Exp","a2C4S0000008Sn4UAE","a2H4S00000056nhUAA","LLC_BI__Loan__r","Loans","42807466443932355","LLC_BI__Loan__c","","","false","","false"
"a2H4S00000056njUAA","","SC-000010303","2020-06-02T17:59:20.000Z","0054S000000Ms6RQAS","2020-06-02T17:59:20.000Z","0054S000000Ms6RQAS","","a2F4S0000008dOZUAY","4.02","Credit_Memo_Standard_Loan","a2C4S0000008Sn5UAE","a2H4S00000056nhUAA","LLC_BI__Deposit__r","Deposits","42673916373286948","LLC_BI__Deposit__c","","","false","","false"
"a2H4S00000056nkUAA","","SC-000010304","2020-06-02T17:59:20.000Z","0054S000000Ms6RQAS","2020-06-02T17:59:20.000Z","0054S000000Ms6RQAS","","a2F4S0000008dOaUAI","1.01","","a2C4S0000008Sn6UAE","","","Authorized Signers","42580892810669817","LLC_BI__Loan__c","","","false","","false"
"a2H4S00000056nlUAA","","SC-000010305","2020-06-02T17:59:20.000Z","0054S000000Ms6RQAS","2020-06-02T17:59:20.000Z","0054S000000Ms6RQAS","","a2F4S0000008dOaUAI","2.01","","a2C4S0000008Sn7UAE","a2H4S00000056nkUAA","LLC_BI__Legal_Entities__r","","42382347835718374","LLC_BI__Legal_Entities__c","","","false","","false"
"a2H4S00000056nmUAA","","SC-000010306","2020-06-02T17:59:20.000Z","0054S000000Ms6RQAS","2020-06-02T17:59:20.000Z","0054S000000Ms6RQAS","","a2F4S0000008dOaUAI","3.01","Credit_Memo_Standard_Loan","a2C4S0000008Sn8UAE","a2H4S00000056nlUAA","LLC_BI__Contingent_Liabilties__r","","42087134312187163","LLC_BI__Contingent_Liabilty__c","","","false","","false"
"a2H4S00000056nnUAA","","SC-000010307","2020-06-02T17:59:20.000Z","0054S000000Ms6RQAS","2020-06-02T17:59:20.000Z","0054S000000Ms6RQAS","","a2F4S0000008dObUAI","1.01","","a2C4S0000008Sn9UAE","","","","42926098115016090","LLC_BI__Loan__c","","","false","","false"
"a2H4S00000056noUAA","","SC-000010308","2020-06-02T17:59:20.000Z","0054S000000Ms6RQAS","2020-06-02T17:59:20.000Z","0054S000000Ms6RQAS","","a2F4S0000008dObUAI","2.01","Credit_Memo_Standard_Loan","a2C4S0000008SnAUAU","a2H4S00000056nnUAA","LLC_BI__Legal_Entities__r","","42178229748465321","LLC_BI__Legal_Entities__c","","","false","","false"
"a2H4S00000056npUAA","","SC-000010309","2020-06-02T17:59:20.000Z","0054S000000Ms6RQAS","2020-06-02T17:59:20.000Z","0054S000000Ms6RQAS","","a2F4S0000008dOcUAI","1.01","Credit_Memo_Standard_Loan","a2C4S0000008SnBUAU","","","","42028026345947223","LLC_BI__Loan__c","","","false","","false"
"a2H4S00000056nqUAA","","SC-000010310","2020-06-02T17:59:20.000Z","0054S000000Ms6RQAS","2020-06-02T17:59:20.000Z","0054S000000Ms6RQAS","","a2F4S0000008dOdUAI","1.01","","a2C4S0000008SnCUAU","","","","42462248195635368","LLC_BI__Loan__c","","","false","","false"
"a2H4S00000056nrUAA","","SC-000010311","2020-06-02T17:59:20.000Z","0054S000000Ms6RQAS","2020-06-02T17:59:20.000Z","0054S000000Ms6RQAS","","a2F4S0000008dOdUAI","2.01","","a2C4S0000008SnDUAU","a2H4S00000056nqUAA","LLC_BI__Loan_Collateral__r","","42738145537826459","LLC_BI__Loan_Collateral2__c","","","false","","false"
"a2H4S00000056nsUAA","","SC-000010312","2020-06-02T17:59:20.000Z","0054S000000Ms6RQAS","2020-06-02T17:59:20.000Z","0054S000000Ms6RQAS","","a2F4S0000008dOdUAI","3.01","Credit_Memo_Standard_Loan","a2C4S0000008SnEUAU","a2H4S00000056nrUAA","LLC_BI__Collateral__r","Collateral Details","42868347693028629","LLC_BI__Collateral__c","","","false","","false"
"a2H4S00000056ntUAA","","SC-000010313","2020-06-02T17:59:20.000Z","0054S000000Ms6RQAS","2020-06-02T17:59:20.000Z","0054S000000Ms6RQAS","","a2F4S0000008dOdUAI","4.01","Credit_Memo_Standard_Loan","a2C4S0000008SnFUAU","a2H4S00000056nsUAA","LLC_BI__Account_Collateral__r","Ownership","42254436795073002","LLC_BI__Account_Collateral__c","","","false","","false"
"a2H4S00000056nuUAA","","SC-000010314","2020-06-02T17:59:20.000Z","0054S000000Ms6RQAS","2020-06-02T17:59:20.000Z","0054S000000Ms6RQAS","","a2F4S0000008dOdUAI","4.02","Credit_Memo_Standard_Loan","a2C4S0000008SnGUAU","a2H4S00000056nsUAA","LLC_BI__Loan_Collateral2__r","Loans","42582927508562838","LLC_BI__Loan_Collateral2__c","","","false","","false"
"a2H4S00000056nvUAA","","SC-000010315","2020-06-02T17:59:20.000Z","0054S000000Ms6RQAS","2020-06-02T17:59:20.000Z","0054S000000Ms6RQAS","","a2F4S0000008dOdUAI","4.03","Credit_Memo_Standard_Loan","a2C4S0000008SnHUAU","a2H4S00000056nsUAA","LLC_BI__Liens__r","Liens","42349577643738195","LLC_BI__Lien__c","","","false","","false"
"a2H4S00000056nwUAA","","SC-000010316","2020-06-02T17:59:20.000Z","0054S000000Ms6RQAS","2020-06-02T17:59:20.000Z","0054S000000Ms6RQAS","","a2F4S0000008dOeUAI","1.01","","a2C4S0000008SnIUAU","","","","42983347591714524","LLC_BI__Loan__c","","","false","","false"
"a2H4S00000056nxUAA","","SC-000010317","2020-06-02T17:59:20.000Z","0054S000000Ms6RQAS","2020-06-02T17:59:20.000Z","0054S000000Ms6RQAS","","a2F4S0000008dOeUAI","2.01","Credit_Memo_Standard_Loan","a2C4S0000008SnJUAU","a2H4S00000056nwUAA","LLC_BI__Participations__r","","42204494419105560","LLC_BI__Participation__c","","","false","","false"
"a2H4S00000056nyUAA","","SC-000010318","2020-06-02T17:59:20.000Z","0054S000000Ms6RQAS","2020-06-02T17:59:20.000Z","0054S000000Ms6RQAS","","a2F4S0000008dOfUAI","1.01","","a2C4S0000008SnKUAU","","","","42020880679259560","LLC_BI__Loan__c","","","false","","false"
"a2H4S00000056nzUAA","","SC-000010319","2020-06-02T17:59:20.000Z","0054S000000Ms6RQAS","2020-06-02T17:59:20.000Z","0054S000000Ms6RQAS","","a2F4S0000008dOfUAI","2.01","","a2C4S0000008SnLUAU","a2H4S00000056nyUAA","LLC_BI__Loan_Covenants__r","","42018303427361501","LLC_BI__Loan_Covenant__c","","","false","","false"
"a2H4S00000056o0UAA","","SC-000010320","2020-06-02T17:59:20.000Z","0054S000000Ms6RQAS","2020-06-02T17:59:20.000Z","0054S000000Ms6RQAS","","a2F4S0000008dOfUAI","3.01","Credit_Memo_Standard_Loan","a2C4S0000008SnMUAU","a2H4S00000056nzUAA","LLC_BI__Covenant2__r","Covenant Details","42367125589153761","LLC_BI__Covenant2__c","","","false","","false"
"a2H4S00000056o1UAA","","SC-000010321","2020-06-02T17:59:20.000Z","0054S000000Ms6RQAS","2020-06-02T17:59:20.000Z","0054S000000Ms6RQAS","","a2F4S0000008dOfUAI","4.01","Credit_Memo_Standard_Loan","a2C4S0000008SnNUAU","a2H4S00000056o0UAA","LLC_BI__Account_Covenants__r","Ownership","42675053867027405","LLC_BI__Account_Covenant__c","","","false","","false"
"a2H4S00000056o2UAA","","SC-000010322","2020-06-02T17:59:20.000Z","0054S000000Ms6RQAS","2020-06-02T17:59:20.000Z","0054S000000Ms6RQAS","","a2F4S0000008dOfUAI","4.02","Credit_Memo_Standard_Loan","a2C4S0000008SnOUAU","a2H4S00000056o0UAA","LLC_BI__Loan_Covenants__r","Loans","42361030362560326","LLC_BI__Loan_Covenant__c","","","false","","false"
"a2H4S00000056o3UAA","","SC-000010323","2020-06-02T17:59:20.000Z","0054S000000Ms6RQAS","2020-06-02T17:59:20.000Z","0054S000000Ms6RQAS","","a2F4S0000008dOgUAI","1.01","","a2C4S0000008SnPUAU","","","","42886273927150280","LLC_BI__Loan__c","","","false","","false"
"a2H4S00000056o4UAA","","SC-000010324","2020-06-02T17:59:20.000Z","0054S000000Ms6RQAS","2020-06-02T17:59:20.000Z","0054S000000Ms6RQAS","","a2F4S0000008dOgUAI","2.01","Credit_Memo_Standard_Loan","a2C4S0000008SnQUAU","a2H4S00000056o3UAA","LLC_BI__Third_Party_Reports__r","","42707889458351573","LLC_BI__third_party_report__c","","","false","","false"
"a2H4S00000056o5UAA","","SC-000010325","2020-06-02T17:59:20.000Z","0054S000000Ms6RQAS","2020-06-02T17:59:20.000Z","0054S000000Ms6RQAS","","a2F4S0000008dOhUAI","1.01","","a2C4S0000008SnRUAU","","","","42352063118517911","LLC_BI__Loan__c","","","false","","false"
"a2H4S00000056o6UAA","","SC-000010326","2020-06-02T17:59:20.000Z","0054S000000Ms6RQAS","2020-06-02T17:59:20.000Z","0054S000000Ms6RQAS","","a2F4S0000008dOhUAI","2.01","Credit_Memo_Standard_Loan","a2C4S0000008SnSUAU","a2H4S00000056o5UAA","LLC_BI__Loan_Teams__r","","42045106494032103","LLC_BI__LoanTeam__c","","","false","","false"
"a2H4S00000056o7UAA","","SC-000010327","2020-06-02T17:59:20.000Z","0054S000000Ms6RQAS","2020-06-02T17:59:20.000Z","0054S000000Ms6RQAS","","a2F4S0000008dOiUAI","1.01","","a2C4S0000008SnTUAU","","","","42353667109065563","LLC_BI__Loan__c","","","false","","false"
"a2H4S00000056o8UAA","","SC-000010328","2020-06-02T17:59:20.000Z","0054S000000Ms6RQAS","2020-06-02T17:59:20.000Z","0054S000000Ms6RQAS","","a2F4S0000008dOiUAI","2.01","Credit_Memo_Standard_Loan","a2C4S0000008SnUUAU","a2H4S00000056o7UAA","LLC_BI__Fees__r","","42844680825450172","LLC_BI__Fee__c","","","false","","false"
"a2H4S00000056o9UAA","","SC-000010329","2020-06-02T17:59:20.000Z","0054S000000Ms6RQAS","2020-06-02T17:59:20.000Z","0054S000000Ms6RQAS","","a2F4S0000008dOjUAI","1.01","","a2C4S0000008SnVUAU","","","","42111459346996424","LLC_BI__Loan__c","","","false","","false"
"a2H4S00000056oAUAQ","","SC-000010330","2020-06-02T17:59:20.000Z","0054S000000Ms6RQAS","2020-06-02T17:59:20.000Z","0054S000000Ms6RQAS","","a2F4S0000008dOjUAI","2.01","Credit_Memo_Standard_Loan","a2C4S0000008SnWUAU","a2H4S00000056o9UAA","LLC_BI__Account__r","","42187168408348380","Account","","","false","","false"
"a2H4S00000056oBUAQ","","SC-000010331","2020-06-02T17:59:20.000Z","0054S000000Ms6RQAS","2020-06-02T17:59:20.000Z","0054S000000Ms6RQAS","","a2F4S0000008dOkUAI","1.01","","a2C4S0000008SnXUAU","","","","42379845676782426","LLC_BI__Loan__c","","","false","","false"
"a2H4S00000056oCUAQ","","SC-000010332","2020-06-02T17:59:20.000Z","0054S000000Ms6RQAS","2020-06-02T17:59:20.000Z","0054S000000Ms6RQAS","","a2F4S0000008dOkUAI","2.01","Credit_Memo_Standard_Loan","a2C4S0000008SnYUAU","a2H4S00000056oBUAQ","LLC_BI__Policy_Exceptions__r","","42563206670658682","LLC_BI__Policy_Exception__c","","","false","","false"
"a2H4S00000056oDUAQ","","SC-000000991","2020-06-02T17:59:20.000Z","0054S000000Ms6RQAS","2020-06-02T17:59:20.000Z","0054S000000Ms6RQAS","","a2F4S0000008dYxUAI","1.01","","a2C4S0000008SnZUAU","","","","a1Q4S0000008U4uUAE","LLC_BI__Loan__c","","","false","","false"
"a2H4S00000056oEUAQ","","SC-000000992","2020-06-02T17:59:20.000Z","0054S000000Ms6RQAS","2020-06-02T17:59:20.000Z","0054S000000Ms6RQAS","","a2F4S0000008daNUAQ","1.01","","a2C4S0000008SnaUAE","","","","a1Q4S0000008U4vUAE","LLC_BI__Review__c","","","false","","false"
"a2H4S00000056oFUAQ","","SC-000000993","2020-06-02T17:59:20.000Z","0054S000000Ms6RQAS","2020-06-02T17:59:20.000Z","0054S000000Ms6RQAS","","a2F4S0000008daOUAQ","1.01","","a2C4S0000008SnbUAE","","","","a1Q4S0000008U4wUAE","LLC_BI__Review__c","","","false","","false"
"a2H4S00000056oGUAQ","","SC-000000995","2020-06-02T17:59:20.000Z","0054S000000Ms6RQAS","2020-06-02T17:59:20.000Z","0054S000000Ms6RQAS","","a2F4S0000008daQUAQ","1.01","","a2C4S0000008SncUAE","","","","a1Q4S0000008U4xUAE","LLC_BI__Loan__c","","0.0","false","","false"
"a2H4S00000056oHUAQ","","SC-000000997","2020-06-02T17:59:20.000Z","0054S000000Ms6RQAS","2020-06-02T17:59:20.000Z","0054S000000Ms6RQAS","","a2F4S0000008daZUAQ","1.01","","a2C4S0000008SndUAE","","","","a1Q4S0000008U4yUAE","LLC_BI__Loan__c","","","false","","false"
"a2H4S00000056oIUAQ","","SC-000000998","2020-06-02T17:59:20.000Z","0054S000000Ms6RQAS","2020-06-02T17:59:20.000Z","0054S000000Ms6RQAS","","a2F4S0000008dNfUAI","1.01","Standard_Product_Package_Credit_Memo","a2C4S0000008SneUAE","","","","a1Q4S0000008U4zUAE","LLC_BI__Product_Package__c","","","false","","false"
"a2H4S00000056oJUAQ","","SC-000001000","2020-06-02T17:59:20.000Z","0054S000000Ms6RQAS","2020-06-02T17:59:20.000Z","0054S000000Ms6RQAS","","a2F4S0000008dacUAA","1.01","","a2C4S0000008SnfUAE","","","","a1Q4S0000008U50UAE","LLC_BI__Loan__c","","","false","","false"
"a2H4S00000056oKUAQ","","SC-000001001","2020-06-02T17:59:20.000Z","0054S000000Ms6RQAS","2020-06-02T17:59:20.000Z","0054S000000Ms6RQAS","","a2F4S0000008damUAA","1.01","","a2C4S0000008SngUAE","","","","a1Q4S0000008U51UAE","LLC_BI__Loan__c","","","false","","false"
"a2H4S00000056oLUAQ","","SC-000001002","2020-06-02T17:59:20.000Z","0054S000000Ms6RQAS","2020-06-02T17:59:20.000Z","0054S000000Ms6RQAS","","a2F4S0000008dabUAA","1.01","","a2C4S0000008SnhUAE","","","","a1Q4S0000008U52UAE","LLC_BI__Loan__c","","","false","","false"
"a2H4S00000056oMUAQ","","SC-000001003","2020-06-02T17:59:20.000Z","0054S000000Ms6RQAS","2020-06-02T17:59:20.000Z","0054S000000Ms6RQAS","","a2F4S0000008dahUAA","1.01","","a2C4S0000008SniUAE","","","","a1Q4S0000008U53UAE","LLC_BI__Loan__c","","","false","","false"
"a2H4S00000056oNUAQ","","SC-000001004","2020-06-02T17:59:20.000Z","0054S000000Ms6RQAS","2020-06-02T17:59:20.000Z","0054S000000Ms6RQAS","","a2F4S0000008daTUAQ","1.01","","a2C4S0000008SnjUAE","","","Authorized Signers","a1Q4S0000008U54UAE","LLC_BI__Loan__c","","","false","","false"
"a2H4S00000056oOUAQ","","SC-000001006","2020-06-02T17:59:20.000Z","0054S000000Ms6RQAS","2020-06-02T17:59:20.000Z","0054S000000Ms6RQAS","","a2F4S0000008daUUAQ","1.01","","a2C4S0000008SnkUAE","","","","a1Q4S0000008U55UAE","LLC_BI__Loan__c","","","false","","false"
"a2H4S00000056oPUAQ","","SC-000001007","2020-06-02T17:59:20.000Z","0054S000000Ms6RQAS","2020-06-02T17:59:20.000Z","0054S000000Ms6RQAS","","a2F4S0000008daVUAQ","1.01","Credit_Memo_Standard_Loan","a2C4S0000008SnlUAE","","","","a1Q4S0000008U56UAE","LLC_BI__Loan__c","","0.0","false","","false"
"a2H4S00000056oQUAQ","","SC-000001008","2020-06-02T17:59:20.000Z","0054S000000Ms6RQAS","2020-06-02T17:59:20.000Z","0054S000000Ms6RQAS","","a2F4S0000008daMUAQ","1.01","Credit_Memo_Standard_Review_Account","a2C4S0000008SnmUAE","","","","a1Q4S0000008U57UAE","LLC_BI__Review__c","","","false","","false"
"a2H4S00000056oRUAQ","","SC-000001009","2020-06-02T17:59:20.000Z","0054S000000Ms6RQAS","2020-06-02T17:59:20.000Z","0054S000000Ms6RQAS","","a2F4S0000008dZuUAI","1.01","","a2C4S0000008SnnUAE","","","","a1Q4S0000008U58UAE","LLC_BI__Loan__c","","","false","","false"
"a2H4S00000056oSUAQ","","SC-000001010","2020-06-02T17:59:20.000Z","0054S000000Ms6RQAS","2020-06-02T17:59:20.000Z","0054S000000Ms6RQAS","","a2F4S0000008dZrUAI","1.01","CM_Rate_Summary_L","a2C4S0000008SnoUAE","","","Rate Summary","a1Q4S0000008U59UAE","LLC_BI__Loan__c","","","false","","false"
"a2H4S00000056oTUAQ","","SC-000001011","2020-06-02T17:59:20.000Z","0054S000000Ms6RQAS","2020-06-02T17:59:20.000Z","0054S000000Ms6RQAS","","a2F4S0000008daLUAQ","1.01","","a2C4S0000008SnpUAE","","","","a1Q4S0000008U5AUAU","LLC_BI__Loan__c","","","false","","false"
"a2H4S00000056oUUAQ","","SC-000001012","2020-06-02T17:59:20.000Z","0054S000000Ms6RQAS","2020-06-02T17:59:20.000Z","0054S000000Ms6RQAS","","a2F4S0000008daGUAQ","1.01","","a2C4S0000008SnqUAE","","","","a1Q4S0000008U5BUAU","LLC_BI__Loan__c","","","false","","false"
"a2H4S00000056oVUAQ","","SC-000001013","2020-06-02T17:59:20.000Z","0054S000000Ms6RQAS","2020-06-02T17:59:20.000Z","0054S000000Ms6RQAS","","a2F4S0000008daFUAQ","1.01","","a2C4S0000008SnrUAE","","","","a1Q4S0000008U5CUAU","LLC_BI__Loan__c","","","false","","false"
"a2H4S00000056oWUAQ","","SC-000001014","2020-06-02T17:59:20.000Z","0054S000000Ms6RQAS","2020-06-02T17:59:20.000Z","0054S000000Ms6RQAS","","a2F4S0000008daDUAQ","1.01","","a2C4S0000008SnsUAE","","","","a1Q4S0000008U5DUAU","LLC_BI__Loan__c","","","false","","false"
"a2H4S00000056oXUAQ","","SC-000001015","2020-06-02T17:59:20.000Z","0054S000000Ms6RQAS","2020-06-02T17:59:20.000Z","0054S000000Ms6RQAS","","a2F4S0000008daBUAQ","1.01","","a2C4S0000008SntUAE","","","Collateral Details","a1Q4S0000008U5EUAU","LLC_BI__Loan__c","","","false","","false"
"a2H4S00000056oYUAQ","","SC-000001016","2020-06-02T17:59:20.000Z","0054S000000Ms6RQAS","2020-06-02T17:59:20.000Z","0054S000000Ms6RQAS","","a2F4S0000008da9UAA","1.01","CM_Collateral_Summary_Table_L","a2C4S0000008SnuUAE","","","","a1Q4S0000008U5FUAU","LLC_BI__Loan__c","","","false","","false"
"a2H4S00000056oZUAQ","","SC-000001017","2020-06-02T17:59:20.000Z","0054S000000Ms6RQAS","2020-06-02T17:59:20.000Z","0054S000000Ms6RQAS","","a2F4S0000008da8UAA","1.01","","a2C4S0000008SnvUAE","","","Deposits","a1Q4S0000008U5GUAU","LLC_BI__Loan__c","","","false","","false"
"a2H4S00000056oaUAA","","SC-000001018","2020-06-02T17:59:20.000Z","0054S000000Ms6RQAS","2020-06-02T17:59:20.000Z","0054S000000Ms6RQAS","","a2F4S0000008da6UAA","1.01","CM_Product_Summary_L","a2C4S0000008SnwUAE","","","Product Summary","a1Q4S0000008U5HUAU","LLC_BI__Loan__c","","","false","","false"
"a2H4S00000056obUAA","","SC-000001019","2020-06-02T17:59:20.000Z","0054S000000Ms6RQAS","2020-06-02T17:59:20.000Z","0054S000000Ms6RQAS","","a2F4S0000008da5UAA","1.01","","a2C4S0000008SnxUAE","","","","a1Q4S0000008U5IUAU","LLC_BI__Loan__c","","","false","","false"
"a2H4S00000056ocUAA","","SC-000001020","2020-06-02T17:59:20.000Z","0054S000000Ms6RQAS","2020-06-02T17:59:20.000Z","0054S000000Ms6RQAS","","a2F4S0000008da4UAA","1.01","","a2C4S0000008SnyUAE","","","Authorized Signers","a1Q4S0000008U5JUAU","LLC_BI__Loan__c","","","false","","false"
"a2H4S00000056odUAA","","SC-000001021","2020-06-02T17:59:20.000Z","0054S000000Ms6RQAS","2020-06-02T17:59:20.000Z","0054S000000Ms6RQAS","","a2F4S0000008da1UAA","1.01","","a2C4S0000008SnzUAE","","","Loans","a1Q4S0000008U5KUAU","LLC_BI__Loan__c","","","false","","false"
"a2H4S00000056oeUAA","","SC-000001022","2020-06-02T17:59:20.000Z","0054S000000Ms6RQAS","2020-06-02T17:59:20.000Z","0054S000000Ms6RQAS","","a2F4S0000008dZzUAI","1.01","CM_Pricing_Summary_L","a2C4S0000008So0UAE","","","Pricing Summary","a1Q4S0000008U5LUAU","LLC_BI__Loan__c","","","false","","false"
"a2H4S00000056ofUAA","","SC-000001023","2020-06-02T17:59:20.000Z","0054S000000Ms6RQAS","2020-06-02T17:59:20.000Z","0054S000000Ms6RQAS","","a2F4S0000008dZyUAI","1.01","","","","","","a1Q4S0000008U5MUAU","LLC_BI__Loan__c","","","false","","false"
"a2H4S00000056ogUAA","","SC-000001024","2020-06-02T17:59:20.000Z","0054S000000Ms6RQAS","2020-06-02T17:59:20.000Z","0054S000000Ms6RQAS","","a2F4S0000008dZxUAI","1.01","","a2C4S0000008So1UAE","","","Relationship Detail","a1Q4S0000008U5NUAU","LLC_BI__Loan__c","","","false","","false"
"a2H4S00000056ohUAA","","SC-000001025","2020-06-02T17:59:20.000Z","0054S000000Ms6RQAS","2020-06-02T17:59:20.000Z","0054S000000Ms6RQAS","","a2F4S0000008dNPUAY","1.01","","a2C4S0000008So2UAE","","","Authorized Signers","a1Q4S0000008U5OUAU","LLC_BI__Loan__c","","","false","","false"
"a2H4S00000056oiUAA","","SC-000001026","2020-06-02T17:59:20.000Z","0054S000000Ms6RQAS","2020-06-02T17:59:20.000Z","0054S000000Ms6RQAS","","a2F4S0000008dNOUAY","1.01","","a2C4S0000008So3UAE","","","Loans","a1Q4S0000008U5PUAU","LLC_BI__Loan__c","","","false","","false"
"a2H4S00000056ojUAA","","SC-000001027","2020-06-02T17:59:20.000Z","0054S000000Ms6RQAS","2020-06-02T17:59:20.000Z","0054S000000Ms6RQAS","","a2F4S0000008dNMUAY","1.01","CM_Pricing_Summary_L","a2C4S0000008So4UAE","","","Pricing Summary","a1Q4S0000008U5QUAU","LLC_BI__Loan__c","","","false","","false"
"a2H4S00000056okUAA","","SC-000001028","2020-06-02T17:59:20.000Z","0054S000000Ms6RQAS","2020-06-02T17:59:20.000Z","0054S000000Ms6RQAS","","a2F4S0000008dZcUAI","1.01","","","","","","a1Q4S0000008U5RUAU","LLC_BI__Loan__c","","","false","","false"
"a2H4S00000056olUAA","","SC-000001029","2020-06-02T17:59:20.000Z","0054S000000Ms6RQAS","2020-06-02T17:59:20.000Z","0054S000000Ms6RQAS","","a2F4S0000008dNLUAY","1.01","","a2C4S0000008So5UAE","","","Relationship Detail","a1Q4S0000008U5SUAU","LLC_BI__Loan__c","","","false","","false"
"a2H4S00000056omUAA","","SC-000001030","2020-06-02T17:59:20.000Z","0054S000000Ms6RQAS","2020-06-02T17:59:20.000Z","0054S000000Ms6RQAS","","a2F4S0000008dNaUAI","1.01","","a2C4S0000008So6UAE","","","","a1Q4S0000008U5TUAU","LLC_BI__Loan__c","","","false","","false"
"a2H4S00000056onUAA","","SC-000001031","2020-06-02T17:59:20.000Z","0054S000000Ms6RQAS","2020-06-02T17:59:20.000Z","0054S000000Ms6RQAS","","a2F4S0000008dNZUAY","1.01","CM_Rate_Summary_L","a2C4S0000008So7UAE","","","Rate Summary","a1Q4S0000008U5UUAU","LLC_BI__Loan__c","","","false","","false"
"a2H4S00000056ooUAA","","SC-000001032","2020-06-02T17:59:20.000Z","0054S000000Ms6RQAS","2020-06-02T17:59:20.000Z","0054S000000Ms6RQAS","","a2F4S0000008dNYUAY","1.01","","a2C4S0000008So8UAE","","","","a1Q4S0000008U5VUAU","LLC_BI__Loan__c","","","false","","false"
"a2H4S00000056opUAA","","SC-000001033","2020-06-02T17:59:20.000Z","0054S000000Ms6RQAS","2020-06-02T17:59:20.000Z","0054S000000Ms6RQAS","","a2F4S0000008dNXUAY","1.01","","a2C4S0000008So9UAE","","","","a1Q4S0000008U5WUAU","LLC_BI__Loan__c","","","false","","false"
"a2H4S00000056oqUAA","","SC-000001034","2020-06-02T17:59:20.000Z","0054S000000Ms6RQAS","2020-06-02T17:59:20.000Z","0054S000000Ms6RQAS","","a2F4S0000008dNWUAY","1.01","","a2C4S0000008SoAUAU","","","","a1Q4S0000008U5XUAU","LLC_BI__Loan__c","","","false","","false"
"a2H4S00000056orUAA","","SC-000001035","2020-06-02T17:59:20.000Z","0054S000000Ms6RQAS","2020-06-02T17:59:20.000Z","0054S000000Ms6RQAS","","a2F4S0000008dNVUAY","1.01","","a2C4S0000008SoBUAU","","","","a1Q4S0000008U5YUAU","LLC_BI__Loan__c","","","false","","false"
"a2H4S00000056osUAA","","SC-000001036","2020-06-02T17:59:20.000Z","0054S000000Ms6RQAS","2020-06-02T17:59:20.000Z","0054S000000Ms6RQAS","","a2F4S0000008dNUUAY","1.01","","a2C4S0000008SoCUAU","","","Collateral Details","a1Q4S0000008U5ZUAU","LLC_BI__Loan__c","","","false","","false"
"a2H4S00000056otUAA","","SC-000001037","2020-06-02T17:59:20.000Z","0054S000000Ms6RQAS","2020-06-02T17:59:20.000Z","0054S000000Ms6RQAS","","a2F4S0000008dNTUAY","1.01","CM_Collateral_Summary_Table_L","a2C4S0000008SoDUAU","","","","a1Q4S0000008U5aUAE","LLC_BI__Loan__c","","","false","","false"
"a2H4S00000056ouUAA","","SC-000001038","2020-06-02T17:59:20.000Z","0054S000000Ms6RQAS","2020-06-02T17:59:20.000Z","0054S000000Ms6RQAS","","a2F4S0000008dNSUAY","1.01","","a2C4S0000008SoEUAU","","","Deposits","a1Q4S0000008U5bUAE","LLC_BI__Loan__c","","","false","","false"
"a2H4S00000056ovUAA","","SC-000001039","2020-06-02T17:59:20.000Z","0054S000000Ms6RQAS","2020-06-02T17:59:20.000Z","0054S000000Ms6RQAS","","a2F4S0000008dNRUAY","1.01","CM_Product_Summary_L","a2C4S0000008SoFUAU","","","Product Summary","a1Q4S0000008U5cUAE","LLC_BI__Loan__c","","","false","","false"
"a2H4S00000056owUAA","","SC-000001040","2020-06-02T17:59:20.000Z","0054S000000Ms6RQAS","2020-06-02T17:59:20.000Z","0054S000000Ms6RQAS","","a2F4S0000008dNQUAY","1.01","","a2C4S0000008SoGUAU","","","","a1Q4S0000008U5dUAE","LLC_BI__Loan__c","","","false","","false"
"a2H4S00000056oxUAA","","SC-000001041","2020-06-02T17:59:20.000Z","0054S000000Ms6RQAS","2020-06-02T17:59:20.000Z","0054S000000Ms6RQAS","","a2F4S0000008dNKUAY","1.01","","a2C4S0000008SoHUAU","","","","a1Q4S0000008U5eUAE","LLC_BI__Loan__c","","","false","","false"
"a2H4S00000056oyUAA","","SC-000001042","2020-06-02T17:59:20.000Z","0054S000000Ms6RQAS","2020-06-02T17:59:20.000Z","0054S000000Ms6RQAS","","a2F4S0000008dNJUAY","1.01","CM_Rate_Summary_L","a2C4S0000008SoIUAU","","","Rate Summary","a1Q4S0000008U5fUAE","LLC_BI__Loan__c","","","false","","false"
"a2H4S00000056ozUAA","","SC-000001043","2020-06-02T17:59:20.000Z","0054S000000Ms6RQAS","2020-06-02T17:59:20.000Z","0054S000000Ms6RQAS","","a2F4S0000008dNIUAY","1.01","","a2C4S0000008SoJUAU","","","","a1Q4S0000008U5gUAE","LLC_BI__Loan__c","","","false","","false"
"a2H4S00000056p0UAA","","SC-000001044","2020-06-02T17:59:20.000Z","0054S000000Ms6RQAS","2020-06-02T17:59:20.000Z","0054S000000Ms6RQAS","","a2F4S0000008dNHUAY","1.01","","a2C4S0000008SoKUAU","","","","a1Q4S0000008U5hUAE","LLC_BI__Loan__c","","","false","","false"
"a2H4S00000056p1UAA","","SC-000001045","2020-06-02T17:59:20.000Z","0054S000000Ms6RQAS","2020-06-02T17:59:20.000Z","0054S000000Ms6RQAS","","a2F4S0000008dNGUAY","1.01","","a2C4S0000008SoLUAU","","","","a1Q4S0000008U5iUAE","LLC_BI__Loan__c","","","false","","false"
"a2H4S00000056p2UAA","","SC-000001046","2020-06-02T17:59:20.000Z","0054S000000Ms6RQAS","2020-06-02T17:59:20.000Z","0054S000000Ms6RQAS","","a2F4S0000008dNFUAY","1.01","","a2C4S0000008SoMUAU","","","","a1Q4S0000008U5jUAE","LLC_BI__Loan__c","","","false","","false"
"a2H4S00000056p3UAA","","SC-000001047","2020-06-02T17:59:20.000Z","0054S000000Ms6RQAS","2020-06-02T17:59:20.000Z","0054S000000Ms6RQAS","","a2F4S0000008dNEUAY","1.01","","a2C4S0000008SoNUAU","","","Collateral Details","a1Q4S0000008U5kUAE","LLC_BI__Loan__c","","","false","","false"
"a2H4S00000056p4UAA","","SC-000001048","2020-06-02T17:59:20.000Z","0054S000000Ms6RQAS","2020-06-02T17:59:20.000Z","0054S000000Ms6RQAS","","a2F4S0000008dNDUAY","1.01","CM_Collateral_Summary_Table_L","a2C4S0000008SoOUAU","","","","a1Q4S0000008U5lUAE","LLC_BI__Loan__c","","","false","","false"
"a2H4S00000056p5UAA","","SC-000001049","2020-06-02T17:59:20.000Z","0054S000000Ms6RQAS","2020-06-02T17:59:20.000Z","0054S000000Ms6RQAS","","a2F4S0000008dNCUAY","1.01","","a2C4S0000008SoPUAU","","","Deposits","a1Q4S0000008U5mUAE","LLC_BI__Loan__c","","","false","","false"
"a2H4S00000056p6UAA","","SC-000001050","2020-06-02T17:59:20.000Z","0054S000000Ms6RQAS","2020-06-02T17:59:20.000Z","0054S000000Ms6RQAS","","a2F4S0000008dNBUAY","1.01","CM_Product_Summary_L","a2C4S0000008SoQUAU","","","Product Summary","a1Q4S0000008U5nUAE","LLC_BI__Loan__c","","","false","","false"
"a2H4S00000056p7UAA","","SC-000001051","2020-06-02T17:59:20.000Z","0054S000000Ms6RQAS","2020-06-02T17:59:20.000Z","0054S000000Ms6RQAS","","a2F4S0000008dNAUAY","1.01","","a2C4S0000008SoRUAU","","","","a1Q4S0000008U5oUAE","LLC_BI__Loan__c","","","false","","false"
"a2H4S00000056p8UAA","","SC-000001052","2020-06-02T17:59:20.000Z","0054S000000Ms6RQAS","2020-06-02T17:59:20.000Z","0054S000000Ms6RQAS","","a2F4S0000008dN9UAI","1.01","","a2C4S0000008SoSUAU","","","Authorized Signers","a1Q4S0000008U5pUAE","LLC_BI__Loan__c","","","false","","false"
"a2H4S00000056p9UAA","","SC-000001053","2020-06-02T17:59:20.000Z","0054S000000Ms6RQAS","2020-06-02T17:59:20.000Z","0054S000000Ms6RQAS","","a2F4S0000008dN8UAI","1.01","","a2C4S0000008SoTUAU","","","Loans","a1Q4S0000008U5qUAE","LLC_BI__Loan__c","","","false","","false"
"a2H4S00000056pAUAQ","","SC-000001054","2020-06-02T17:59:20.000Z","0054S000000Ms6RQAS","2020-06-02T17:59:20.000Z","0054S000000Ms6RQAS","","a2F4S0000008dN6UAI","1.01","CM_Pricing_Summary_L","a2C4S0000008SoUUAU","","","Pricing Summary","a1Q4S0000008U5rUAE","LLC_BI__Loan__c","","","false","","false"
"a2H4S00000056pBUAQ","","SC-000001055","2020-06-02T17:59:20.000Z","0054S000000Ms6RQAS","2020-06-02T17:59:20.000Z","0054S000000Ms6RQAS","","a2F4S0000008dZNUAY","1.01","","","","","","a1Q4S0000008U5sUAE","LLC_BI__Loan__c","","","false","","false"
"a2H4S00000056pCUAQ","","SC-000001056","2020-06-02T17:59:20.000Z","0054S000000Ms6RQAS","2020-06-02T17:59:20.000Z","0054S000000Ms6RQAS","","a2F4S0000008dN5UAI","1.01","","a2C4S0000008SoVUAU","","","Relationship Detail","a1Q4S0000008U5tUAE","LLC_BI__Loan__c","","","false","","false"
"a2H4S00000056pDUAQ","","SC-000001058","2020-06-02T17:59:20.000Z","0054S000000Ms6RQAS","2020-06-02T17:59:20.000Z","0054S000000Ms6RQAS","","a2F4S0000008daXUAQ","1.01","","a2C4S0000008SoWUAU","","","","a1Q4S0000008U5uUAE","LLC_BI__Loan__c","","","false","","false"
"a2H4S00000056pEUAQ","","SC-000001059","2020-06-02T17:59:20.000Z","0054S000000Ms6RQAS","2020-06-02T17:59:20.000Z","0054S000000Ms6RQAS","","a2F4S0000008dNhUAI","1.01","","a2C4S0000008SoXUAU","","","","a1Q4S0000008U5vUAE","LLC_BI__Product_Package__c","","","false","","false"
"a2H4S00000056pFUAQ","","SC-000001061","2020-06-02T17:59:20.000Z","0054S000000Ms6RQAS","2020-06-02T17:59:20.000Z","0054S000000Ms6RQAS","","a2F4S0000008dNgUAI","1.01","","a2C4S0000008SoYUAU","","","","a1Q4S0000008U5wUAE","LLC_BI__Product_Package__c","","","false","","false"
"a2H4S00000056pGUAQ","","SC-000001062","2020-06-02T17:59:20.000Z","0054S000000Ms6RQAS","2020-06-02T17:59:20.000Z","0054S000000Ms6RQAS","","a2F4S0000008dZFUAY","1.01","","","","","","a1Q4S0000008U5xUAE","LLC_BI__Loan__c","","","false","","false"
"a2H4S00000056pHUAQ","","SC-000001064","2020-06-02T17:59:20.000Z","0054S000000Ms6RQAS","2020-06-02T17:59:20.000Z","0054S000000Ms6RQAS","","a2F4S0000008dZDUAY","1.01","","a2C4S0000008SoZUAU","","","","a1Q4S0000008U5yUAE","LLC_BI__Loan__c","","","false","","false"
"a2H4S00000056pIUAQ","","SC-000001065","2020-06-02T17:59:20.000Z","0054S000000Ms6RQAS","2020-06-02T17:59:20.000Z","0054S000000Ms6RQAS","","a2F4S0000008dZCUAY","1.01","","","","","","a1Q4S0000008U5zUAE","LLC_BI__Loan__c","","","false","","false"
"a2H4S00000056pJUAQ","","SC-000001066","2020-06-02T17:59:20.000Z","0054S000000Ms6RQAS","2020-06-02T17:59:20.000Z","0054S000000Ms6RQAS","","a2F4S0000008dYyUAI","1.01","","a2C4S0000008SoaUAE","","","","a1Q4S0000008U60UAE","LLC_BI__Loan__c","","","false","","false"
"a2H4S00000056pKUAQ","","SC-000001067","2020-06-02T17:59:20.000Z","0054S000000Ms6RQAS","2020-06-02T17:59:20.000Z","0054S000000Ms6RQAS","","a2F4S0000008dZDUAY","2.01","LLC_BI__Commercial_Credit_Memo","a2C4S0000008SobUAE","a2H4S00000056pHUAQ","LLC_BI__Fees__r","","a1Q4S0000008U61UAE","LLC_BI__Fee__c","","","false","","false"
"a2H4S00000056pLUAQ","","SC-000001068","2020-06-02T17:59:20.000Z","0054S000000Ms6RQAS","2020-06-02T17:59:20.000Z","0054S000000Ms6RQAS","","a2F4S0000008dZCUAY","2.01","LLC_BI__Global_Entity_Fields","","a2H4S00000056pIUAQ","LLC_BI__Legal_Entities__r","","a1Q4S0000008U62UAE","LLC_BI__Legal_Entities__c","","","false","","false"
"a2H4S00000056pMUAQ","","SC-000001069","2020-06-02T17:59:20.000Z","0054S000000Ms6RQAS","2020-06-02T17:59:20.000Z","0054S000000Ms6RQAS","","a2F4S0000008dZFUAY","2.01","LLC_BI__Entity_ID","","a2H4S00000056pGUAQ","LLC_BI__Legal_Entities__r","","a1Q4S0000008U63UAE","LLC_BI__Legal_Entities__c","","","false","","false"
"a2H4S00000056pNUAQ","","SC-000001070","2020-06-02T17:59:20.000Z","0054S000000Ms6RQAS","2020-06-02T17:59:20.000Z","0054S000000Ms6RQAS","","a2F4S0000008daXUAQ","2.01","","a2C4S0000008SocUAE","a2H4S00000056pDUAQ","LLC_BI__Loan_Collateral__r","","a1Q4S0000008U64UAE","LLC_BI__Loan_Collateral2__c","","","false","","false"
"a2H4S00000056pOUAQ","","SC-000001071","2020-06-02T17:59:20.000Z","0054S000000Ms6RQAS","2020-06-02T17:59:20.000Z","0054S000000Ms6RQAS","","a2F4S0000008dNhUAI","2.01","Standard_Product_Package_Credit_Memo","a2C4S0000008SodUAE","a2H4S00000056pEUAQ","LLC_BI__Loan_Facilities__r","Loan Details","a1Q4S0000008U65UAE","LLC_BI__Loan__c","","","false","","false"
"a2H4S00000056pPUAQ","","SC-000001076","2020-06-02T17:59:20.000Z","0054S000000Ms6RQAS","2020-06-02T17:59:20.000Z","0054S000000Ms6RQAS","","a2F4S0000008daQUAQ","2.01","","a2C4S0000008SoeUAE","a2H4S00000056oGUAQ","LLC_BI__Account__r","","a1Q4S0000008U66UAE","Account","","0.0","false","","false"
"a2H4S00000056pQUAQ","","SC-000001080","2020-06-02T17:59:20.000Z","0054S000000Ms6RQAS","2020-06-02T17:59:20.000Z","0054S000000Ms6RQAS","","a2F4S0000008dN5UAI","2.01","CM_Summary_L","a2C4S0000008SofUAE","a2H4S00000056pCUAQ","LLC_BI__Account__r","","a1Q4S0000008U67UAE","Account","","","false","","false"
"a2H4S00000056pRUAQ","","SC-000001081","2020-06-02T17:59:20.000Z","0054S000000Ms6RQAS","2020-06-02T17:59:20.000Z","0054S000000Ms6RQAS","","a2F4S0000008dZNUAY","2.01","LLC_BI__Entity_ID","","a2H4S00000056pBUAQ","LLC_BI__Legal_Entities__r","","a1Q4S0000008U68UAE","LLC_BI__Legal_Entities__c","","","false","","false"
"a2H4S00000056pSUAQ","","SC-000001082","2020-06-02T17:59:20.000Z","0054S000000Ms6RQAS","2020-06-02T17:59:20.000Z","0054S000000Ms6RQAS","","a2F4S0000008dN8UAI","2.01","","a2C4S0000008SogUAE","a2H4S00000056p9UAA","LLC_BI__Account__r","","a1Q4S0000008U69UAE","Account","","","false","","false"
"a2H4S00000056pTUAQ","","SC-000001083","2020-06-02T17:59:20.000Z","0054S000000Ms6RQAS","2020-06-02T17:59:20.000Z","0054S000000Ms6RQAS","","a2F4S0000008dN9UAI","2.01","CM_Authorized_Signer_L","a2C4S0000008SohUAE","a2H4S00000056p8UAA","LLC_BI__Legal_Entities__r","","a1Q4S0000008U6AUAU","LLC_BI__Legal_Entities__c","","","false","","false"
"a2H4S00000056pUUAQ","","SC-000001084","2020-06-02T17:59:20.000Z","0054S000000Ms6RQAS","2020-06-02T17:59:20.000Z","0054S000000Ms6RQAS","","a2F4S0000008dNAUAY","2.01","CM_Borrower_Structure_L","a2C4S0000008SoiUAE","a2H4S00000056p7UAA","LLC_BI__Legal_Entities__r","","a1Q4S0000008U6BUAU","LLC_BI__Legal_Entities__c","","","false","","false"
"a2H4S00000056pVUAQ","","SC-000001085","2020-06-02T17:59:20.000Z","0054S000000Ms6RQAS","2020-06-02T17:59:20.000Z","0054S000000Ms6RQAS","","a2F4S0000008dNCUAY","2.01","","a2C4S0000008SojUAE","a2H4S00000056p5UAA","LLC_BI__Account__r","","a1Q4S0000008U6CUAU","Account","","","false","","false"
"a2H4S00000056pWUAQ","","SC-000001086","2020-06-02T17:59:20.000Z","0054S000000Ms6RQAS","2020-06-02T17:59:20.000Z","0054S000000Ms6RQAS","","a2F4S0000008dNDUAY","2.01","","a2C4S0000008SokUAE","a2H4S00000056p4UAA","LLC_BI__Loan_Collateral__r","","a1Q4S0000008U6DUAU","LLC_BI__Loan_Collateral2__c","","","false","","false"
"a2H4S00000056pXUAQ","","SC-000001087","2020-06-02T17:59:20.000Z","0054S000000Ms6RQAS","2020-06-02T17:59:20.000Z","0054S000000Ms6RQAS","","a2F4S0000008dNEUAY","2.01","","a2C4S0000008SolUAE","a2H4S00000056p3UAA","LLC_BI__Loan_Collateral__r","","a1Q4S0000008U6EUAU","LLC_BI__Loan_Collateral2__c","","","false","","false"
"a2H4S00000056pYUAQ","","SC-000001088","2020-06-02T17:59:20.000Z","0054S000000Ms6RQAS","2020-06-02T17:59:20.000Z","0054S000000Ms6RQAS","","a2F4S0000008dNFUAY","2.01","CM_Participations","a2C4S0000008SomUAE","a2H4S00000056p2UAA","LLC_BI__Participations__r","","a1Q4S0000008U6FUAU","LLC_BI__Participation__c","","","false","","false"
"a2H4S00000056pZUAQ","","SC-000001089","2020-06-02T17:59:20.000Z","0054S000000Ms6RQAS","2020-06-02T17:59:20.000Z","0054S000000Ms6RQAS","","a2F4S0000008dNGUAY","2.01","","a2C4S0000008SonUAE","a2H4S00000056p1UAA","LLC_BI__Loan_Covenants__r","","a1Q4S0000008U6GUAU","LLC_BI__Loan_Covenant__c","","","false","","false"
"a2H4S00000056paUAA","","SC-000001090","2020-06-02T17:59:20.000Z","0054S000000Ms6RQAS","2020-06-02T17:59:20.000Z","0054S000000Ms6RQAS","","a2F4S0000008dNHUAY","2.01","CM_Third_Party_Reports_L","a2C4S0000008SooUAE","a2H4S00000056p0UAA","LLC_BI__Third_Party_Reports__r","","a1Q4S0000008U6HUAU","LLC_BI__third_party_report__c","","","false","","false"
"a2H4S00000056pbUAA","","SC-000001091","2020-06-02T17:59:20.000Z","0054S000000Ms6RQAS","2020-06-02T17:59:20.000Z","0054S000000Ms6RQAS","","a2F4S0000008dNIUAY","2.01","CM_Loan_Team_L","a2C4S0000008SopUAE","a2H4S00000056ozUAA","LLC_BI__Loan_Teams__r","","a1Q4S0000008U6IUAU","LLC_BI__LoanTeam__c","","","false","","false"
"a2H4S00000056pcUAA","","SC-000001092","2020-06-02T17:59:20.000Z","0054S000000Ms6RQAS","2020-06-02T17:59:20.000Z","0054S000000Ms6RQAS","","a2F4S0000008dNKUAY","2.01","CM_Fees_L","a2C4S0000008SoqUAE","a2H4S00000056oxUAA","LLC_BI__Fees__r","","a1Q4S0000008U6JUAU","LLC_BI__Fee__c","","","false","","false"
"a2H4S00000056pdUAA","","SC-000001093","2020-06-02T17:59:20.000Z","0054S000000Ms6RQAS","2020-06-02T17:59:20.000Z","0054S000000Ms6RQAS","","a2F4S0000008dYxUAI","2.01","LLC_BI__LC_Collateral_Summary_SS","a2C4S0000008SorUAE","a2H4S00000056oDUAQ","LLC_BI__Loan_Collateral__r","","a1Q4S0000008U6KUAU","LLC_BI__Loan_Collateral2__c","","","false","","false"
"a2H4S00000056peUAA","","SC-000001094","2020-06-02T17:59:20.000Z","0054S000000Ms6RQAS","2020-06-02T17:59:20.000Z","0054S000000Ms6RQAS","","a2F4S0000008dYxUAI","2.02","","a2C4S0000008SosUAE","a2H4S00000056oDUAQ","LLC_BI__Loan_Collateral_Aggregate__r","","a1Q4S0000008U6LUAU","LLC_BI__Loan_Collateral_Aggregate__c","","","false","","false"
"a2H4S00000056pfUAA","","SC-000001095","2020-06-02T17:59:20.000Z","0054S000000Ms6RQAS","2020-06-02T17:59:20.000Z","0054S000000Ms6RQAS","","a2F4S0000008dYyUAI","2.01","","a2C4S0000008SotUAE","a2H4S00000056pJUAQ","LLC_BI__Loan_Collateral__r","","a1Q4S0000008U6MUAU","LLC_BI__Loan_Collateral2__c","","","false","","false"
"a2H4S00000056pgUAA","","SC-000001097","2020-06-02T17:59:20.000Z","0054S000000Ms6RQAS","2020-06-02T17:59:20.000Z","0054S000000Ms6RQAS","","a2F4S0000008daUUAQ","2.01","Credit_Memo_Standard_Loan","a2C4S0000008SouUAE","a2H4S00000056oOUAQ","LLC_BI__Legal_Entities__r","","a1Q4S0000008U6NUAU","LLC_BI__Legal_Entities__c","","","false","","false"
"a2H4S00000056phUAA","","SC-000001098","2020-06-02T17:59:20.000Z","0054S000000Ms6RQAS","2020-06-02T17:59:20.000Z","0054S000000Ms6RQAS","","a2F4S0000008daTUAQ","2.01","","a2C4S0000008SovUAE","a2H4S00000056oNUAQ","LLC_BI__Legal_Entities__r","","a1Q4S0000008U6OUAU","LLC_BI__Legal_Entities__c","","","false","","false"
"a2H4S00000056piUAA","","SC-000001099","2020-06-02T17:59:20.000Z","0054S000000Ms6RQAS","2020-06-02T17:59:20.000Z","0054S000000Ms6RQAS","","a2F4S0000008dabUAA","2.01","","a2C4S0000008SowUAE","a2H4S00000056oLUAQ","LLC_BI__Loan_Covenants__r","","a1Q4S0000008U6PUAU","LLC_BI__Loan_Covenant__c","","","false","","false"
"a2H4S00000056pjUAA","","SC-000001100","2020-06-02T17:59:20.000Z","0054S000000Ms6RQAS","2020-06-02T17:59:20.000Z","0054S000000Ms6RQAS","","a2F4S0000008dahUAA","2.01","Credit_Memo_Standard_Loan","a2C4S0000008SoxUAE","a2H4S00000056oMUAQ","LLC_BI__Loan_Teams__r","","a1Q4S0000008U6QUAU","LLC_BI__LoanTeam__c","","","false","","false"
"a2H4S00000056pkUAA","","SC-000001101","2020-06-02T17:59:20.000Z","0054S000000Ms6RQAS","2020-06-02T17:59:20.000Z","0054S000000Ms6RQAS","","a2F4S0000008dacUAA","2.01","Credit_Memo_Standard_Loan","a2C4S0000008SoyUAE","a2H4S00000056oJUAQ","LLC_BI__Third_Party_Reports__r","","a1Q4S0000008U6RUAU","LLC_BI__third_party_report__c","","","false","","false"
"a2H4S00000056plUAA","","SC-000001102","2020-06-02T17:59:20.000Z","0054S000000Ms6RQAS","2020-06-02T17:59:20.000Z","0054S000000Ms6RQAS","","a2F4S0000008damUAA","2.01","Credit_Memo_Standard_Loan","a2C4S0000008SozUAE","a2H4S00000056oKUAQ","LLC_BI__Fees__r","","a1Q4S0000008U6SUAU","LLC_BI__Fee__c","","","false","","false"
"a2H4S00000056pmUAA","","SC-000001103","2020-06-02T17:59:20.000Z","0054S000000Ms6RQAS","2020-06-02T17:59:20.000Z","0054S000000Ms6RQAS","","a2F4S0000008daZUAQ","2.01","Credit_Memo_Standard_Loan","a2C4S0000008Sp0UAE","a2H4S00000056oHUAQ","LLC_BI__Participations__r","","a1Q4S0000008U6TUAU","LLC_BI__Participation__c","","","false","","false"
"a2H4S00000056pnUAA","","SC-000001104","2020-06-02T17:59:20.000Z","0054S000000Ms6RQAS","2020-06-02T17:59:20.000Z","0054S000000Ms6RQAS","","a2F4S0000008dZxUAI","2.01","CM_Summary_L","a2C4S0000008Sp1UAE","a2H4S00000056ogUAA","LLC_BI__Account__r","","a1Q4S0000008U6UUAU","Account","","","false","","false"
"a2H4S00000056poUAA","","SC-000001105","2020-06-02T17:59:20.000Z","0054S000000Ms6RQAS","2020-06-02T17:59:20.000Z","0054S000000Ms6RQAS","","a2F4S0000008dZyUAI","2.01","LLC_BI__Entity_ID","","a2H4S00000056ofUAA","LLC_BI__Legal_Entities__r","","a1Q4S0000008U6VUAU","LLC_BI__Legal_Entities__c","","","false","","false"
"a2H4S00000056ppUAA","","SC-000001106","2020-06-02T17:59:20.000Z","0054S000000Ms6RQAS","2020-06-02T17:59:20.000Z","0054S000000Ms6RQAS","","a2F4S0000008da1UAA","2.01","","a2C4S0000008Sp2UAE","a2H4S00000056odUAA","LLC_BI__Account__r","","a1Q4S0000008U6WUAU","Account","","","false","","false"
"a2H4S00000056pqUAA","","SC-000001107","2020-06-02T17:59:20.000Z","0054S000000Ms6RQAS","2020-06-02T17:59:20.000Z","0054S000000Ms6RQAS","","a2F4S0000008da4UAA","2.01","CM_Authorized_Signer_L","a2C4S0000008Sp3UAE","a2H4S00000056ocUAA","LLC_BI__Legal_Entities__r","","a1Q4S0000008U6XUAU","LLC_BI__Legal_Entities__c","","","false","","false"
"a2H4S00000056prUAA","","SC-000001108","2020-06-02T17:59:20.000Z","0054S000000Ms6RQAS","2020-06-02T17:59:20.000Z","0054S000000Ms6RQAS","","a2F4S0000008da5UAA","2.01","CM_Borrower_Structure_L","a2C4S0000008Sp4UAE","a2H4S00000056obUAA","LLC_BI__Legal_Entities__r","","a1Q4S0000008U6YUAU","LLC_BI__Legal_Entities__c","","","false","","false"
"a2H4S00000056psUAA","","SC-000001109","2020-06-02T17:59:20.000Z","0054S000000Ms6RQAS","2020-06-02T17:59:20.000Z","0054S000000Ms6RQAS","","a2F4S0000008da8UAA","2.01","","a2C4S0000008Sp5UAE","a2H4S00000056oZUAQ","LLC_BI__Account__r","","a1Q4S0000008U6ZUAU","Account","","","false","","false"
"a2H4S00000056ptUAA","","SC-000001110","2020-06-02T17:59:20.000Z","0054S000000Ms6RQAS","2020-06-02T17:59:20.000Z","0054S000000Ms6RQAS","","a2F4S0000008da9UAA","2.01","","a2C4S0000008Sp6UAE","a2H4S00000056oYUAQ","LLC_BI__Loan_Collateral__r","","a1Q4S0000008U6aUAE","LLC_BI__Loan_Collateral2__c","","","false","","false"
"a2H4S00000056puUAA","","SC-000001111","2020-06-02T17:59:20.000Z","0054S000000Ms6RQAS","2020-06-02T17:59:20.000Z","0054S000000Ms6RQAS","","a2F4S0000008daBUAQ","2.01","","a2C4S0000008Sp7UAE","a2H4S00000056oXUAQ","LLC_BI__Loan_Collateral__r","","a1Q4S0000008U6bUAE","LLC_BI__Loan_Collateral2__c","","","false","","false"
"a2H4S00000056pvUAA","","SC-000001112","2020-06-02T17:59:20.000Z","0054S000000Ms6RQAS","2020-06-02T17:59:20.000Z","0054S000000Ms6RQAS","","a2F4S0000008daDUAQ","2.01","CM_Participations","a2C4S0000008Sp8UAE","a2H4S00000056oWUAQ","LLC_BI__Participations__r","","a1Q4S0000008U6cUAE","LLC_BI__Participation__c","","","false","","false"
"a2H4S00000056pwUAA","","SC-000001113","2020-06-02T17:59:20.000Z","0054S000000Ms6RQAS","2020-06-02T17:59:20.000Z","0054S000000Ms6RQAS","","a2F4S0000008daFUAQ","2.01","","a2C4S0000008Sp9UAE","a2H4S00000056oVUAQ","LLC_BI__Loan_Covenants__r","","a1Q4S0000008U6dUAE","LLC_BI__Loan_Covenant__c","","","false","","false"
"a2H4S00000056pxUAA","","SC-000001114","2020-06-02T17:59:20.000Z","0054S000000Ms6RQAS","2020-06-02T17:59:20.000Z","0054S000000Ms6RQAS","","a2F4S0000008daGUAQ","2.01","CM_Third_Party_Reports_L","a2C4S0000008SpAUAU","a2H4S00000056oUUAQ","LLC_BI__Third_Party_Reports__r","","a1Q4S0000008U6eUAE","LLC_BI__third_party_report__c","","","false","","false"
"a2H4S00000056pyUAA","","SC-000001115","2020-06-02T17:59:20.000Z","0054S000000Ms6RQAS","2020-06-02T17:59:20.000Z","0054S000000Ms6RQAS","","a2F4S0000008daLUAQ","2.01","CM_Loan_Team_L","a2C4S0000008SpBUAU","a2H4S00000056oTUAQ","LLC_BI__Loan_Teams__r","","a1Q4S0000008U6fUAE","LLC_BI__LoanTeam__c","","","false","","false"
"a2H4S00000056pzUAA","","SC-000001116","2020-06-02T17:59:20.000Z","0054S000000Ms6RQAS","2020-06-02T17:59:20.000Z","0054S000000Ms6RQAS","","a2F4S0000008dZuUAI","2.01","CM_Fees_L","a2C4S0000008SpCUAU","a2H4S00000056oRUAQ","LLC_BI__Fees__r","","a1Q4S0000008U6gUAE","LLC_BI__Fee__c","","","false","","false"
"a2H4S00000056q0UAA","","SC-000001117","2020-06-02T17:59:20.000Z","0054S000000Ms6RQAS","2020-06-02T17:59:20.000Z","0054S000000Ms6RQAS","","a2F4S0000008dNLUAY","2.01","CM_Summary_L","a2C4S0000008SpDUAU","a2H4S00000056olUAA","LLC_BI__Account__r","","a1Q4S0000008U6hUAE","Account","","","false","","false"
"a2H4S00000056q1UAA","","SC-000001118","2020-06-02T17:59:20.000Z","0054S000000Ms6RQAS","2020-06-02T17:59:20.000Z","0054S000000Ms6RQAS","","a2F4S0000008dZcUAI","2.01","LLC_BI__Entity_ID","","a2H4S00000056okUAA","LLC_BI__Legal_Entities__r","","a1Q4S0000008U6iUAE","LLC_BI__Legal_Entities__c","","","false","","false"
"a2H4S00000056q2UAA","","SC-000001119","2020-06-02T17:59:20.000Z","0054S000000Ms6RQAS","2020-06-02T17:59:20.000Z","0054S000000Ms6RQAS","","a2F4S0000008dZCUAY","3.01","","","a2H4S00000056pLUAQ","LLC_BI__Account__r","","a1Q4S0000008U6jUAE","Account","","","false","","false"
"a2H4S00000056q3UAA","","SC-000001120","2020-06-02T17:59:20.000Z","0054S000000Ms6RQAS","2020-06-02T17:59:20.000Z","0054S000000Ms6RQAS","","a2F4S0000008dZFUAY","3.01","","","a2H4S00000056pMUAQ","LLC_BI__Account__r","","a1Q4S0000008U6kUAE","Account","","","false","","false"
"a2H4S00000056q4UAA","","SC-000001122","2020-06-02T17:59:20.000Z","0054S000000Ms6RQAS","2020-06-02T17:59:20.000Z","0054S000000Ms6RQAS","","a2F4S0000008dabUAA","3.01","Credit_Memo_Standard_Loan","a2C4S0000008SpEUAU","a2H4S00000056piUAA","LLC_BI__Covenant2__r","Covenant Details","a1Q4S0000008U6lUAE","LLC_BI__Covenant2__c","","","false","","false"
"a2H4S00000056q5UAA","","SC-000001123","2020-06-02T17:59:20.000Z","0054S000000Ms6RQAS","2020-06-02T17:59:20.000Z","0054S000000Ms6RQAS","","a2F4S0000008dNhUAI","3.01","Standard_Product_Package_Credit_Memo","a2C4S0000008SpFUAU","a2H4S00000056pOUAQ","LLC_BI__Legal_Entities__r","Borrower Structure","a1Q4S0000008U6mUAE","LLC_BI__Legal_Entities__c","","","false","","false"
"a2H4S00000056q6UAA","","SC-000001133","2020-06-02T17:59:20.000Z","0054S000000Ms6RQAS","2020-06-02T17:59:20.000Z","0054S000000Ms6RQAS","","a2F4S0000008daQUAQ","3.01","","a2C4S0000008SpGUAU","a2H4S00000056pPUAQ","LLC_BI__Legal_Entities__r","","a1Q4S0000008U6nUAE","LLC_BI__Legal_Entities__c","","0.0","false","","false"
"a2H4S00000056q7UAA","","SC-000001137","2020-06-02T17:59:20.000Z","0054S000000Ms6RQAS","2020-06-02T17:59:20.000Z","0054S000000Ms6RQAS","","a2F4S0000008dZNUAY","3.01","","","a2H4S00000056pRUAQ","LLC_BI__Account__r","","a1Q4S0000008U6oUAE","Account","","","false","","false"
"a2H4S00000056q8UAA","","SC-000001138","2020-06-02T17:59:20.000Z","0054S000000Ms6RQAS","2020-06-02T17:59:20.000Z","0054S000000Ms6RQAS","","a2F4S0000008dN8UAI","3.01","","a2C4S0000008SpHUAU","a2H4S00000056pSUAQ","LLC_BI__Legal_Entities__r","","a1Q4S0000008U6pUAE","LLC_BI__Legal_Entities__c","","","false","","false"
"a2H4S00000056q9UAA","","SC-000001139","2020-06-02T17:59:20.000Z","0054S000000Ms6RQAS","2020-06-02T17:59:20.000Z","0054S000000Ms6RQAS","","a2F4S0000008dN9UAI","3.01","CM_Authorized_Signer_L","a2C4S0000008SpIUAU","a2H4S00000056pTUAQ","LLC_BI__Contingent_Liabilties__r","","a1Q4S0000008U6qUAE","LLC_BI__Contingent_Liabilty__c","","","false","","false"
"a2H4S00000056qAUAQ","","SC-000001140","2020-06-02T17:59:20.000Z","0054S000000Ms6RQAS","2020-06-02T17:59:20.000Z","0054S000000Ms6RQAS","","a2F4S0000008dNCUAY","3.01","","a2C4S0000008SpJUAU","a2H4S00000056pVUAQ","LLC_BI__Legal_Entities__r","","a1Q4S0000008U6rUAE","LLC_BI__Legal_Entities__c","","","false","","false"
"a2H4S00000056qBUAQ","","SC-000001141","2020-06-02T17:59:20.000Z","0054S000000Ms6RQAS","2020-06-02T17:59:20.000Z","0054S000000Ms6RQAS","","a2F4S0000008dNDUAY","3.01","LLC_BI__Collateral_Summary_SS","a2C4S0000008SpKUAU","a2H4S00000056pWUAQ","LLC_BI__Collateral__r","","a1Q4S0000008U6sUAE","LLC_BI__Collateral__c","","","false","","false"
"a2H4S00000056qCUAQ","","SC-000001142","2020-06-02T17:59:20.000Z","0054S000000Ms6RQAS","2020-06-02T17:59:20.000Z","0054S000000Ms6RQAS","","a2F4S0000008dNEUAY","3.01","CM_Collateral_Detail_L","a2C4S0000008SpLUAU","a2H4S00000056pXUAQ","LLC_BI__Collateral__r","","a1Q4S0000008U6tUAE","LLC_BI__Collateral__c","","","false","","false"
"a2H4S00000056qDUAQ","","SC-000001143","2020-06-02T17:59:20.000Z","0054S000000Ms6RQAS","2020-06-02T17:59:20.000Z","0054S000000Ms6RQAS","","a2F4S0000008dNGUAY","3.01","Cm_Covenants_L","a2C4S0000008SpMUAU","a2H4S00000056pZUAQ","LLC_BI__Covenant2__r","","a1Q4S0000008U6uUAE","LLC_BI__Covenant2__c","","","false","","false"
"a2H4S00000056qEUAQ","","SC-000001144","2020-06-02T17:59:20.000Z","0054S000000Ms6RQAS","2020-06-02T17:59:20.000Z","0054S000000Ms6RQAS","","a2F4S0000008dYxUAI","3.01","LLC_BI__Loan_Collateral_Summary_SS","a2C4S0000008SpNUAU","a2H4S00000056peUAA","LLC_BI__Loans__r","","a1Q4S0000008U6vUAE","LLC_BI__Loan__c","","","false","","false"
"a2H4S00000056qFUAQ","","SC-000001145","2020-06-02T17:59:20.000Z","0054S000000Ms6RQAS","2020-06-02T17:59:20.000Z","0054S000000Ms6RQAS","","a2F4S0000008dYyUAI","3.01","LLC_BI__Collateral_Description_SS","a2C4S0000008SpOUAU","a2H4S00000056pfUAA","LLC_BI__Collateral__r","Collateral","a1Q4S0000008U6wUAE","LLC_BI__Collateral__c","","","false","","false"
"a2H4S00000056qGUAQ","","SC-000001146","2020-06-02T17:59:20.000Z","0054S000000Ms6RQAS","2020-06-02T17:59:20.000Z","0054S000000Ms6RQAS","","a2F4S0000008daTUAQ","3.01","Credit_Memo_Standard_Loan","a2C4S0000008SpPUAU","a2H4S00000056phUAA","LLC_BI__Contingent_Liabilties__r","","a1Q4S0000008U6xUAE","LLC_BI__Contingent_Liabilty__c","","","false","","false"
"a2H4S00000056qHUAQ","","SC-000001147","2020-06-02T17:59:20.000Z","0054S000000Ms6RQAS","2020-06-02T17:59:20.000Z","0054S000000Ms6RQAS","","a2F4S0000008dZyUAI","3.01","","","a2H4S00000056poUAA","LLC_BI__Account__r","","a1Q4S0000008U6yUAE","Account","","","false","","false"
"a2H4S00000056qIUAQ","","SC-000001148","2020-06-02T17:59:20.000Z","0054S000000Ms6RQAS","2020-06-02T17:59:20.000Z","0054S000000Ms6RQAS","","a2F4S0000008da1UAA","3.01","","a2C4S0000008SpQUAU","a2H4S00000056ppUAA","LLC_BI__Legal_Entities__r","","a1Q4S0000008U6zUAE","LLC_BI__Legal_Entities__c","","","false","","false"
"a2H4S00000056qJUAQ","","SC-000001149","2020-06-02T17:59:20.000Z","0054S000000Ms6RQAS","2020-06-02T17:59:20.000Z","0054S000000Ms6RQAS","","a2F4S0000008da4UAA","3.01","CM_Authorized_Signer_L","a2C4S0000008SpRUAU","a2H4S00000056pqUAA","LLC_BI__Contingent_Liabilties__r","","a1Q4S0000008U70UAE","LLC_BI__Contingent_Liabilty__c","","","false","","false"
"a2H4S00000056qKUAQ","","SC-000001150","2020-06-02T17:59:20.000Z","0054S000000Ms6RQAS","2020-06-02T17:59:20.000Z","0054S000000Ms6RQAS","","a2F4S0000008da8UAA","3.01","","a2C4S0000008SpSUAU","a2H4S00000056psUAA","LLC_BI__Legal_Entities__r","","a1Q4S0000008U71UAE","LLC_BI__Legal_Entities__c","","","false","","false"
"a2H4S00000056qLUAQ","","SC-000001151","2020-06-02T17:59:20.000Z","0054S000000Ms6RQAS","2020-06-02T17:59:20.000Z","0054S000000Ms6RQAS","","a2F4S0000008da9UAA","3.01","LLC_BI__Collateral_Summary_SS","a2C4S0000008SpTUAU","a2H4S00000056ptUAA","LLC_BI__Collateral__r","","a1Q4S0000008U72UAE","LLC_BI__Collateral__c","","","false","","false"
"a2H4S00000056qMUAQ","","SC-000001152","2020-06-02T17:59:20.000Z","0054S000000Ms6RQAS","2020-06-02T17:59:20.000Z","0054S000000Ms6RQAS","","a2F4S0000008daBUAQ","3.01","CM_Collateral_Detail_L","a2C4S0000008SpUUAU","a2H4S00000056puUAA","LLC_BI__Collateral__r","","a1Q4S0000008U73UAE","LLC_BI__Collateral__c","","","false","","false"
"a2H4S00000056qNUAQ","","SC-000001153","2020-06-02T17:59:20.000Z","0054S000000Ms6RQAS","2020-06-02T17:59:20.000Z","0054S000000Ms6RQAS","","a2F4S0000008daFUAQ","3.01","Cm_Covenants_L","a2C4S0000008SpVUAU","a2H4S00000056pwUAA","LLC_BI__Covenant2__r","","a1Q4S0000008U74UAE","LLC_BI__Covenant2__c","","","false","","false"
"a2H4S00000056qOUAQ","","SC-000001154","2020-06-02T17:59:20.000Z","0054S000000Ms6RQAS","2020-06-02T17:59:20.000Z","0054S000000Ms6RQAS","","a2F4S0000008dZCUAY","4.01","LLC_BI__Bundle_ID","","a2H4S00000056q2UAA","LLC_BI__Underwriting_Bundle__r","","a1Q4S0000008U75UAE","LLC_BI__Underwriting_Bundle__c","","","false","","false"
"a2H4S00000056qPUAQ","","SC-000001155","2020-06-02T17:59:20.000Z","0054S000000Ms6RQAS","2020-06-02T17:59:20.000Z","0054S000000Ms6RQAS","","a2F4S0000008dZFUAY","4.01","LLC_BI__Bundle_ID","","a2H4S00000056q3UAA","LLC_BI__Underwriting_Bundle__r","","a1Q4S0000008U76UAE","LLC_BI__Underwriting_Bundle__c","","","false","","false"
"a2H4S00000056qQUAQ","","SC-000001164","2020-06-02T17:59:20.000Z","0054S000000Ms6RQAS","2020-06-02T17:59:20.000Z","0054S000000Ms6RQAS","","a2F4S0000008daQUAQ","4.01","Credit_Memo_Standard_Loan_Exp","a2C4S0000008SpWUAU","a2H4S00000056q6UAA","LLC_BI__Loan__r","Loans","a1Q4S0000008U77UAE","LLC_BI__Loan__c","","0.0","false","","false"
"a2H4S00000056qRUAQ","","SC-000001170","2020-06-02T17:59:20.000Z","0054S000000Ms6RQAS","2020-06-02T17:59:20.000Z","0054S000000Ms6RQAS","","a2F4S0000008dZNUAY","4.01","LLC_BI__Bundle_ID","","a2H4S00000056q7UAA","LLC_BI__Underwriting_Bundle__r","","a1Q4S0000008U78UAE","LLC_BI__Underwriting_Bundle__c","","","false","","false"
"a2H4S00000056qSUAQ","","SC-000001171","2020-06-02T17:59:20.000Z","0054S000000Ms6RQAS","2020-06-02T17:59:20.000Z","0054S000000Ms6RQAS","","a2F4S0000008dN8UAI","4.01","CM_Related_Exposure_L","a2C4S0000008SpXUAU","a2H4S00000056q8UAA","LLC_BI__Loan__r","","a1Q4S0000008U79UAE","LLC_BI__Loan__c","","","false","","false"
"a2H4S00000056qTUAQ","","SC-000001172","2020-06-02T17:59:20.000Z","0054S000000Ms6RQAS","2020-06-02T17:59:20.000Z","0054S000000Ms6RQAS","","a2F4S0000008dNCUAY","4.01","CM_Deposits_L","a2C4S0000008SpYUAU","a2H4S00000056qAUAQ","LLC_BI__Deposit__r","","a1Q4S0000008U7AUAU","LLC_BI__Deposit__c","","","false","","false"
"a2H4S00000056qUUAQ","","SC-000001173","2020-06-02T17:59:20.000Z","0054S000000Ms6RQAS","2020-06-02T17:59:20.000Z","0054S000000Ms6RQAS","","a2F4S0000008dNEUAY","4.01","CM_Ownership_l","a2C4S0000008SpZUAU","a2H4S00000056qCUAQ","LLC_BI__Account_Collateral__r","Ownership","a1Q4S0000008U7BUAU","LLC_BI__Account_Collateral__c","","","false","","false"
"a2H4S00000056qVUAQ","","SC-000001174","2020-06-02T17:59:20.000Z","0054S000000Ms6RQAS","2020-06-02T17:59:20.000Z","0054S000000Ms6RQAS","","a2F4S0000008dNEUAY","4.02","CM_Liens_L","a2C4S0000008SpaUAE","a2H4S00000056qCUAQ","LLC_BI__Liens__r","Liens","a1Q4S0000008U7CUAU","LLC_BI__Lien__c","","","false","","false"
"a2H4S00000056qWUAQ","","SC-000001175","2020-06-02T17:59:20.000Z","0054S000000Ms6RQAS","2020-06-02T17:59:20.000Z","0054S000000Ms6RQAS","","a2F4S0000008dYyUAI","4.01","LLC_BI__AC_Collateral_Description_SS","a2C4S0000008SpbUAE","a2H4S00000056qFUAQ","LLC_BI__Account_Collateral__r","Ownership","a1Q4S0000008U7DUAU","LLC_BI__Account_Collateral__c","","","false","","false"
"a2H4S00000056qXUAQ","","SC-000001176","2020-06-02T17:59:20.000Z","0054S000000Ms6RQAS","2020-06-02T17:59:20.000Z","0054S000000Ms6RQAS","","a2F4S0000008dYyUAI","4.02","LLC_BI__Lien_Collateral_Description_SS","a2C4S0000008SpcUAE","a2H4S00000056qFUAQ","LLC_BI__Liens__r","Liens","a1Q4S0000008U7EUAU","LLC_BI__Lien__c","","","false","","false"
"a2H4S00000056qYUAQ","","SC-000001177","2020-06-02T17:59:20.000Z","0054S000000Ms6RQAS","2020-06-02T17:59:20.000Z","0054S000000Ms6RQAS","","a2F4S0000008dZyUAI","4.01","LLC_BI__Bundle_ID","","a2H4S00000056qHUAQ","LLC_BI__Underwriting_Bundle__r","","a1Q4S0000008U7FUAU","LLC_BI__Underwriting_Bundle__c","","","false","","false"
"a2H4S00000056qZUAQ","","SC-000001178","2020-06-02T17:59:20.000Z","0054S000000Ms6RQAS","2020-06-02T17:59:20.000Z","0054S000000Ms6RQAS","","a2F4S0000008da1UAA","4.01","CM_Related_Exposure_L","a2C4S0000008SpdUAE","a2H4S00000056qIUAQ","LLC_BI__Loan__r","","a1Q4S0000008U7GUAU","LLC_BI__Loan__c","","","false","","false"
"a2H4S00000056qaUAA","","SC-000001179","2020-06-02T17:59:20.000Z","0054S000000Ms6RQAS","2020-06-02T17:59:20.000Z","0054S000000Ms6RQAS","","a2F4S0000008da8UAA","4.01","CM_Deposits_L","a2C4S0000008SpeUAE","a2H4S00000056qKUAQ","LLC_BI__Deposit__r","","a1Q4S0000008U7HUAU","LLC_BI__Deposit__c","","","false","","false"
"a2H4S00000056qbUAA","","SC-000001180","2020-06-02T17:59:20.000Z","0054S000000Ms6RQAS","2020-06-02T17:59:20.000Z","0054S000000Ms6RQAS","","a2F4S0000008daBUAQ","4.01","CM_Ownership_l","a2C4S0000008SpfUAE","a2H4S00000056qMUAQ","LLC_BI__Account_Collateral__r","Ownership","a1Q4S0000008U7IUAU","LLC_BI__Account_Collateral__c","","","false","","false"
"a2H4S00000056qcUAA","","SC-000001181","2020-06-02T17:59:20.000Z","0054S000000Ms6RQAS","2020-06-02T17:59:20.000Z","0054S000000Ms6RQAS","","a2F4S0000008daBUAQ","4.02","CM_Liens_L","a2C4S0000008SpgUAE","a2H4S00000056qMUAQ","LLC_BI__Liens__r","Liens","a1Q4S0000008U7JUAU","LLC_BI__Lien__c","","","false","","false"
"a2H4S00000056qdUAA","","SC-000001191","2020-06-02T17:59:20.000Z","0054S000000Ms6RQAS","2020-06-02T17:59:20.000Z","0054S000000Ms6RQAS","","a2F4S0000008dZcUAI","3.01","","","a2H4S00000056q1UAA","LLC_BI__Account__r","","a1Q4S0000008U7KUAU","Account","","","false","","false"
"a2H4S00000056qeUAA","","SC-000001192","2020-06-02T17:59:20.000Z","0054S000000Ms6RQAS","2020-06-02T17:59:20.000Z","0054S000000Ms6RQAS","","a2F4S0000008dNOUAY","2.01","","a2C4S0000008SphUAE","a2H4S00000056oiUAA","LLC_BI__Account__r","","a1Q4S0000008U7LUAU","Account","","","false","","false"
"a2H4S00000056qfUAA","","SC-000001193","2020-06-02T17:59:20.000Z","0054S000000Ms6RQAS","2020-06-02T17:59:20.000Z","0054S000000Ms6RQAS","","a2F4S0000008dNPUAY","2.01","CM_Authorized_Signer_L","a2C4S0000008SpiUAE","a2H4S00000056ohUAA","LLC_BI__Legal_Entities__r","","a1Q4S0000008U7MUAU","LLC_BI__Legal_Entities__c","","","false","","false"
"a2H4S00000056qgUAA","","SC-000001194","2020-06-02T17:59:20.000Z","0054S000000Ms6RQAS","2020-06-02T17:59:20.000Z","0054S000000Ms6RQAS","","a2F4S0000008dNQUAY","2.01","CM_Borrower_Structure_L","a2C4S0000008SpjUAE","a2H4S00000056owUAA","LLC_BI__Legal_Entities__r","","a1Q4S0000008U7NUAU","LLC_BI__Legal_Entities__c","","","false","","false"
"a2H4S00000056qhUAA","","SC-000001195","2020-06-02T17:59:20.000Z","0054S000000Ms6RQAS","2020-06-02T17:59:20.000Z","0054S000000Ms6RQAS","","a2F4S0000008dNSUAY","2.01","","a2C4S0000008SpkUAE","a2H4S00000056ouUAA","LLC_BI__Account__r","","a1Q4S0000008U7OUAU","Account","","","false","","false"
"a2H4S00000056qiUAA","","SC-000001196","2020-06-02T17:59:20.000Z","0054S000000Ms6RQAS","2020-06-02T17:59:20.000Z","0054S000000Ms6RQAS","","a2F4S0000008dNTUAY","2.01","","a2C4S0000008SplUAE","a2H4S00000056otUAA","LLC_BI__Loan_Collateral__r","","a1Q4S0000008U7PUAU","LLC_BI__Loan_Collateral2__c","","","false","","false"
"a2H4S00000056qjUAA","","SC-000001197","2020-06-02T17:59:20.000Z","0054S000000Ms6RQAS","2020-06-02T17:59:20.000Z","0054S000000Ms6RQAS","","a2F4S0000008dNUUAY","2.01","","a2C4S0000008SpmUAE","a2H4S00000056osUAA","LLC_BI__Loan_Collateral__r","","a1Q4S0000008U7QUAU","LLC_BI__Loan_Collateral2__c","","","false","","false"
"a2H4S00000056qkUAA","","SC-000001198","2020-06-02T17:59:20.000Z","0054S000000Ms6RQAS","2020-06-02T17:59:20.000Z","0054S000000Ms6RQAS","","a2F4S0000008dNVUAY","2.01","CM_Participations","a2C4S0000008SpnUAE","a2H4S00000056orUAA","LLC_BI__Participations__r","","a1Q4S0000008U7RUAU","LLC_BI__Participation__c","","","false","","false"
"a2H4S00000056qlUAA","","SC-000001199","2020-06-02T17:59:20.000Z","0054S000000Ms6RQAS","2020-06-02T17:59:20.000Z","0054S000000Ms6RQAS","","a2F4S0000008dNWUAY","2.01","","a2C4S0000008SpoUAE","a2H4S00000056oqUAA","LLC_BI__Loan_Covenants__r","","a1Q4S0000008U7SUAU","LLC_BI__Loan_Covenant__c","","","false","","false"
"a2H4S00000056qmUAA","","SC-000001200","2020-06-02T17:59:20.000Z","0054S000000Ms6RQAS","2020-06-02T17:59:20.000Z","0054S000000Ms6RQAS","","a2F4S0000008dNXUAY","2.01","CM_Third_Party_Reports_L","a2C4S0000008SppUAE","a2H4S00000056opUAA","LLC_BI__Third_Party_Reports__r","","a1Q4S0000008U7TUAU","LLC_BI__third_party_report__c","","","false","","false"
"a2H4S00000056qnUAA","","SC-000001201","2020-06-02T17:59:20.000Z","0054S000000Ms6RQAS","2020-06-02T17:59:20.000Z","0054S000000Ms6RQAS","","a2F4S0000008dNYUAY","2.01","CM_Loan_Team_L","a2C4S0000008SpqUAE","a2H4S00000056ooUAA","LLC_BI__Loan_Teams__r","","a1Q4S0000008U7UUAU","LLC_BI__LoanTeam__c","","","false","","false"
"a2H4S00000056qoUAA","","SC-000001202","2020-06-02T17:59:20.000Z","0054S000000Ms6RQAS","2020-06-02T17:59:20.000Z","0054S000000Ms6RQAS","","a2F4S0000008dNaUAI","2.01","CM_Fees_L","a2C4S0000008SprUAE","a2H4S00000056omUAA","LLC_BI__Fees__r","","a1Q4S0000008U7VUAU","LLC_BI__Fee__c","","","false","","false"
"a2H4S00000056qpUAA","","SC-000001203","2020-06-02T17:59:20.000Z","0054S000000Ms6RQAS","2020-06-02T17:59:20.000Z","0054S000000Ms6RQAS","","a2F4S0000008dZcUAI","4.01","LLC_BI__Bundle_ID","","a2H4S00000056qdUAA","LLC_BI__Underwriting_Bundle__r","","a1Q4S0000008U7WUAU","LLC_BI__Underwriting_Bundle__c","","","false","","false"
"a2H4S00000056qqUAA","","SC-000001204","2020-06-02T17:59:20.000Z","0054S000000Ms6RQAS","2020-06-02T17:59:20.000Z","0054S000000Ms6RQAS","","a2F4S0000008dNOUAY","3.01","","a2C4S0000008SpsUAE","a2H4S00000056qeUAA","LLC_BI__Legal_Entities__r","","a1Q4S0000008U7XUAU","LLC_BI__Legal_Entities__c","","","false","","false"
"a2H4S00000056qrUAA","","SC-000001205","2020-06-02T17:59:20.000Z","0054S000000Ms6RQAS","2020-06-02T17:59:20.000Z","0054S000000Ms6RQAS","","a2F4S0000008dNPUAY","3.01","CM_Authorized_Signer_L","a2C4S0000008SptUAE","a2H4S00000056qfUAA","LLC_BI__Contingent_Liabilties__r","","a1Q4S0000008U7YUAU","LLC_BI__Contingent_Liabilty__c","","","false","","false"
"a2H4S00000056qsUAA","","SC-000001206","2020-06-02T17:59:20.000Z","0054S000000Ms6RQAS","2020-06-02T17:59:20.000Z","0054S000000Ms6RQAS","","a2F4S0000008dNSUAY","3.01","","a2C4S0000008SpuUAE","a2H4S00000056qhUAA","LLC_BI__Legal_Entities__r","","a1Q4S0000008U7ZUAU","LLC_BI__Legal_Entities__c","","","false","","false"
"a2H4S00000056qtUAA","","SC-000001207","2020-06-02T17:59:20.000Z","0054S000000Ms6RQAS","2020-06-02T17:59:20.000Z","0054S000000Ms6RQAS","","a2F4S0000008dNTUAY","3.01","LLC_BI__Collateral_Summary_SS","a2C4S0000008SpvUAE","a2H4S00000056qiUAA","LLC_BI__Collateral__r","","a1Q4S0000008U7aUAE","LLC_BI__Collateral__c","","","false","","false"
"a2H4S00000056quUAA","","SC-000001208","2020-06-02T17:59:20.000Z","0054S000000Ms6RQAS","2020-06-02T17:59:20.000Z","0054S000000Ms6RQAS","","a2F4S0000008dNUUAY","3.01","CM_Collateral_Detail_L","a2C4S0000008SpwUAE","a2H4S00000056qjUAA","LLC_BI__Collateral__r","","a1Q4S0000008U7bUAE","LLC_BI__Collateral__c","","","false","","false"
"a2H4S00000056qvUAA","","SC-000001209","2020-06-02T17:59:20.000Z","0054S000000Ms6RQAS","2020-06-02T17:59:20.000Z","0054S000000Ms6RQAS","","a2F4S0000008dNWUAY","3.01","Cm_Covenants_L","a2C4S0000008SpxUAE","a2H4S00000056qlUAA","LLC_BI__Covenant2__r","","a1Q4S0000008U7cUAE","LLC_BI__Covenant2__c","","","false","","false"
"a2H4S00000056qwUAA","","SC-000001210","2020-06-02T17:59:20.000Z","0054S000000Ms6RQAS","2020-06-02T17:59:20.000Z","0054S000000Ms6RQAS","","a2F4S0000008dNOUAY","4.01","CM_Related_Exposure_L","a2C4S0000008SpyUAE","a2H4S00000056qqUAA","LLC_BI__Loan__r","","a1Q4S0000008U7dUAE","LLC_BI__Loan__c","","","false","","false"
"a2H4S00000056qxUAA","","SC-000001211","2020-06-02T17:59:20.000Z","0054S000000Ms6RQAS","2020-06-02T17:59:20.000Z","0054S000000Ms6RQAS","","a2F4S0000008dNSUAY","4.01","CM_Deposits_L","a2C4S0000008SpzUAE","a2H4S00000056qsUAA","LLC_BI__Deposit__r","","a1Q4S0000008U7eUAE","LLC_BI__Deposit__c","","","false","","false"
"a2H4S00000056qyUAA","","SC-000001212","2020-06-02T17:59:20.000Z","0054S000000Ms6RQAS","2020-06-02T17:59:20.000Z","0054S000000Ms6RQAS","","a2F4S0000008dNUUAY","4.01","CM_Ownership_l","a2C4S0000008Sq0UAE","a2H4S00000056quUAA","LLC_BI__Account_Collateral__r","Ownership","a1Q4S0000008U7fUAE","LLC_BI__Account_Collateral__c","","","false","","false"
"a2H4S00000056qzUAA","","SC-000001213","2020-06-02T17:59:20.000Z","0054S000000Ms6RQAS","2020-06-02T17:59:20.000Z","0054S000000Ms6RQAS","","a2F4S0000008dNUUAY","4.02","CM_Liens_L","a2C4S0000008Sq1UAE","a2H4S00000056quUAA","LLC_BI__Liens__r","Liens","a1Q4S0000008U7gUAE","LLC_BI__Lien__c","","","false","","false"
"a2H4S00000056r0UAA","","SC-000001214","2020-06-02T17:59:20.000Z","0054S000000Ms6RQAS","2020-06-02T17:59:20.000Z","0054S000000Ms6RQAS","","a2F4S0000008daoUAA","1.01","","a2C4S0000008Sq2UAE","","","","42484673101619751","LLC_BI__Loan__c","","","false","","false"
"a2H4S00000056r1UAA","","SC-000001215","2020-06-02T17:59:20.000Z","0054S000000Ms6RQAS","2020-06-02T17:59:20.000Z","0054S000000Ms6RQAS","","a2F4S0000008daoUAA","2.01","LLC_BI__Commercial_Credit_Memo","a2C4S0000008Sq3UAE","a2H4S00000056r0UAA","LLC_BI__Policy_Exceptions__r","","42782999073212098","LLC_BI__Policy_Exception__c","","","false","","false"
"a2H4S00000056r2UAA","","SC-000001216","2020-06-02T17:59:20.000Z","0054S000000Ms6RQAS","2020-06-02T17:59:20.000Z","0054S000000Ms6RQAS","","a2F4S0000008dapUAA","1.01","","","","","","42022970911522289","Account","","","false","","false"
"a2H4S00000056r3UAA","","SC-000001217","2020-06-02T17:59:20.000Z","0054S000000Ms6RQAS","2020-06-02T17:59:20.000Z","0054S000000Ms6RQAS","","a2F4S0000008dapUAA","2.01","LLC_BI__UI_Loan_Products","","a2H4S00000056r2UAA","LLC_BI__Legal_Entities__r","","42679535700689311","LLC_BI__Legal_Entities__c","","","false","","false"
"a2H4S00000056r4UAA","","SC-000001218","2020-06-02T17:59:20.000Z","0054S000000Ms6RQAS","2020-06-02T17:59:20.000Z","0054S000000Ms6RQAS","","a2F4S0000008daqUAA","0.0","LLC_BI__Pricing_Summary","","","","Rate Structure","42881098188827691","LLC_BI__Loan__c","","","false","","false"
"a2H4S00000056r5UAA","","SC-000001219","2020-06-02T17:59:20.000Z","0054S000000Ms6RQAS","2020-06-02T17:59:20.000Z","0054S000000Ms6RQAS","","a2F4S0000008darUAA","0.0","LLC_BI__Pricing_Summary","","","","Payment Structure","42501282548773124","LLC_BI__Loan__c","","","false","","false"
"a2H4S00000056r6UAA","","SC-000001220","2020-06-02T17:59:20.000Z","0054S000000Ms6RQAS","2020-06-02T17:59:20.000Z","0054S000000Ms6RQAS","","a2F4S0000008dasUAA","1.01","","","","","Risk Rating","42636570679299152","LLC_BI__Loan__c","","","false","","false"
"a2H4S00000056r7UAA","","SC-000001221","2020-06-02T17:59:20.000Z","0054S000000Ms6RQAS","2020-06-02T17:59:20.000Z","0054S000000Ms6RQAS","","a2F4S0000008dasUAA","2.01","LLC_BI__UI_Risk_Rating","","a2H4S00000056r6UAA","LLC_BI__Risk_Rating_Review__r","Risk Rating","42581155732352900","LLC_BI__Annual_Review__c","","","false","","false"
"a2H4S00000056r8UAA","","SC-000001222","2020-06-02T17:59:20.000Z","0054S000000Ms6RQAS","2020-06-02T17:59:20.000Z","0054S000000Ms6RQAS","","a2F4S0000008datUAA","1.0","","","","","Change Memo","42961248398969091","LLC_BI__Loan__c","","","false","","false"
"a2H4S00000056r9UAA","","SC-000001223","2020-06-02T17:59:20.000Z","0054S000000Ms6RQAS","2020-06-02T17:59:20.000Z","0054S000000Ms6RQAS","","a2F4S0000008datUAA","2.0","LLC_BI__UI_Memo_Action","","a2H4S00000056r8UAA","LLC_BI__Change_Memos__r","Change Memo","42416835639893134","LLC_BI__Credit_Memo_Modifcation__c","","","false","","false"
"a2H4S00000056rAUAQ","","SC-000001224","2020-06-02T17:59:20.000Z","0054S000000Ms6RQAS","2020-06-02T17:59:20.000Z","0054S000000Ms6RQAS","","a2F4S0000008dauUAA","0.0","LLC_BI__UI_Fees_Summary","","","","Fees Summary","42483811352016651","LLC_BI__Loan__c","","","false","","false"
"a2H4S00000056rBUAQ","","SC-000001225","2020-06-02T17:59:20.000Z","0054S000000Ms6RQAS","2020-06-02T17:59:20.000Z","0054S000000Ms6RQAS","","a2F4S0000008davUAA","1.01","","","","","Team Members","42808808781956246","LLC_BI__Loan__c","","","false","","false"
"a2H4S00000056rCUAQ","","SC-000001226","2020-06-02T17:59:20.000Z","0054S000000Ms6RQAS","2020-06-02T17:59:20.000Z","0054S000000Ms6RQAS","","a2F4S0000008davUAA","2.01","LLC_BI__UI_Loan_Team_Members","","a2H4S00000056rBUAQ","LLC_BI__Loan_Teams__r","Team Members","42085301228340363","LLC_BI__LoanTeam__c","","","false","","false"
"a2H4S00000056rDUAQ","","SC-000001227","2020-06-02T17:59:20.000Z","0054S000000Ms6RQAS","2020-09-11T16:55:24.000Z","0054S000000Ms6RQAS","","a2F4S0000008dawUAA","1.01","EO_Details_Fieldset","","","","","42644577123913875","Contact","","","false","","false"
"a2H4S00000056rEUAQ","","SC-000001228","2020-06-02T17:59:20.000Z","0054S000000Ms6RQAS","2020-06-02T17:59:20.000Z","0054S000000Ms6RQAS","","a2F4S0000008daxUAA","1.01","LLC_BI__UI_Relationship_Detail","","","","","42040949576687080","Account","","","false","","false"
"a2H4S00000056rFUAQ","","SC-000001229","2020-06-02T17:59:20.000Z","0054S000000Ms6RQAS","2021-05-12T13:46:00.000Z","0054S000000Ms6RQAS","","a2F4S0000008dayUAA","1.01","EO_Relationship_Details","a2C4S0000008bgrUAA","","","","42859224734957843","Account","","0.0","false","","false"
"a2H4S00000056rGUAQ","","SC-000001230","2020-06-02T17:59:20.000Z","0054S000000Ms6RQAS","2020-06-02T17:59:20.000Z","0054S000000Ms6RQAS","","a2F4S0000008dazUAA","1.01","LLC_BI__Deposit_Individual_Relationship_Details","","","","","42835771722199705","Contact","","","false","","false"
"a2H4S00000056rHUAQ","","SC-000001231","2020-06-02T17:59:20.000Z","0054S000000Ms6RQAS","2020-09-08T13:57:31.000Z","0054S000000Ms6RQAS","","a2F4S0000008db0UAA","1.01","EO_Details_Fieldset","","","","","42109948499647509","Contact","","","false","","false"
"a2H4S00000056rIUAQ","","SC-000001232","2020-06-02T17:59:20.000Z","0054S000000Ms6RQAS","2021-01-07T17:18:43.000Z","0054S000000Ms6RQAS","","a2F4S0000008db1UAA","1.01","EO_Relationship_Details","","","","","42306039464578680","Account","","","false","","false"
"a2H4S00000056rJUAQ","","SC-000001233","2020-06-02T17:59:20.000Z","0054S000000Ms6RQAS","2020-06-02T17:59:20.000Z","0054S000000Ms6RQAS","","a2F4S0000008db2UAA","1.01","LLC_BI__UI_Relationship_Detail","","","","","42732157493772132","Account","","","false","","false"
"a2H4S00000056rKUAQ","","SC-000001234","2020-06-02T17:59:20.000Z","0054S000000Ms6RQAS","2020-06-02T17:59:20.000Z","0054S000000Ms6RQAS","","a2F4S0000008db3UAA","1.01","LLC_BI__Deposit_Individual_Relationship_Details","","","","","42946152914928541","Contact","","","false","","false"
"a2H4S00000056rMUAQ","","SC-000001236","2020-06-02T17:59:20.000Z","0054S000000Ms6RQAS","2020-06-02T17:59:20.000Z","0054S000000Ms6RQAS","","a2F4S0000008db5UAA","1.01","LLC_BI__Id_Document_AlienRegistrationCard","","","","","42172946845752095","LLC_BI__Id_Document__c","","","false","","false"
"a2H4S00000056rNUAQ","","SC-000001237","2020-06-02T17:59:20.000Z","0054S000000Ms6RQAS","2020-06-02T17:59:20.000Z","0054S000000Ms6RQAS","","a2F4S0000008db6UAA","2.01","LLC_BI__Id_Document_ArticlesOfInc","","","","","42186656057067980","LLC_BI__Id_Document__c","","","false","","false"
"a2H4S00000056rOUAQ","","SC-000001238","2020-06-02T17:59:20.000Z","0054S000000Ms6RQAS","2020-06-02T17:59:20.000Z","0054S000000Ms6RQAS","","a2F4S0000008db7UAA","3.01","LLC_BI__Id_Document_ArticlesOfOrg","","","","","42660614001442523","LLC_BI__Id_Document__c","","","false","","false"
"a2H4S00000056rPUAQ","","SC-000001239","2020-06-02T17:59:20.000Z","0054S000000Ms6RQAS","2020-06-02T17:59:20.000Z","0054S000000Ms6RQAS","","a2F4S0000008db8UAA","4.01","LLC_BI__Id_Document_BusinessLicense","","","","","42020795163715367","LLC_BI__Id_Document__c","","","false","","false"
"a2H4S00000056rQUAQ","","SC-000001240","2020-06-02T17:59:20.000Z","0054S000000Ms6RQAS","2020-06-02T17:59:20.000Z","0054S000000Ms6RQAS","","a2F4S0000008db9UAA","5.01","LLC_BI__Id_Document_CertOfExistence","","","","","42537297673155424","LLC_BI__Id_Document__c","","","false","","false"
"a2H4S00000056rRUAQ","","SC-000001241","2020-06-02T17:59:20.000Z","0054S000000Ms6RQAS","2020-06-02T17:59:20.000Z","0054S000000Ms6RQAS","","a2F4S0000008dbAUAQ","6.01","LLC_BI__Id_Document_CertOfPartnership","","","","","42457124706007792","LLC_BI__Id_Document__c","","","false","","false"
"a2H4S00000056rSUAQ","","SC-000001242","2020-06-02T17:59:20.000Z","0054S000000Ms6RQAS","2020-06-02T17:59:20.000Z","0054S000000Ms6RQAS","","a2F4S0000008dbBUAQ","7.01","LLC_BI__Id_Document_CourtOrderEstate","","","","","42701963409036707","LLC_BI__Id_Document__c","","","false","","false"
"a2H4S00000056rTUAQ","","SC-000001243","2020-06-02T17:59:20.000Z","0054S000000Ms6RQAS","2020-06-02T17:59:20.000Z","0054S000000Ms6RQAS","","a2F4S0000008dbCUAQ","8.01","LLC_BI__Id_Document_DBARegistration","","","","","42399776284819589","LLC_BI__Id_Document__c","","","false","","false"
"a2H4S00000056rUUAQ","","SC-000001244","2020-06-02T17:59:20.000Z","0054S000000Ms6RQAS","2020-06-02T17:59:20.000Z","0054S000000Ms6RQAS","","a2F4S0000008dbDUAQ","9.01","LLC_BI__Id_Document_Drivers_License","","","","","42773764283818959","LLC_BI__Id_Document__c","","","false","","false"
"a2H4S00000056rVUAQ","","SC-000001245","2020-06-02T17:59:20.000Z","0054S000000Ms6RQAS","2020-06-02T17:59:20.000Z","0054S000000Ms6RQAS","","a2F4S0000008dbEUAQ","10.01","LLC_BI__Id_Document_Matricular_Consular","","","","","42252162642359446","LLC_BI__Id_Document__c","","","false","","false"
"a2H4S00000056rWUAQ","","SC-000001246","2020-06-02T17:59:20.000Z","0054S000000Ms6RQAS","2020-06-02T17:59:20.000Z","0054S000000Ms6RQAS","","a2F4S0000008dbFUAQ","11.01","LLC_BI__Id_Document_PartnershipAgreement","","","","","42576908323151178","LLC_BI__Id_Document__c","","","false","","false"
"a2H4S00000056rXUAQ","","SC-000001247","2020-06-02T17:59:20.000Z","0054S000000Ms6RQAS","2020-06-02T17:59:20.000Z","0054S000000Ms6RQAS","","a2F4S0000008dbGUAQ","12.01","LLC_BI__Id_Document_Passport","","","","","42639528426307627","LLC_BI__Id_Document__c","","","false","","false"
"a2H4S00000056rYUAQ","","SC-000001248","2020-06-02T17:59:20.000Z","0054S000000Ms6RQAS","2020-06-02T17:59:20.000Z","0054S000000Ms6RQAS","","a2F4S0000008dbHUAQ","13.01","LLC_BI__Id_Document_RegOfPartnership","","","","","42271189518611217","LLC_BI__Id_Document__c","","","false","","false"
"a2H4S00000056rZUAQ","","SC-000001249","2020-06-02T17:59:20.000Z","0054S000000Ms6RQAS","2020-06-02T17:59:20.000Z","0054S000000Ms6RQAS","","a2F4S0000008dbIUAQ","14.01","LLC_BI__Id_Document_SecOfStateGoodStand","","","","","42555791911208773","LLC_BI__Id_Document__c","","","false","","false"
"a2H4S00000056raUAA","","SC-000001250","2020-06-02T17:59:20.000Z","0054S000000Ms6RQAS","2020-06-02T17:59:20.000Z","0054S000000Ms6RQAS","","a2F4S0000008dbJUAQ","15.01","LLC_BI__Id_Document_State_Id","","","","","42181201292208396","LLC_BI__Id_Document__c","","","false","","false"
"a2H4S00000056rbUAA","","SC-000001251","2020-06-02T17:59:20.000Z","0054S000000Ms6RQAS","2020-06-02T17:59:20.000Z","0054S000000Ms6RQAS","","a2F4S0000008dbKUAQ","16.01","LLC_BI__Id_Document_TaxExemptStatus","","","","","42395756982395938","LLC_BI__Id_Document__c","","","false","","false"
"a2H4S00000056rcUAA","","SC-000001252","2020-06-02T17:59:20.000Z","0054S000000Ms6RQAS","2020-06-02T17:59:20.000Z","0054S000000Ms6RQAS","","a2F4S0000008dbLUAQ","17.01","LLC_BI__Id_Document_TrustAgreement","","","","","42387556174330526","LLC_BI__Id_Document__c","","","false","","false"
"a2H4S00000056rdUAA","","SC-000001253","2020-06-02T17:59:20.000Z","0054S000000Ms6RQAS","2020-06-02T17:59:20.000Z","0054S000000Ms6RQAS","","a2F4S0000008dbMUAQ","18.01","LLC_BI__Id_Document_USMilitaryID","","","","","42233109757095892","LLC_BI__Id_Document__c","","","false","","false"
"a2H4S00000056reUAA","","SC-000001254","2020-06-02T17:59:20.000Z","0054S000000Ms6RQAS","2020-06-02T17:59:20.000Z","0054S000000Ms6RQAS","","a2F4S0000008dbNUAQ","19.01","LLC_BI__Id_Document_USPermanentResidenceCard","","","","","42950728451961513","LLC_BI__Id_Document__c","","","false","","false"
"a2H4S00000056rfUAA","","SC-000001255","2020-06-02T17:59:20.000Z","0054S000000Ms6RQAS","2020-06-02T17:59:20.000Z","0054S000000Ms6RQAS","","a2F4S0000008dbOUAQ","20.01","LLC_BI__Id_Document_USTemporaryResidenceCard","","","","","42235269218662131","LLC_BI__Id_Document__c","","","false","","false"
"a2H4S00000056rgUAA","","SC-000001256","2020-06-02T17:59:20.000Z","0054S000000Ms6RQAS","2020-06-02T17:59:20.000Z","0054S000000Ms6RQAS","","a2F4S0000008dbPUAQ","21.01","LLC_BI__Id_Document_USVisa","","","","","42832864002339540","LLC_BI__Id_Document__c","","","false","","false"
"a2H4S00000056rhUAA","","SC-000001257","2020-06-02T17:59:20.000Z","0054S000000Ms6RQAS","2020-06-02T17:59:20.000Z","0054S000000Ms6RQAS","","a2F4S0000008dbQUAQ","1.01","","","","","","42506620734895888","LLC_BI__Loan__c","","","false","","false"
"a2H4S00000056riUAA","","SC-000001258","2020-06-02T17:59:20.000Z","0054S000000Ms6RQAS","2020-06-02T17:59:20.000Z","0054S000000Ms6RQAS","","a2F4S0000008dbQUAQ","2.01","LLC_BI__Entity_ID","","a2H4S00000056rhUAA","LLC_BI__Legal_Entities__r","","42916390936264116","LLC_BI__Legal_Entities__c","","","false","","false"
"a2H4S00000056rjUAA","","SC-000001259","2020-06-02T17:59:20.000Z","0054S000000Ms6RQAS","2020-06-02T17:59:20.000Z","0054S000000Ms6RQAS","","a2F4S0000008dbQUAQ","3.01","","","a2H4S00000056riUAA","LLC_BI__Account__r","","42616384633215385","Account","","","false","","false"
"a2H4S00000056rkUAA","","SC-000001260","2020-06-02T17:59:20.000Z","0054S000000Ms6RQAS","2020-06-02T17:59:20.000Z","0054S000000Ms6RQAS","","a2F4S0000008dbQUAQ","4.01","LLC_BI__Bundle_ID","","a2H4S00000056rjUAA","LLC_BI__Underwriting_Bundle__r","","42407637187764653","LLC_BI__Underwriting_Bundle__c","","","false","","false"
"a2H4S00000056rlUAA","","SC-000001261","2020-06-02T17:59:20.000Z","0054S000000Ms6RQAS","2020-06-02T17:59:20.000Z","0054S000000Ms6RQAS","","a2F4S0000008dNdUAI","1.01","","a2C4S0000008Sq4UAE","","","Loans","42830433279476488","LLC_BI__Product_Package__c","","","false","","false"
"a2H4S00000056rmUAA","","SC-000001262","2020-06-02T17:59:20.000Z","0054S000000Ms6RQAS","2020-06-02T17:59:20.000Z","0054S000000Ms6RQAS","","a2F4S0000008dNdUAI","2.01","","a2C4S0000008Sq5UAE","a2H4S00000056rlUAA","LLC_BI__Loan_Facilities__r","","42854965303465820","LLC_BI__Loan__c","","","false","","false"
"a2H4S00000056rnUAA","","SC-000001263","2020-06-02T17:59:20.000Z","0054S000000Ms6RQAS","2020-06-02T17:59:20.000Z","0054S000000Ms6RQAS","","a2F4S0000008dNdUAI","3.01","","a2C4S0000008Sq6UAE","a2H4S00000056rmUAA","LLC_BI__Account__r","","42916951193687080","Account","","","false","","false"
"a2H4S00000056roUAA","","SC-000001264","2020-06-02T17:59:20.000Z","0054S000000Ms6RQAS","2020-06-02T17:59:20.000Z","0054S000000Ms6RQAS","","a2F4S0000008dNdUAI","4.01","","a2C4S0000008Sq7UAE","a2H4S00000056rnUAA","LLC_BI__Legal_Entities__r","","42284451432385287","LLC_BI__Legal_Entities__c","","","false","","false"
"a2H4S00000056rpUAA","","SC-000001265","2020-06-02T17:59:20.000Z","0054S000000Ms6RQAS","2020-06-02T17:59:20.000Z","0054S000000Ms6RQAS","","a2F4S0000008dNdUAI","5.01","CM_Related_Exposure_PP","a2C4S0000008Sq8UAE","a2H4S00000056roUAA","LLC_BI__Loan__r","","42465461851324202","LLC_BI__Loan__c","","","false","","false"
"a2H4S00000056rqUAA","","SC-000001266","2020-06-02T17:59:20.000Z","0054S000000Ms6RQAS","2020-06-02T17:59:20.000Z","0054S000000Ms6RQAS","","a2F4S0000008dNcUAI","1.01","","a2C4S0000008Sq9UAE","","","Deposits","42162316276122985","LLC_BI__Product_Package__c","","","false","","false"
"a2H4S00000056rrUAA","","SC-000001267","2020-06-02T17:59:20.000Z","0054S000000Ms6RQAS","2020-06-02T17:59:20.000Z","0054S000000Ms6RQAS","","a2F4S0000008dNcUAI","2.01","","a2C4S0000008SqAUAU","a2H4S00000056rqUAA","LLC_BI__Loan_Facilities__r","","42998796802457250","LLC_BI__Loan__c","","","false","","false"
"a2H4S00000056rsUAA","","SC-000001268","2020-06-02T17:59:20.000Z","0054S000000Ms6RQAS","2020-06-02T17:59:20.000Z","0054S000000Ms6RQAS","","a2F4S0000008dNcUAI","3.01","","a2C4S0000008SqBUAU","a2H4S00000056rrUAA","LLC_BI__Account__r","","42185671374273553","Account","","","false","","false"
"a2H4S00000056rtUAA","","SC-000001269","2020-06-02T17:59:20.000Z","0054S000000Ms6RQAS","2020-06-02T17:59:20.000Z","0054S000000Ms6RQAS","","a2F4S0000008dNcUAI","4.01","","a2C4S0000008SqCUAU","a2H4S00000056rsUAA","LLC_BI__Legal_Entities__r","","42387220955728007","LLC_BI__Legal_Entities__c","","","false","","false"
"a2H4S00000056ruUAA","","SC-000001270","2020-06-02T17:59:20.000Z","0054S000000Ms6RQAS","2020-06-02T17:59:20.000Z","0054S000000Ms6RQAS","","a2F4S0000008dNcUAI","5.01","CM_Deposits_PP","a2C4S0000008SqDUAU","a2H4S00000056rtUAA","LLC_BI__Deposit__r","","42033568508384593","LLC_BI__Deposit__c","","","false","","false"
"a2H4S00000056rvUAA","","SC-000001271","2020-06-02T17:59:20.000Z","0054S000000Ms6RQAS","2020-06-02T17:59:20.000Z","0054S000000Ms6RQAS","","a2F4S0000008dNeUAI","1.01","","a2C4S0000008SqEUAU","","","","1.681612432467005","LLC_BI__Product_Package__c","","","false","","false"
"a2H4S00000056rwUAA","","SC-000001272","2020-06-02T17:59:20.000Z","0054S000000Ms6RQAS","2020-06-02T17:59:20.000Z","0054S000000Ms6RQAS","","a2F4S0000008dNeUAI","2.01","CM_Loan_Details_PP","a2C4S0000008SqFUAU","a2H4S00000056rvUAA","LLC_BI__Loan_Facilities__r","","42741226580779235","LLC_BI__Loan__c","","","false","","false"
"a2H4S00000056rxUAA","","SC-000001273","2020-06-02T17:59:20.000Z","0054S000000Ms6RQAS","2020-06-02T17:59:20.000Z","0054S000000Ms6RQAS","","a2F4S0000008dNeUAI","3.01","CM_Borrower_Structure_PP","a2C4S0000008SqGUAU","a2H4S00000056rwUAA","LLC_BI__Legal_Entities__r","Borrower Structure","42779867938468024","LLC_BI__Legal_Entities__c","","","false","","false"
"a2H4S00000056ryUAA","","SC-000001274","2020-06-02T17:59:20.000Z","0054S000000Ms6RQAS","2020-06-02T17:59:20.000Z","0054S000000Ms6RQAS","","a2F4S0000008dNeUAI","3.03","","a2C4S0000008SqHUAU","a2H4S00000056rwUAA","LLC_BI__Loan_Collateral__r","","42296871366946221","LLC_BI__Loan_Collateral2__c","","","false","","false"
"a2H4S00000056rzUAA","","SC-000001275","2020-06-02T17:59:20.000Z","0054S000000Ms6RQAS","2020-06-02T17:59:20.000Z","0054S000000Ms6RQAS","","a2F4S0000008dNeUAI","3.04","","a2C4S0000008SqIUAU","a2H4S00000056rwUAA","LLC_BI__Loan_Covenants__r","","42897254976808947","LLC_BI__Loan_Covenant__c","","","false","","false"
"a2H4S00000056s0UAA","","SC-000001276","2020-06-02T17:59:20.000Z","0054S000000Ms6RQAS","2020-06-02T17:59:20.000Z","0054S000000Ms6RQAS","","a2F4S0000008dNeUAI","3.05","CM_Third_Party_Reports_PP","a2C4S0000008SqJUAU","a2H4S00000056rwUAA","LLC_BI__Third_Party_Reports__r","Third Party Reports","42372587789706038","LLC_BI__third_party_report__c","","","false","","false"
"a2H4S00000056s1UAA","","SC-000001277","2020-06-02T17:59:20.000Z","0054S000000Ms6RQAS","2020-06-02T17:59:20.000Z","0054S000000Ms6RQAS","","a2F4S0000008dNeUAI","3.06","CM_Fees_PP","a2C4S0000008SqKUAU","a2H4S00000056rwUAA","LLC_BI__Fees__r","Fees","42488011345594743","LLC_BI__Fee__c","","","false","","false"
"a2H4S00000056s2UAA","","SC-000001278","2020-06-02T17:59:20.000Z","0054S000000Ms6RQAS","2020-06-02T17:59:20.000Z","0054S000000Ms6RQAS","","a2F4S0000008dNeUAI","3.07","CM_Participations_PP","a2C4S0000008SqLUAU","a2H4S00000056rwUAA","LLC_BI__Participations__r","Participations","42748037532689186","LLC_BI__Participation__c","","","false","","false"
"a2H4S00000056s3UAA","","SC-000001279","2020-06-02T17:59:20.000Z","0054S000000Ms6RQAS","2020-06-02T17:59:20.000Z","0054S000000Ms6RQAS","","a2F4S0000008dNeUAI","4.01","CM_Collateral_Detail_PP","a2C4S0000008SqMUAU","a2H4S00000056ryUAA","LLC_BI__Collateral__r","Collateral Details","42435559207423155","LLC_BI__Collateral__c","","","false","","false"
"a2H4S00000056s4UAA","","SC-000001280","2020-06-02T17:59:20.000Z","0054S000000Ms6RQAS","2020-06-02T17:59:20.000Z","0054S000000Ms6RQAS","","a2F4S0000008dNeUAI","4.01","Cm_Covenants_PP","a2C4S0000008SqNUAU","a2H4S00000056rzUAA","LLC_BI__Covenant2__r","Covenants","42663747890913379","LLC_BI__Covenant2__c","","","false","","false"
"a2H4S00000056s5UAA","","SC-000001281","2020-06-02T17:59:20.000Z","0054S000000Ms6RQAS","2020-06-02T17:59:20.000Z","0054S000000Ms6RQAS","","a2F4S0000008dNeUAI","5.01","CM_Ownership_PP","a2C4S0000008SqOUAU","a2H4S00000056s3UAA","LLC_BI__Account_Collateral__r","Ownership","42924700851855843","LLC_BI__Account_Collateral__c","","","false","","false"
"a2H4S00000056s6UAA","","SC-000001282","2020-06-02T17:59:20.000Z","0054S000000Ms6RQAS","2020-06-02T17:59:20.000Z","0054S000000Ms6RQAS","","a2F4S0000008dNeUAI","5.02","CM_Liens_PP","a2C4S0000008SqPUAU","a2H4S00000056s3UAA","LLC_BI__Liens__r","Liens","42621086466002633","LLC_BI__Lien__c","","","false","","false"
"a2H4S00000056s7UAA","","SC-000001283","2020-06-02T17:59:20.000Z","0054S000000Ms6RQAS","2020-06-02T17:59:20.000Z","0054S000000Ms6RQAS","","a2F4S0000008dNbUAI","1.01","CM_Product_Package_Details_PP","a2C4S0000008SqQUAU","","","","42980494073821278","LLC_BI__Product_Package__c","","","false","","false"
"a2H4S00000056s8UAA","","SC-000001284","2020-06-02T17:59:20.000Z","0054S000000Ms6RQAS","2020-06-02T17:59:20.000Z","0054S000000Ms6RQAS","","a2F4S0000008dbVUAQ","1.01","","a2C4S0000008SqRUAU","","","","42512656438544095","LLC_BI__Product_Package__c","","","false","","false"
"a2H4S00000056s9UAA","","SC-000001285","2020-06-02T17:59:20.000Z","0054S000000Ms6RQAS","2020-06-02T17:59:20.000Z","0054S000000Ms6RQAS","","a2F4S0000008dbVUAQ","2.01","","a2C4S0000008SqSUAU","a2H4S00000056s8UAA","LLC_BI__Loan_Facilities__r","","42304566572508215","LLC_BI__Loan__c","","","false","","false"
"a2H4S00000056sAUAQ","","SC-000001286","2020-06-02T17:59:20.000Z","0054S000000Ms6RQAS","2020-06-02T17:59:20.000Z","0054S000000Ms6RQAS","","a2F4S0000008dbVUAQ","3.01","LLC_BI__Entity_ID","a2C4S0000008SqTUAU","a2H4S00000056s9UAA","LLC_BI__Legal_Entities__r","","42228423909317644","LLC_BI__Legal_Entities__c","","","false","","false"
"a2H4S00000056sBUAQ","","SC-000001287","2020-06-02T17:59:20.000Z","0054S000000Ms6RQAS","2020-06-02T17:59:20.000Z","0054S000000Ms6RQAS","","a2F4S0000008dbVUAQ","4.01","","a2C4S0000008SqUUAU","a2H4S00000056sAUAQ","LLC_BI__Account__r","","42091199011593925","Account","","","false","","false"
"a2H4S00000056sCUAQ","","SC-000001288","2020-06-02T17:59:20.000Z","0054S000000Ms6RQAS","2020-06-02T17:59:20.000Z","0054S000000Ms6RQAS","","a2F4S0000008dbVUAQ","5.01","LLC_BI__Bundle_ID","a2C4S0000008SqVUAU","a2H4S00000056sBUAQ","LLC_BI__Underwriting_Bundle__r","","42582252358382763","LLC_BI__Underwriting_Bundle__c","","","false","","false"
"a2H4S00000056sDUAQ","","SC-000001289","2020-06-02T17:59:20.000Z","0054S000000Ms6RQAS","2020-06-02T17:59:20.000Z","0054S000000Ms6RQAS","","a2F4S0000008dNiUAI","1.01","","a2C4S0000008SqWUAU","","","","42950725379022658","LLC_BI__Product_Package__c","","","false","","false"
"a2H4S00000056sEUAQ","","SC-000001290","2020-06-02T17:59:20.000Z","0054S000000Ms6RQAS","2020-06-02T17:59:20.000Z","0054S000000Ms6RQAS","","a2F4S0000008dNiUAI","2.01","Standard_Product_Package_Credit_Memo","a2C4S0000008SqXUAU","a2H4S00000056sDUAQ","LLC_BI__Account__r","","42205618391403606","Account","","","false","","false"
"a2H4S00000056sFUAQ","","SC-000001291","2020-06-02T17:59:20.000Z","0054S000000Ms6RQAS","2020-06-02T17:59:20.000Z","0054S000000Ms6RQAS","","a2F4S0000008dNhUAI","3.02","Standard_Product_Package_Credit_Memo","a2C4S0000008SqYUAU","a2H4S00000056pOUAQ","LLC_BI__Fees__r","Fees","42156983757797434","LLC_BI__Fee__c","","","false","","false"
"a2H4S00000056sGUAQ","","SC-000001292","2020-06-02T17:59:20.000Z","0054S000000Ms6RQAS","2020-06-02T17:59:20.000Z","0054S000000Ms6RQAS","","a2F4S0000008dNhUAI","3.03","Standard_Product_Package_Credit_Memo","a2C4S0000008SqZUAU","a2H4S00000056pOUAQ","LLC_BI__Policy_Exceptions__r","Policy Exceptions","42287525311330814","LLC_BI__Policy_Exception__c","","","false","","false"
"a2H4S00000056sHUAQ","","SC-000001293","2020-06-02T17:59:20.000Z","0054S000000Ms6RQAS","2020-06-02T17:59:20.000Z","0054S000000Ms6RQAS","","a2F4S0000008dNhUAI","3.04","Standard_Product_Package_Credit_Memo","a2C4S0000008SqaUAE","a2H4S00000056pOUAQ","LLC_BI__Third_Party_Reports__r","Third Party Reports","42265851022527055","LLC_BI__third_party_report__c","","","false","","false"
"a2H4S00000056sIUAQ","","SC-000001294","2020-06-02T17:59:20.000Z","0054S000000Ms6RQAS","2020-06-02T17:59:20.000Z","0054S000000Ms6RQAS","","a2F4S0000008dNhUAI","3.05","Standard_Product_Package_Credit_Memo","a2C4S0000008SqbUAE","a2H4S00000056pOUAQ","LLC_BI__Participations__r","Participations","42949622614846560","LLC_BI__Participation__c","","","false","","false"
"a2H4S00000056sJUAQ","","SC-000001295","2020-06-02T17:59:20.000Z","0054S000000Ms6RQAS","2020-06-02T17:59:20.000Z","0054S000000Ms6RQAS","","a2F4S0000008dNgUAI","2.01","","a2C4S0000008SqcUAE","a2H4S00000056pFUAQ","LLC_BI__Account__r","","42571311324866075","Account","","","false","","false"
"a2H4S00000056sKUAQ","","SC-000001296","2020-06-02T17:59:20.000Z","0054S000000Ms6RQAS","2020-06-02T17:59:20.000Z","0054S000000Ms6RQAS","","a2F4S0000008dNgUAI","3.01","","a2C4S0000008SqdUAE","a2H4S00000056sJUAQ","LLC_BI__Legal_Entities__r","","42249862161246844","LLC_BI__Legal_Entities__c","","","false","","false"
"a2H4S00000056sLUAQ","","SC-000001297","2020-06-02T17:59:20.000Z","0054S000000Ms6RQAS","2020-06-02T17:59:20.000Z","0054S000000Ms6RQAS","","a2F4S0000008dNgUAI","4.01","Standard_Product_Package_Credit_Memo_Exp","a2C4S0000008SqeUAE","a2H4S00000056sKUAQ","LLC_BI__Loan__r","Loans","42144513048806334","LLC_BI__Loan__c","","","false","","false"
"a2H4S00000056sMUAQ","","SC-000001298","2020-06-02T17:59:20.000Z","0054S000000Ms6RQAS","2020-06-02T17:59:20.000Z","0054S000000Ms6RQAS","","a2F4S0000008dNgUAI","4.02","Standard_Product_Package_Credit_Memo","a2C4S0000008SqfUAE","a2H4S00000056sKUAQ","LLC_BI__Deposit__r","Deposits","42668177053650900","LLC_BI__Deposit__c","","","false","","false"
"a2H4S00000056sNUAQ","","SC-000001299","2020-06-02T17:59:20.000Z","0054S000000Ms6RQAS","2020-06-02T17:59:20.000Z","0054S000000Ms6RQAS","","a2F4S0000008dNjUAI","1.01","","a2C4S0000008SqgUAE","","","","424789654057825","LLC_BI__Product_Package__c","","","false","","false"
"a2H4S00000056sOUAQ","","SC-000001300","2020-06-02T17:59:20.000Z","0054S000000Ms6RQAS","2020-06-02T17:59:20.000Z","0054S000000Ms6RQAS","","a2F4S0000008dNjUAI","2.01","Credit_Memo_Standard_Product_Package","a2C4S0000008SqhUAE","a2H4S00000056sNUAQ","LLC_BI__Product_Package_Teams__r","","42429561784173154","LLC_BI__Product_Package_Team__c","","","false","","false"
"a2H4S00000056sPUAQ","","SC-000001301","2020-06-02T17:59:20.000Z","0054S000000Ms6RQAS","2020-06-02T17:59:20.000Z","0054S000000Ms6RQAS","","a2F4S0000008dNlUAI","1.01","","a2C4S0000008SqiUAE","","","","42741954818612910","LLC_BI__Product_Package__c","","","false","","false"
"a2H4S00000056sQUAQ","","SC-000001302","2020-06-02T17:59:20.000Z","0054S000000Ms6RQAS","2020-06-02T17:59:20.000Z","0054S000000Ms6RQAS","","a2F4S0000008dNlUAI","2.01","","a2C4S0000008SqjUAE","a2H4S00000056sPUAQ","LLC_BI__Loan_Facilities__r","","42039527959442604","LLC_BI__Loan__c","","","false","","false"
"a2H4S00000056sRUAQ","","SC-000001303","2020-06-02T17:59:20.000Z","0054S000000Ms6RQAS","2020-06-02T17:59:20.000Z","0054S000000Ms6RQAS","","a2F4S0000008dNlUAI","3.01","","a2C4S0000008SqkUAE","a2H4S00000056sQUAQ","LLC_BI__Loan_Collateral__r","","42281542789904721","LLC_BI__Loan_Collateral2__c","","","false","","false"
"a2H4S00000056sSUAQ","","SC-000001304","2020-06-02T17:59:20.000Z","0054S000000Ms6RQAS","2020-06-02T17:59:20.000Z","0054S000000Ms6RQAS","","a2F4S0000008dNlUAI","4.01","Credit_Memo_Standard_Product_Package","a2C4S0000008SqlUAE","a2H4S00000056sRUAQ","LLC_BI__Collateral__r","Collateral Details","42066500762244538","LLC_BI__Collateral__c","","","false","","false"
"a2H4S00000056sTUAQ","","SC-000001305","2020-06-02T17:59:20.000Z","0054S000000Ms6RQAS","2020-06-02T17:59:20.000Z","0054S000000Ms6RQAS","","a2F4S0000008dNlUAI","5.01","Credit_Memo_Standard_Product_Package","a2C4S0000008SqmUAE","a2H4S00000056sSUAQ","LLC_BI__Account_Collateral__r","Ownership","42822643581137375","LLC_BI__Account_Collateral__c","","","false","","false"
"a2H4S00000056sUUAQ","","SC-000001306","2020-06-02T17:59:20.000Z","0054S000000Ms6RQAS","2020-06-02T17:59:20.000Z","0054S000000Ms6RQAS","","a2F4S0000008dNlUAI","5.02","Credit_Memo_Standard_Product_Package","a2C4S0000008SqnUAE","a2H4S00000056sSUAQ","LLC_BI__Loan_Collateral2__r","Loans","42153165206763651","LLC_BI__Loan_Collateral2__c","","","false","","false"
"a2H4S00000056sVUAQ","","SC-000001307","2020-06-02T17:59:20.000Z","0054S000000Ms6RQAS","2020-06-02T17:59:20.000Z","0054S000000Ms6RQAS","","a2F4S0000008dNlUAI","5.03","Credit_Memo_Standard_Product_Package","a2C4S0000008SqoUAE","a2H4S00000056sSUAQ","LLC_BI__Liens__r","Liens","42298053314222697","LLC_BI__Lien__c","","","false","","false"
"a2H4S00000056sWUAQ","","SC-000001308","2020-06-02T17:59:20.000Z","0054S000000Ms6RQAS","2020-06-02T17:59:20.000Z","0054S000000Ms6RQAS","","a2F4S0000008dNkUAI","1.01","","a2C4S0000008SqpUAE","","","","42573420384323001","LLC_BI__Product_Package__c","","","false","","false"
"a2H4S00000056sXUAQ","","SC-000001309","2020-06-02T17:59:20.000Z","0054S000000Ms6RQAS","2020-06-02T17:59:20.000Z","0054S000000Ms6RQAS","","a2F4S0000008dNkUAI","2.01","","a2C4S0000008SqqUAE","a2H4S00000056sWUAQ","LLC_BI__Loan_Facilities__r","","42751054882266280","LLC_BI__Loan__c","","","false","","false"
"a2H4S00000056sYUAQ","","SC-000001310","2020-06-02T17:59:20.000Z","0054S000000Ms6RQAS","2020-06-02T17:59:20.000Z","0054S000000Ms6RQAS","","a2F4S0000008dNkUAI","3.01","","a2C4S0000008SqrUAE","a2H4S00000056sXUAQ","LLC_BI__Loan_Covenants__r","","42054444641693313","LLC_BI__Loan_Covenant__c","","","false","","false"
"a2H4S00000056sZUAQ","","SC-000001311","2020-06-02T17:59:20.000Z","0054S000000Ms6RQAS","2020-06-02T17:59:20.000Z","0054S000000Ms6RQAS","","a2F4S0000008dNkUAI","4.01","Credit_Memo_Standard_Product_Package","a2C4S0000008SqsUAE","a2H4S00000056sYUAQ","LLC_BI__Covenant2__r","Covenant Details","42533781184234456","LLC_BI__Covenant2__c","","","false","","false"
"a2H4S00000056saUAA","","SC-000001312","2020-06-02T17:59:20.000Z","0054S000000Ms6RQAS","2020-06-02T17:59:20.000Z","0054S000000Ms6RQAS","","a2F4S0000008dNkUAI","5.01","Credit_Memo_Standard_Product_Package","a2C4S0000008SqtUAE","a2H4S00000056sZUAQ","LLC_BI__Account_Covenants__r","Ownership","42820188045899049","LLC_BI__Account_Covenant__c","","","false","","false"
"a2H4S00000056sbUAA","","SC-000001313","2020-06-02T17:59:20.000Z","0054S000000Ms6RQAS","2020-06-02T17:59:20.000Z","0054S000000Ms6RQAS","","a2F4S0000008dNkUAI","5.02","Credit_Memo_Standard_Product_Package","a2C4S0000008SquUAE","a2H4S00000056sZUAQ","LLC_BI__Loan_Covenants__r","Loans","42509066201595819","LLC_BI__Loan_Covenant__c","","","false","","false"
"a2H4S00000056scUAA","","SC-000001314","2020-06-02T17:59:20.000Z","0054S000000Ms6RQAS","2020-06-02T17:59:20.000Z","0054S000000Ms6RQAS","","a2F4S0000008dbaUAA","1.01","","a2C4S0000008SqvUAE","","","","42998186569921149","LLC_BI__Loan__c","","","false","","false"
"a2H4S00000056sdUAA","","SC-000001315","2020-06-02T17:59:20.000Z","0054S000000Ms6RQAS","2020-06-02T17:59:20.000Z","0054S000000Ms6RQAS","","a2F4S0000008dbaUAA","2.01","Credit_Memo_Standard_Loan","a2C4S0000008SqwUAE","a2H4S00000056scUAA","LLC_BI__Account__r","","42482781186597851","Account","","","false","","false"
"a2H4S00000056seUAA","","SC-000001316","2020-06-02T17:59:20.000Z","0054S000000Ms6RQAS","2020-06-02T17:59:20.000Z","0054S000000Ms6RQAS","","a2F4S0000008dbcUAA","1.01","","a2C4S0000008SqxUAE","","","","42155536523419761","LLC_BI__Loan__c","","","false","","false"
"a2H4S00000056sfUAA","","SC-000001317","2020-06-02T17:59:20.000Z","0054S000000Ms6RQAS","2020-06-02T17:59:20.000Z","0054S000000Ms6RQAS","","a2F4S0000008dbcUAA","2.01","Credit_Memo_Standard_Loan","a2C4S0000008SqyUAE","a2H4S00000056seUAA","LLC_BI__Policy_Exceptions__r","","42696303646626937","LLC_BI__Policy_Exception__c","","","false","","false"
"a2H4S00000056sgUAA","","SC-000001318","2020-06-02T17:59:20.000Z","0054S000000Ms6RQAS","2020-06-02T17:59:20.000Z","0054S000000Ms6RQAS","","a2F4S0000008daQUAQ","4.02","Credit_Memo_Standard_Loan","a2C4S0000008SqzUAE","a2H4S00000056q6UAA","LLC_BI__Deposit__r","Deposits","42072143910464921","LLC_BI__Deposit__c","","0.0","false","","false"
"a2H4S00000056shUAA","","SC-000001319","2020-06-02T17:59:20.000Z","0054S000000Ms6RQAS","2020-06-02T17:59:20.000Z","0054S000000Ms6RQAS","","a2F4S0000008daXUAQ","3.01","Credit_Memo_Standard_Loan","a2C4S0000008Sr0UAE","a2H4S00000056pNUAQ","LLC_BI__Collateral__r","Collateral Details","42770056862150945","LLC_BI__Collateral__c","","","false","","false"
"a2H4S00000056siUAA","","SC-000001320","2020-06-02T17:59:20.000Z","0054S000000Ms6RQAS","2020-06-02T17:59:20.000Z","0054S000000Ms6RQAS","","a2F4S0000008daXUAQ","4.01","Credit_Memo_Standard_Loan","a2C4S0000008Sr1UAE","a2H4S00000056shUAA","LLC_BI__Account_Collateral__r","Ownership","42691106872450881","LLC_BI__Account_Collateral__c","","","false","","false"
"a2H4S00000056sjUAA","","SC-000001321","2020-06-02T17:59:20.000Z","0054S000000Ms6RQAS","2020-06-02T17:59:20.000Z","0054S000000Ms6RQAS","","a2F4S0000008daXUAQ","4.02","Credit_Memo_Standard_Loan","a2C4S0000008Sr2UAE","a2H4S00000056shUAA","LLC_BI__Loan_Collateral2__r","Loans","42369928029476858","LLC_BI__Loan_Collateral2__c","","","false","","false"
"a2H4S00000056skUAA","","SC-000001322","2020-06-02T17:59:20.000Z","0054S000000Ms6RQAS","2020-06-02T17:59:20.000Z","0054S000000Ms6RQAS","","a2F4S0000008daXUAQ","4.03","Credit_Memo_Standard_Loan","a2C4S0000008Sr3UAE","a2H4S00000056shUAA","LLC_BI__Liens__r","Liens","42860958992886328","LLC_BI__Lien__c","","","false","","false"
"a2H4S00000056slUAA","","SC-000001323","2020-06-02T17:59:20.000Z","0054S000000Ms6RQAS","2020-06-02T17:59:20.000Z","0054S000000Ms6RQAS","","a2F4S0000008dabUAA","4.01","Credit_Memo_Standard_Loan","a2C4S0000008Sr4UAE","a2H4S00000056q4UAA","LLC_BI__Account_Covenants__r","Ownership","42136635497135611","LLC_BI__Account_Covenant__c","","","false","","false"
"a2H4S00000056smUAA","","SC-000001324","2020-06-02T17:59:20.000Z","0054S000000Ms6RQAS","2020-06-02T17:59:20.000Z","0054S000000Ms6RQAS","","a2F4S0000008dabUAA","4.02","Credit_Memo_Standard_Loan","a2C4S0000008Sr5UAE","a2H4S00000056q4UAA","LLC_BI__Loan_Covenants__r","Loans","42253379206639994","LLC_BI__Loan_Covenant__c","","","false","","false"
"a2H4S00000056snUAA","","SC-000001325","2020-06-02T17:59:20.000Z","0054S000000Ms6RQAS","2020-06-02T17:59:20.000Z","0054S000000Ms6RQAS","","a2F4S0000008dbdUAA","1.01","","a2C4S0000008Sr6UAE","","","","42964358470325774","LLC_BI__Review__c","","","false","","false"
"a2H4S00000056soUAA","","SC-000001326","2020-06-02T17:59:20.000Z","0054S000000Ms6RQAS","2020-06-02T17:59:20.000Z","0054S000000Ms6RQAS","","a2F4S0000008dbdUAA","2.01","Credit_Memo_Standard_Review_Account","a2C4S0000008Sr7UAE","a2H4S00000056snUAA","LLC_BI__Account__r","","42642735902331683","Account","","","false","","false"
"a2H4S00000056spUAA","","SC-000001327","2020-06-02T17:59:20.000Z","0054S000000Ms6RQAS","2020-06-02T17:59:20.000Z","0054S000000Ms6RQAS","","a2F4S0000008daOUAQ","2.01","","a2C4S0000008Sr8UAE","a2H4S00000056oFUAQ","LLC_BI__Account__r","","42067413854107397","Account","","","false","","false"
"a2H4S00000056sqUAA","","SC-000001328","2020-06-02T17:59:20.000Z","0054S000000Ms6RQAS","2020-06-02T17:59:20.000Z","0054S000000Ms6RQAS","","a2F4S0000008daOUAQ","3.01","","a2C4S0000008Sr9UAE","a2H4S00000056spUAA","LLC_BI__Legal_Entities__r","","4291448232112185","LLC_BI__Legal_Entities__c","","","false","","false"
"a2H4S00000056srUAA","","SC-000001329","2020-06-02T17:59:20.000Z","0054S000000Ms6RQAS","2020-06-02T17:59:20.000Z","0054S000000Ms6RQAS","","a2F4S0000008daOUAQ","4.01","Credit_Memo_Standard_Review","a2C4S0000008SrAUAU","a2H4S00000056sqUAA","LLC_BI__Loan__r","","42280247820850206","LLC_BI__Loan__c","","","false","","false"
"a2H4S00000056ssUAA","","SC-000001330","2020-06-02T17:59:20.000Z","0054S000000Ms6RQAS","2020-06-02T17:59:20.000Z","0054S000000Ms6RQAS","","a2F4S0000008daOUAQ","5.01","","a2C4S0000008SrBUAU","a2H4S00000056srUAA","LLC_BI__Legal_Entities__r","","42100440709082556","LLC_BI__Legal_Entities__c","","","false","","false"
"a2H4S00000056stUAA","","SC-000001331","2020-06-02T17:59:20.000Z","0054S000000Ms6RQAS","2020-06-02T17:59:20.000Z","0054S000000Ms6RQAS","","a2F4S0000008daOUAQ","6.01","Credit_Memo_Standard_Review_Acct_Related","a2C4S0000008SrCUAU","a2H4S00000056ssUAA","LLC_BI__Account__r","","42308290521190495","Account","","","false","","false"
"a2H4S00000056suUAA","","SC-000010106","2020-06-02T17:59:20.000Z","0054S000000Ms6RQAS","2020-06-02T17:59:20.000Z","0054S000000Ms6RQAS","","a2F4S0000008dbfUAA","1.01","","a2C4S0000008SrDUAU","","","","42901859350938304","LLC_BI__Review__c","","","false","","false"
"a2H4S00000056svUAA","","SC-000010107","2020-06-02T17:59:20.000Z","0054S000000Ms6RQAS","2020-06-02T17:59:20.000Z","0054S000000Ms6RQAS","","a2F4S0000008dbfUAA","2.01","","a2C4S0000008SrEUAU","a2H4S00000056suUAA","LLC_BI__Account__r","","42232587392158684","Account","","","false","","false"
"a2H4S00000056swUAA","","SC-000010108","2020-06-02T17:59:20.000Z","0054S000000Ms6RQAS","2020-06-02T17:59:20.000Z","0054S000000Ms6RQAS","","a2F4S0000008dbfUAA","3.01","","a2C4S0000008SrFUAU","a2H4S00000056svUAA","LLC_BI__Legal_Entities__r","","42660830028303701","LLC_BI__Legal_Entities__c","","","false","","false"
"a2H4S00000056sxUAA","","SC-000010109","2020-06-02T17:59:20.000Z","0054S000000Ms6RQAS","2020-06-02T17:59:20.000Z","0054S000000Ms6RQAS","","a2F4S0000008dbfUAA","4.01","Credit_Memo_Standard_Review","a2C4S0000008SrGUAU","a2H4S00000056swUAA","LLC_BI__Loan__r","","42328923151578997","LLC_BI__Loan__c","","","false","","false"
"a2H4S00000056syUAA","","SC-000010110","2020-06-02T17:59:20.000Z","0054S000000Ms6RQAS","2020-06-02T17:59:20.000Z","0054S000000Ms6RQAS","","a2F4S0000008dbfUAA","5.01","","a2C4S0000008SrHUAU","a2H4S00000056sxUAA","LLC_BI__Loan_Collateral__r","","42999760572404461","LLC_BI__Loan_Collateral2__c","","","false","","false"
"a2H4S00000056szUAA","","SC-000010111","2020-06-02T17:59:20.000Z","0054S000000Ms6RQAS","2020-06-02T17:59:20.000Z","0054S000000Ms6RQAS","","a2F4S0000008dbfUAA","6.01","Credit_Memo_Standard_Review_Account","a2C4S0000008SrIUAU","a2H4S00000056syUAA","LLC_BI__Collateral__r","Collateral Details","42646067490197433","LLC_BI__Collateral__c","","","false","","false"
"a2H4S00000056t0UAA","","SC-000010112","2020-06-02T17:59:20.000Z","0054S000000Ms6RQAS","2020-06-02T17:59:20.000Z","0054S000000Ms6RQAS","","a2F4S0000008dbfUAA","7.01","Credit_Memo_Standard_Review_Account","a2C4S0000008SrJUAU","a2H4S00000056szUAA","LLC_BI__Account_Collateral__r","Ownership","42825479035185982","LLC_BI__Account_Collateral__c","","","false","","false"
"a2H4S00000056t1UAA","","SC-000010113","2020-06-02T17:59:20.000Z","0054S000000Ms6RQAS","2020-06-02T17:59:20.000Z","0054S000000Ms6RQAS","","a2F4S0000008dbfUAA","7.02","Credit_memo_Standard_Review_Account","a2C4S0000008SrKUAU","a2H4S00000056szUAA","LLC_BI__Loan_Collateral2__r","Loans","42805789392418276","LLC_BI__Loan_Collateral2__c","","","false","","false"
"a2H4S00000056t2UAA","","SC-000010114","2020-06-02T17:59:20.000Z","0054S000000Ms6RQAS","2020-06-02T17:59:20.000Z","0054S000000Ms6RQAS","","a2F4S0000008dbfUAA","7.03","Credit_Memo_Standard_Review_Account","a2C4S0000008SrLUAU","a2H4S00000056szUAA","LLC_BI__Liens__r","Liens","42158022643171362","LLC_BI__Lien__c","","","false","","false"
"a2H4S00000056t3UAA","","SC-000010115","2020-06-02T17:59:20.000Z","0054S000000Ms6RQAS","2020-06-02T17:59:20.000Z","0054S000000Ms6RQAS","","a2F4S0000008dbhUAA","1.01","","a2C4S0000008SrMUAU","","","","42347718551597992","LLC_BI__Review__c","","","false","","false"
"a2H4S00000056t4UAA","","SC-000010116","2020-06-02T17:59:20.000Z","0054S000000Ms6RQAS","2020-06-02T17:59:20.000Z","0054S000000Ms6RQAS","","a2F4S0000008dbhUAA","2.01","","a2C4S0000008SrNUAU","a2H4S00000056t3UAA","LLC_BI__Account__r","","42493795782345807","Account","","","false","","false"
"a2H4S00000056t5UAA","","SC-000010117","2020-06-02T17:59:20.000Z","0054S000000Ms6RQAS","2020-06-02T17:59:20.000Z","0054S000000Ms6RQAS","","a2F4S0000008dbhUAA","3.01","","a2C4S0000008SrOUAU","a2H4S00000056t4UAA","LLC_BI__Legal_Entities__r","","42280076338237382","LLC_BI__Legal_Entities__c","","","false","","false"
"a2H4S00000056t6UAA","","SC-000010118","2020-06-02T17:59:20.000Z","0054S000000Ms6RQAS","2020-06-02T17:59:20.000Z","0054S000000Ms6RQAS","","a2F4S0000008dbhUAA","4.01","Credit_Memo_Standard_Review","a2C4S0000008SrPUAU","a2H4S00000056t5UAA","LLC_BI__Loan__r","","42772348172135310","LLC_BI__Loan__c","","","false","","false"
"a2H4S00000056t7UAA","","SC-000010119","2020-06-02T17:59:20.000Z","0054S000000Ms6RQAS","2020-06-02T17:59:20.000Z","0054S000000Ms6RQAS","","a2F4S0000008dbhUAA","5.01","","a2C4S0000008SrQUAU","a2H4S00000056t6UAA","LLC_BI__Loan_Covenants__r","","42261846587035555","LLC_BI__Loan_Covenant__c","","","false","","false"
"a2H4S00000056t8UAA","","SC-000010120","2020-06-02T17:59:20.000Z","0054S000000Ms6RQAS","2020-06-02T17:59:20.000Z","0054S000000Ms6RQAS","","a2F4S0000008dbhUAA","6.01","Credit_Memo_Standard_Review_Account","a2C4S0000008SrRUAU","a2H4S00000056t7UAA","LLC_BI__Covenant2__r","Covenant Details","42265918414901313","LLC_BI__Covenant2__c","","","false","","false"
"a2H4S00000056t9UAA","","SC-000010121","2020-06-02T17:59:20.000Z","0054S000000Ms6RQAS","2020-06-02T17:59:20.000Z","0054S000000Ms6RQAS","","a2F4S0000008dbhUAA","7.01","Credit_Memo_Standard_Review_Account","a2C4S0000008SrSUAU","a2H4S00000056t8UAA","LLC_BI__Account_Covenants__r","Ownership","42312219021888688","LLC_BI__Account_Covenant__c","","","false","","false"
"a2H4S00000056tAUAQ","","SC-000010122","2020-06-02T17:59:20.000Z","0054S000000Ms6RQAS","2020-06-02T17:59:20.000Z","0054S000000Ms6RQAS","","a2F4S0000008dbhUAA","7.02","Credit_Memo_Standard_Review_Account","a2C4S0000008SrTUAU","a2H4S00000056t8UAA","LLC_BI__Loan_Covenants__r","Loans","42954623832710727","LLC_BI__Loan_Covenant__c","","","false","","false"
"a2H4S00000056tBUAQ","","SC-000010123","2020-06-02T17:59:20.000Z","0054S000000Ms6RQAS","2020-06-02T17:59:20.000Z","0054S000000Ms6RQAS","","a2F4S0000008daNUAQ","2.01","","a2C4S0000008SrUUAU","a2H4S00000056oEUAQ","LLC_BI__Account__r","","42880179334901369","Account","","","false","","false"
"a2H4S00000056tCUAQ","","SC-000010124","2020-06-02T17:59:20.000Z","0054S000000Ms6RQAS","2020-06-02T17:59:20.000Z","0054S000000Ms6RQAS","","a2F4S0000008daNUAQ","3.01","","a2C4S0000008SrVUAU","a2H4S00000056tBUAQ","LLC_BI__Legal_Entities__r","","42441155002113856","LLC_BI__Legal_Entities__c","","","false","","false"
"a2H4S00000056tDUAQ","","SC-000010125","2020-06-02T17:59:20.000Z","0054S000000Ms6RQAS","2020-06-02T17:59:20.000Z","0054S000000Ms6RQAS","","a2F4S0000008daNUAQ","4.01","Credit_Memo_Standard_Review_Account","a2C4S0000008SrWUAU","a2H4S00000056tCUAQ","LLC_BI__Loan__r","Loan Details","42863963425712227","LLC_BI__Loan__c","","","false","","false"
"a2H4S00000056tEUAQ","","SC-000010126","2020-06-02T17:59:20.000Z","0054S000000Ms6RQAS","2020-06-02T17:59:20.000Z","0054S000000Ms6RQAS","","a2F4S0000008daNUAQ","5.01","Credit_Memo_Standard_Review_Account","a2C4S0000008SrXUAU","a2H4S00000056tDUAQ","LLC_BI__Legal_Entities__r","Borrower Structure","4249411792482524","LLC_BI__Legal_Entities__c","","","false","","false"
"a2H4S00000056tFUAQ","","SC-000010127","2020-06-02T17:59:20.000Z","0054S000000Ms6RQAS","2020-06-02T17:59:20.000Z","0054S000000Ms6RQAS","","a2F4S0000008daNUAQ","5.02","Credit_Memo_Standard_Review_Account","a2C4S0000008SrYUAU","a2H4S00000056tDUAQ","LLC_BI__Fees__r","Fees","42614158737596532","LLC_BI__Fee__c","","","false","","false"
"a2H4S00000056tGUAQ","","SC-000010128","2020-06-02T17:59:20.000Z","0054S000000Ms6RQAS","2020-06-02T17:59:20.000Z","0054S000000Ms6RQAS","","a2F4S0000008daNUAQ","5.03","Credit_Memo_Standard_Review_Account","a2C4S0000008SrZUAU","a2H4S00000056tDUAQ","LLC_BI__Policy_Exceptions__r","Policy Exceptions","42850329178444569","LLC_BI__Policy_Exception__c","","","false","","false"
"a2H4S00000056tHUAQ","","SC-000010129","2020-06-02T17:59:20.000Z","0054S000000Ms6RQAS","2020-06-02T17:59:20.000Z","0054S000000Ms6RQAS","","a2F4S0000008daNUAQ","5.04","Credit_Memo_Standard_Review_Account","a2C4S0000008SraUAE","a2H4S00000056tDUAQ","LLC_BI__Third_Party_Reports__r","Third Party Reports","42733955004750225","LLC_BI__third_party_report__c","","","false","","false"
"a2H4S00000056tIUAQ","","SC-000010130","2020-06-02T17:59:20.000Z","0054S000000Ms6RQAS","2020-06-02T17:59:20.000Z","0054S000000Ms6RQAS","","a2F4S0000008daNUAQ","5.05","Credit_Memo_Standard_Review_Account","a2C4S0000008SrbUAE","a2H4S00000056tDUAQ","LLC_BI__Participations__r","Participations","42433107848440595","LLC_BI__Participation__c","","","false","","false"
"a2H4S00000056tJUAQ","","SC-000010131","2020-06-02T17:59:20.000Z","0054S000000Ms6RQAS","2020-06-02T17:59:20.000Z","0054S000000Ms6RQAS","","a2F4S0000008dbkUAA","1.01","Credit_Memo_Standard_Review_Product_Pack","a2C4S0000008SrcUAE","","","","42580030595897008","LLC_BI__Review__c","","","false","","false"
"a2H4S00000056tKUAQ","","SC-000010132","2020-06-02T17:59:20.000Z","0054S000000Ms6RQAS","2020-06-02T17:59:20.000Z","0054S000000Ms6RQAS","","a2F4S0000008dblUAA","1.01","","a2C4S0000008SrdUAE","","","","42434123003193790","LLC_BI__Review__c","","","false","","false"
"a2H4S00000056tLUAQ","","SC-000010133","2020-06-02T17:59:20.000Z","0054S000000Ms6RQAS","2020-06-02T17:59:20.000Z","0054S000000Ms6RQAS","","a2F4S0000008dblUAA","2.01","Credit_Memo_Standard_Review_Product_Pack","a2C4S0000008SreUAE","a2H4S00000056tKUAQ","LLC_BI__Account__r","","42473508917356923","Account","","","false","","false"
"a2H4S00000056tMUAQ","","SC-000010134","2020-06-02T17:59:20.000Z","0054S000000Ms6RQAS","2020-06-02T17:59:20.000Z","0054S000000Ms6RQAS","","a2F4S0000008dbnUAA","1.01","","a2C4S0000008SrfUAE","","","","42123509352880676","LLC_BI__Review__c","","","false","","false"
"a2H4S00000056tNUAQ","","SC-000010135","2020-06-02T17:59:20.000Z","0054S000000Ms6RQAS","2020-06-02T17:59:20.000Z","0054S000000Ms6RQAS","","a2F4S0000008dbnUAA","2.01","Credit_Memo_Standard_Review_Product_Pack","a2C4S0000008SrgUAE","a2H4S00000056tMUAQ","LLC_BI__Product_Package__r","","42404285808612507","LLC_BI__Product_Package__c","","","false","","false"
"a2H4S00000056tOUAQ","","SC-000010136","2020-06-02T17:59:20.000Z","0054S000000Ms6RQAS","2020-06-02T17:59:20.000Z","0054S000000Ms6RQAS","","a2F4S0000008dbpUAA","1.01","","a2C4S0000008SrhUAE","","","","42716529621255855","LLC_BI__Review__c","","","false","","false"
"a2H4S00000056tPUAQ","","SC-000010137","2020-06-02T17:59:20.000Z","0054S000000Ms6RQAS","2020-06-02T17:59:20.000Z","0054S000000Ms6RQAS","","a2F4S0000008dbpUAA","2.01","","a2C4S0000008SriUAE","a2H4S00000056tOUAQ","LLC_BI__Product_Package__r","","42097157882306848","LLC_BI__Product_Package__c","","","false","","false"
"a2H4S00000056tQUAQ","","SC-000010138","2020-06-02T17:59:20.000Z","0054S000000Ms6RQAS","2020-06-02T17:59:20.000Z","0054S000000Ms6RQAS","","a2F4S0000008dbpUAA","3.01","Credit_Memo_Standard_Review","a2C4S0000008SrjUAE","a2H4S00000056tPUAQ","LLC_BI__Loan_Facilities__r","","42638901269057112","LLC_BI__Loan__c","","","false","","false"
"a2H4S00000056tRUAQ","","SC-000010139","2020-06-02T17:59:20.000Z","0054S000000Ms6RQAS","2020-06-02T17:59:20.000Z","0054S000000Ms6RQAS","","a2F4S0000008dbpUAA","4.01","","a2C4S0000008SrkUAE","a2H4S00000056tQUAQ","LLC_BI__Legal_Entities__r","","42231336047950096","LLC_BI__Legal_Entities__c","","","false","","false"
"a2H4S00000056tSUAQ","","SC-000010140","2020-06-02T17:59:20.000Z","0054S000000Ms6RQAS","2020-06-02T17:59:20.000Z","0054S000000Ms6RQAS","","a2F4S0000008dbpUAA","5.01","Credit_Memo_Standard_Review_Acct_Related","a2C4S0000008SrlUAE","a2H4S00000056tRUAQ","LLC_BI__Account__r","","42383927479291063","Account","","","false","","false"
"a2H4S00000056tTUAQ","","SC-000010141","2020-06-02T17:59:20.000Z","0054S000000Ms6RQAS","2020-06-02T17:59:20.000Z","0054S000000Ms6RQAS","","a2F4S0000008dbqUAA","1.01","","a2C4S0000008SrmUAE","","","","42327670352688951","LLC_BI__Review__c","","","false","","false"
"a2H4S00000056tUUAQ","","SC-000010142","2020-06-02T17:59:20.000Z","0054S000000Ms6RQAS","2020-06-02T17:59:20.000Z","0054S000000Ms6RQAS","","a2F4S0000008dbqUAA","2.01","","a2C4S0000008SrnUAE","a2H4S00000056tTUAQ","LLC_BI__Product_Package__r","","42107217072238271","LLC_BI__Product_Package__c","","","false","","false"
"a2H4S00000056tVUAQ","","SC-000010143","2020-06-02T17:59:20.000Z","0054S000000Ms6RQAS","2020-06-02T17:59:20.000Z","0054S000000Ms6RQAS","","a2F4S0000008dbqUAA","3.01","Credit_Memo_Standard_Review_Product_Pack","a2C4S0000008SroUAE","a2H4S00000056tUUAQ","LLC_BI__Loan_Facilities__r","Loan Details","42160937846124859","LLC_BI__Loan__c","","","false","","false"
"a2H4S00000056tWUAQ","","SC-000010144","2020-06-02T17:59:20.000Z","0054S000000Ms6RQAS","2020-06-02T17:59:20.000Z","0054S000000Ms6RQAS","","a2F4S0000008dbqUAA","4.01","Credit_Memo_Standard_Review_Product_Pack","a2C4S0000008SrpUAE","a2H4S00000056tVUAQ","LLC_BI__Legal_Entities__r","Borrower Structure","42378694722830710","LLC_BI__Legal_Entities__c","","","false","","false"
"a2H4S00000056tXUAQ","","SC-000010145","2020-06-02T17:59:20.000Z","0054S000000Ms6RQAS","2020-06-02T17:59:20.000Z","0054S000000Ms6RQAS","","a2F4S0000008dbqUAA","4.02","Credit_Memo_Standard_Review_Product_Pack","a2C4S0000008SrqUAE","a2H4S00000056tVUAQ","LLC_BI__Fees__r","Fees","42567741778676154","LLC_BI__Fee__c","","","false","","false"
"a2H4S00000056tYUAQ","","SC-000010146","2020-06-02T17:59:20.000Z","0054S000000Ms6RQAS","2020-06-02T17:59:20.000Z","0054S000000Ms6RQAS","","a2F4S0000008dbqUAA","4.03","Credit_Memo_Standard_Review_Product_Pack","a2C4S0000008SrrUAE","a2H4S00000056tVUAQ","LLC_BI__Policy_Exceptions__r","Policy Exceptions","42668681911112101","LLC_BI__Policy_Exception__c","","","false","","false"
"a2H4S00000056tZUAQ","","SC-000010147","2020-06-02T17:59:20.000Z","0054S000000Ms6RQAS","2020-06-02T17:59:20.000Z","0054S000000Ms6RQAS","","a2F4S0000008dbqUAA","4.04","Credit_Memo_Standard_Review_Product_Pack","a2C4S0000008SrsUAE","a2H4S00000056tVUAQ","LLC_BI__Third_Party_Reports__r","Third Party Reports","42812132676824965","LLC_BI__third_party_report__c","","","false","","false"
"a2H4S00000056taUAA","","SC-000010148","2020-06-02T17:59:20.000Z","0054S000000Ms6RQAS","2020-06-02T17:59:20.000Z","0054S000000Ms6RQAS","","a2F4S0000008dbqUAA","4.05","Credit_Memo_Standard_Review_Product_Pack","a2C4S0000008SrtUAE","a2H4S00000056tVUAQ","LLC_BI__Participations__r","Participations","42133753827559661","LLC_BI__Participation__c","","","false","","false"
"a2H4S00000056tbUAA","","SC-000010150","2020-06-02T17:59:20.000Z","0054S000000Ms6RQAS","2020-06-02T17:59:20.000Z","0054S000000Ms6RQAS","","a2F4S0000008dbwUAA","1.01","","a2C4S0000008SruUAE","","","","42846680460646164","LLC_BI__Review__c","","","false","","false"
"a2H4S00000056tcUAA","","SC-000010151","2020-06-02T17:59:20.000Z","0054S000000Ms6RQAS","2020-06-02T17:59:20.000Z","0054S000000Ms6RQAS","","a2F4S0000008dbwUAA","2.01","","a2C4S0000008SrvUAE","a2H4S00000056tbUAA","LLC_BI__Product_Package__r","","42540130574627046","LLC_BI__Product_Package__c","","","false","","false"
"a2H4S00000056tdUAA","","SC-000010152","2020-06-02T17:59:20.000Z","0054S000000Ms6RQAS","2020-06-02T17:59:20.000Z","0054S000000Ms6RQAS","","a2F4S0000008dbwUAA","3.01","Credit_Memo_Standard_Review_Product_Pack","a2C4S0000008SrwUAE","a2H4S00000056tcUAA","LLC_BI__Product_Package_Teams__r","","42755354601087834","LLC_BI__Product_Package_Team__c","","","false","","false"
"a2H4S00000056teUAA","","SC-000010153","2020-06-02T17:59:20.000Z","0054S000000Ms6RQAS","2020-06-02T17:59:20.000Z","0054S000000Ms6RQAS","","a2F4S0000008dbrUAA","1.01","","a2C4S0000008SrxUAE","","","","42476709809450267","LLC_BI__Review__c","","","false","","false"
"a2H4S00000056tfUAA","","SC-000010154","2020-06-02T17:59:20.000Z","0054S000000Ms6RQAS","2020-06-02T17:59:20.000Z","0054S000000Ms6RQAS","","a2F4S0000008dbrUAA","2.01","","a2C4S0000008SryUAE","a2H4S00000056teUAA","LLC_BI__Product_Package__r","","42109698846233350","LLC_BI__Product_Package__c","","","false","","false"
"a2H4S00000056tgUAA","","SC-000010155","2020-06-02T17:59:20.000Z","0054S000000Ms6RQAS","2020-06-02T17:59:20.000Z","0054S000000Ms6RQAS","","a2F4S0000008dbrUAA","3.01","Credit_Memo_Standard_Review","a2C4S0000008SrzUAE","a2H4S00000056tfUAA","LLC_BI__Loan_Facilities__r","","42308631003204648","LLC_BI__Loan__c","","","false","","false"
"a2H4S00000056thUAA","","SC-000010156","2020-06-02T17:59:20.000Z","0054S000000Ms6RQAS","2020-06-02T17:59:20.000Z","0054S000000Ms6RQAS","","a2F4S0000008dbrUAA","4.01","","a2C4S0000008Ss0UAE","a2H4S00000056tgUAA","LLC_BI__Loan_Collateral__r","","42913299874799796","LLC_BI__Loan_Collateral2__c","","","false","","false"
"a2H4S00000056tiUAA","","SC-000010157","2020-06-02T17:59:20.000Z","0054S000000Ms6RQAS","2020-06-02T17:59:20.000Z","0054S000000Ms6RQAS","","a2F4S0000008dbrUAA","5.01","Credit_Memo_Standard_Review_Product_Pack","a2C4S0000008Ss1UAE","a2H4S00000056thUAA","LLC_BI__Collateral__r","Collateral Details","42574996537403207","LLC_BI__Collateral__c","","","false","","false"
"a2H4S00000056tjUAA","","SC-000010158","2020-06-02T17:59:20.000Z","0054S000000Ms6RQAS","2020-06-02T17:59:20.000Z","0054S000000Ms6RQAS","","a2F4S0000008dbrUAA","6.01","Credit_Memo_Standard_Review_Product_Pack","a2C4S0000008Ss2UAE","a2H4S00000056tiUAA","LLC_BI__Account_Collateral__r","Ownership","42236179125313602","LLC_BI__Account_Collateral__c","","","false","","false"
"a2H4S00000056tkUAA","","SC-000010159","2020-06-02T17:59:20.000Z","0054S000000Ms6RQAS","2020-06-02T17:59:20.000Z","0054S000000Ms6RQAS","","a2F4S0000008dbrUAA","6.02","Credit_Memo_Standard_Review_Product_Pack","a2C4S0000008Ss3UAE","a2H4S00000056tiUAA","LLC_BI__Loan_Collateral2__r","Loans","42039230757252857","LLC_BI__Loan_Collateral2__c","","","false","","false"
"a2H4S00000056tlUAA","","SC-000010160","2020-06-02T17:59:20.000Z","0054S000000Ms6RQAS","2020-06-02T17:59:20.000Z","0054S000000Ms6RQAS","","a2F4S0000008dbrUAA","6.03","Credit_Memo_Standard_Review_Product_Pack","a2C4S0000008Ss4UAE","a2H4S00000056tiUAA","LLC_BI__Liens__r","Liens","42544345865073314","LLC_BI__Lien__c","","","false","","false"
"a2H4S00000056tmUAA","","SC-000010161","2020-06-02T17:59:20.000Z","0054S000000Ms6RQAS","2020-06-02T17:59:20.000Z","0054S000000Ms6RQAS","","a2F4S0000008dbtUAA","1.01","","a2C4S0000008Ss5UAE","","","","42169876868344268","LLC_BI__Review__c","","","false","","false"
"a2H4S00000056tnUAA","","SC-000010162","2020-06-02T17:59:20.000Z","0054S000000Ms6RQAS","2020-06-02T17:59:20.000Z","0054S000000Ms6RQAS","","a2F4S0000008dbtUAA","2.01","","a2C4S0000008Ss6UAE","a2H4S00000056tmUAA","LLC_BI__Product_Package__r","","42822121227858283","LLC_BI__Product_Package__c","","","false","","false"
"a2H4S00000056toUAA","","SC-000010163","2020-06-02T17:59:20.000Z","0054S000000Ms6RQAS","2020-06-02T17:59:20.000Z","0054S000000Ms6RQAS","","a2F4S0000008dbtUAA","3.01","Credit_Memo_Standard_Review","a2C4S0000008Ss7UAE","a2H4S00000056tnUAA","LLC_BI__Loan_Facilities__r","","42049260205997748","LLC_BI__Loan__c","","","false","","false"
"a2H4S00000056tpUAA","","SC-000010164","2020-06-02T17:59:20.000Z","0054S000000Ms6RQAS","2020-06-02T17:59:20.000Z","0054S000000Ms6RQAS","","a2F4S0000008dbtUAA","4.01","","a2C4S0000008Ss8UAE","a2H4S00000056toUAA","LLC_BI__Loan_Covenants__r","","42513002047283379","LLC_BI__Loan_Covenant__c","","","false","","false"
"a2H4S00000056tqUAA","","SC-000010165","2020-06-02T17:59:20.000Z","0054S000000Ms6RQAS","2020-06-02T17:59:20.000Z","0054S000000Ms6RQAS","","a2F4S0000008dbtUAA","5.01","Credit_Memo_Standard_Review_Product_Pack","a2C4S0000008Ss9UAE","a2H4S00000056tpUAA","LLC_BI__Covenant2__r","Covenant Details","42030793944670542","LLC_BI__Covenant2__c","","","false","","false"
"a2H4S00000056trUAA","","SC-000010166","2020-06-02T17:59:20.000Z","0054S000000Ms6RQAS","2020-06-02T17:59:20.000Z","0054S000000Ms6RQAS","","a2F4S0000008dbtUAA","6.01","Credit_Memo_Standard_Review_Product_Pack","a2C4S0000008SsAUAU","a2H4S00000056tqUAA","LLC_BI__Account_Covenants__r","Ownership","42229647990757854","LLC_BI__Account_Covenant__c","","","false","","false"
"a2H4S00000056tsUAA","","SC-000010167","2020-06-02T17:59:20.000Z","0054S000000Ms6RQAS","2020-06-02T17:59:20.000Z","0054S000000Ms6RQAS","","a2F4S0000008dbtUAA","6.02","Credit_Memo_Standard_Review_Product_Pack","a2C4S0000008SsBUAU","a2H4S00000056tqUAA","LLC_BI__Loan_Covenants__r","Loans","42549071191840291","LLC_BI__Loan_Covenant__c","","","false","","false"
"a2H4S00000056ttUAA","","SC-000010168","2020-06-02T17:59:20.000Z","0054S000000Ms6RQAS","2020-06-02T17:59:20.000Z","0054S000000Ms6RQAS","","a2F4S0000008dNmUAI","1.01","","a2C4S0000008SsCUAU","","","","42421697240392927","LLC_BI__Product_Package__c","","","false","","false"
"a2H4S00000056tuUAA","","SC-000010169","2020-06-02T17:59:20.000Z","0054S000000Ms6RQAS","2020-06-02T17:59:20.000Z","0054S000000Ms6RQAS","","a2F4S0000008dNmUAI","2.01","","a2C4S0000008SsDUAU","a2H4S00000056ttUAA","LLC_BI__Account__r","","42915935433605749","Account","","","false","","false"
"a2H4S00000056tvUAA","","SC-000010170","2020-06-02T17:59:20.000Z","0054S000000Ms6RQAS","2020-06-02T17:59:20.000Z","0054S000000Ms6RQAS","","a2F4S0000008dNmUAI","3.01","","a2C4S0000008SsEUAU","a2H4S00000056tuUAA","LLC_BI__Legal_Entities__r","","42669271811740854","LLC_BI__Legal_Entities__c","","","false","","false"
"a2H4S00000056twUAA","","SC-000010171","2020-06-02T17:59:20.000Z","0054S000000Ms6RQAS","2020-06-02T17:59:20.000Z","0054S000000Ms6RQAS","","a2F4S0000008dNmUAI","4.01","Standard_Product_Package_Credit_Memo_Exp","a2C4S0000008SsFUAU","a2H4S00000056tvUAA","LLC_BI__Loan__r","Loans","42135792900966178","LLC_BI__Loan__c","","","false","","false"
"a2H4S00000056txUAA","","SC-000010172","2020-06-02T17:59:20.000Z","0054S000000Ms6RQAS","2020-06-02T17:59:20.000Z","0054S000000Ms6RQAS","","a2F4S0000008dNmUAI","4.02","Standard_Product_Package_Credit_Memo","a2C4S0000008SsGUAU","a2H4S00000056tvUAA","LLC_BI__Deposit__r","Deposits","42388936072126158","LLC_BI__Deposit__c","","","false","","false"
"a2H4S00000056tyUAA","","SC-000010173","2020-06-02T17:59:20.000Z","0054S000000Ms6RQAS","2020-06-02T17:59:20.000Z","0054S000000Ms6RQAS","","a2F4S0000008dNnUAI","1.01","","a2C4S0000008SsHUAU","","","","42563565299697431","LLC_BI__Product_Package__c","","","false","","false"
"a2H4S00000056tzUAA","","SC-000010174","2020-06-02T17:59:20.000Z","0054S000000Ms6RQAS","2020-06-02T17:59:20.000Z","0054S000000Ms6RQAS","","a2F4S0000008dNnUAI","2.01","Standard_Product_Package_Credit_Memo","a2C4S0000008SsIUAU","a2H4S00000056tyUAA","LLC_BI__Loan_Facilities__r","Loan Details","42134301167330662","LLC_BI__Loan__c","","","false","","false"
"a2H4S00000056u0UAA","","SC-000010175","2020-06-02T17:59:20.000Z","0054S000000Ms6RQAS","2020-06-02T17:59:20.000Z","0054S000000Ms6RQAS","","a2F4S0000008dNnUAI","3.01","Standard_Product_Package_Credit_Memo","a2C4S0000008SsJUAU","a2H4S00000056tzUAA","LLC_BI__Legal_Entities__r","Borrower Structure","42512345280780245","LLC_BI__Legal_Entities__c","","","false","","false"
"a2H4S00000056u1UAA","","SC-000010176","2020-06-02T17:59:20.000Z","0054S000000Ms6RQAS","2020-06-02T17:59:20.000Z","0054S000000Ms6RQAS","","a2F4S0000008dNnUAI","3.02","Standard_Product_Package_Credit_Memo","a2C4S0000008SsKUAU","a2H4S00000056tzUAA","LLC_BI__Fees__r","Fees","42615126686257161","LLC_BI__Fee__c","","","false","","false"
"a2H4S00000056u2UAA","","SC-000010177","2020-06-02T17:59:20.000Z","0054S000000Ms6RQAS","2020-06-02T17:59:20.000Z","0054S000000Ms6RQAS","","a2F4S0000008dNnUAI","3.03","Standard_Product_Package_Credit_Memo","a2C4S0000008SsLUAU","a2H4S00000056tzUAA","LLC_BI__Policy_Exceptions__r","Policy Exceptions","42417486940661078","LLC_BI__Policy_Exception__c","","","false","","false"
"a2H4S00000056u3UAA","","SC-000010178","2020-06-02T17:59:20.000Z","0054S000000Ms6RQAS","2020-06-02T17:59:20.000Z","0054S000000Ms6RQAS","","a2F4S0000008dNnUAI","3.04","Standard_Product_Package_Credit_Memo","a2C4S0000008SsMUAU","a2H4S00000056tzUAA","LLC_BI__Third_Party_Reports__r","Third Party Reports","42694719995420975","LLC_BI__third_party_report__c","","","false","","false"
"a2H4S00000056u4UAA","","SC-000010179","2020-06-02T17:59:20.000Z","0054S000000Ms6RQAS","2020-06-02T17:59:20.000Z","0054S000000Ms6RQAS","","a2F4S0000008dNnUAI","3.05","Standard_Product_Package_Credit_Memo","a2C4S0000008SsNUAU","a2H4S00000056tzUAA","LLC_BI__Participations__r","Participations","42599180699264253","LLC_BI__Participation__c","","","false","","false"
"a2H4S00000056u5UAA","","SC-000010180","2020-06-02T17:59:20.000Z","0054S000000Ms6RQAS","2020-06-02T17:59:20.000Z","0054S000000Ms6RQAS","","a2F4S0000008dNoUAI","1.01","Standard_Product_Package_Credit_Memo","a2C4S0000008SsOUAU","","","","42210593679881733","LLC_BI__Product_Package__c","","","false","","false"
"a2H4S00000056u6UAA","","SC-000010181","2020-06-02T17:59:20.000Z","0054S000000Ms6RQAS","2020-06-02T17:59:20.000Z","0054S000000Ms6RQAS","","a2F4S0000008dNpUAI","1.01","","a2C4S0000008SsPUAU","","","","42626564685538194","LLC_BI__Product_Package__c","","","false","","false"
"a2H4S00000056u7UAA","","SC-000010182","2020-06-02T17:59:20.000Z","0054S000000Ms6RQAS","2020-06-02T17:59:20.000Z","0054S000000Ms6RQAS","","a2F4S0000008dNpUAI","2.01","Standard_Product_Package_Credit_Memo","a2C4S0000008SsQUAU","a2H4S00000056u6UAA","LLC_BI__Account__r","","42643609412269175","Account","","","false","","false"
"a2H4S00000056u8UAA","","SC-000010183","2020-06-02T17:59:20.000Z","0054S000000Ms6RQAS","2020-06-02T17:59:20.000Z","0054S000000Ms6RQAS","","a2F4S0000008dNqUAI","1.01","","a2C4S0000008SsRUAU","","","","42942954696739483","LLC_BI__Product_Package__c","","","false","","false"
"a2H4S00000056u9UAA","","SC-000010184","2020-06-02T17:59:20.000Z","0054S000000Ms6RQAS","2020-06-02T17:59:20.000Z","0054S000000Ms6RQAS","","a2F4S0000008dNqUAI","2.01","Credit_Memo_Standard_Product_Package","a2C4S0000008SsSUAU","a2H4S00000056u8UAA","LLC_BI__Product_Package_Teams__r","","42326163985564017","LLC_BI__Product_Package_Team__c","","","false","","false"
"a2H4S00000056uAUAQ","","SC-000010185","2020-06-02T17:59:20.000Z","0054S000000Ms6RQAS","2020-06-02T17:59:20.000Z","0054S000000Ms6RQAS","","a2F4S0000008dNrUAI","1.01","","a2C4S0000008SsTUAU","","","","42570983843461104","LLC_BI__Product_Package__c","","","false","","false"
"a2H4S00000056uBUAQ","","SC-000010186","2020-06-02T17:59:20.000Z","0054S000000Ms6RQAS","2020-06-02T17:59:20.000Z","0054S000000Ms6RQAS","","a2F4S0000008dNrUAI","2.01","","a2C4S0000008SsUUAU","a2H4S00000056uAUAQ","LLC_BI__Loan_Facilities__r","","42377677286827658","LLC_BI__Loan__c","","","false","","false"
"a2H4S00000056uCUAQ","","SC-000010187","2020-06-02T17:59:20.000Z","0054S000000Ms6RQAS","2020-06-02T17:59:20.000Z","0054S000000Ms6RQAS","","a2F4S0000008dNrUAI","3.01","","a2C4S0000008SsVUAU","a2H4S00000056uBUAQ","LLC_BI__Loan_Collateral__r","","42922103218803730","LLC_BI__Loan_Collateral2__c","","","false","","false"
"a2H4S00000056uDUAQ","","SC-000010188","2020-06-02T17:59:20.000Z","0054S000000Ms6RQAS","2020-06-02T17:59:20.000Z","0054S000000Ms6RQAS","","a2F4S0000008dNrUAI","4.01","Credit_Memo_Standard_Product_Package","a2C4S0000008SsWUAU","a2H4S00000056uCUAQ","LLC_BI__Collateral__r","Collateral Details","42778257733499945","LLC_BI__Collateral__c","","","false","","false"
"a2H4S00000056uEUAQ","","SC-000010189","2020-06-02T17:59:20.000Z","0054S000000Ms6RQAS","2020-06-02T17:59:20.000Z","0054S000000Ms6RQAS","","a2F4S0000008dNrUAI","5.01","Credit_Memo_Standard_Product_Package","a2C4S0000008SsXUAU","a2H4S00000056uDUAQ","LLC_BI__Account_Collateral__r","Ownership","42148116009092981","LLC_BI__Account_Collateral__c","","","false","","false"
"a2H4S00000056uFUAQ","","SC-000010190","2020-06-02T17:59:20.000Z","0054S000000Ms6RQAS","2020-06-02T17:59:20.000Z","0054S000000Ms6RQAS","","a2F4S0000008dNrUAI","5.02","Credit_Memo_Standard_Product_Package","a2C4S0000008SsYUAU","a2H4S00000056uDUAQ","LLC_BI__Loan_Collateral2__r","Loans","42616875293320545","LLC_BI__Loan_Collateral2__c","","","false","","false"
"a2H4S00000056uGUAQ","","SC-000010191","2020-06-02T17:59:20.000Z","0054S000000Ms6RQAS","2020-06-02T17:59:20.000Z","0054S000000Ms6RQAS","","a2F4S0000008dNrUAI","5.03","Credit_Memo_Standard_Product_Package","a2C4S0000008SsZUAU","a2H4S00000056uDUAQ","LLC_BI__Liens__r","Liens","42650204769240741","LLC_BI__Lien__c","","","false","","false"
"a2H4S00000056uHUAQ","","SC-000010192","2020-06-02T17:59:20.000Z","0054S000000Ms6RQAS","2020-06-02T17:59:20.000Z","0054S000000Ms6RQAS","","a2F4S0000008dNsUAI","1.01","","a2C4S0000008SsaUAE","","","","42706820601257246","LLC_BI__Product_Package__c","","","false","","false"
"a2H4S00000056uIUAQ","","SC-000010193","2020-06-02T17:59:20.000Z","0054S000000Ms6RQAS","2020-06-02T17:59:20.000Z","0054S000000Ms6RQAS","","a2F4S0000008dNsUAI","2.01","","a2C4S0000008SsbUAE","a2H4S00000056uHUAQ","LLC_BI__Loan_Facilities__r","","42345459397620589","LLC_BI__Loan__c","","","false","","false"
"a2H4S00000056uJUAQ","","SC-000010194","2020-06-02T17:59:20.000Z","0054S000000Ms6RQAS","2020-06-02T17:59:20.000Z","0054S000000Ms6RQAS","","a2F4S0000008dNsUAI","3.01","","a2C4S0000008SscUAE","a2H4S00000056uIUAQ","LLC_BI__Loan_Covenants__r","","42632061912618595","LLC_BI__Loan_Covenant__c","","","false","","false"
"a2H4S00000056uKUAQ","","SC-000010195","2020-06-02T17:59:20.000Z","0054S000000Ms6RQAS","2020-06-02T17:59:20.000Z","0054S000000Ms6RQAS","","a2F4S0000008dNsUAI","4.01","Credit_Memo_Standard_Product_Package","a2C4S0000008SsdUAE","a2H4S00000056uJUAQ","LLC_BI__Covenant2__r","Covenant Details","42805172478466970","LLC_BI__Covenant2__c","","","false","","false"
"a2H4S00000056uLUAQ","","SC-000010196","2020-06-02T17:59:20.000Z","0054S000000Ms6RQAS","2020-06-02T17:59:20.000Z","0054S000000Ms6RQAS","","a2F4S0000008dNsUAI","5.01","Credit_Memo_Standard_Product_Package","a2C4S0000008SseUAE","a2H4S00000056uKUAQ","LLC_BI__Account_Covenants__r","Ownership","42466476331766395","LLC_BI__Account_Covenant__c","","","false","","false"
"a2H4S00000056uMUAQ","","SC-000010197","2020-06-02T17:59:20.000Z","0054S000000Ms6RQAS","2020-06-02T17:59:20.000Z","0054S000000Ms6RQAS","","a2F4S0000008dNsUAI","5.02","Credit_Memo_Standard_Product_Package","a2C4S0000008SsfUAE","a2H4S00000056uKUAQ","LLC_BI__Loan_Covenants__r","Loans","42560331838401797","LLC_BI__Loan_Covenant__c","","","false","","false"
"a2H4S00000056uNUAQ","","SC-000010198","2020-06-02T17:59:20.000Z","0054S000000Ms6RQAS","2020-06-02T17:59:20.000Z","0054S000000Ms6RQAS","","a2F4S0000008dc3UAA","1.01","","a2C4S0000008SsgUAE","","","","42743841961450860","LLC_BI__Loan__c","","","false","","false"
"a2H4S00000056uOUAQ","","SC-000010199","2020-06-02T17:59:20.000Z","0054S000000Ms6RQAS","2020-06-02T17:59:20.000Z","0054S000000Ms6RQAS","","a2F4S0000008dc3UAA","2.01","UI_Adverse_Action","a2C4S0000008SshUAE","a2H4S00000056uNUAQ","LLC_BI__Adverse_Actions__r","","42237541065186061","LLC_BI__Adverse_Action__c","","","false","","false"
"a2H4S00000056uPUAQ","","SC-000010200","2020-06-02T17:59:20.000Z","0054S000000Ms6RQAS","2020-06-02T17:59:20.000Z","0054S000000Ms6RQAS","","a2F4S0000008dc5UAA","1.01","UI_Attorney_Info","a2C4S0000008SsiUAE","","","","42904308936858479","LLC_BI__Loan__c","","","false","","false"
"a2H4S00000056uQUAQ","","SC-000010201","2020-06-02T17:59:20.000Z","0054S000000Ms6RQAS","2020-06-02T17:59:20.000Z","0054S000000Ms6RQAS","","a2F4S0000008dc6UAA","1.01","","a2C4S0000008SsjUAE","","","","42531615897686752","LLC_BI__Loan__c","","","false","","false"
"a2H4S00000056uRUAQ","","SC-000010202","2020-06-02T17:59:20.000Z","0054S000000Ms6RQAS","2020-06-02T17:59:20.000Z","0054S000000Ms6RQAS","","a2F4S0000008dc6UAA","2.01","UI_Collateral_Pledged","a2C4S0000008SskUAE","a2H4S00000056uQUAQ","LLC_BI__Loan_Collateral__r","","42840505130019281","LLC_BI__Loan_Collateral2__c","","","false","","false"
"a2H4S00000056uSUAQ","","SC-000010203","2020-06-02T17:59:20.000Z","0054S000000Ms6RQAS","2020-06-02T17:59:20.000Z","0054S000000Ms6RQAS","","a2F4S0000008dc7UAA","1.01","","a2C4S0000008SslUAE","","","","42449893072365071","LLC_BI__Loan__c","","","false","","false"
"a2H4S00000056uTUAQ","","SC-000010204","2020-06-02T17:59:20.000Z","0054S000000Ms6RQAS","2020-06-02T17:59:20.000Z","0054S000000Ms6RQAS","","a2F4S0000008dc7UAA","2.01","UI_Loan_Collateral_Aggregate","a2C4S0000008SsmUAE","a2H4S00000056uSUAQ","LLC_BI__Loan_Collateral_Aggregate__r","","42815310193528191","LLC_BI__Loan_Collateral_Aggregate__c","","","false","","false"
"a2H4S00000056uUUAQ","","SC-000010205","2020-06-02T17:59:20.000Z","0054S000000Ms6RQAS","2020-06-02T17:59:20.000Z","0054S000000Ms6RQAS","","a2F4S0000008dc8UAA","1.01","UI_Compliance_Information","a2C4S0000008SsnUAE","","","","42184758349334048","LLC_BI__Loan__c","","","false","","false"
"a2H4S00000056uVUAQ","","SC-000010206","2020-06-02T17:59:20.000Z","0054S000000Ms6RQAS","2020-06-02T17:59:20.000Z","0054S000000Ms6RQAS","","a2F4S0000008dc9UAA","1.01","UI_Construction_Info","a2C4S0000008SsoUAE","","","","42168523862188850","LLC_BI__Loan__c","","","false","","false"
"a2H4S00000056uWUAQ","","SC-000010207","2020-06-02T17:59:20.000Z","0054S000000Ms6RQAS","2020-06-02T17:59:20.000Z","0054S000000Ms6RQAS","","a2F4S0000008dcBUAQ","1.01","","a2C4S0000008SspUAE","","","","42551394031323998","LLC_BI__Loan__c","","","false","","false"
"a2H4S00000056uXUAQ","","SC-000010208","2020-06-02T17:59:20.000Z","0054S000000Ms6RQAS","2020-06-02T17:59:20.000Z","0054S000000Ms6RQAS","","a2F4S0000008dcBUAQ","2.01","UI_Fees","a2C4S0000008SsqUAE","a2H4S00000056uWUAQ","LLC_BI__Fees__r","","42821995282191093","LLC_BI__Fee__c","","","false","","false"
"a2H4S00000056uYUAQ","","SC-000010209","2020-06-02T17:59:20.000Z","0054S000000Ms6RQAS","2020-06-02T17:59:20.000Z","0054S000000Ms6RQAS","","a2F4S0000008dcEUAQ","1.01","UI_Key_Dates_Read_Only","a2C4S0000008SsrUAE","","","","42102969720875560","LLC_BI__Loan__c","","","false","","false"
"a2H4S00000056uZUAQ","","SC-000010210","2020-06-02T17:59:20.000Z","0054S000000Ms6RQAS","2020-06-02T17:59:20.000Z","0054S000000Ms6RQAS","","a2F4S0000008dcAUAQ","1.01","UI_Key_Dates_Editable","a2C4S0000008SssUAE","","","","42635171687761667","LLC_BI__Loan__c","","","false","","false"
"a2H4S00000056uaUAA","","SC-000010211","2020-06-02T17:59:20.000Z","0054S000000Ms6RQAS","2020-06-02T17:59:20.000Z","0054S000000Ms6RQAS","","a2F4S0000008dcDUAQ","1.01","UI_Post_Closing_Review","a2C4S0000008SstUAE","","","","42083971781522384","LLC_BI__Loan__c","","","false","","false"
"a2H4S00000056ubUAA","","SC-000010212","2020-06-02T17:59:20.000Z","0054S000000Ms6RQAS","2020-06-02T17:59:20.000Z","0054S000000Ms6RQAS","","a2F4S0000008dcFUAQ","1.01","","a2C4S0000008SsuUAE","","","","42170247011303143","LLC_BI__Loan__c","","","false","","false"
"a2H4S00000056ucUAA","","SC-000010213","2020-06-02T17:59:20.000Z","0054S000000Ms6RQAS","2020-06-02T17:59:20.000Z","0054S000000Ms6RQAS","","a2F4S0000008dcFUAQ","2.01","","a2C4S0000008SsvUAE","a2H4S00000056ubUAA","LLC_BI__Account__r","","42642121378396807","Account","","","false","","false"
"a2H4S00000056udUAA","","SC-000010214","2020-06-02T17:59:20.000Z","0054S000000Ms6RQAS","2020-06-02T17:59:20.000Z","0054S000000Ms6RQAS","","a2F4S0000008dcFUAQ","3.01","UI_Risk_Rating_Review","a2C4S0000008SswUAE","a2H4S00000056ucUAA","LLC_BI__Annual_Review__r","","42986534158215384","LLC_BI__Annual_Review__c","","","false","","false"
"a2H4S00000056ueUAA","","SC-000010215","2020-06-02T17:59:20.000Z","0054S000000Ms6RQAS","2020-06-02T17:59:20.000Z","0054S000000Ms6RQAS","","a2F4S0000008dcGUAQ","1.01","UI_Secondary_Market","a2C4S0000008SsxUAE","","","","42373350218571976","LLC_BI__Loan__c","","","false","","false"
"a2H4S00000056ufUAA","","SC-000010216","2020-06-02T17:59:20.000Z","0054S000000Ms6RQAS","2020-06-02T17:59:20.000Z","0054S000000Ms6RQAS","","a2F4S0000008dcHUAQ","1.01","UI_Structure_Information","a2C4S0000008SsyUAE","","","","42404837988433634","LLC_BI__Loan__c","","","false","","false"
"a2H4S00000056ugUAA","","SC-000010217","2020-06-02T17:59:20.000Z","0054S000000Ms6RQAS","2020-06-02T17:59:20.000Z","0054S000000Ms6RQAS","","a2F4S0000008dcIUAQ","1.01","","a2C4S0000008SszUAE","","","","42960690971479483","LLC_BI__Loan__c","","","false","","false"
"a2H4S00000056uhUAA","","SC-000010218","2020-06-02T17:59:20.000Z","0054S000000Ms6RQAS","2020-06-02T17:59:20.000Z","0054S000000Ms6RQAS","","a2F4S0000008dcIUAQ","2.01","UI_Third_Party_Reports","a2C4S0000008St0UAE","a2H4S00000056ugUAA","LLC_BI__Third_Party_Reports__r","","42423229692041072","LLC_BI__third_party_report__c","","","false","","false"
"a2H4S00000056uiUAA","","SC-000010219","2020-06-02T17:59:20.000Z","0054S000000Ms6RQAS","2020-06-02T17:59:20.000Z","0054S000000Ms6RQAS","","a2F4S0000008dO6UAI","1.01","","","","","","42924089777504412","LLC_BI__Loan__c","","","false","","false"
"a2H4S00000056ujUAA","","SC-000010220","2020-06-02T17:59:20.000Z","0054S000000Ms6RQAS","2020-06-02T17:59:20.000Z","0054S000000Ms6RQAS","","a2F4S0000008dO6UAI","2.01","LLC_BI__Entity_ID","","a2H4S00000056uiUAA","LLC_BI__Legal_Entities__r","","42964217936558679","LLC_BI__Legal_Entities__c","","","false","","false"
"a2H4S00000056ukUAA","","SC-000010221","2020-06-02T17:59:20.000Z","0054S000000Ms6RQAS","2020-06-02T17:59:20.000Z","0054S000000Ms6RQAS","","a2F4S0000008dO6UAI","3.01","","","a2H4S00000056ujUAA","LLC_BI__Account__r","","42897578495588320","Account","","","false","","false"
"a2H4S00000056ulUAA","","SC-000010222","2020-06-02T17:59:20.000Z","0054S000000Ms6RQAS","2020-06-02T17:59:20.000Z","0054S000000Ms6RQAS","","a2F4S0000008dO6UAI","4.01","LLC_BI__Bundle_ID","","a2H4S00000056ukUAA","LLC_BI__Underwriting_Bundle__r","","42457505221783513","LLC_BI__Underwriting_Bundle__c","","","false","","false"
"a2H4S00000056umUAA","","SC-000010223","2020-06-02T17:59:20.000Z","0054S000000Ms6RQAS","2020-06-02T17:59:20.000Z","0054S000000Ms6RQAS","","a2F4S0000008dNtUAI","1.01","","a2C4S0000008St1UAE","","","","42918687957779308","LLC_BI__Loan__c","","","false","","false"
"a2H4S00000056unUAA","","SC-000010224","2020-06-02T17:59:20.000Z","0054S000000Ms6RQAS","2020-06-02T17:59:20.000Z","0054S000000Ms6RQAS","","a2F4S0000008dNtUAI","2.01","","a2C4S0000008St2UAE","a2H4S00000056umUAA","LLC_BI__Account__r","","42134295328533592","Account","","","false","","false"
"a2H4S00000056uoUAA","","SC-000010225","2020-06-02T17:59:20.000Z","0054S000000Ms6RQAS","2020-06-02T17:59:20.000Z","0054S000000Ms6RQAS","","a2F4S0000008dNtUAI","3.01","","a2C4S0000008St3UAE","a2H4S00000056unUAA","LLC_BI__Legal_Entities__r","","4244161810574059","LLC_BI__Legal_Entities__c","","","false","","false"
"a2H4S00000056upUAA","","SC-000010226","2020-06-02T17:59:20.000Z","0054S000000Ms6RQAS","2020-06-02T17:59:20.000Z","0054S000000Ms6RQAS","","a2F4S0000008dNtUAI","4.01","Credit_Memo_Standard_Loan_Exp","a2C4S0000008St4UAE","a2H4S00000056uoUAA","LLC_BI__Loan__r","Loans","42680898651329154","LLC_BI__Loan__c","","","false","","false"
"a2H4S00000056uqUAA","","SC-000010227","2020-06-02T17:59:20.000Z","0054S000000Ms6RQAS","2020-06-02T17:59:20.000Z","0054S000000Ms6RQAS","","a2F4S0000008dNtUAI","4.02","Credit_Memo_Standard_Loan","a2C4S0000008St5UAE","a2H4S00000056uoUAA","LLC_BI__Deposit__r","Deposits","42331582543349331","LLC_BI__Deposit__c","","","false","","false"
"a2H4S00000056urUAA","","SC-000010228","2020-06-02T17:59:20.000Z","0054S000000Ms6RQAS","2020-06-02T17:59:20.000Z","0054S000000Ms6RQAS","","a2F4S0000008dNuUAI","1.01","","a2C4S0000008St6UAE","","","Authorized Signers","42355620853207908","LLC_BI__Loan__c","","","false","","false"
"a2H4S00000056usUAA","","SC-000010229","2020-06-02T17:59:20.000Z","0054S000000Ms6RQAS","2020-06-02T17:59:20.000Z","0054S000000Ms6RQAS","","a2F4S0000008dNuUAI","2.01","","a2C4S0000008St7UAE","a2H4S00000056urUAA","LLC_BI__Legal_Entities__r","","42478277921645986","LLC_BI__Legal_Entities__c","","","false","","false"
"a2H4S00000056utUAA","","SC-000010230","2020-06-02T17:59:20.000Z","0054S000000Ms6RQAS","2020-06-02T17:59:20.000Z","0054S000000Ms6RQAS","","a2F4S0000008dNuUAI","3.01","Credit_Memo_Standard_Loan","a2C4S0000008St8UAE","a2H4S00000056usUAA","LLC_BI__Contingent_Liabilties__r","","42737131890680941","LLC_BI__Contingent_Liabilty__c","","","false","","false"
"a2H4S00000056uuUAA","","SC-000010231","2020-06-02T17:59:20.000Z","0054S000000Ms6RQAS","2020-06-02T17:59:20.000Z","0054S000000Ms6RQAS","","a2F4S0000008dNvUAI","1.01","","a2C4S0000008St9UAE","","","","42464717017422535","LLC_BI__Loan__c","","","false","","false"
"a2H4S00000056uvUAA","","SC-000010232","2020-06-02T17:59:20.000Z","0054S000000Ms6RQAS","2020-06-02T17:59:20.000Z","0054S000000Ms6RQAS","","a2F4S0000008dNvUAI","2.01","Credit_Memo_Standard_Loan","a2C4S0000008StAUAU","a2H4S00000056uuUAA","LLC_BI__Legal_Entities__r","","42409815060011446","LLC_BI__Legal_Entities__c","","","false","","false"
"a2H4S00000056uwUAA","","SC-000010233","2020-06-02T17:59:20.000Z","0054S000000Ms6RQAS","2020-06-02T17:59:20.000Z","0054S000000Ms6RQAS","","a2F4S0000008dNwUAI","1.01","Credit_Memo_Standard_Loan","a2C4S0000008StBUAU","","","","42651134246861639","LLC_BI__Loan__c","","","false","","false"
"a2H4S00000056uxUAA","","SC-000010234","2020-06-02T17:59:20.000Z","0054S000000Ms6RQAS","2020-06-02T17:59:20.000Z","0054S000000Ms6RQAS","","a2F4S0000008dNxUAI","1.01","","a2C4S0000008StCUAU","","","","42035654864581754","LLC_BI__Loan__c","","","false","","false"
"a2H4S00000056uyUAA","","SC-000010235","2020-06-02T17:59:20.000Z","0054S000000Ms6RQAS","2020-06-02T17:59:20.000Z","0054S000000Ms6RQAS","","a2F4S0000008dNxUAI","2.01","","a2C4S0000008StDUAU","a2H4S00000056uxUAA","LLC_BI__Loan_Collateral__r","","42683972908997602","LLC_BI__Loan_Collateral2__c","","","false","","false"
"a2H4S00000056uzUAA","","SC-000010236","2020-06-02T17:59:20.000Z","0054S000000Ms6RQAS","2020-06-02T17:59:20.000Z","0054S000000Ms6RQAS","","a2F4S0000008dNxUAI","3.01","Credit_Memo_Standard_Loan","a2C4S0000008StEUAU","a2H4S00000056uyUAA","LLC_BI__Collateral__r","Collateral Details","42002851035551034","LLC_BI__Collateral__c","","","false","","false"
"a2H4S00000056v0UAA","","SC-000010237","2020-06-02T17:59:20.000Z","0054S000000Ms6RQAS","2020-06-02T17:59:20.000Z","0054S000000Ms6RQAS","","a2F4S0000008dNxUAI","4.01","Credit_Memo_Standard_Loan","a2C4S0000008StFUAU","a2H4S00000056uzUAA","LLC_BI__Account_Collateral__r","Ownership","42312527278957805","LLC_BI__Account_Collateral__c","","","false","","false"
"a2H4S00000056v1UAA","","SC-000010238","2020-06-02T17:59:20.000Z","0054S000000Ms6RQAS","2020-06-02T17:59:20.000Z","0054S000000Ms6RQAS","","a2F4S0000008dNxUAI","4.02","Credit_Memo_Standard_Loan","a2C4S0000008StGUAU","a2H4S00000056uzUAA","LLC_BI__Loan_Collateral2__r","Loans","42562564428980196","LLC_BI__Loan_Collateral2__c","","","false","","false"
"a2H4S00000056v2UAA","","SC-000010239","2020-06-02T17:59:20.000Z","0054S000000Ms6RQAS","2020-06-02T17:59:20.000Z","0054S000000Ms6RQAS","","a2F4S0000008dNxUAI","4.03","Credit_Memo_Standard_Loan","a2C4S0000008StHUAU","a2H4S00000056uzUAA","LLC_BI__Liens__r","Liens","42265896427887646","LLC_BI__Lien__c","","","false","","false"
"a2H4S00000056v3UAA","","SC-000010240","2020-06-02T17:59:20.000Z","0054S000000Ms6RQAS","2020-06-02T17:59:20.000Z","0054S000000Ms6RQAS","","a2F4S0000008dNyUAI","1.01","","a2C4S0000008StIUAU","","","","42236122186425738","LLC_BI__Loan__c","","","false","","false"
"a2H4S00000056v4UAA","","SC-000010241","2020-06-02T17:59:20.000Z","0054S000000Ms6RQAS","2020-06-02T17:59:20.000Z","0054S000000Ms6RQAS","","a2F4S0000008dNyUAI","2.01","Credit_Memo_Standard_Loan","a2C4S0000008StJUAU","a2H4S00000056v3UAA","LLC_BI__Participations__r","","42539504038782374","LLC_BI__Participation__c","","","false","","false"
"a2H4S00000056v5UAA","","SC-000010242","2020-06-02T17:59:20.000Z","0054S000000Ms6RQAS","2020-06-02T17:59:20.000Z","0054S000000Ms6RQAS","","a2F4S0000008dNzUAI","1.01","","a2C4S0000008StKUAU","","","","42161198576145529","LLC_BI__Loan__c","","","false","","false"
"a2H4S00000056v6UAA","","SC-000010243","2020-06-02T17:59:20.000Z","0054S000000Ms6RQAS","2020-06-02T17:59:20.000Z","0054S000000Ms6RQAS","","a2F4S0000008dNzUAI","2.01","","a2C4S0000008StLUAU","a2H4S00000056v5UAA","LLC_BI__Loan_Covenants__r","","42989681988042451","LLC_BI__Loan_Covenant__c","","","false","","false"
"a2H4S00000056v7UAA","","SC-000010244","2020-06-02T17:59:20.000Z","0054S000000Ms6RQAS","2020-06-02T17:59:20.000Z","0054S000000Ms6RQAS","","a2F4S0000008dNzUAI","3.01","Credit_Memo_Standard_Loan","a2C4S0000008StMUAU","a2H4S00000056v6UAA","LLC_BI__Covenant2__r","Covenant Details","42683549431429961","LLC_BI__Covenant2__c","","","false","","false"
"a2H4S00000056v8UAA","","SC-000010245","2020-06-02T17:59:20.000Z","0054S000000Ms6RQAS","2020-06-02T17:59:20.000Z","0054S000000Ms6RQAS","","a2F4S0000008dNzUAI","4.01","Credit_Memo_Standard_Loan","a2C4S0000008StNUAU","a2H4S00000056v7UAA","LLC_BI__Account_Covenants__r","Ownership","42532832892785183","LLC_BI__Account_Covenant__c","","","false","","false"
"a2H4S00000056v9UAA","","SC-000010246","2020-06-02T17:59:20.000Z","0054S000000Ms6RQAS","2020-06-02T17:59:20.000Z","0054S000000Ms6RQAS","","a2F4S0000008dNzUAI","4.02","Credit_Memo_Standard_Loan","a2C4S0000008StOUAU","a2H4S00000056v7UAA","LLC_BI__Loan_Covenants__r","Loans","42149847579794225","LLC_BI__Loan_Covenant__c","","","false","","false"
"a2H4S00000056vAUAQ","","SC-000010247","2020-06-02T17:59:20.000Z","0054S000000Ms6RQAS","2020-06-02T17:59:20.000Z","0054S000000Ms6RQAS","","a2F4S0000008dO0UAI","1.01","","a2C4S0000008StPUAU","","","","42834650525864984","LLC_BI__Loan__c","","","false","","false"
"a2H4S00000056vBUAQ","","SC-000010248","2020-06-02T17:59:20.000Z","0054S000000Ms6RQAS","2020-06-02T17:59:20.000Z","0054S000000Ms6RQAS","","a2F4S0000008dO0UAI","2.01","Credit_Memo_Standard_Loan","a2C4S0000008StQUAU","a2H4S00000056vAUAQ","LLC_BI__Third_Party_Reports__r","","42381177294432921","LLC_BI__third_party_report__c","","","false","","false"
"a2H4S00000056vCUAQ","","SC-000010249","2020-06-02T17:59:20.000Z","0054S000000Ms6RQAS","2020-06-02T17:59:20.000Z","0054S000000Ms6RQAS","","a2F4S0000008dO1UAI","1.01","","a2C4S0000008StRUAU","","","","42891845801985593","LLC_BI__Loan__c","","","false","","false"
"a2H4S00000056vDUAQ","","SC-000010250","2020-06-02T17:59:20.000Z","0054S000000Ms6RQAS","2020-06-02T17:59:20.000Z","0054S000000Ms6RQAS","","a2F4S0000008dO1UAI","2.01","Credit_Memo_Standard_Loan","a2C4S0000008StSUAU","a2H4S00000056vCUAQ","LLC_BI__Loan_Teams__r","","42062975005284072","LLC_BI__LoanTeam__c","","","false","","false"
"a2H4S00000056vEUAQ","","SC-000010251","2020-06-02T17:59:20.000Z","0054S000000Ms6RQAS","2020-06-02T17:59:20.000Z","0054S000000Ms6RQAS","","a2F4S0000008dO2UAI","1.01","","a2C4S0000008StTUAU","","","","42390289282921102","LLC_BI__Loan__c","","","false","","false"
"a2H4S00000056vFUAQ","","SC-000010252","2020-06-02T17:59:20.000Z","0054S000000Ms6RQAS","2020-06-02T17:59:20.000Z","0054S000000Ms6RQAS","","a2F4S0000008dO2UAI","2.01","Credit_Memo_Standard_Loan","a2C4S0000008StUUAU","a2H4S00000056vEUAQ","LLC_BI__Fees__r","","42436132190782833","LLC_BI__Fee__c","","","false","","false"
"a2H4S00000056vGUAQ","","SC-000010253","2020-06-02T17:59:20.000Z","0054S000000Ms6RQAS","2020-06-02T17:59:20.000Z","0054S000000Ms6RQAS","","a2F4S0000008dO3UAI","1.01","","a2C4S0000008StVUAU","","","","42555012428642666","LLC_BI__Loan__c","","","false","","false"
"a2H4S00000056vHUAQ","","SC-000010254","2020-06-02T17:59:20.000Z","0054S000000Ms6RQAS","2020-06-02T17:59:20.000Z","0054S000000Ms6RQAS","","a2F4S0000008dO3UAI","2.01","Credit_Memo_Standard_Loan","a2C4S0000008StWUAU","a2H4S00000056vGUAQ","LLC_BI__Account__r","","42922795569072468","Account","","","false","","false"
"a2H4S00000056vIUAQ","","SC-000010255","2020-06-02T17:59:20.000Z","0054S000000Ms6RQAS","2020-06-02T17:59:20.000Z","0054S000000Ms6RQAS","","a2F4S0000008dO4UAI","1.01","","a2C4S0000008StXUAU","","","","42948488468753489","LLC_BI__Loan__c","","","false","","false"
"a2H4S00000056vJUAQ","","SC-000010256","2020-06-02T17:59:20.000Z","0054S000000Ms6RQAS","2020-06-02T17:59:20.000Z","0054S000000Ms6RQAS","","a2F4S0000008dO4UAI","2.01","Credit_Memo_Standard_Loan","a2C4S0000008StYUAU","a2H4S00000056vIUAQ","LLC_BI__Policy_Exceptions__r","","42484952335346646","LLC_BI__Policy_Exception__c","","","false","","false"
"a2H4S0000005GcZUAU","","SC-000011422","2020-06-16T19:09:23.000Z","0054S000000Ms6RQAS","2020-10-20T19:11:46.000Z","0054S000000Ms6RQAS","","a2F4S0000008iu5UAA","1.01","OA_Personal_Contact_Information_Individ","a2C4S0000008bU5UAI","","","","42464812758248456","Contact","","0.0","false","","false"
"a2H4S0000005GcaUAE","","SC-000011423","2020-06-16T19:09:23.000Z","0054S000000Ms6RQAS","2020-11-25T14:39:22.000Z","0054S000000Ms6RQAS","","a2F4S0000008iu6UAA","1.01","OA_Personal_Contact_Information_Individ","a2C4S0000008bXdUAI","","","","42327127697775177","Contact","","0.0","false","","false"
"a2H4S0000005GcbUAE","","SC-000011424","2020-06-16T19:09:23.000Z","0054S000000Ms6RQAS","2020-08-26T19:58:15.000Z","0054S000000Ms6RQAS","","a2F4S0000008iu7UAA","1.01","ODAO_Business_Info_Sole_Prop_cm","","","","","42639440749564111","Account","","","false","","false"
"a2H4S0000005GccUAE","","SC-000011425","2020-06-16T19:09:23.000Z","0054S000000Ms6RQAS","2020-06-16T19:09:23.000Z","0054S000000Ms6RQAS","","a2F4S0000008iu8UAA","1.01","NPORTAL__DEP_Business_Location","","","","","42892087204945142","Account","","","false","","false"
"a2H4S0000005GcdUAE","","SC-000011426","2020-06-16T19:09:23.000Z","0054S000000Ms6RQAS","2020-06-16T19:09:23.000Z","0054S000000Ms6RQAS","","a2F4S0000008iu9UAA","1.01","NPORTAL__DEP_Personal_Business_Role","","","","","42656338577210006","LLC_BI__Connection__c","","","false","","false"
"a2H4S0000005GceUAE","","SC-000011427","2020-06-16T19:09:23.000Z","0054S000000Ms6RQAS","2020-06-16T19:09:23.000Z","0054S000000Ms6RQAS","","a2F4S0000008iuAUAQ","1.01","NPORTAL__DEP_Personal_Contact_Business","","","","","42121808197433035","Contact","","","false","","false"
"a2H4S0000005GcfUAE","","SC-000011428","2020-06-16T19:09:23.000Z","0054S000000Ms6RQAS","2020-06-16T19:09:23.000Z","0054S000000Ms6RQAS","","a2F4S0000008iuBUAQ","1.01","NPORTAL__DEP_Personal_Contact_Owner","","","","","42957917786896290","Contact","","","false","","false"
"a2H4S0000005GiFUAU","","SC-000011429","2020-06-17T19:18:09.000Z","0054S000000Ms6RQAS","2020-06-17T19:18:09.000Z","0054S000000Ms6RQAS","","a2F4S0000008ixQUAQ","1.01","Deposit_Account_Funding_Field_Set","","","","","091258127518125","LLC_BI__Funding_Method__c","","","false","","false"
"a2H4S0000005H3XUAU","","SC-000011430","2020-06-19T01:29:41.000Z","0054S000000Ms6RQAS","2020-11-24T21:01:44.000Z","0054S000000Ms6RQAS","","a2F4S0000008izXUAQ","1.01","OA_Mailing_Address_Fields","a2C4S0000008bUAUAY","","","","a2H4S0000005H3XUAU","Contact","","0.0","false","","false"
"a2H4S0000005H3wUAE","","SC-000011431","2020-06-19T12:52:17.000Z","0054S000000Ms6RQAS","2020-06-19T12:52:17.000Z","0054S000000Ms6RQAS","","a2F4S0000008j1JUAQ","1.01","LLC_BI__Admin_Screen_Section_Lookup","","","","","42563215461622029","nFORCE__Question__c","","","false","","false"
"a2H4S0000005HOpUAM","","SC-000011432","2020-06-22T21:07:05.000Z","0054S000000Ms6RQAS","2021-01-14T20:54:41.000Z","0054S000000Ms6RQAS","","a2F4S0000008j7HUAQ","1.01","ODAO_Beneficiary_Information","","","","","3245958756453","LLC_BI__Beneficiary__c","","","false","","false"
"a2H4S0000005HRKUA2","","SC-000011434","2020-06-23T14:00:47.000Z","0054S000000NfYhQAK","2020-06-23T14:00:47.000Z","0054S000000NfYhQAK","","a2F4S0000008j98UAA","1.01","LLC_BI__UI_Loan_Information","","","","","7551753B_0B10_4D12_910A_7E62624D270B","LLC_BI__Loan__c","","","false","","false"
"a2H4S0000005HRLUA2","","SC-000011435","2020-06-23T14:00:47.000Z","0054S000000NfYhQAK","2020-06-23T14:00:47.000Z","0054S000000NfYhQAK","","a2F4S0000008j99UAA","1.01","","","","","","45056E1D_2065_4156_9252_37161F73742A","LLC_BI__Loan__c","","","false","","false"
"a2H4S0000005HRMUA2","","SC-000011436","2020-06-23T14:00:47.000Z","0054S000000NfYhQAK","2020-06-23T14:00:47.000Z","0054S000000NfYhQAK","","a2F4S0000008j99UAA","2.02","LLC_BI__UI_Entity_Involvement_Fieldset","","a2H4S0000005HRLUA2","LLC_BI__Legal_Entities__r","","6C44185E_2926_4B66_AB3B_570B50496558","LLC_BI__Legal_Entities__c","","","false","","false"
"a2H4S0000005HRNUA2","","SC-000011437","2020-06-23T14:00:47.000Z","0054S000000NfYhQAK","2020-06-23T14:00:47.000Z","0054S000000NfYhQAK","","a2F4S0000008j9AUAQ","1.01","","","","","","464D1177_0149_4F69_9C63_0950580B4026","LLC_BI__Loan__c","","","false","","false"
"a2H4S0000005HROUA2","","SC-000011438","2020-06-23T14:00:47.000Z","0054S000000NfYhQAK","2020-06-23T14:00:47.000Z","0054S000000NfYhQAK","","a2F4S0000008j9AUAQ","2.02","LLC_BI__Manage_Fees","","a2H4S0000005HRNUA2","LLC_BI__Fees__r","","5C442F78_3B07_4B74_8031_667A101D7008","LLC_BI__Fee__c","","","false","","false"
"a2H4S0000005HRPUA2","","SC-000011439","2020-06-23T14:00:47.000Z","0054S000000NfYhQAK","2020-06-23T14:00:47.000Z","0054S000000NfYhQAK","","a2F4S0000008j9BUAQ","1.01","","","","","","067D2D70_3459_4578_A06B_114373202526","LLC_BI__Loan__c","","","false","","false"
"a2H4S0000005HRQUA2","","SC-000011440","2020-06-23T14:00:47.000Z","0054S000000NfYhQAK","2020-06-23T14:00:47.000Z","0054S000000NfYhQAK","","a2F4S0000008j9BUAQ","2.02","ATBK__LoanCollateral2_ReviewSubmit","","a2H4S0000005HRPUA2","LLC_BI__Loan_Collateral__r","","31756954_4020_4E5F_B337_5B41145F0D0A","LLC_BI__Loan_Collateral2__c","","","false","","false"
"a2H4S0000005HRRUA2","","SC-000011441","2020-06-23T14:00:47.000Z","0054S000000NfYhQAK","2020-06-23T14:00:47.000Z","0054S000000NfYhQAK","","a2F4S0000008j9CUAQ","1.01","","","","","","39315711_6C0F_4C34_BE00_1F3D051F7B09","LLC_BI__Loan__c","","","false","","false"
"a2H4S0000005HRSUA2","","SC-000011442","2020-06-23T14:00:47.000Z","0054S000000NfYhQAK","2020-06-23T14:00:47.000Z","0054S000000NfYhQAK","","a2F4S0000008j9CUAQ","2.02","ATBK__LoanCovenant_ReviewSubmit","","a2H4S0000005HRRUA2","LLC_BI__Loan_Covenants__r","","3374510A_5817_4A55_B02D_1738531F3235","LLC_BI__Loan_Covenant__c","","","false","","false"
"a2H4S0000005HRTUA2","","SC-000011443","2020-06-23T14:00:47.000Z","0054S000000NfYhQAK","2020-06-23T14:00:47.000Z","0054S000000NfYhQAK","","a2F4S0000008j9DUAQ","1.01","","","","","","4A19621B_0A5E_4E6F_803C_035E2B662F6D","LLC_BI__Loan__c","","","false","","false"
"a2H4S0000005HRUUA2","","SC-000011444","2020-06-23T14:00:47.000Z","0054S000000NfYhQAK","2020-06-23T14:00:47.000Z","0054S000000NfYhQAK","","a2F4S0000008j9DUAQ","2.02","LLC_BI__UI_Loan_Team_Members","","a2H4S0000005HRTUA2","LLC_BI__Loan_Teams__r","","18242913_7068_407A_924F_1B6574362754","LLC_BI__LoanTeam__c","","","false","","false"
"a2H4S0000005HRVUA2","","SC-000011445","2020-06-23T14:00:47.000Z","0054S000000NfYhQAK","2020-06-23T14:00:47.000Z","0054S000000NfYhQAK","","a2F4S0000008j9EUAQ","1.01","LLC_BI__UI_Loan_Pricing_Information","","","","","7458280D_367E_450B_BC56_1C295F4B2D7E","LLC_BI__Loan__c","","","false","","false"
"a2H4S0000005HRWUA2","","SC-000011446","2020-06-23T14:00:47.000Z","0054S000000NfYhQAK","2020-06-23T14:00:47.000Z","0054S000000NfYhQAK","","a2F4S0000008j9FUAQ","1.01","ATBK__Deposit_ReviewSubmit","","","","","410D7D49_1615_4740_9C44_180E534E297A","LLC_BI__Deposit__c","","","false","","false"
"a2H4S0000005HRXUA2","","SC-000011447","2020-06-23T14:00:48.000Z","0054S000000NfYhQAK","2020-06-23T14:00:48.000Z","0054S000000NfYhQAK","","a2F4S0000008j9GUAQ","1.01","","","","","","4C572330_0E32_4649_8278_4B032C514277","LLC_BI__Deposit__c","","","false","","false"
"a2H4S0000005HRYUA2","","SC-000011448","2020-06-23T14:00:48.000Z","0054S000000NfYhQAK","2020-06-23T14:00:48.000Z","0054S000000NfYhQAK","","a2F4S0000008j9GUAQ","2.02","LLC_BI__UI_Entity_Involvement_Fieldset","","a2H4S0000005HRXUA2","LLC_BI__Legal_Entities__r","","551A2930_0E4C_4B18_8F03_027409450E4D","LLC_BI__Legal_Entities__c","","","false","","false"
"a2H4S0000005HRZUA2","","SC-000011449","2020-06-23T14:00:48.000Z","0054S000000NfYhQAK","2020-06-23T14:00:48.000Z","0054S000000NfYhQAK","","a2F4S0000008j9HUAQ","1.01","","","","","","65605546_5D2C_496D_8102_056338222C60","LLC_BI__Deposit__c","","","false","","false"
"a2H4S0000005HRaUAM","","SC-000011450","2020-06-23T14:00:48.000Z","0054S000000NfYhQAK","2020-06-23T14:00:48.000Z","0054S000000NfYhQAK","","a2F4S0000008j9HUAQ","2.02","ATBK__AnalyzedAccount_ReviewSubmit","","a2H4S0000005HRZUA2","LLC_BI__Analyzed_Accounts__r","","48450468_6617_483F_8219_3A491F5B357B","LLC_BI__Analyzed_Account__c","","","false","","false"
"a2H4S0000005HRbUAM","","SC-000011451","2020-06-23T14:00:48.000Z","0054S000000NfYhQAK","2020-06-23T14:00:48.000Z","0054S000000NfYhQAK","","a2F4S0000008j9IUAQ","1.01","","","","","","41217C10_2E18_4B23_A633_62364618593A","LLC_BI__Deposit__c","","","false","","false"
"a2H4S0000005HRcUAM","","SC-000011452","2020-06-23T14:00:48.000Z","0054S000000NfYhQAK","2020-06-23T14:00:48.000Z","0054S000000NfYhQAK","","a2F4S0000008j9IUAQ","2.02","LLC_BI__UI_Beneficiary","","a2H4S0000005HRbUAM","LLC_BI__Deposits__r","","03263E7A_7E37_4849_912F_4752437A5C6C","LLC_BI__Beneficiary__c","","","false","","false"
"a2H4S0000005HSXUA2","","SC-000011453","2020-06-23T15:35:56.000Z","0054S000000Ms6RQAS","2020-10-20T19:12:54.000Z","0054S000000Ms6RQAS","","a2F4S0000008j9SUAQ","1.01","OA_Primary_ID_Details","a2C4S0000008anmUAA","","","","42678952112004848","Contact","","0.0","false","","false"
"a2H4S0000005HplUAE","","SC-000011454","2020-06-24T20:53:08.000Z","0054S000000Ms6RQAS","2021-01-14T20:49:33.000Z","0054S000000Ms6RQAS","","a2F4S0000008jF1UAI","1.01","ODAO_Interest_Disposition","","","","","3526478678676534","LLC_BI__Deposit__c","","","false","","false"
"a2H4S0000005Hq0UAE","","SC-000011455","2020-06-24T21:00:35.000Z","0054S000000Ms6RQAS","2021-01-14T20:48:48.000Z","0054S000000Ms6RQAS","","a2F4S0000008jF6UAI","1.01","ODAO_ACH_Interest_Payment_Type","a2C4S0000008anmUAA","","","","475869874565341436","LLC_BI__Deposit__c","","","false","","false"
"a2H4S0000005Iq1UAE","","SC-000011456","2020-07-01T13:49:13.000Z","0054S000000Ms6RQAS","2020-07-01T13:49:13.000Z","0054S000000Ms6RQAS","","a2F4S0000008jhoUAA","1.01","OA_Mailing_Address_Fields","","","","","127598125981251","Contact","","","false","","false"
"a2H4S0000005IqBUAU","","SC-000011457","2020-07-01T13:52:12.000Z","0054S000000Ms6RQAS","2020-11-25T14:41:32.000Z","0054S000000Ms6RQAS","","a2F4S0000008jhtUAA","1.01","OA_Primary_ID_Details","a2C4S0000008anmUAA","","","","12985y198252198","Contact","","0.0","false","","false"
"a2H4S0000006vmNUAQ","","SC-000011471","2020-08-25T16:12:48.000Z","0054S000000Ms6RQAS","2021-03-05T19:56:22.000Z","0054S000000Ms6RQAS","","a2F4S0000008mXyUAI","1.01","ODAO_Business_Entity_Type_cm","a2C4S0000008b6dUAA","","","","42720958300393790","Account","","0.0","false","","false"
"a2H4S0000006vmSUAQ","","SC-000011472","2020-08-25T18:39:10.000Z","0054S000000Ms6RQAS","2020-08-25T18:39:45.000Z","0054S000000Ms6RQAS","","a2F4S0000008mYDUAY","1.01","ODAO_Business_Mailing_Address_cm","a2C4S0000008b6iUAA","","","","42527719459154012","Account","","0.0","false","","false"
"a2H4S0000006vmXUAQ","","SC-000011473","2020-08-25T18:55:28.000Z","0054S000000Ms6RQAS","2020-08-25T19:19:22.000Z","0054S000000Ms6RQAS","","a2F4S0000008mYIUAY","1.01","ODAO_PSO_Business_Dep_Personal_Info_cm","a2C4S0000008b6sUAA","","","","19461598381728144","Contact","","0.0","false","","false"
"a2H4S0000006vmYUAQ","","SC-000011474","2020-08-25T18:55:28.000Z","0054S000000Ms6RQAS","2020-08-25T18:55:28.000Z","0054S000000Ms6RQAS","","a2F4S0000008mYLUAY","1.01","OA_Mailing_Address_Fields","","","","","63091598381728145","Contact","","","false","","false"
"a2H4S0000006vmZUAQ","","SC-000011475","2020-08-25T18:55:28.000Z","0054S000000Ms6RQAS","2020-11-06T17:57:42.000Z","0054S000000Ms6RQAS","","a2F4S0000008mYKUAY","1.01","OA_Primary_ID_Details","a2C4S0000008b6nUAA","","","","81471598381728145","Contact","","0.0","false","","false"
"a2H4S0000006vmcUAA","","SC-000011476","2020-08-25T19:26:12.000Z","0054S000000Ms6RQAS","2020-08-25T19:26:12.000Z","0054S000000Ms6RQAS","","a2F4S0000008mYNUAY","1.01","nPortal__DEP_Personal_Business_Role","a2C4S0000008b6xUAA","","","","42973448423440544","LLC_BI__Connection__c","","0.0","false","","false"
"a2H4S0000006vmhUAA","","SC-000011477","2020-08-26T15:10:58.000Z","0054S000000Ms6RQAS","2021-01-14T21:59:20.000Z","0054S000000Ms6RQAS","","a2F4S0000008ma9UAA","1.01","ODAO_Overdraft_Opt_In","a2C4S0000008b72UAA","","","","9863642592588390296083","LLC_BI__Treasury_Service__c","","0.0","false","","false"
"a2H4S0000006vmmUAA","","SC-000011478","2020-08-26T19:16:05.000Z","0054S000000Ms6RQAS","2020-08-26T19:16:17.000Z","0054S000000Ms6RQAS","","a2F4S0000008masUAA","1.01","nPortal__DEP_Business_Information","a2C4S0000008b77UAA","","","","42196528404673815","Account","","0.0","false","","false"
"a2H4S0000006vtfUAA","","SC-000011479","2020-08-27T17:58:16.000Z","0054S000000Ms6RQAS","2020-08-27T17:58:16.000Z","0054S000000Ms6RQAS","","a2F4S0000008mfMUAQ","1.01","ODAO_Business_Ownership_Percent","a2C4S0000008bCOUAY","","","","42451915303589672","LLC_BI__Connection__c","","0.0","false","","false"
"a2H4S0000006vtkUAA","","SC-000011480","2020-08-27T18:35:24.000Z","0054S000000Ms6RQAS","2020-08-27T18:35:24.000Z","0054S000000Ms6RQAS","","a2F4S0000008mfWUAQ","1.01","ODAO_PSO_Business_Dep_Personal_Info_cm","a2C4S0000008bCUUAY","","","","81221598553324361","Contact","","0.0","false","","false"
"a2H4S0000006vtlUAA","","SC-000011481","2020-08-27T18:35:24.000Z","0054S000000Ms6RQAS","2020-12-11T17:11:30.000Z","0054S000000Ms6RQAS","","a2F4S0000008mfXUAQ","1.01","OA_Primary_ID_Details","a2C4S0000008bCTUAY","","","","02691598553324362","Contact","","0.0","false","","false"
"a2H4S0000006vtmUAA","","SC-000011482","2020-08-27T18:35:24.000Z","0054S000000Ms6RQAS","2020-08-27T18:35:24.000Z","0054S000000Ms6RQAS","","a2F4S0000008mfbUAA","1.01","OA_Mailing_Address_Fields","","","","","34231598553324362","Contact","","","false","","false"
"a2H4S0000006vu9UAA","","SC-000011486","2020-09-01T13:17:41.000Z","0054S000000Ms6RQAS","2020-09-01T13:17:41.000Z","0054S000000Ms6RQAS","","a2F4S0000008db4UAA","1.01","","","","","","159896624004440362141","LLC_BI__Deposit__c","","","false","","false"
"a2H4S0000006vuEUAQ","","SC-000011487","2020-09-01T13:18:57.000Z","0054S000000Ms6RQAS","2021-01-14T20:55:21.000Z","0054S000000Ms6RQAS","","a2F4S0000008db4UAA","1.02","IBDAO_Beneficiary","","a2H4S0000006vu9UAA","LLC_BI__Deposits__r","","a2H1U0000002nCo1411","LLC_BI__Beneficiary__c","","","false","","false"
"a2H4S0000006vuJUAQ","","SC-000011488","2020-09-01T19:14:33.000Z","0054S000000Ms6RQAS","2021-01-14T20:44:01.000Z","0054S000000Ms6RQAS","","a2F4S0000008n0bUAA","1.01","IBDAO_Consumer_Savings_Int_Bearing","a2C4S0000008bCsUAI","","","","42307359027927863","LLC_BI__Deposit__c","","0.0","false","","false"
"a2H4S0000006vuOUAQ","","SC-000011489","2020-09-01T19:17:11.000Z","0054S000000Ms6RQAS","2021-01-14T20:42:23.000Z","0054S000000Ms6RQAS","","a2F4S0000008n0XUAQ","1.01","IBDAO_Consumer_Checking_Non_Int_Bearing","a2C4S0000008bCxUAI","","","","42528160492329979","LLC_BI__Deposit__c","","0.0","false","","false"
"a2H4S0000006vuTUAQ","","SC-000011490","2020-09-01T19:17:20.000Z","0054S000000Ms6RQAS","2021-01-14T20:40:57.000Z","0054S000000Ms6RQAS","","a2F4S0000008n0WUAQ","1.01","IBDAO_Consumer_CD_Int_Bearing","a2C4S0000008bD2UAI","","","","42866849868623095","LLC_BI__Deposit__c","","0.0","false","","false"
"a2H4S0000006vuYUAQ","","SC-000011491","2020-09-01T20:05:24.000Z","0054S000000Ms6RQAS","2021-01-14T20:35:05.000Z","0054S000000Ms6RQAS","","a2F4S0000008n0lUAA","1.01","IBDAO_Business_Savings_Int_Bearing","a2C4S0000008bD7UAI","","","","42441022438490402","LLC_BI__Deposit__c","","0.0","false","","false"
"a2H4S0000006vudUAA","","SC-000011492","2020-09-01T20:09:53.000Z","0054S000000Ms6RQAS","2021-01-14T20:36:37.000Z","0054S000000Ms6RQAS","","a2F4S0000008n0qUAA","1.01","IBDAO_Business_Checking_Non_Int_Bearing","a2C4S0000008bDCUAY","","","","4251895802943862","LLC_BI__Deposit__c","","0.0","false","","false"
"a2H4S0000006vuiUAA","","SC-000011493","2020-09-01T20:11:09.000Z","0054S000000Ms6RQAS","2021-01-14T20:35:07.000Z","0054S000000Ms6RQAS","","a2F4S0000008n0vUAA","1.01","IBDAO_Business_Savings_Int_Bearing","a2C4S0000008bDHUAY","","","","42337242499439631","LLC_BI__Deposit__c","","0.0","false","","false"
"a2H4S0000006vunUAA","","SC-000011494","2020-09-01T21:26:17.000Z","0054S000000Ms6RQAS","2020-09-01T21:26:17.000Z","0054S000000Ms6RQAS","","a2F4S0000008n10UAA","1.01","DAO_In_Branch_Online_Banking","a2C4S0000008bDMUAY","","","","42388777762029626","LLC_BI__Treasury_Service__c","","0.0","false","","false"
"a2H4S0000006vusUAA","","SC-000011495","2020-09-01T21:30:04.000Z","0054S000000Ms6RQAS","2021-01-14T21:00:49.000Z","0054S000000Ms6RQAS","","a2F4S0000008n15UAA","1.01","IBDAO_Debit_Card","a2C4S0000008bDRUAY","","","","42748213522512332","LLC_BI__Treasury_Service__c","","0.0","false","","false"
"a2H4S0000006vuxUAA","","SC-000011496","2020-09-01T21:34:09.000Z","0054S000000Ms6RQAS","2020-09-01T21:34:09.000Z","0054S000000Ms6RQAS","","a2F4S0000008n1FUAQ","1.01","LLC_BI__Deposit_Maintenance_Delta","","","","Deposit Delta","42316693030200588","LLC_BI__Deposit__c","","","false","","false"
"a2H4S0000006vuyUAA","","SC-000011497","2020-09-01T21:34:09.000Z","0054S000000Ms6RQAS","2020-09-01T21:34:09.000Z","0054S000000Ms6RQAS","","a2F4S0000008n1FUAQ","1.03","LLC_BI__Entity_Involvement_Maintenance_Delta","","a2H4S0000006vuxUAA","LLC_BI__Legal_Entities__r","Entity Involvement Delta","42530674865910396","LLC_BI__Legal_Entities__c","","","false","","false"
"a2H4S0000006vuzUAA","","SC-000011498","2020-09-01T21:34:09.000Z","0054S000000Ms6RQAS","2020-09-01T21:34:09.000Z","0054S000000Ms6RQAS","","a2F4S0000008n1FUAQ","1.02","LLC_BI__Beneficiary_Maintenance_Delta","","a2H4S0000006vuxUAA","LLC_BI__Deposits__r","Beneficiary Delta","42055887527042584","LLC_BI__Beneficiary__c","","","false","","false"
"a2H4S0000006vv0UAA","","SC-000011499","2020-09-01T21:34:09.000Z","0054S000000Ms6RQAS","2020-09-01T21:34:09.000Z","0054S000000Ms6RQAS","","a2F4S0000008n1FUAQ","1.04","LLC_BI__Authorized_Signer_Maintenance_Delta","","a2H4S0000006vuyUAA","LLC_BI__Contingent_Liabilties__r","Authorized Signer Delta","42272960297442452","LLC_BI__Contingent_Liabilty__c","","","false","","false"
"a2H4S0000006vv1UAA","","SC-000011500","2020-09-01T21:34:09.000Z","0054S000000Ms6RQAS","2020-09-01T21:34:09.000Z","0054S000000Ms6RQAS","","a2F4S0000008n1FUAQ","1.05","LLC_BI__Authorized_Business_Maintenance_Delta","","a2H4S0000006vuyUAA","LLC_BI__Authorized_Accounts__r","Authorized Account Delta","42103639846091897","LLC_BI__Authorized_Account__c","","","false","","false"
"a2H4S0000006vvCUAQ","","SC-000011501","2020-09-04T16:17:01.000Z","0054S000000Ms6RQAS","2021-01-14T20:50:15.000Z","0054S000000Ms6RQAS","","a2F4S0000008nA0UAI","1.01","IBDAO_Statement_address_same_as_mailing","a2C4S0000008bDbUAI","","","","42303800937072591","LLC_BI__Deposit__c","","0.0","false","","false"
"a2H4S0000006vvHUAQ","","SC-000011502","2020-09-04T16:21:52.000Z","0054S000000Ms6RQAS","2021-01-14T20:47:05.000Z","0054S000000Ms6RQAS","","a2F4S0000008nA5UAI","1.01","IBDAO_statement_mailing_address_fields","a2C4S0000008bDgUAI","","","","42861330120324453","LLC_BI__Deposit__c","","0.0","false","","false"
"a2H4S0000006vvMUAQ","","SC-000011503","2020-09-04T16:42:03.000Z","0054S000000Ms6RQAS","2021-01-14T22:06:57.000Z","0054S000000Ms6RQAS","","a2F4S0000008nAAUAY","1.01","IBDAO_CreditDebitCash_FundingAmount","a2C4S0000008bDlUAI","","","","42057108733150365","LLC_BI__Funding_Method__c","","0.0","false","","false"
"a2H4S0000006vvRUAQ","","SC-000011504","2020-09-04T20:35:07.000Z","0054S000000Ms6RQAS","2021-01-14T20:45:04.000Z","0054S000000Ms6RQAS","","a2F4S0000008nAUUAY","1.01","IBDAO_Consumer_Tax_Favored_Account_Plan","a2C4S0000008bDqUAI","","","","42189556654857624","LLC_BI__Deposit__c","","0.0","false","","false"
"a2H4S0000006vvWUAQ","","SC-000011505","2020-09-04T20:41:18.000Z","0054S000000Ms6RQAS","2021-01-14T20:43:23.000Z","0054S000000Ms6RQAS","","a2F4S0000008nAZUAY","1.01","IBDAO_Consumer_IRA","a2C4S0000008bDvUAI","","","","42309530803514238","LLC_BI__Deposit__c","","0.0","false","","false"
"a2H4S0000006vvgUAA","","SC-000011506","2020-09-08T14:08:31.000Z","0054S000000Ms6RQAS","2020-09-08T14:08:31.000Z","0054S000000Ms6RQAS","","a2F4S0000008nGmUAI","1.01","EO_Permanent_Resident_Details","","","","","4785658937485737423","Contact","","","false","","false"
"a2H4S0000006vvlUAA","","SC-000011507","2020-09-08T16:53:07.000Z","0054S000000Ms6RQAS","2021-01-14T20:29:16.000Z","0054S000000Ms6RQAS","","a2F4S0000008nHVUAY","1.01","EO_Mailing_Address_Fields","a2C4S0000008bEAUAY","","","","5643654094263746641","Contact","","0.0","false","","false"
"a2H4S0000006vw0UAA","","SC-000011509","2020-09-09T16:51:43.000Z","0054S000000Ms6RQAS","2021-01-07T16:59:16.000Z","0054S000000Ms6RQAS","","a2F4S0000008nJvUAI","1.01","EO_Business_Mailing_Address","","","","","a2H4S0000006vw0UAA","Account","","","false","","false"
"a2H4S0000006vw5UAA","","SC-000011510","2020-09-10T17:05:31.000Z","0054S000000Ms6RQAS","2020-09-10T17:07:32.000Z","0054S000000Ms6RQAS","","a2F4S0000008nO7UAI","1.01","EO_Details_part_2","a2C4S0000008bEeUAI","","","","42283625127143007","Contact","","0.0","false","","false"
"a2H4S0000006vwPUAQ","","SC-000011511","2020-09-11T13:28:50.000Z","0054S000000Ms6RQAS","2020-09-11T13:28:50.000Z","0054S000000Ms6RQAS","","a2F4S0000008nQNUAY","1.01","EO_Details_part_2","a2C4S0000008bF3UAI","","","","42842113336476269","Contact","","0.0","false","","false"
"a2H4S0000006vwUUAQ","","SC-000011512","2020-09-11T13:29:45.000Z","0054S000000Ms6RQAS","2020-09-11T13:29:45.000Z","0054S000000Ms6RQAS","","a2F4S0000008nQSUAY","1.01","EO_Permanent_Resident_Details","a2C4S0000008bF8UAI","","","","42602146853583644","Contact","","0.0","false","","false"
"a2H4S0000006vwZUAQ","","SC-000011513","2020-09-11T13:31:39.000Z","0054S000000Ms6RQAS","2021-02-24T20:30:00.000Z","0054S000000Ms6RQAS","","a2F4S0000008nQTUAY","1.01","EO_Mailing_Address_Fields","a2C4S0000008bFDUAY","","","","42830192883115546","Contact","","0.0","false","","false"
"a2H4S0000006vweUAA","","SC-000011514","2020-09-11T13:32:46.000Z","0054S000000Ms6RQAS","2021-05-12T13:45:17.000Z","0054S000000Ms6RQAS","","a2F4S0000008nQIUAY","1.01","EO_Details_Fieldset","a2C4S0000008bFIUAY","","","","42556720462134542","Contact","","0.0","false","","false"
"a2H4S0000006vx3UAA","","SC-000011516","2020-09-16T15:34:01.000Z","0054S000000Ms6RQAS","2020-09-16T15:37:50.000Z","0054S000000Ms6RQAS","","a2F4S0000008nbWUAQ","1.01","nportal_small_business_test","","","","","694364937523843596051","LLC_BI__Loan__c","","","false","","false"
"a2H4S0000006vx8UAA","","SC-000011517","2020-09-16T18:18:59.000Z","0054S000000Ms6RQAS","2021-01-14T22:00:06.000Z","0054S000000Ms6RQAS","","a2F4S0000008nYhUAI","1.01","ODAO_Beneficial_Ownership_Collection","a2C4S0000008bFhUAI","","","","42320438767688820","Beneficial_Owner__c","","0.0","false","","false"
"a2H4S0000006vxSUAQ","","SC-000011518","2020-09-21T20:14:23.000Z","0054S000000Ms6RQAS","2020-09-21T20:14:23.000Z","0054S000000Ms6RQAS","","a2F4S0000008nm7UAA","0.0","nRetail__Applicant_Schedule","","","","Applicants","42208973626652198","LLC_BI__Legal_Entities__c","","","false","","false"
"a2H4S0000006vxTUAQ","","SC-000011519","2020-09-21T20:14:23.000Z","0054S000000Ms6RQAS","2020-09-21T20:14:23.000Z","0054S000000Ms6RQAS","","a2F4S0000008nm8UAA","0.0","nRetail__Application_Details","","","","Application Details","42288626543463356","LLC_BI__Loan__c","","","false","","false"
"a2H4S0000006vxUUAQ","","SC-000011520","2020-09-21T20:14:23.000Z","0054S000000Ms6RQAS","2020-09-21T20:14:23.000Z","0054S000000Ms6RQAS","","a2F4S0000008nm9UAA","0.0","nRetail__Applicant_Details","","","","Employer Info","42260642504417889","Contact","","","false","","false"
"a2H4S0000006vxVUAQ","","SC-000011521","2020-09-21T20:14:23.000Z","0054S000000Ms6RQAS","2020-09-21T20:14:23.000Z","0054S000000Ms6RQAS","","a2F4S0000008nmAUAQ","0.0","nRETAIL_Current_Address","","","","Address","42013920633087722","Contact","","","false","","false"
"a2H4S0000006vxWUAQ","","SC-000011522","2020-09-21T20:14:23.000Z","0054S000000Ms6RQAS","2020-09-21T20:14:23.000Z","0054S000000Ms6RQAS","","a2F4S0000008nmBUAQ","0.0","","","","","Previous Address","42619156189543694","Contact","","","false","","false"
"a2H4S0000006vxXUAQ","","SC-000011523","2020-09-21T20:14:23.000Z","0054S000000Ms6RQAS","2020-09-21T20:14:38.000Z","0054S000000Ms6RQAS","","a2F4S0000008nmBUAQ","10.0","nRETAIL__Other_Address","","a2H4S0000006vxWUAQ","LLC_BI__Addresses__r","","42663633739131652","LLC_BI__Address__c","","","false","","false"
"a2H4S0000006vxYUAQ","","SC-000011524","2020-09-21T20:14:23.000Z","0054S000000Ms6RQAS","2020-09-21T20:14:23.000Z","0054S000000Ms6RQAS","","a2F4S0000008nmCUAQ","0.0","nRetail__Marital_Status_And_Dependents","","","","Marital Status & Dependents","42650558863412392","Contact","","","false","","false"
"a2H4S0000006vxZUAQ","","SC-000011525","2020-09-21T20:14:23.000Z","0054S000000Ms6RQAS","2020-09-21T20:14:23.000Z","0054S000000Ms6RQAS","","a2F4S0000008nmDUAQ","0.0","LLC_BI__UI_Collateral_Summary","","","","Collateral Summary","42616897848999049","LLC_BI__Loan__c","","","false","","false"
"a2H4S0000006vxaUAA","","SC-000011526","2020-09-21T20:14:23.000Z","0054S000000Ms6RQAS","2020-09-21T20:14:23.000Z","0054S000000Ms6RQAS","","a2F4S0000008nmEUAQ","0.0","LLC_BI__UI_Collateral_Record_Schedule","","","","UI Collateral Record Schedule","42762564255262318","LLC_BI__Loan_Collateral2__c","","","false","","false"
"a2H4S0000006vxbUAA","","SC-000011527","2020-09-21T20:14:23.000Z","0054S000000Ms6RQAS","2020-09-21T20:14:23.000Z","0054S000000Ms6RQAS","","a2F4S0000008nmFUAQ","0.0","LLC_BI__UI_Related_Collateral_Pledge_Schedule","","","","UI Related Pledged Collateral Schedule","42268329004995665","LLC_BI__Loan_Collateral2__c","","","false","","false"
"a2H4S0000006vxcUAA","","SC-000011528","2020-09-21T20:14:23.000Z","0054S000000Ms6RQAS","2020-09-21T20:14:23.000Z","0054S000000Ms6RQAS","","a2F4S0000008nmGUAQ","0.0","Manage_Fees_Enhanced","","","","Enhanced Fees Management","42007423979700283","LLC_BI__Loan__c","","","false","","false"
"a2H4S0000006vxdUAA","","SC-000011529","2020-09-21T20:14:23.000Z","0054S000000Ms6RQAS","2020-09-21T20:14:38.000Z","0054S000000Ms6RQAS","","a2F4S0000008nmGUAQ","10.0","LLC_BI__Manage_Fees_List_Enhanced","","a2H4S0000006vxcUAA","LLC_BI__Fees__r","","42743595770759328","LLC_BI__Fee__c","","","false","","false"
"a2H4S0000006vxeUAA","","SC-000011530","2020-09-21T20:14:23.000Z","0054S000000Ms6RQAS","2020-09-21T20:14:23.000Z","0054S000000Ms6RQAS","","a2F4S0000008nmHUAQ","0.0","LLC_BI__Add_Non_Standard_Fee","","","","Add Non Standard Fee","42381788912047480","LLC_BI__Fee__c","","","false","","false"
"a2H4S0000006vxfUAA","","SC-000011531","2020-09-21T20:14:23.000Z","0054S000000Ms6RQAS","2020-09-21T20:14:23.000Z","0054S000000Ms6RQAS","","a2F4S0000008nmIUAQ","0.0","LLC_BI__Enhanced_Fee_Loan_Aggregate_Summary","","","","","42051586902614480","LLC_BI__Fee_Loan_Aggregate__c","","","false","","false"
"a2H4S0000006vxgUAA","","SC-000011532","2020-09-21T20:14:23.000Z","0054S000000Ms6RQAS","2020-09-21T20:14:23.000Z","0054S000000Ms6RQAS","","a2F4S0000008nmJUAQ","0.0","","","","","Third Party Management","42409414002976439","LLC_BI__Loan__c","","","false","","false"
"a2H4S0000006vxhUAA","","SC-000011533","2020-09-21T20:14:23.000Z","0054S000000Ms6RQAS","2020-09-21T20:14:38.000Z","0054S000000Ms6RQAS","","a2F4S0000008nmJUAQ","10.0","nRetail__Third_Party_Related_List","","a2H4S0000006vxgUAA","LLC_BI__Service_Mgmt__r","","42994405229344092","LLC_BI__Service_Mgmt__c","","","false","","false"
"a2H4S0000006vxiUAA","","SC-000011534","2020-09-21T20:14:23.000Z","0054S000000Ms6RQAS","2020-09-21T20:14:23.000Z","0054S000000Ms6RQAS","","a2F4S0000008nmKUAQ","0.0","LLC_BI__Debt_Schedule","","","","Debt Schedule","42703011229077073","LLC_BI__Debt__c","","","false","","false"
"a2H4S0000006vxjUAA","","SC-000011535","2020-09-21T20:14:23.000Z","0054S000000Ms6RQAS","2020-09-21T20:14:23.000Z","0054S000000Ms6RQAS","","a2F4S0000008nmLUAQ","0.0","nRetail__Asset_Schedule","","","","Asset Schedule","42595277732285070","nRetail__Asset__c","","","false","","false"
"a2H4S0000006vxkUAA","","SC-000011536","2020-09-21T20:14:23.000Z","0054S000000Ms6RQAS","2020-09-21T20:14:23.000Z","0054S000000Ms6RQAS","","a2F4S0000008nmMUAQ","0.0","LLC_BI__Income_Schedule","","","","Income Schedule","42203119753852077","LLC_BI__Income__c","","","false","","false"
"a2H4S0000006vxlUAA","","SC-000011537","2020-09-21T20:14:23.000Z","0054S000000Ms6RQAS","2020-09-21T20:14:23.000Z","0054S000000Ms6RQAS","","a2F4S0000008nmNUAQ","0.0","LLC_BI__Add_Debt","","","","Add Debt","42653594714839017","LLC_BI__Debt__c","","","false","","false"
"a2H4S0000006vxmUAA","","SC-000011538","2020-09-21T20:14:23.000Z","0054S000000Ms6RQAS","2020-09-21T20:14:23.000Z","0054S000000Ms6RQAS","","a2F4S0000008nmOUAQ","0.0","nRetail__Add_Asset","","","","Add Asset","42824285994632281","nRetail__Asset__c","","","false","","false"
"a2H4S0000006vxnUAA","","SC-000011539","2020-09-21T20:14:23.000Z","0054S000000Ms6RQAS","2020-09-21T20:14:23.000Z","0054S000000Ms6RQAS","","a2F4S0000008nmPUAQ","0.0","LLC_BI__Add_Income","","","","Add Income","42736283596014701","LLC_BI__Income__c","","","false","","false"
"a2H4S0000006vxoUAA","","SC-000011540","2020-09-21T20:14:23.000Z","0054S000000Ms6RQAS","2020-09-21T20:14:23.000Z","0054S000000Ms6RQAS","","a2F4S0000008nmQUAQ","0.0","nRetail__Underwriting_Overview","","","","Underwriting_Overview","42473774269101786","LLC_BI__Loan__c","","","false","","false"
"a2H4S0000006vxpUAA","","SC-000011541","2020-09-21T20:14:23.000Z","0054S000000Ms6RQAS","2020-09-21T20:14:23.000Z","0054S000000Ms6RQAS","","a2F4S0000008nmRUAQ","0.0","nRetail__Decision_Overview","","","","Decision_Overview","42192396286847142","LLC_BI__Loan__c","","","false","","false"
"a2H4S0000006vxqUAA","","SC-000011542","2020-09-21T20:14:23.000Z","0054S000000Ms6RQAS","2020-09-21T20:14:23.000Z","0054S000000Ms6RQAS","","a2F4S0000008nmSUAQ","0.0","","","","","HMDA","42460646431885954","LLC_BI__Loan__c","","","false","","false"
"a2H4S0000006vxrUAA","","SC-000011543","2020-09-21T20:14:23.000Z","0054S000000Ms6RQAS","2020-09-21T20:14:38.000Z","0054S000000Ms6RQAS","","a2F4S0000008nmSUAQ","10.0","LLC_BI__UI_HMDA_Demographic_Questions","","a2H4S0000006vxqUAA","LLC_BI__Legal_Entities__r","","42355834387442411","LLC_BI__Legal_Entities__c","","","false","","false"
"a2H4S0000006vxsUAA","","SC-000011544","2020-09-21T20:31:08.000Z","0054S000000Ms6RQAS","2020-09-21T20:31:08.000Z","0054S000000Ms6RQAS","","a2F4S0000008nmTUAQ","0.0","nRetail__Applicant_Schedule","","","","Applicants","33621600720268225","LLC_BI__Legal_Entities__c","","","false","","false"
"a2H4S0000006vxtUAA","","SC-000011545","2020-09-21T20:31:08.000Z","0054S000000Ms6RQAS","2020-09-21T20:31:08.000Z","0054S000000Ms6RQAS","","a2F4S0000008nmUUAQ","0.0","nRetail__Application_Details","","","","Application Details","64151600720268226","LLC_BI__Loan__c","","","false","","false"
"a2H4S0000006vxuUAA","","SC-000011546","2020-09-21T20:31:08.000Z","0054S000000Ms6RQAS","2021-01-14T20:38:24.000Z","0054S000000Ms6RQAS","","a2F4S0000008nmVUAQ","0.0","IBCL_Applicant_Details","a2C4S0000008bHJUAY","","","Employer Info","90661600720268226","Contact","","0.0","false","","false"
"a2H4S0000006vxwUAA","","SC-000011548","2020-09-21T20:31:08.000Z","0054S000000Ms6RQAS","2020-09-21T20:31:08.000Z","0054S000000Ms6RQAS","","a2F4S0000008nmXUAQ","0.0","","","","","Previous Address","74001600720268226","Contact","","","false","","false"
"a2H4S0000006vxxUAA","","SC-000011549","2020-09-21T20:31:08.000Z","0054S000000Ms6RQAS","2020-09-21T20:31:08.000Z","0054S000000Ms6RQAS","","a2F4S0000008nmXUAQ","10.0","nRETAIL__Other_Address","","a2H4S0000006vxwUAA","LLC_BI__Addresses__r","","46961600720268227","LLC_BI__Address__c","","","false","","false"
"a2H4S0000006vxzUAA","","SC-000011551","2020-09-21T20:31:08.000Z","0054S000000Ms6RQAS","2020-09-21T20:31:08.000Z","0054S000000Ms6RQAS","","a2F4S0000008nmZUAQ","0.0","LLC_BI__UI_Collateral_Summary","","","","Collateral Summary","43951600720268227","LLC_BI__Loan__c","","","false","","false"
"a2H4S0000006vy0UAA","","SC-000011552","2020-09-21T20:31:08.000Z","0054S000000Ms6RQAS","2020-09-21T20:31:08.000Z","0054S000000Ms6RQAS","","a2F4S0000008nmaUAA","0.0","LLC_BI__UI_Collateral_Record_Schedule","","","","UI Collateral Record Schedule","54991600720268227","LLC_BI__Loan_Collateral2__c","","","false","","false"
"a2H4S0000006vy1UAA","","SC-000011553","2020-09-21T20:31:08.000Z","0054S000000Ms6RQAS","2020-09-21T20:31:08.000Z","0054S000000Ms6RQAS","","a2F4S0000008nmbUAA","0.0","LLC_BI__UI_Related_Collateral_Pledge_Schedule","","","","UI Related Pledged Collateral Schedule","70541600720268228","LLC_BI__Loan_Collateral2__c","","","false","","false"
"a2H4S0000006vy2UAA","","SC-000011554","2020-09-21T20:31:08.000Z","0054S000000Ms6RQAS","2020-09-21T20:31:08.000Z","0054S000000Ms6RQAS","","a2F4S0000008nmcUAA","0.0","Manage_Fees_Enhanced","","","","Enhanced Fees Management","68391600720268228","LLC_BI__Loan__c","","","false","","false"
"a2H4S0000006vy3UAA","","SC-000011555","2020-09-21T20:31:08.000Z","0054S000000Ms6RQAS","2020-09-21T20:31:08.000Z","0054S000000Ms6RQAS","","a2F4S0000008nmcUAA","10.0","LLC_BI__Manage_Fees_List_Enhanced","","a2H4S0000006vy2UAA","LLC_BI__Fees__r","","29071600720268228","LLC_BI__Fee__c","","","false","","false"
"a2H4S0000006vy4UAA","","SC-000011556","2020-09-21T20:31:08.000Z","0054S000000Ms6RQAS","2020-09-21T20:31:08.000Z","0054S000000Ms6RQAS","","a2F4S0000008nmdUAA","0.0","LLC_BI__Add_Non_Standard_Fee","","","","Add Non Standard Fee","60171600720268228","LLC_BI__Fee__c","","","false","","false"
"a2H4S0000006vy5UAA","","SC-000011557","2020-09-21T20:31:08.000Z","0054S000000Ms6RQAS","2020-09-21T20:31:08.000Z","0054S000000Ms6RQAS","","a2F4S0000008nmeUAA","0.0","LLC_BI__Enhanced_Fee_Loan_Aggregate_Summary","","","","","50951600720268229","LLC_BI__Fee_Loan_Aggregate__c","","","false","","false"
"a2H4S0000006vy6UAA","","SC-000011558","2020-09-21T20:31:08.000Z","0054S000000Ms6RQAS","2020-09-21T20:31:08.000Z","0054S000000Ms6RQAS","","a2F4S0000008nmfUAA","0.0","","","","","Third Party Management","29021600720268229","LLC_BI__Loan__c","","","false","","false"
"a2H4S0000006vy7UAA","","SC-000011559","2020-09-21T20:31:08.000Z","0054S000000Ms6RQAS","2020-09-21T20:31:08.000Z","0054S000000Ms6RQAS","","a2F4S0000008nmfUAA","10.0","nRetail__Third_Party_Related_List","","a2H4S0000006vy6UAA","LLC_BI__Service_Mgmt__r","","91231600720268229","LLC_BI__Service_Mgmt__c","","","false","","false"
"a2H4S0000006vy8UAA","","SC-000011560","2020-09-21T20:31:08.000Z","0054S000000Ms6RQAS","2021-01-14T21:50:46.000Z","0054S000000Ms6RQAS","","a2F4S0000008nmgUAA","0.0","IBCL_Debt_Schedule","","","","Debt Schedule","49501600720268229","LLC_BI__Debt__c","","","false","","false"
"a2H4S0000006vy9UAA","","SC-000011561","2020-09-21T20:31:08.000Z","0054S000000Ms6RQAS","2020-09-21T20:31:08.000Z","0054S000000Ms6RQAS","","a2F4S0000008nmhUAA","0.0","nRetail__Asset_Schedule","","","","Asset Schedule","91001600720268230","nRetail__Asset__c","","","false","","false"
"a2H4S0000006vyAUAQ","","SC-000011562","2020-09-21T20:31:08.000Z","0054S000000Ms6RQAS","2020-09-21T20:31:08.000Z","0054S000000Ms6RQAS","","a2F4S0000008nmiUAA","0.0","LLC_BI__Income_Schedule","","","","Income Schedule","88471600720268230","LLC_BI__Income__c","","","false","","false"
"a2H4S0000006vyBUAQ","","SC-000011563","2020-09-21T20:31:08.000Z","0054S000000Ms6RQAS","2021-01-14T21:51:34.000Z","0054S000000Ms6RQAS","","a2F4S0000008nmjUAA","0.0","IBCL_Add_Debt","","","","Add Debt","19421600720268230","LLC_BI__Debt__c","","","false","","false"
"a2H4S0000006vyCUAQ","","SC-000011564","2020-09-21T20:31:08.000Z","0054S000000Ms6RQAS","2020-09-21T20:31:08.000Z","0054S000000Ms6RQAS","","a2F4S0000008nmkUAA","0.0","nRetail__Add_Asset","","","","Add Asset","62601600720268231","nRetail__Asset__c","","","false","","false"
"a2H4S0000006vyDUAQ","","SC-000011565","2020-09-21T20:31:08.000Z","0054S000000Ms6RQAS","2020-09-21T20:31:08.000Z","0054S000000Ms6RQAS","","a2F4S0000008nmlUAA","0.0","LLC_BI__Add_Income","","","","Add Income","06621600720268231","LLC_BI__Income__c","","","false","","false"
"a2H4S0000006vyEUAQ","","SC-000011566","2020-09-21T20:31:08.000Z","0054S000000Ms6RQAS","2020-09-21T20:31:08.000Z","0054S000000Ms6RQAS","","a2F4S0000008nmmUAA","0.0","nRetail__Underwriting_Overview","","","","Underwriting_Overview","68891600720268231","LLC_BI__Loan__c","","","false","","false"
"a2H4S0000006vyFUAQ","","SC-000011567","2020-09-21T20:31:08.000Z","0054S000000Ms6RQAS","2020-09-21T20:31:08.000Z","0054S000000Ms6RQAS","","a2F4S0000008nmnUAA","0.0","nRetail__Decision_Overview","","","","Decision_Overview","03711600720268232","LLC_BI__Loan__c","","","false","","false"
"a2H4S0000006vyGUAQ","","SC-000011568","2020-09-21T20:31:08.000Z","0054S000000Ms6RQAS","2020-09-21T20:31:08.000Z","0054S000000Ms6RQAS","","a2F4S0000008nmoUAA","0.0","","","","","HMDA","14911600720268232","LLC_BI__Loan__c","","","false","","false"
"a2H4S0000006vyHUAQ","","SC-000011569","2020-09-21T20:31:08.000Z","0054S000000Ms6RQAS","2020-09-21T20:31:08.000Z","0054S000000Ms6RQAS","","a2F4S0000008nmoUAA","10.0","LLC_BI__UI_HMDA_Demographic_Questions","","a2H4S0000006vyGUAQ","LLC_BI__Legal_Entities__r","","61541600720268232","LLC_BI__Legal_Entities__c","","","false","","false"
"a2H4S0000006vyIUAQ","","SC-000011570","2020-09-21T20:32:21.000Z","0054S000000Ms6RQAS","2020-09-21T20:32:22.000Z","0054S000000Ms6RQAS","","a2F4S0000008nmpUAA","0.0","nRetail__Applicant_Schedule","","","","Applicants","40741600720341869","LLC_BI__Legal_Entities__c","","","false","","false"
"a2H4S0000006vyJUAQ","","SC-000011571","2020-09-21T20:32:21.000Z","0054S000000Ms6RQAS","2020-09-21T20:32:22.000Z","0054S000000Ms6RQAS","","a2F4S0000008nmqUAA","0.0","nRetail__Application_Details","","","","Application Details","10421600720341869","LLC_BI__Loan__c","","","false","","false"
"a2H4S0000006vyKUAQ","","SC-000011572","2020-09-21T20:32:21.000Z","0054S000000Ms6RQAS","2020-09-21T20:32:22.000Z","0054S000000Ms6RQAS","","a2F4S0000008nmrUAA","0.0","nRetail__Applicant_Details","","","","Employer Info","56561600720341869","Contact","","","false","","false"
"a2H4S0000006vyLUAQ","","SC-000011573","2020-09-21T20:32:21.000Z","0054S000000Ms6RQAS","2020-09-21T20:32:22.000Z","0054S000000Ms6RQAS","","a2F4S0000008nmsUAA","0.0","nRETAIL_Current_Address","","","","Address","38351600720341870","Contact","","","false","","false"
"a2H4S0000006vyMUAQ","","SC-000011574","2020-09-21T20:32:21.000Z","0054S000000Ms6RQAS","2020-09-21T20:32:22.000Z","0054S000000Ms6RQAS","","a2F4S0000008nmtUAA","0.0","","","","","Previous Address","11101600720341870","Contact","","","false","","false"
"a2H4S0000006vyNUAQ","","SC-000011575","2020-09-21T20:32:21.000Z","0054S000000Ms6RQAS","2020-09-21T20:32:22.000Z","0054S000000Ms6RQAS","","a2F4S0000008nmtUAA","10.0","nRETAIL__Other_Address","","a2H4S0000006vyMUAQ","LLC_BI__Addresses__r","","23961600720341870","LLC_BI__Address__c","","","false","","false"
"a2H4S0000006vyOUAQ","","SC-000011576","2020-09-21T20:32:21.000Z","0054S000000Ms6RQAS","2020-09-21T20:32:22.000Z","0054S000000Ms6RQAS","","a2F4S0000008nmuUAA","0.0","nRetail__Marital_Status_And_Dependents","","","","Marital Status & Dependents","25761600720341871","Contact","","","false","","false"
"a2H4S0000006vyPUAQ","","SC-000011577","2020-09-21T20:32:21.000Z","0054S000000Ms6RQAS","2020-09-21T20:32:22.000Z","0054S000000Ms6RQAS","","a2F4S0000008nmvUAA","0.0","LLC_BI__UI_Collateral_Summary","","","","Collateral Summary","82181600720341871","LLC_BI__Loan__c","","","false","","false"
"a2H4S0000006vyQUAQ","","SC-000011578","2020-09-21T20:32:21.000Z","0054S000000Ms6RQAS","2020-09-21T20:32:22.000Z","0054S000000Ms6RQAS","","a2F4S0000008nmwUAA","0.0","LLC_BI__UI_Collateral_Record_Schedule","","","","UI Collateral Record Schedule","03891600720341872","LLC_BI__Loan_Collateral2__c","","","false","","false"
"a2H4S0000006vyRUAQ","","SC-000011579","2020-09-21T20:32:21.000Z","0054S000000Ms6RQAS","2020-09-21T20:32:22.000Z","0054S000000Ms6RQAS","","a2F4S0000008nmxUAA","0.0","LLC_BI__UI_Related_Collateral_Pledge_Schedule","","","","UI Related Pledged Collateral Schedule","98391600720341872","LLC_BI__Loan_Collateral2__c","","","false","","false"
"a2H4S0000006vySUAQ","","SC-000011580","2020-09-21T20:32:21.000Z","0054S000000Ms6RQAS","2020-09-21T20:32:22.000Z","0054S000000Ms6RQAS","","a2F4S0000008nmyUAA","0.0","Manage_Fees_Enhanced","","","","Enhanced Fees Management","46801600720341872","LLC_BI__Loan__c","","","false","","false"
"a2H4S0000006vyTUAQ","","SC-000011581","2020-09-21T20:32:21.000Z","0054S000000Ms6RQAS","2020-09-21T20:32:22.000Z","0054S000000Ms6RQAS","","a2F4S0000008nmyUAA","10.0","LLC_BI__Manage_Fees_List_Enhanced","","a2H4S0000006vySUAQ","LLC_BI__Fees__r","","74951600720341873","LLC_BI__Fee__c","","","false","","false"
"a2H4S0000006vyUUAQ","","SC-000011582","2020-09-21T20:32:21.000Z","0054S000000Ms6RQAS","2020-09-21T20:32:22.000Z","0054S000000Ms6RQAS","","a2F4S0000008nmzUAA","0.0","LLC_BI__Add_Non_Standard_Fee","","","","Add Non Standard Fee","60471600720341873","LLC_BI__Fee__c","","","false","","false"
"a2H4S0000006vyVUAQ","","SC-000011583","2020-09-21T20:32:21.000Z","0054S000000Ms6RQAS","2020-09-21T20:32:22.000Z","0054S000000Ms6RQAS","","a2F4S0000008nn0UAA","0.0","LLC_BI__Enhanced_Fee_Loan_Aggregate_Summary","","","","","70681600720341874","LLC_BI__Fee_Loan_Aggregate__c","","","false","","false"
"a2H4S0000006vyWUAQ","","SC-000011584","2020-09-21T20:32:21.000Z","0054S000000Ms6RQAS","2020-09-21T20:32:22.000Z","0054S000000Ms6RQAS","","a2F4S0000008nn1UAA","0.0","","","","","Third Party Management","69861600720341874","LLC_BI__Loan__c","","","false","","false"
"a2H4S0000006vyXUAQ","","SC-000011585","2020-09-21T20:32:21.000Z","0054S000000Ms6RQAS","2020-09-21T20:32:22.000Z","0054S000000Ms6RQAS","","a2F4S0000008nn1UAA","10.0","nRetail__Third_Party_Related_List","","a2H4S0000006vyWUAQ","LLC_BI__Service_Mgmt__r","","63841600720341874","LLC_BI__Service_Mgmt__c","","","false","","false"
"a2H4S0000006vyYUAQ","","SC-000011586","2020-09-21T20:32:21.000Z","0054S000000Ms6RQAS","2020-09-21T20:32:22.000Z","0054S000000Ms6RQAS","","a2F4S0000008nn2UAA","0.0","LLC_BI__Debt_Schedule","","","","Debt Schedule","23521600720341874","LLC_BI__Debt__c","","","false","","false"
"a2H4S0000006vyZUAQ","","SC-000011587","2020-09-21T20:32:21.000Z","0054S000000Ms6RQAS","2020-09-21T20:32:22.000Z","0054S000000Ms6RQAS","","a2F4S0000008nn3UAA","0.0","nRetail__Asset_Schedule","","","","Asset Schedule","04771600720341875","nRetail__Asset__c","","","false","","false"
"a2H4S0000006vyaUAA","","SC-000011588","2020-09-21T20:32:21.000Z","0054S000000Ms6RQAS","2020-09-21T20:32:22.000Z","0054S000000Ms6RQAS","","a2F4S0000008nn4UAA","0.0","LLC_BI__Income_Schedule","","","","Income Schedule","00331600720341875","LLC_BI__Income__c","","","false","","false"
"a2H4S0000006vybUAA","","SC-000011589","2020-09-21T20:32:21.000Z","0054S000000Ms6RQAS","2020-09-21T20:32:22.000Z","0054S000000Ms6RQAS","","a2F4S0000008nn5UAA","0.0","LLC_BI__Add_Debt","","","","Add Debt","82041600720341875","LLC_BI__Debt__c","","","false","","false"
"a2H4S0000006vycUAA","","SC-000011590","2020-09-21T20:32:21.000Z","0054S000000Ms6RQAS","2020-09-21T20:32:22.000Z","0054S000000Ms6RQAS","","a2F4S0000008nn6UAA","0.0","nRetail__Add_Asset","","","","Add Asset","40971600720341876","nRetail__Asset__c","","","false","","false"
"a2H4S0000006vydUAA","","SC-000011591","2020-09-21T20:32:21.000Z","0054S000000Ms6RQAS","2020-09-21T20:32:22.000Z","0054S000000Ms6RQAS","","a2F4S0000008nn7UAA","0.0","LLC_BI__Add_Income","","","","Add Income","90601600720341876","LLC_BI__Income__c","","","false","","false"
"a2H4S0000006vyeUAA","","SC-000011592","2020-09-21T20:32:21.000Z","0054S000000Ms6RQAS","2020-09-21T20:32:22.000Z","0054S000000Ms6RQAS","","a2F4S0000008nn8UAA","0.0","nRetail__Underwriting_Overview","","","","Underwriting_Overview","60911600720341876","LLC_BI__Loan__c","","","false","","false"
"a2H4S0000006vyfUAA","","SC-000011593","2020-09-21T20:32:21.000Z","0054S000000Ms6RQAS","2020-09-21T20:32:22.000Z","0054S000000Ms6RQAS","","a2F4S0000008nn9UAA","0.0","nRetail__Decision_Overview","","","","Decision_Overview","50831600720341876","LLC_BI__Loan__c","","","false","","false"
"a2H4S0000006vygUAA","","SC-000011594","2020-09-21T20:32:21.000Z","0054S000000Ms6RQAS","2020-09-21T20:32:22.000Z","0054S000000Ms6RQAS","","a2F4S0000008nnAUAQ","0.0","","","","","HMDA","01041600720341877","LLC_BI__Loan__c","","","false","","false"
"a2H4S0000006vyhUAA","","SC-000011595","2020-09-21T20:32:21.000Z","0054S000000Ms6RQAS","2020-09-21T20:32:22.000Z","0054S000000Ms6RQAS","","a2F4S0000008nnAUAQ","10.0","LLC_BI__UI_HMDA_Demographic_Questions","","a2H4S0000006vygUAA","LLC_BI__Legal_Entities__r","","31801600720341877","LLC_BI__Legal_Entities__c","","","false","","false"
"a2H4S0000006vyiUAA","","SC-000011596","2020-09-22T17:34:39.000Z","0054S000000Ms6RQAS","2020-09-22T17:34:39.000Z","0054S000000Ms6RQAS","","a2F4S0000008npqUAA","1.01","LLC_BI__UI_Relationship_Detail","a2C4S0000008bGBUAY","","","","42262546952874365","Account","","0.0","false","","false"
"a2H4S0000006vyxUAA","","SC-000011598","2020-09-24T12:44:21.000Z","0054S000000Ms6RQAS","2020-09-24T12:44:54.000Z","0054S000000Ms6RQAS","","a2F4S0000008nv5UAA","1.01","","a2C4S0000008bGLUAY","","","","42255205786634002","LLC_BI__Loan__c","","0.0","false","","false"
"a2H4S0000006vyyUAA","","SC-000011599","2020-09-24T12:44:21.000Z","0054S000000Ms6RQAS","2021-01-14T21:51:50.000Z","0054S000000Ms6RQAS","","a2F4S0000008nv5UAA","2.02","IBCL_Credit_Auth_Joint_Intent","a2C4S0000008bGMUAY","a2H4S0000006vyxUAA","LLC_BI__Legal_Entities__r","","42496088337811532","LLC_BI__Legal_Entities__c","","0.0","false","","false"
"a2H4S00000056VFUAY","","SC-000010793","2020-06-02T17:59:20.000Z","0054S000000Ms6RQAS","2020-06-02T17:59:20.000Z","0054S000000Ms6RQAS","","a2F4S0000008dT0UAI","1.01","LLC_BI__Total_Exposure_Summary","","","","Total Exposure Summary","42411132000495711","Account","","","false","","false"
"a2H4S00000056VGUAY","","SC-000010794","2020-06-02T17:59:20.000Z","0054S000000Ms6RQAS","2020-06-02T17:59:20.000Z","0054S000000Ms6RQAS","","a2F4S0000008dT1UAI","1.01","LLC_BI__Add_Debt_Account","","","","Add Debt","42695800345602455","LLC_BI__Debt__c","","","false","","false"
"a2H4S00000056VHUAY","","SC-000010795","2020-06-02T17:59:20.000Z","0054S000000Ms6RQAS","2020-06-02T17:59:20.000Z","0054S000000Ms6RQAS","","a2F4S0000008dT2UAI","1.01","LLC_BI__Exposure_Exclusion_Enable","","","","Exposure Exclusion Enable","42225363846210776","LLC_BI__Excluded_Exposure__c","","","false","","false"
"a2H4S00000056VIUAY","","SC-000010796","2020-06-02T17:59:20.000Z","0054S000000Ms6RQAS","2020-06-02T17:59:20.000Z","0054S000000Ms6RQAS","","a2F4S0000008dT3UAI","1.01","LLC_BI__Exposure_Exclusion_Disable","","","","Exposure Exclusion Disable","42980500176206287","LLC_BI__Excluded_Exposure__c","","","false","","false"
"a2H4S00000056VJUAY","","SC-000010797","2020-06-02T17:59:20.000Z","0054S000000Ms6RQAS","2020-06-02T17:59:20.000Z","0054S000000Ms6RQAS","","a2F4S0000008dT4UAI","1.01","LLC_BI__TE_Expand_Loan_Relationship","","","","Expand Loan Relationship","42350560034747520","LLC_BI__Legal_Entities__c","","","false","","false"
"a2H4S00000056VKUAY","","SC-000010798","2020-06-02T17:59:20.000Z","0054S000000Ms6RQAS","2020-06-02T17:59:20.000Z","0054S000000Ms6RQAS","","a2F4S0000008dT5UAI","1.01","LLC_BI__TE_Expand_Debt_Relationship","","","","Expand Debt Relationship","42483370935760005","LLC_BI__Debt__c","","","false","","false"
"a2H4S00000056VLUAY","","SC-000010799","2020-06-02T17:59:20.000Z","0054S000000Ms6RQAS","2020-06-02T17:59:20.000Z","0054S000000Ms6RQAS","","a2F4S0000008dT6UAI","0.0","LLC_BI__Participation_Details","","","","Participation","42875483320134588","LLC_BI__Loan__c","","","false","","false"
"a2H4S00000056VMUAY","","SC-000010800","2020-06-02T17:59:20.000Z","0054S000000Ms6RQAS","2020-06-02T17:59:20.000Z","0054S000000Ms6RQAS","","a2F4S0000008dT7UAI","1.0","","","","","participation records","42248654960292349","LLC_BI__Loan__c","","","false","","false"
"a2H4S00000056VNUAY","","SC-000010801","2020-06-02T17:59:20.000Z","0054S000000Ms6RQAS","2020-06-02T17:59:20.000Z","0054S000000Ms6RQAS","","a2F4S0000008dT7UAI","2.0","LLC_BI__Syndication_Summary","","a2H4S00000056VMUAY","LLC_BI__Participations__r","participation records","42161375412178302","LLC_BI__Participation__c","","","false","","false"
"a2H4S00000056VOUAY","","SC-000010802","2020-06-02T17:59:20.000Z","0054S000000Ms6RQAS","2020-06-02T17:59:20.000Z","0054S000000Ms6RQAS","","a2F4S0000008dT8UAI","1.01","","","","","","42831641095629025","Account","","","false","","false"
"a2H4S00000056VPUAY","","SC-000010803","2020-06-02T17:59:20.000Z","0054S000000Ms6RQAS","2020-06-02T17:59:20.000Z","0054S000000Ms6RQAS","","a2F4S0000008dT9UAI","1.01","LLC_BI__Counterparty_Report","a2C4S0000008ScjUAE","","","","42411553691887474","Account","","","false","","false"
"a2H4S00000056VQUAY","","SC-000010804","2020-06-02T17:59:20.000Z","0054S000000Ms6RQAS","2020-06-02T17:59:20.000Z","0054S000000Ms6RQAS","","a2F4S0000008dT8UAI","2.01","LLC_BI__Counterparty_Report","a2C4S0000008SckUAE","a2H4S00000056VOUAY","LLC_BI__Participations__r","","42845232116596240","LLC_BI__Participation__c","","","false","","false"
"a2H4S00000056VRUAY","","SC-000010805","2020-06-02T17:59:20.000Z","0054S000000Ms6RQAS","2020-06-02T17:59:20.000Z","0054S000000Ms6RQAS","","a2F4S0000008dTAUAY","1.01","","","","","Authorized Users","42986561608726731","LLC_BI__Treasury_Service__c","","","false","","false"
"a2H4S00000056VSUAY","","SC-000010806","2020-06-02T17:59:20.000Z","0054S000000Ms6RQAS","2020-06-02T17:59:20.000Z","0054S000000Ms6RQAS","","a2F4S0000008dTBUAY","1.01","","","","","Analyzed Accounts","42620667981027620","LLC_BI__Treasury_Service__c","","","false","","false"
"a2H4S00000056VTUAY","","SC-000010807","2020-06-02T17:59:20.000Z","0054S000000Ms6RQAS","2020-06-02T17:59:20.000Z","0054S000000Ms6RQAS","","a2F4S0000008dTCUAY","1.01","LLC_BI__Maintenance_Request_Orders","","","","Add to Maintenance Order","42312239507365065","LLC_BI__Requirement__c","","","false","","false"
"a2H4S00000056VUUAY","","SC-000010808","2020-06-02T17:59:20.000Z","0054S000000Ms6RQAS","2020-06-02T17:59:20.000Z","0054S000000Ms6RQAS","","a2F4S0000008dTDUAY","1.01","LLC_BI__Treasury_Maintenance_Add_Authorized_User","","","","Add Authorized User","42040565851246247","LLC_BI__Authorized_User__c","","","false","","false"
"a2H4S00000056VVUAY","","SC-000010809","2020-06-02T17:59:20.000Z","0054S000000Ms6RQAS","2020-06-02T17:59:20.000Z","0054S000000Ms6RQAS","","a2F4S0000008dTEUAY","1.01","LLC_BI__Treasury_Maint_Add_Analyzed_Account","","","","Add Analyzed Account","42344262681556147","LLC_BI__Analyzed_Account__c","","","false","","false"
"a2H4S00000056VWUAY","","SC-000010810","2020-06-02T17:59:20.000Z","0054S000000Ms6RQAS","2020-06-02T17:59:20.000Z","0054S000000Ms6RQAS","","a2F4S0000008dTAUAY","2.01","llc_bi__UI_TSM_Authorized_User_Search","","a2H4S00000056VRUAY","LLC_BI__Authorized_Users__r","Authorized Users","42002235136431324","LLC_BI__Authorized_User__c","","","false","","false"
"a2H4S00000056VXUAY","","SC-000010811","2020-06-02T17:59:20.000Z","0054S000000Ms6RQAS","2020-06-02T17:59:20.000Z","0054S000000Ms6RQAS","","a2F4S0000008dTBUAY","2.01","llc_bi__UI_TSM_Analyzed_Account_Search","","a2H4S00000056VSUAY","LLC_BI__Analyzed_Accounts__r","Analyzed Accounts","42602527793838157","LLC_BI__Analyzed_Account__c","","","false","","false"
"a2H4S00000056VYUAY","","SC-000010812","2020-06-02T17:59:20.000Z","0054S000000Ms6RQAS","2020-06-02T17:59:20.000Z","0054S000000Ms6RQAS","","a2F4S0000008dTFUAY","1.01","LLC_BI__Product_Package_Entity","","","","","42620834113877170","LLC_BI__Legal_Entities__c","","","false","","false"
"a2H4S00000056VZUAY","","SC-000010813","2020-06-02T17:59:20.000Z","0054S000000Ms6RQAS","2020-06-02T17:59:20.000Z","0054S000000Ms6RQAS","","a2F4S0000008dTGUAY","10.0","LLC_BI__Credit_Actions_New_Package_Details","","","","New Product Package","42917051090645740","LLC_BI__Product_Package__c","","","false","","false"
"a2H4S00000056VaUAI","","SC-000010814","2020-06-02T17:59:20.000Z","0054S000000Ms6RQAS","2020-06-02T17:59:20.000Z","0054S000000Ms6RQAS","","a2F4S0000008dTHUAY","0.0","LLC_BI__Total_Exposure_Summary","","","","Total Exposure Summary","42789040673412384","LLC_BI__Product_Package__c","","","false","","false"
"a2H4S00000056VbUAI","","SC-000010815","2020-06-02T17:59:20.000Z","0054S000000Ms6RQAS","2020-06-02T17:59:20.000Z","0054S000000Ms6RQAS","","a2F4S0000008dTIUAY","0.0","LLC_BI__Add_Debt_Product_Package","","","","Add Debt","42709977297497576","LLC_BI__Debt__c","","","false","","false"
"a2H4S00000056VcUAI","","SC-000010816","2020-06-02T17:59:20.000Z","0054S000000Ms6RQAS","2020-06-02T17:59:20.000Z","0054S000000Ms6RQAS","","a2F4S0000008dTJUAY","0.0","LLC_BI__Exposure_Exclusion_Enable","","","","Exposure Exclusion Enable","42081656746664639","LLC_BI__Excluded_Exposure__c","","","false","","false"
"a2H4S00000056VdUAI","","SC-000010817","2020-06-02T17:59:20.000Z","0054S000000Ms6RQAS","2020-06-02T17:59:20.000Z","0054S000000Ms6RQAS","","a2F4S0000008dTKUAY","0.0","LLC_BI__Exposure_Exclusion_Disable","","","","Exposure Exclusion Disable","42779948467061750","LLC_BI__Excluded_Exposure__c","","","false","","false"
"a2H4S00000056VeUAI","","SC-000010818","2020-06-02T17:59:20.000Z","0054S000000Ms6RQAS","2020-06-02T17:59:20.000Z","0054S000000Ms6RQAS","","a2F4S0000008dTLUAY","0.0","LLC_BI__TE_Expand_Loan_Product_Package","","","","Expand Loan Product Package","42799029398046243","LLC_BI__Legal_Entities__c","","","false","","false"
"a2H4S00000056VfUAI","","SC-000010819","2020-06-02T17:59:20.000Z","0054S000000Ms6RQAS","2020-06-02T17:59:20.000Z","0054S000000Ms6RQAS","","a2F4S0000008dTMUAY","0.0","LLC_BI__TE_Expand_Debt_Product_Package","","","","Expand Debt Product Package","42394363323272554","LLC_BI__Debt__c","","","false","","false"
"a2H4S00000056VgUAI","","SC-000010820","2020-06-02T17:59:20.000Z","0054S000000Ms6RQAS","2021-06-03T19:56:16.000Z","0054S000000Ms6RQAS","","a2F4S0000008dTNUAY","1.01","IB_Entity_Involvement_New_Individual_Cm","a2C4S0000008bEZUAY","","","","42109518769088079","Contact","","0.0","false","","false"
"a2H4S00000056VhUAI","","SC-000010821","2020-06-02T17:59:20.000Z","0054S000000Ms6RQAS","2020-06-02T17:59:20.000Z","0054S000000Ms6RQAS","","a2F4S0000008dTOUAY","1.01","LLC_BI__Entity_Involvement_New_Business_Fields","","","","","42739665642791703","Account","","","false","","false"
"a2H4S00000056ViUAI","","SC-000010822","2020-06-02T17:59:20.000Z","0054S000000Ms6RQAS","2020-06-02T17:59:20.000Z","0054S000000Ms6RQAS","","a2F4S0000008dTPUAY","0.0","LLC_BI__Fixed_Rate_Additional_Fields","","","","","42881664039162799","LLC_BI__Pricing_Rate_Component__c","","","false","","false"
"a2H4S00000056VjUAI","","SC-000010823","2020-06-02T17:59:20.000Z","0054S000000Ms6RQAS","2020-06-02T17:59:20.000Z","0054S000000Ms6RQAS","","a2F4S0000008dTQUAY","0.0","LLC_BI__Variable_Rate_Additional_Fields","","","","","42910092753974794","LLC_BI__Pricing_Rate_Component__c","","","false","","false"
"a2H4S00000056VkUAI","","SC-000010824","2020-06-02T17:59:20.000Z","0054S000000Ms6RQAS","2020-06-02T17:59:20.000Z","0054S000000Ms6RQAS","","a2F4S0000008dTRUAY","0.0","LLC_BI__Payment_Component_Extended_Fields","","","","","42990318914701181","LLC_BI__Pricing_Payment_Component__c","","","false","","false"
"a2H4S00000056VlUAI","","SC-000010977","2020-06-02T17:59:20.000Z","0054S000000Ms6RQAS","2020-06-02T17:59:20.000Z","0054S000000Ms6RQAS","","a2F4S0000008dTSUAY","1.01","","a2C4S0000008SclUAE","","","","42210993745057516","LLC_BI__Loan__c","","0.0","false","","false"
"a2H4S00000056VmUAI","","SC-000010978","2020-06-02T17:59:20.000Z","0054S000000Ms6RQAS","2020-06-02T17:59:20.000Z","0054S000000Ms6RQAS","","a2F4S0000008dTSUAY","2.02","","a2C4S0000008ScmUAE","a2H4S00000056VlUAI","LLC_BI__Legal_Entities__r","","42816987316414085","LLC_BI__Legal_Entities__c","","0.0","false","","false"
"a2H4S00000056VnUAI","","SC-000010979","2020-06-02T17:59:20.000Z","0054S000000Ms6RQAS","2020-06-02T17:59:20.000Z","0054S000000Ms6RQAS","","a2F4S0000008dTSUAY","3.02","LLC_BI__UI_Authorized_Signer_Fieldset","a2C4S0000008ScnUAE","a2H4S00000056VmUAI","LLC_BI__Contingent_Liabilties__r","","42631373830282919","LLC_BI__Contingent_Liabilty__c","","0.0","false","","false"
"a2H4S00000056VoUAI","","SC-000010669","2020-06-02T17:59:20.000Z","0054S000000Ms6RQAS","2020-06-02T17:59:20.000Z","0054S000000Ms6RQAS","","a2F4S0000008dcCUAQ","1.01","","a2C4S0000008ScoUAE","","","","42183740354440576","LLC_BI__Loan__c","","0.0","false","","false"
"a2H4S00000056VpUAI","","SC-000010670","2020-06-02T17:59:20.000Z","0054S000000Ms6RQAS","2020-06-02T17:59:20.000Z","0054S000000Ms6RQAS","","a2F4S0000008dcCUAQ","2.02","UI_Participations","a2C4S0000008ScpUAE","a2H4S00000056VoUAI","LLC_BI__Participations__r","","42599601819515454","LLC_BI__Participation__c","","0.0","false","","false"
"a2H4S00000056VqUAI","","SC-000010675","2020-06-02T17:59:20.000Z","0054S000000Ms6RQAS","2020-06-02T17:59:20.000Z","0054S000000Ms6RQAS","","a2F4S0000008dMGUAY","1.01","","","","","","42464104325826181","LLC_BI__Loan__c","","","false","","false"
"a2H4S00000056VrUAI","","SC-000010676","2020-06-02T17:59:20.000Z","0054S000000Ms6RQAS","2020-06-02T17:59:20.000Z","0054S000000Ms6RQAS","","a2F4S0000008dMGUAY","2.01","LLC_BI__Entity_ID","","a2H4S00000056VqUAI","LLC_BI__Legal_Entities__r","","42211829040915748","LLC_BI__Legal_Entities__c","","","false","","false"
"a2H4S00000056VsUAI","","SC-000010677","2020-06-02T17:59:20.000Z","0054S000000Ms6RQAS","2020-06-02T17:59:20.000Z","0054S000000Ms6RQAS","","a2F4S0000008dMGUAY","3.01","","","a2H4S00000056VrUAI","LLC_BI__Account__r","","42830814823181557","Account","","","false","","false"
"a2H4S00000056VtUAI","","SC-000010678","2020-06-02T17:59:20.000Z","0054S000000Ms6RQAS","2020-06-02T17:59:20.000Z","0054S000000Ms6RQAS","","a2F4S0000008dMGUAY","4.01","LLC_BI__Bundle_ID","","a2H4S00000056VsUAI","LLC_BI__Underwriting_Bundle__r","","42831480109477884","LLC_BI__Underwriting_Bundle__c","","","false","","false"
"a2H4S00000056VuUAI","","SC-000010679","2020-06-02T17:59:20.000Z","0054S000000Ms6RQAS","2020-06-02T17:59:20.000Z","0054S000000Ms6RQAS","","a2F4S0000008dM4UAI","1.01","","a2C4S0000008ScqUAE","","","","42201008652221060","LLC_BI__Loan__c","","","false","","false"
"a2H4S00000056VvUAI","","SC-000010680","2020-06-02T17:59:20.000Z","0054S000000Ms6RQAS","2020-06-02T17:59:20.000Z","0054S000000Ms6RQAS","","a2F4S0000008dM4UAI","2.01","","a2C4S0000008ScrUAE","a2H4S00000056VuUAI","LLC_BI__Account__r","","42252472833392055","Account","","","false","","false"
"a2H4S00000056VwUAI","","SC-000010681","2020-06-02T17:59:20.000Z","0054S000000Ms6RQAS","2020-06-02T17:59:20.000Z","0054S000000Ms6RQAS","","a2F4S0000008dM4UAI","3.01","","a2C4S0000008ScsUAE","a2H4S00000056VvUAI","LLC_BI__Legal_Entities__r","","42909709432640054","LLC_BI__Legal_Entities__c","","","false","","false"
"a2H4S00000056VxUAI","","SC-000010682","2020-06-02T17:59:20.000Z","0054S000000Ms6RQAS","2020-06-02T17:59:20.000Z","0054S000000Ms6RQAS","","a2F4S0000008dM4UAI","4.01","Credit_Memo_Standard_Loan_Exp","a2C4S0000008SctUAE","a2H4S00000056VwUAI","LLC_BI__Loan__r","Loans","42068909537913746","LLC_BI__Loan__c","","","false","","false"
"a2H4S00000056VyUAI","","SC-000010683","2020-06-02T17:59:20.000Z","0054S000000Ms6RQAS","2020-06-02T17:59:20.000Z","0054S000000Ms6RQAS","","a2F4S0000008dM4UAI","4.02","Credit_Memo_Standard_Loan","a2C4S0000008ScuUAE","a2H4S00000056VwUAI","LLC_BI__Deposit__r","Deposits","42530021916659027","LLC_BI__Deposit__c","","","false","","false"
"a2H4S00000056VzUAI","","SC-000010684","2020-06-02T17:59:20.000Z","0054S000000Ms6RQAS","2020-06-02T17:59:20.000Z","0054S000000Ms6RQAS","","a2F4S0000008dM5UAI","1.01","","a2C4S0000008ScvUAE","","","Authorized Signers","42032134920822104","LLC_BI__Loan__c","","","false","","false"
"a2H4S00000056W0UAI","","SC-000010685","2020-06-02T17:59:20.000Z","0054S000000Ms6RQAS","2020-06-02T17:59:20.000Z","0054S000000Ms6RQAS","","a2F4S0000008dM5UAI","2.01","","a2C4S0000008ScwUAE","a2H4S00000056VzUAI","LLC_BI__Legal_Entities__r","","42539881442511708","LLC_BI__Legal_Entities__c","","","false","","false"
"a2H4S00000056W1UAI","","SC-000010686","2020-06-02T17:59:20.000Z","0054S000000Ms6RQAS","2020-06-02T17:59:20.000Z","0054S000000Ms6RQAS","","a2F4S0000008dM5UAI","3.01","Credit_Memo_Standard_Loan","a2C4S0000008ScxUAE","a2H4S00000056W0UAI","LLC_BI__Contingent_Liabilties__r","","42435975622652894","LLC_BI__Contingent_Liabilty__c","","","false","","false"
"a2H4S00000056W2UAI","","SC-000010687","2020-06-02T17:59:20.000Z","0054S000000Ms6RQAS","2020-06-02T17:59:20.000Z","0054S000000Ms6RQAS","","a2F4S0000008dM6UAI","1.01","","a2C4S0000008ScyUAE","","","","42204572884911999","LLC_BI__Loan__c","","","false","","false"
"a2H4S00000056W3UAI","","SC-000010688","2020-06-02T17:59:20.000Z","0054S000000Ms6RQAS","2020-06-02T17:59:20.000Z","0054S000000Ms6RQAS","","a2F4S0000008dM6UAI","2.01","Credit_Memo_Standard_Loan","a2C4S0000008SczUAE","a2H4S00000056W2UAI","LLC_BI__Legal_Entities__r","","42244898793723157","LLC_BI__Legal_Entities__c","","","false","","false"
"a2H4S00000056W4UAI","","SC-000010689","2020-06-02T17:59:20.000Z","0054S000000Ms6RQAS","2020-06-02T17:59:20.000Z","0054S000000Ms6RQAS","","a2F4S0000008dM7UAI","1.01","Credit_Memo_Standard_Loan","a2C4S0000008Sd0UAE","","","","42593004402061820","LLC_BI__Loan__c","","","false","","false"
"a2H4S00000056W5UAI","","SC-000010690","2020-06-02T17:59:20.000Z","0054S000000Ms6RQAS","2020-06-02T17:59:20.000Z","0054S000000Ms6RQAS","","a2F4S0000008dM8UAI","1.01","","a2C4S0000008Sd1UAE","","","","42307981293092758","LLC_BI__Loan__c","","","false","","false"
"a2H4S00000056W6UAI","","SC-000010691","2020-06-02T17:59:20.000Z","0054S000000Ms6RQAS","2020-06-02T17:59:20.000Z","0054S000000Ms6RQAS","","a2F4S0000008dM8UAI","2.01","","a2C4S0000008Sd2UAE","a2H4S00000056W5UAI","LLC_BI__Loan_Collateral__r","","42075422452191843","LLC_BI__Loan_Collateral2__c","","","false","","false"
"a2H4S00000056W7UAI","","SC-000010692","2020-06-02T17:59:20.000Z","0054S000000Ms6RQAS","2020-06-02T17:59:20.000Z","0054S000000Ms6RQAS","","a2F4S0000008dM8UAI","3.01","Credit_Memo_Standard_Loan","a2C4S0000008Sd3UAE","a2H4S00000056W6UAI","LLC_BI__Collateral__r","Collateral Details","42706704570008000","LLC_BI__Collateral__c","","","false","","false"
"a2H4S00000056W8UAI","","SC-000010693","2020-06-02T17:59:20.000Z","0054S000000Ms6RQAS","2020-06-02T17:59:20.000Z","0054S000000Ms6RQAS","","a2F4S0000008dM8UAI","4.01","Credit_Memo_Standard_Loan","a2C4S0000008Sd4UAE","a2H4S00000056W7UAI","LLC_BI__Account_Collateral__r","Ownership","42901371522746043","LLC_BI__Account_Collateral__c","","","false","","false"
"a2H4S00000056W9UAI","","SC-000010694","2020-06-02T17:59:20.000Z","0054S000000Ms6RQAS","2020-06-02T17:59:20.000Z","0054S000000Ms6RQAS","","a2F4S0000008dM8UAI","4.02","Credit_Memo_Standard_Loan","a2C4S0000008Sd5UAE","a2H4S00000056W7UAI","LLC_BI__Loan_Collateral2__r","Loans","42380597844073685","LLC_BI__Loan_Collateral2__c","","","false","","false"
"a2H4S00000056WAUAY","","SC-000010695","2020-06-02T17:59:20.000Z","0054S000000Ms6RQAS","2020-06-02T17:59:20.000Z","0054S000000Ms6RQAS","","a2F4S0000008dM8UAI","4.03","Credit_Memo_Standard_Loan","a2C4S0000008Sd6UAE","a2H4S00000056W7UAI","LLC_BI__Liens__r","Liens","42921039671750804","LLC_BI__Lien__c","","","false","","false"
"a2H4S00000056WBUAY","","SC-000010696","2020-06-02T17:59:20.000Z","0054S000000Ms6RQAS","2020-06-02T17:59:20.000Z","0054S000000Ms6RQAS","","a2F4S0000008dM9UAI","1.01","","a2C4S0000008Sd7UAE","","","","42535014039058482","LLC_BI__Loan__c","","","false","","false"
"a2H4S00000056WCUAY","","SC-000010697","2020-06-02T17:59:20.000Z","0054S000000Ms6RQAS","2020-06-02T17:59:20.000Z","0054S000000Ms6RQAS","","a2F4S0000008dM9UAI","2.01","Credit_Memo_Standard_Loan","a2C4S0000008Sd8UAE","a2H4S00000056WBUAY","LLC_BI__Participations__r","","42491339171436859","LLC_BI__Participation__c","","","false","","false"
"a2H4S00000056WDUAY","","SC-000010698","2020-06-02T17:59:20.000Z","0054S000000Ms6RQAS","2020-06-02T17:59:20.000Z","0054S000000Ms6RQAS","","a2F4S0000008dMAUAY","1.01","","a2C4S0000008Sd9UAE","","","","42293190107489244","LLC_BI__Loan__c","","","false","","false"
"a2H4S00000056WEUAY","","SC-000010699","2020-06-02T17:59:20.000Z","0054S000000Ms6RQAS","2020-06-02T17:59:20.000Z","0054S000000Ms6RQAS","","a2F4S0000008dMAUAY","2.01","","a2C4S0000008SdAUAU","a2H4S00000056WDUAY","LLC_BI__Loan_Covenants__r","","42072491306467023","LLC_BI__Loan_Covenant__c","","","false","","false"
"a2H4S00000056WFUAY","","SC-000010700","2020-06-02T17:59:20.000Z","0054S000000Ms6RQAS","2020-06-02T17:59:20.000Z","0054S000000Ms6RQAS","","a2F4S0000008dMAUAY","3.01","Credit_Memo_Standard_Loan","a2C4S0000008SdBUAU","a2H4S00000056WEUAY","LLC_BI__Covenant2__r","Covenant Details","42387333341354399","LLC_BI__Covenant2__c","","","false","","false"
"a2H4S00000056WGUAY","","SC-000010701","2020-06-02T17:59:20.000Z","0054S000000Ms6RQAS","2020-06-02T17:59:20.000Z","0054S000000Ms6RQAS","","a2F4S0000008dMAUAY","4.01","Credit_Memo_Standard_Loan","a2C4S0000008SdCUAU","a2H4S00000056WFUAY","LLC_BI__Account_Covenants__r","Ownership","42575445667618685","LLC_BI__Account_Covenant__c","","","false","","false"
"a2H4S00000056WHUAY","","SC-000010702","2020-06-02T17:59:20.000Z","0054S000000Ms6RQAS","2020-06-02T17:59:20.000Z","0054S000000Ms6RQAS","","a2F4S0000008dMAUAY","4.02","Credit_Memo_Standard_Loan","a2C4S0000008SdDUAU","a2H4S00000056WFUAY","LLC_BI__Loan_Covenants__r","Loans","42127739763319265","LLC_BI__Loan_Covenant__c","","","false","","false"
"a2H4S00000056WIUAY","","SC-000010703","2020-06-02T17:59:20.000Z","0054S000000Ms6RQAS","2020-06-02T17:59:20.000Z","0054S000000Ms6RQAS","","a2F4S0000008dMBUAY","1.01","","a2C4S0000008SdEUAU","","","","42294173582274657","LLC_BI__Loan__c","","","false","","false"
"a2H4S00000056WJUAY","","SC-000010704","2020-06-02T17:59:20.000Z","0054S000000Ms6RQAS","2020-06-02T17:59:20.000Z","0054S000000Ms6RQAS","","a2F4S0000008dMBUAY","2.01","Credit_Memo_Standard_Loan","a2C4S0000008SdFUAU","a2H4S00000056WIUAY","LLC_BI__Third_Party_Reports__r","","42919282462380683","LLC_BI__third_party_report__c","","","false","","false"
"a2H4S00000056WKUAY","","SC-000010705","2020-06-02T17:59:20.000Z","0054S000000Ms6RQAS","2020-06-02T17:59:20.000Z","0054S000000Ms6RQAS","","a2F4S0000008dMCUAY","1.01","","a2C4S0000008SdGUAU","","","","42698087720238402","LLC_BI__Loan__c","","","false","","false"
"a2H4S00000056WLUAY","","SC-000010706","2020-06-02T17:59:20.000Z","0054S000000Ms6RQAS","2020-06-02T17:59:20.000Z","0054S000000Ms6RQAS","","a2F4S0000008dMCUAY","2.01","Credit_Memo_Standard_Loan","a2C4S0000008SdHUAU","a2H4S00000056WKUAY","LLC_BI__Loan_Teams__r","","42686495019129021","LLC_BI__LoanTeam__c","","","false","","false"
"a2H4S00000056WMUAY","","SC-000010707","2020-06-02T17:59:20.000Z","0054S000000Ms6RQAS","2020-06-02T17:59:20.000Z","0054S000000Ms6RQAS","","a2F4S0000008dMDUAY","1.01","","a2C4S0000008SdIUAU","","","","42876226100034641","LLC_BI__Loan__c","","","false","","false"
"a2H4S00000056WNUAY","","SC-000010708","2020-06-02T17:59:20.000Z","0054S000000Ms6RQAS","2020-06-02T17:59:20.000Z","0054S000000Ms6RQAS","","a2F4S0000008dMDUAY","2.01","Credit_Memo_Standard_Loan","a2C4S0000008SdJUAU","a2H4S00000056WMUAY","LLC_BI__Fees__r","","42702935982796780","LLC_BI__Fee__c","","","false","","false"
"a2H4S00000056WOUAY","","SC-000010709","2020-06-02T17:59:20.000Z","0054S000000Ms6RQAS","2020-06-02T17:59:20.000Z","0054S000000Ms6RQAS","","a2F4S0000008dMEUAY","1.01","","a2C4S0000008SdKUAU","","","","42371331963495374","LLC_BI__Loan__c","","","false","","false"
"a2H4S00000056WPUAY","","SC-000010710","2020-06-02T17:59:20.000Z","0054S000000Ms6RQAS","2020-06-02T17:59:20.000Z","0054S000000Ms6RQAS","","a2F4S0000008dMEUAY","2.01","Credit_Memo_Standard_Loan","a2C4S0000008SdLUAU","a2H4S00000056WOUAY","LLC_BI__Account__r","","42464554874224469","Account","","","false","","false"
"a2H4S00000056WQUAY","","SC-000010711","2020-06-02T17:59:20.000Z","0054S000000Ms6RQAS","2020-06-02T17:59:20.000Z","0054S000000Ms6RQAS","","a2F4S0000008dMFUAY","1.01","","a2C4S0000008SdMUAU","","","","42165821643197209","LLC_BI__Loan__c","","","false","","false"
"a2H4S00000056WRUAY","","SC-000010712","2020-06-02T17:59:20.000Z","0054S000000Ms6RQAS","2020-06-02T17:59:20.000Z","0054S000000Ms6RQAS","","a2F4S0000008dMFUAY","2.01","Credit_Memo_Standard_Loan","a2C4S0000008SdNUAU","a2H4S00000056WQUAY","LLC_BI__Policy_Exceptions__r","","42637592440742367","LLC_BI__Policy_Exception__c","","","false","","false"
"a2H4S00000056WSUAY","","SC-000010713","2020-06-02T17:59:20.000Z","0054S000000SW2aQAG","2020-06-02T17:59:20.000Z","0054S000000SW2aQAG","","a2F4S0000008dQ4UAI","100.0","","","","","","42584585639749450","nFORCE__Screen__c","","","false","","false"
"a2H4S00000056WTUAY","","SC-000010714","2020-06-02T17:59:20.000Z","0054S000000SW2aQAG","2020-06-02T17:59:20.000Z","0054S000000SW2aQAG","","a2F4S0000008dQ5UAI","100.0","nFORCE__UI_Administration_Field_Configuration","","","","","42122922263572339","nFORCE__Field_Configuration__c","","","false","","false"
"a2H4S00000056WUUAY","","SC-000010715","2020-06-02T17:59:20.000Z","0054S000000SW2aQAG","2020-06-02T17:59:20.000Z","0054S000000SW2aQAG","","a2F4S0000008dQ6UAI","100.0","nFORCE__Conditional_Screen_Section","","","","","42128683408737313","nFORCE__Screen_Section__c","","","false","","false"
"a2H4S00000056WVUAY","","SC-000010716","2020-06-02T17:59:20.000Z","0054S000000SW2aQAG","2020-06-02T17:59:20.000Z","0054S000000SW2aQAG","","a2F4S0000008dQ4UAI","200.0","nFORCE__UI_Config_Builder","","a2H4S00000056WSUAY","nFORCE__Screen_Sections__r","","42263859019003569","nFORCE__Screen_Section__c","","","false","","false"
"a2H4S00000056WWUAY","","SC-000010728","2020-06-02T17:59:20.000Z","0054S000000Ms6RQAS","2020-06-02T17:59:20.000Z","0054S000000Ms6RQAS","","a2F4S0000008dQ7UAI","0.0","LLC_BI__UI_Loan_Information","","","","Loan Details","42034821021839632","LLC_BI__Loan__c","","","false","","false"
"a2H4S00000056WXUAY","","SC-000010729","2020-06-02T17:59:20.000Z","0054S000000Ms6RQAS","2020-06-02T17:59:20.000Z","0054S000000Ms6RQAS","","a2F4S0000008dQ8UAI","0.0","LLC_BI__UI_Loan_Pricing_Information","","","","Pricing","42944207197562276","LLC_BI__Loan__c","","","false","","false"
"a2H4S00000056WYUAY","","SC-000010730","2020-06-02T17:59:20.000Z","0054S000000Ms6RQAS","2020-06-02T17:59:20.000Z","0054S000000Ms6RQAS","","a2F4S0000008dQ9UAI","0.0","LLC_BI__Pricing_Summary","","","","Rate Structure","42120928877198938","LLC_BI__Loan__c","","","false","","false"
"a2H4S00000056WZUAY","","SC-000010731","2020-06-02T17:59:20.000Z","0054S000000Ms6RQAS","2020-06-02T17:59:20.000Z","0054S000000Ms6RQAS","","a2F4S0000008dQAUAY","0.0","LLC_BI__Pricing_Summary","","","","Payment Structure","42891019706644383","LLC_BI__Loan__c","","","false","","false"
"a2H4S00000056WaUAI","","SC-000010732","2020-06-02T17:59:20.000Z","0054S000000Ms6RQAS","2020-06-02T17:59:20.000Z","0054S000000Ms6RQAS","","a2F4S0000008dQBUAY","0.0","LLC_BI__UI_Referral_Information","","","","Referral","42311473001100021","LLC_BI__Loan__c","","","false","","false"
"a2H4S00000056WbUAI","","SC-000010733","2020-06-02T17:59:20.000Z","0054S000000Ms6RQAS","2020-06-02T17:59:20.000Z","0054S000000Ms6RQAS","","a2F4S0000008dQCUAY","0.0","LLC_BI__UI_Balance_Information","","","","Balance Details","42382774557308670","LLC_BI__Loan__c","","","false","","false"
"a2H4S00000056WcUAI","","SC-000010734","2020-06-02T17:59:20.000Z","0054S000000Ms6RQAS","2020-06-02T17:59:20.000Z","0054S000000Ms6RQAS","","a2F4S0000008dQDUAY","0.0","LLC_BI__UI_Booked_Information","","","","Booked Details","42769712546747017","LLC_BI__Loan__c","","","false","","false"
"a2H4S00000056WdUAI","","SC-000010735","2020-06-02T17:59:20.000Z","0054S000000Ms6RQAS","2020-06-02T17:59:20.000Z","0054S000000Ms6RQAS","","a2F4S0000008dQEUAY","1.01","","","","","Loan Relationship","42276593763622642","LLC_BI__Loan__c","","","false","","false"
"a2H4S00000056WeUAI","","SC-000010736","2020-06-02T17:59:20.000Z","0054S000000Ms6RQAS","2020-06-02T17:59:20.000Z","0054S000000Ms6RQAS","","a2F4S0000008dQEUAY","2.01","LLC_BI__UI_Entity_Involvement_Fieldset","","a2H4S00000056WdUAI","LLC_BI__Legal_Entities__r","Borrowing Structure","42682732015979193","LLC_BI__Legal_Entities__c","","","false","","false"
"a2H4S00000056WfUAI","","SC-000010737","2020-06-02T17:59:20.000Z","0054S000000Ms6RQAS","2020-06-02T17:59:20.000Z","0054S000000Ms6RQAS","","a2F4S0000008dQFUAY","0.0","LLC_BI__UI_CRA_Loan_Information","","","","Loan Information","42007925721569776","LLC_BI__Loan__c","","","false","","false"
"a2H4S00000056WgUAI","","SC-000010738","2020-06-02T17:59:20.000Z","0054S000000Ms6RQAS","2020-06-02T17:59:20.000Z","0054S000000Ms6RQAS","","a2F4S0000008dQGUAY","0.0","LLC_BI__UI_CRA_Action_Taken","","","","Action Taken","42122213637715421","LLC_BI__Loan__c","","","false","","false"
"a2H4S00000056WhUAI","","SC-000010739","2020-06-02T17:59:20.000Z","0054S000000Ms6RQAS","2020-06-02T17:59:20.000Z","0054S000000Ms6RQAS","","a2F4S0000008dQHUAY","0.0","LLC_BI__UI_CRA_Property_Location","","","","Property Location","42634711882529033","LLC_BI__Loan__c","","","false","","false"
"a2H4S00000056WiUAI","","SC-000010740","2020-06-02T17:59:20.000Z","0054S000000Ms6RQAS","2020-06-02T17:59:20.000Z","0054S000000Ms6RQAS","","a2F4S0000008dQIUAY","0.0","LLC_BI__UI_CRA_Other","","","","Other","42507496475321912","LLC_BI__Loan__c","","","false","","false"
"a2H4S00000056WjUAI","","SC-000010741","2020-06-02T17:59:20.000Z","0054S000000Ms6RQAS","2020-06-02T17:59:20.000Z","0054S000000Ms6RQAS","","a2F4S0000008dQJUAY","1.0","","","","","HMDA","42950669603213379","LLC_BI__Loan__c","","","false","","false"
"a2H4S00000056WkUAI","","SC-000010742","2020-06-02T17:59:20.000Z","0054S000000Ms6RQAS","2020-06-02T17:59:20.000Z","0054S000000Ms6RQAS","","a2F4S0000008dQJUAY","2.0","LLC_BI__UI_HMDA_Demographic_Questions","","a2H4S00000056WjUAI","LLC_BI__Legal_Entities__r","HMDA","42916520714700074","LLC_BI__Legal_Entities__c","","","false","","false"
"a2H4S00000056WlUAI","","SC-000010743","2020-06-02T17:59:20.000Z","0054S000000Ms6RQAS","2020-06-02T17:59:20.000Z","0054S000000Ms6RQAS","","a2F4S0000008dQKUAY","1.01","","","","","Entity Compliance","42090634743316887","LLC_BI__Loan__c","","","false","","false"
"a2H4S00000056WmUAI","","SC-000010744","2020-06-02T17:59:20.000Z","0054S000000Ms6RQAS","2020-06-02T17:59:20.000Z","0054S000000Ms6RQAS","","a2F4S0000008dQKUAY","2.01","LLC_BI__HMDA_Entity_Relationship_Name","","a2H4S00000056WlUAI","LLC_BI__Legal_Entities__r","Relationship","42305638747147846","LLC_BI__Legal_Entities__c","","","false","","false"
"a2H4S00000056WnUAI","","SC-000010745","2020-06-02T17:59:20.000Z","0054S000000Ms6RQAS","2020-06-02T17:59:20.000Z","0054S000000Ms6RQAS","","a2F4S0000008dQKUAY","3.01","LLC_BI__UI_HMDA_Entity_Compliance_2017","","a2H4S00000056WmUAI","LLC_BI__Entity_Compliances__r","Entity Compliance","42015777285398996","LLC_BI__Entity_Compliance__c","","","false","","false"
"a2H4S00000056WoUAI","","SC-000010746","2020-06-02T17:59:20.000Z","0054S000000Ms6RQAS","2020-06-02T17:59:20.000Z","0054S000000Ms6RQAS","","a2F4S0000008dQLUAY","1.01","","","","","Loan Compliance","42679537727079564","LLC_BI__Loan__c","","","false","","false"
"a2H4S00000056WpUAI","","SC-000010747","2020-06-02T17:59:20.000Z","0054S000000Ms6RQAS","2020-06-02T17:59:20.000Z","0054S000000Ms6RQAS","","a2F4S0000008dQLUAY","2.01","LLC_BI__UI_HMDA_Loan_Compliance_2017","","a2H4S00000056WoUAI","LLC_BI__Loan_Compliances__r","Loan Compliance","42273647962742864","LLC_BI__Loan_Compliance__c","","","false","","false"
"a2H4S00000056WqUAI","","SC-000010748","2020-06-02T17:59:20.000Z","0054S000000Ms6RQAS","2020-06-02T17:59:20.000Z","0054S000000Ms6RQAS","","a2F4S0000008dQMUAY","1.01","","","","","Entity Compliance","42245417526615474","LLC_BI__Loan__c","","","false","","false"
"a2H4S00000056WrUAI","","SC-000010749","2020-06-02T17:59:20.000Z","0054S000000Ms6RQAS","2020-06-02T17:59:20.000Z","0054S000000Ms6RQAS","","a2F4S0000008dQMUAY","2.01","LLC_BI__HMDA_Entity_Relationship_Name","","a2H4S00000056WqUAI","LLC_BI__Legal_Entities__r","Relationship","42595756380172653","LLC_BI__Legal_Entities__c","","","false","","false"
"a2H4S00000056WsUAI","","SC-000010750","2020-06-02T17:59:20.000Z","0054S000000Ms6RQAS","2020-06-02T17:59:20.000Z","0054S000000Ms6RQAS","","a2F4S0000008dQMUAY","3.01","LLC_BI__UI_HMDA_Entity_Compliance_2018","","a2H4S00000056WrUAI","LLC_BI__Entity_Compliances__r","Entity Compliance","42729559604747603","LLC_BI__Entity_Compliance__c","","","false","","false"
"a2H4S00000056WtUAI","","SC-000010751","2020-06-02T17:59:20.000Z","0054S000000Ms6RQAS","2020-06-02T17:59:20.000Z","0054S000000Ms6RQAS","","a2F4S0000008dQNUAY","1.01","","","","","Loan Compliance","42532369063586999","LLC_BI__Loan__c","","","false","","false"
"a2H4S00000056WuUAI","","SC-000010752","2020-06-02T17:59:20.000Z","0054S000000Ms6RQAS","2020-06-02T17:59:20.000Z","0054S000000Ms6RQAS","","a2F4S0000008dQNUAY","2.01","LLC_BI__UI_HMDA_Loan_Compliance_2018","","a2H4S00000056WtUAI","LLC_BI__Loan_Compliances__r","Loan Compliance","42506178376721713","LLC_BI__Loan_Compliance__c","","","false","","false"
"a2H4S00000056WvUAI","","SC-000010753","2020-06-02T17:59:20.000Z","0054S000000Ms6RQAS","2020-06-02T17:59:20.000Z","0054S000000Ms6RQAS","","a2F4S0000008dQOUAY","1.0","","","","","Change Memo","42918444589067310","LLC_BI__Loan__c","","","false","","false"
"a2H4S00000056WwUAI","","SC-000010754","2020-06-02T17:59:20.000Z","0054S000000Ms6RQAS","2020-06-02T17:59:20.000Z","0054S000000Ms6RQAS","","a2F4S0000008dQOUAY","2.0","LLC_BI__UI_Memo_Action","","a2H4S00000056WvUAI","LLC_BI__Change_Memos__r","Change Memo","42735526124068642","LLC_BI__Credit_Memo_Modifcation__c","","","false","","false"
"a2H4S00000056WxUAI","","SC-000010755","2020-06-02T17:59:20.000Z","0054S000000Ms6RQAS","2020-06-02T17:59:20.000Z","0054S000000Ms6RQAS","","a2F4S0000008dQPUAY","0.0","LLC_BI__UI_Fees_Summary","","","","Fees Summary","42737688927683162","LLC_BI__Loan__c","","","false","","false"
"a2H4S00000056WyUAI","","SC-000010756","2020-06-02T17:59:20.000Z","0054S000000Ms6RQAS","2020-06-02T17:59:20.000Z","0054S000000Ms6RQAS","","a2F4S0000008dQQUAY","1.01","","","","","Team Members","42237521490715292","LLC_BI__Loan__c","","","false","","false"
"a2H4S00000056WzUAI","","SC-000010757","2020-06-02T17:59:20.000Z","0054S000000Ms6RQAS","2020-06-02T17:59:20.000Z","0054S000000Ms6RQAS","","a2F4S0000008dQQUAY","2.01","LLC_BI__UI_Loan_Team_Members","","a2H4S00000056WyUAI","LLC_BI__Loan_Teams__r","Team Members","42071796977886727","LLC_BI__LoanTeam__c","","","false","","false"
"a2H4S00000056X0UAI","","SC-000010758","2020-06-02T17:59:20.000Z","0054S000000Ms6RQAS","2020-06-02T17:59:20.000Z","0054S000000Ms6RQAS","","a2F4S0000008dQRUAY","1.01","","","","","","42318435665268002","LLC_BI__Product__c","","","false","","false"
"a2H4S00000056X1UAI","","SC-000010759","2020-06-02T17:59:20.000Z","0054S000000Ms6RQAS","2020-06-02T17:59:20.000Z","0054S000000Ms6RQAS","","a2F4S0000008dQRUAY","1.02","LLC_BI__TM_Manage_Bill_Points","","a2H4S00000056X0UAI","LLC_BI__Bill_Points__r","","42780638329520214","LLC_BI__Bill_Point__c","","","false","","false"
"a2H4S00000056X2UAI","","SC-000010760","2020-06-02T17:59:20.000Z","0054S000000Ms6RQAS","2020-06-02T17:59:20.000Z","0054S000000Ms6RQAS","","a2F4S0000008dQSUAY","10.0","LLC_BI__Product_Package_Compliance_Information","","","","Information","42581610912754562","LLC_BI__Product_Package__c","","","false","","false"
"a2H4S00000056X3UAI","","SC-000010761","2020-06-02T17:59:20.000Z","0054S000000Ms6RQAS","2020-06-02T17:59:20.000Z","0054S000000Ms6RQAS","","a2F4S0000008dQTUAY","20.0","LLC_BI__Product_Package_Exposure_Information","","","","Exposure","42211120804602449","LLC_BI__Product_Package__c","","","false","","false"
"a2H4S00000056X4UAI","","SC-000010762","2020-06-02T17:59:20.000Z","0054S000000Ms6RQAS","2020-06-02T17:59:20.000Z","0054S000000Ms6RQAS","","a2F4S0000008dQUUAY","10.0","LLC_BI__ReviewDisplay","","","","Review Detail","42715490725062598","LLC_BI__Product_Package__c","","","false","","false"
"a2H4S00000056X5UAI","","SC-000010763","2020-06-02T17:59:20.000Z","0054S000000Ms6RQAS","2020-06-02T17:59:20.000Z","0054S000000Ms6RQAS","","a2F4S0000008dQVUAY","1.01","LLC_BI__Account_Proforma_ECA","","","","Account Proforma Options","42206009083433928","Account","","","false","","false"
"a2H4S00000056X6UAI","","SC-000010764","2020-06-02T17:59:20.000Z","0054S000000Ms6RQAS","2020-06-02T17:59:20.000Z","0054S000000Ms6RQAS","","a2F4S0000008dQWUAY","1.01","LLC_BI__Scenario_Proforma_ECA","","","","Scenario Proforma Options","42374899377627532","LLC_BI__Scenario__c","","","false","","false"
"a2H4S00000056X7UAI","","SC-000010765","2020-06-02T17:59:20.000Z","0054S000000Ms6RQAS","2020-06-02T17:59:20.000Z","0054S000000Ms6RQAS","","a2F4S0000008dQXUAY","1.01","LLC_BI__Scenario_Card_Balance","","","","Scenario_Card_Balance","42994363141816609","LLC_BI__Scenario__c","","","false","","false"
"a2H4S00000056X8UAI","","SC-000010766","2020-06-02T17:59:20.000Z","0054S000000Ms6RQAS","2020-06-02T17:59:20.000Z","0054S000000Ms6RQAS","","a2F4S0000008dQYUAY","1.01","LLC_BI__Scenario_Card_Reserve","","","","Scenario_Card_Reserve","42999105490690010","LLC_BI__Scenario__c","","","false","","false"
"a2H4S00000056X9UAI","","SC-000010767","2020-06-02T17:59:20.000Z","0054S000000Ms6RQAS","2020-06-02T17:59:20.000Z","0054S000000Ms6RQAS","","a2F4S0000008dQZUAY","1.01","LLC_BI__Scenario_Card_Net_Investable","","","","Scenario_Card_Net_Investable","42811217973861470","LLC_BI__Scenario__c","","","false","","false"
"a2H4S00000056XAUAY","","SC-000010770","2020-06-02T17:59:20.000Z","0054S000000Ms6RQAS","2020-06-02T17:59:20.000Z","0054S000000Ms6RQAS","","a2F4S0000008dQaUAI","1.01","LLC_BI__Collateral_Modal_Details","","","","Details","42702213649589287","LLC_BI__Loan_Collateral2__c","","","false","","false"
"a2H4S00000056XBUAY","","SC-000010771","2020-06-02T17:59:20.000Z","0054S000000Ms6RQAS","2021-01-14T20:54:29.000Z","0054S000000Ms6RQAS","","a2F4S0000008dQbUAI","1.01","IBCL_Possessory_Collateral_Valuation_cm","","","","Collateral Valuation","42364688705520906","LLC_BI__Collateral__c","","","false","","false"
"a2H4S00000056XCUAY","","SC-000010772","2020-06-02T17:59:20.000Z","0054S000000Ms6RQAS","2020-06-02T17:59:20.000Z","0054S000000Ms6RQAS","","a2F4S0000008dQcUAI","1.01","LLC_BI__Pledge_Details","","","","Pledge Details","42021803137064143","LLC_BI__Loan_Collateral2__c","","","false","","false"
"a2H4S00000056XDUAY","","SC-000010773","2020-06-02T17:59:20.000Z","0054S000000Ms6RQAS","2020-06-02T17:59:20.000Z","0054S000000Ms6RQAS","","a2F4S0000008dQdUAI","1.01","LLC_BI__Collateral_Search_Results","","","","Search Results","42143434852308312","LLC_BI__Collateral__c","","","false","","false"
"a2H4S00000056XEUAY","","SC-000010774","2020-06-02T17:59:20.000Z","0054S000000Ms6RQAS","2020-06-02T17:59:20.000Z","0054S000000Ms6RQAS","","a2F4S0000008dQeUAI","1.01","Pledge_Collateral_Override","a2C4S0000008SdOUAU","","","","42080298160439060","LLC_BI__Loan_Collateral2__c","","","false","","false"
"a2H4S00000056XFUAY","","SC-000010775","2020-06-02T17:59:20.000Z","0054S000000Ms6RQAS","2020-06-02T17:59:20.000Z","0054S000000Ms6RQAS","","a2F4S0000008dQfUAI","1.01","LLC_BI__Collateral_Search_Results","","","","Search Results","42711513691518227","LLC_BI__Collateral__c","","","false","","false"
"a2H4S00000056XGUAY","","SC-000010776","2020-06-02T17:59:20.000Z","0054S000000Ms6RQAS","2020-06-02T17:59:20.000Z","0054S000000Ms6RQAS","","a2F4S0000008dQgUAI","1.01","LLC_BI__UI_Collateral_Summary","","","","Collateral Summary","42915893261137975","LLC_BI__Loan__c","","","false","","false"
"a2H4S00000056XHUAY","","SC-000010777","2020-06-02T17:59:20.000Z","0054S000000Ms6RQAS","2020-06-02T17:59:20.000Z","0054S000000Ms6RQAS","","a2F4S0000008dQhUAI","1.01","LLC_BI__UI_Collateral_Record_Schedule","","","","","42684868973123673","LLC_BI__Loan_Collateral2__c","","","false","","false"
"a2H4S00000056XIUAY","","SC-000010778","2020-06-02T17:59:20.000Z","0054S000000Ms6RQAS","2020-06-02T17:59:20.000Z","0054S000000Ms6RQAS","","a2F4S0000008dQiUAI","1.01","LLC_BI__UI_Related_Collateral_Pledge_Schedule","","","","","42766312121146854","LLC_BI__Loan_Collateral2__c","","","false","","false"
"a2H4S00000056XJUAY","","SC-000010779","2020-06-02T17:59:20.000Z","0054S000000Ms6RQAS","2020-06-02T17:59:20.000Z","0054S000000Ms6RQAS","","a2F4S0000008dQjUAI","1.01","LLC_BI__Product_Package_Collateral_Schedule","","","","","42864903360668322","LLC_BI__Collateral__c","","","false","","false"
"a2H4S00000056XKUAY","","SC-000010780","2020-06-02T17:59:20.000Z","0054S000000Ms6RQAS","2020-06-02T17:59:20.000Z","0054S000000Ms6RQAS","","a2F4S0000008dQkUAI","1.01","LLC_BI__Prod_Pkg_UI_Related_Pledge_Schedule","","","","","42325217327711295","LLC_BI__Loan_Collateral2__c","","","false","","false"
"a2H4S00000056XLUAY","","SC-000010781","2020-06-02T17:59:20.000Z","0054S000000Ms6RQAS","2020-06-02T17:59:20.000Z","0054S000000Ms6RQAS","","a2F4S0000008dQlUAI","10.0","LLC_BI__Collateral_Creation_Screen_Configuration","","","","Collateral","42673476459186853","LLC_BI__Collateral__c","","","false","","false"
"a2H4S00000056XMUAY","","SC-000010782","2020-06-02T17:59:20.000Z","0054S000000Ms6RQAS","2020-06-02T17:59:20.000Z","0054S000000Ms6RQAS","","a2F4S0000008dQmUAI","10.0","LLC_BI__Product_Package_Collateral_Details","","","","Collateral","42807068369487748","LLC_BI__Collateral__c","","","false","","false"
"a2H4S00000056XNUAY","","SC-000010783","2020-06-02T17:59:20.000Z","0054S000000Ms6RQAS","2020-06-02T17:59:20.000Z","0054S000000Ms6RQAS","","a2F4S0000008dQnUAI","1.01","LLC_BI__Collateral_Modal_Details","","","","Details","42371294895782016","LLC_BI__Loan_Collateral2__c","","","false","","false"
"a2H4S00000056XOUAY","","SC-000010784","2020-06-02T17:59:20.000Z","0054S000000Ms6RQAS","2020-06-02T17:59:20.000Z","0054S000000Ms6RQAS","","a2F4S0000008dQoUAI","1.01","LLC_BI__Collateral_Valuation","","","","Collateral Valuation","42757230995398009","LLC_BI__Collateral__c","","","false","","false"
"a2H4S00000056XPUAY","","SC-000010785","2020-06-02T17:59:20.000Z","0054S000000Ms6RQAS","2020-06-02T17:59:20.000Z","0054S000000Ms6RQAS","","a2F4S0000008dQpUAI","1.01","LLC_BI__Pledge_Details","","","","Pledge Details","42166220978297466","LLC_BI__Loan_Collateral2__c","","","false","","false"
"a2H4S00000056XQUAY","","SC-000010786","2020-06-02T17:59:20.000Z","0054S000000Ms6RQAS","2020-06-02T17:59:20.000Z","0054S000000Ms6RQAS","","a2F4S0000008dQqUAI","1.01","LLC_BI__Collateral_Search_Results","","","","Search Results","42957291244119398","LLC_BI__Collateral__c","","","false","","false"
"a2H4S00000056XRUAY","","SC-000010787","2020-06-02T17:59:20.000Z","0054S000000Ms6RQAS","2020-06-02T17:59:20.000Z","0054S000000Ms6RQAS","","a2F4S0000008dQrUAI","1.01","Pledge_Collateral_Override","a2C4S0000008SdPUAU","","","","42514632499443989","LLC_BI__Loan_Collateral2__c","","","false","","false"
"a2H4S00000056XSUAY","","SC-000010788","2020-06-02T17:59:20.000Z","0054S000000Ms6RQAS","2020-06-02T17:59:20.000Z","0054S000000Ms6RQAS","","a2F4S0000008dQsUAI","1.01","LLC_BI__Collateral_Modal_Details","","","","Details","42107958853547987","LLC_BI__Loan_Collateral2__c","","","false","","false"
"a2H4S00000056XTUAY","","SC-000010789","2020-06-02T17:59:20.000Z","0054S000000Ms6RQAS","2021-01-14T21:50:03.000Z","0054S000000Ms6RQAS","","a2F4S0000008dQtUAI","1.01","IBCL_Titled_Collateral_Valuation_cm","a2C4S0000008bT2UAI","","","Collateral Valuation","42569087986246965","LLC_BI__Collateral__c","","0.0","false","","false"
"a2H4S00000056XUUAY","","SC-000010790","2020-06-02T17:59:20.000Z","0054S000000Ms6RQAS","2020-06-02T17:59:20.000Z","0054S000000Ms6RQAS","","a2F4S0000008dQuUAI","1.01","LLC_BI__Pledge_Details","","","","Pledge Details","42355610245990104","LLC_BI__Loan_Collateral2__c","","","false","","false"
"a2H4S00000056XVUAY","","SC-000010791","2020-06-02T17:59:20.000Z","0054S000000Ms6RQAS","2020-06-02T17:59:20.000Z","0054S000000Ms6RQAS","","a2F4S0000008dQvUAI","1.01","LLC_BI__Collateral_Search_Results","","","","Search Results","42147866350266157","LLC_BI__Collateral__c","","","false","","false"
"a2H4S00000056XWUAY","","SC-000010792","2020-06-02T17:59:20.000Z","0054S000000Ms6RQAS","2020-06-02T17:59:20.000Z","0054S000000Ms6RQAS","","a2F4S0000008dQwUAI","1.01","Pledge_Collateral_Override","a2C4S0000008SdQUAU","","","","42655467735706176","LLC_BI__Loan_Collateral2__c","","","false","","false"
"a2H4S00000056XXUAY","","SC-000010664","2020-06-02T17:59:20.000Z","0054S000000SW2aQAG","2020-06-02T17:59:20.000Z","0054S000000SW2aQAG","","a2F4S0000008dPaUAI","100.0","nFORCE__UI_Config_Builder_Group_Topbar_Config","","","","","42444525778508867","nFORCE__Group__c","","","false","","false"
"a2H4S00000056XYUAY","","SC-000010665","2020-06-02T17:59:20.000Z","0054S000000Ms6RQAS","2020-06-02T17:59:20.000Z","0054S000000Ms6RQAS","","a2F4S0000008dPbUAI","1.01","LLC_BI__UI_Collateral_Summary","a2C4S0000008SdRUAU","","","","42059776016467889","LLC_BI__Loan__c","","0.0","false","","false"
"a2H4S00000056XZUAY","","SC-000010666","2020-06-02T17:59:20.000Z","0054S000000Ms6RQAS","2020-06-02T17:59:20.000Z","0054S000000Ms6RQAS","","a2F4S0000008dPcUAI","1.01","","a2C4S0000008SdSUAU","","","","42418450832670895","LLC_BI__Loan__c","","0.0","false","","false"
"a2H4S00000056XaUAI","","SC-000010667","2020-06-02T17:59:20.000Z","0054S000000Ms6RQAS","2020-06-02T17:59:20.000Z","0054S000000Ms6RQAS","","a2F4S0000008dPcUAI","2.02","UI_Collateral_Pledged","a2C4S0000008SdTUAU","a2H4S00000056XZUAY","LLC_BI__Loan_Collateral__r","","42556046593083452","LLC_BI__Loan_Collateral2__c","","0.0","false","","false"
"a2H4S00000056XbUAI","","SC-000010668","2020-06-02T17:59:20.000Z","0054S000000Ms6RQAS","2020-06-02T17:59:20.000Z","0054S000000Ms6RQAS","","a2F4S0000008dPdUAI","1.01","UI_Loan_Compliance_Certifications","a2C4S0000008SdUUAU","","","","42748572812047386","LLC_BI__Loan__c","","0.0","false","","false"
"a2H4S00000056XcUAI","","SC-000010598","2020-06-02T17:59:20.000Z","0054S000000Ms6RQAS","2020-06-02T17:59:20.000Z","0054S000000Ms6RQAS","","a2F4S0000008dLsUAI","1.01","Credit_Memo_Standard_Review_Account","a2C4S0000008SdVUAU","","","","42943115977539175","LLC_BI__Review__c","","","false","","false"
"a2H4S00000056XdUAI","","SC-000010599","2020-06-02T17:59:20.000Z","0054S000000Ms6RQAS","2020-06-02T17:59:20.000Z","0054S000000Ms6RQAS","","a2F4S0000008dLrUAI","1.01","","a2C4S0000008SdWUAU","","","","42278685535843986","LLC_BI__Review__c","","","false","","false"
"a2H4S00000056XeUAI","","SC-000010600","2020-06-02T17:59:20.000Z","0054S000000Ms6RQAS","2020-06-02T17:59:20.000Z","0054S000000Ms6RQAS","","a2F4S0000008dLrUAI","2.01","","a2C4S0000008SdXUAU","a2H4S00000056XdUAI","LLC_BI__Account__r","","42829862274756138","Account","","","false","","false"
"a2H4S00000056XfUAI","","SC-000010601","2020-06-02T17:59:20.000Z","0054S000000Ms6RQAS","2020-06-02T17:59:20.000Z","0054S000000Ms6RQAS","","a2F4S0000008dLrUAI","3.01","","a2C4S0000008SdYUAU","a2H4S00000056XeUAI","LLC_BI__Legal_Entities__r","","42495665324537059","LLC_BI__Legal_Entities__c","","","false","","false"
"a2H4S00000056XgUAI","","SC-000010602","2020-06-02T17:59:20.000Z","0054S000000Ms6RQAS","2020-06-02T17:59:20.000Z","0054S000000Ms6RQAS","","a2F4S0000008dLrUAI","4.01","Credit_Memo_Standard_Review_Account","a2C4S0000008SdZUAU","a2H4S00000056XfUAI","LLC_BI__Loan__r","Loan Details","42473600807117806","LLC_BI__Loan__c","","","false","","false"
"a2H4S00000056XhUAI","","SC-000010603","2020-06-02T17:59:20.000Z","0054S000000Ms6RQAS","2020-06-02T17:59:20.000Z","0054S000000Ms6RQAS","","a2F4S0000008dLrUAI","5.01","Credit_Memo_Standard_Review_Account","a2C4S0000008SdaUAE","a2H4S00000056XgUAI","LLC_BI__Legal_Entities__r","Borrower Structure","42646377597252049","LLC_BI__Legal_Entities__c","","","false","","false"
"a2H4S00000056XiUAI","","SC-000010604","2020-06-02T17:59:20.000Z","0054S000000Ms6RQAS","2020-06-02T17:59:20.000Z","0054S000000Ms6RQAS","","a2F4S0000008dLrUAI","5.02","Credit_Memo_Standard_Review_Account","a2C4S0000008SdbUAE","a2H4S00000056XgUAI","LLC_BI__Fees__r","Fees","42021388270542383","LLC_BI__Fee__c","","","false","","false"
"a2H4S00000056XjUAI","","SC-000010605","2020-06-02T17:59:20.000Z","0054S000000Ms6RQAS","2020-06-02T17:59:20.000Z","0054S000000Ms6RQAS","","a2F4S0000008dLrUAI","5.03","Credit_Memo_Standard_Review_Account","a2C4S0000008SdcUAE","a2H4S00000056XgUAI","LLC_BI__Policy_Exceptions__r","Policy Exceptions","42772816886294615","LLC_BI__Policy_Exception__c","","","false","","false"
"a2H4S00000056XkUAI","","SC-000010606","2020-06-02T17:59:20.000Z","0054S000000Ms6RQAS","2020-06-02T17:59:20.000Z","0054S000000Ms6RQAS","","a2F4S0000008dLrUAI","5.04","Credit_Memo_Standard_Review_Account","a2C4S0000008SddUAE","a2H4S00000056XgUAI","LLC_BI__Third_Party_Reports__r","Third Party Reports","42053267978211005","LLC_BI__third_party_report__c","","","false","","false"
"a2H4S00000056XlUAI","","SC-000010607","2020-06-02T17:59:20.000Z","0054S000000Ms6RQAS","2020-06-02T17:59:20.000Z","0054S000000Ms6RQAS","","a2F4S0000008dLrUAI","5.05","Credit_Memo_Standard_Review_Account","a2C4S0000008SdeUAE","a2H4S00000056XgUAI","LLC_BI__Participations__r","Participations","42785030568945196","LLC_BI__Participation__c","","","false","","false"
"a2H4S00000056XmUAI","","SC-000010608","2020-06-02T17:59:20.000Z","0054S000000Ms6RQAS","2020-06-02T17:59:20.000Z","0054S000000Ms6RQAS","","a2F4S0000008dLtUAI","1.01","","a2C4S0000008SdfUAE","","","","42040656299304544","LLC_BI__Review__c","","","false","","false"
"a2H4S00000056XnUAI","","SC-000010609","2020-06-02T17:59:20.000Z","0054S000000Ms6RQAS","2020-06-02T17:59:20.000Z","0054S000000Ms6RQAS","","a2F4S0000008dLtUAI","2.01","","a2C4S0000008SdgUAE","a2H4S00000056XmUAI","LLC_BI__Account__r","","42583613329372906","Account","","","false","","false"
"a2H4S00000056XoUAI","","SC-000010610","2020-06-02T17:59:20.000Z","0054S000000Ms6RQAS","2020-06-02T17:59:20.000Z","0054S000000Ms6RQAS","","a2F4S0000008dLtUAI","3.01","","a2C4S0000008SdhUAE","a2H4S00000056XnUAI","LLC_BI__Legal_Entities__r","","42844640532295768","LLC_BI__Legal_Entities__c","","","false","","false"
"a2H4S00000056XpUAI","","SC-000010611","2020-06-02T17:59:20.000Z","0054S000000Ms6RQAS","2020-06-02T17:59:20.000Z","0054S000000Ms6RQAS","","a2F4S0000008dLtUAI","4.01","Credit_Memo_Standard_Review","a2C4S0000008SdiUAE","a2H4S00000056XoUAI","LLC_BI__Loan__r","","42256472354913518","LLC_BI__Loan__c","","","false","","false"
"a2H4S00000056XqUAI","","SC-000010612","2020-06-02T17:59:20.000Z","0054S000000Ms6RQAS","2020-06-02T17:59:20.000Z","0054S000000Ms6RQAS","","a2F4S0000008dLtUAI","5.01","","a2C4S0000008SdjUAE","a2H4S00000056XpUAI","LLC_BI__Legal_Entities__r","","42744660941608456","LLC_BI__Legal_Entities__c","","","false","","false"
"a2H4S00000056XrUAI","","SC-000010613","2020-06-02T17:59:20.000Z","0054S000000Ms6RQAS","2020-06-02T17:59:20.000Z","0054S000000Ms6RQAS","","a2F4S0000008dLtUAI","6.01","Credit_Memo_Standard_Review_Acct_Related","a2C4S0000008SdkUAE","a2H4S00000056XqUAI","LLC_BI__Account__r","","42160191959516657","Account","","","false","","false"
"a2H4S00000056XsUAI","","SC-000010614","2020-06-02T17:59:20.000Z","0054S000000Ms6RQAS","2020-06-02T17:59:20.000Z","0054S000000Ms6RQAS","","a2F4S0000008dLqUAI","1.01","","a2C4S0000008SdlUAE","","","","42416433164576775","LLC_BI__Review__c","","","false","","false"
"a2H4S00000056XtUAI","","SC-000010615","2020-06-02T17:59:20.000Z","0054S000000Ms6RQAS","2020-06-02T17:59:20.000Z","0054S000000Ms6RQAS","","a2F4S0000008dLqUAI","2.01","Credit_Memo_Standard_Review_Account","a2C4S0000008SdmUAE","a2H4S00000056XsUAI","LLC_BI__Account__r","","42174230919066418","Account","","","false","","false"
"a2H4S00000056XuUAI","","SC-000010616","2020-06-02T17:59:20.000Z","0054S000000Ms6RQAS","2020-06-02T17:59:20.000Z","0054S000000Ms6RQAS","","a2F4S0000008dLuUAI","1.01","","a2C4S0000008SdnUAE","","","","42729289086194068","LLC_BI__Review__c","","","false","","false"
"a2H4S00000056XvUAI","","SC-000010617","2020-06-02T17:59:20.000Z","0054S000000Ms6RQAS","2020-06-02T17:59:20.000Z","0054S000000Ms6RQAS","","a2F4S0000008dLuUAI","2.01","","a2C4S0000008SdoUAE","a2H4S00000056XuUAI","LLC_BI__Account__r","","42508568407888723","Account","","","false","","false"
"a2H4S00000056XwUAI","","SC-000010618","2020-06-02T17:59:20.000Z","0054S000000Ms6RQAS","2020-06-02T17:59:20.000Z","0054S000000Ms6RQAS","","a2F4S0000008dLuUAI","3.01","","a2C4S0000008SdpUAE","a2H4S00000056XvUAI","LLC_BI__Legal_Entities__r","","42523156598077458","LLC_BI__Legal_Entities__c","","","false","","false"
"a2H4S00000056XxUAI","","SC-000010619","2020-06-02T17:59:20.000Z","0054S000000Ms6RQAS","2020-06-02T17:59:20.000Z","0054S000000Ms6RQAS","","a2F4S0000008dLuUAI","4.01","Credit_Memo_Standard_Review","a2C4S0000008SdqUAE","a2H4S00000056XwUAI","LLC_BI__Loan__r","","42447512183769015","LLC_BI__Loan__c","","","false","","false"
"a2H4S00000056XyUAI","","SC-000010620","2020-06-02T17:59:20.000Z","0054S000000Ms6RQAS","2020-06-02T17:59:20.000Z","0054S000000Ms6RQAS","","a2F4S0000008dLuUAI","5.01","","a2C4S0000008SdrUAE","a2H4S00000056XxUAI","LLC_BI__Loan_Collateral__r","","42957880731293348","LLC_BI__Loan_Collateral2__c","","","false","","false"
"a2H4S00000056XzUAI","","SC-000010621","2020-06-02T17:59:20.000Z","0054S000000Ms6RQAS","2020-06-02T17:59:20.000Z","0054S000000Ms6RQAS","","a2F4S0000008dLuUAI","6.01","Credit_Memo_Standard_Review_Account","a2C4S0000008SdsUAE","a2H4S00000056XyUAI","LLC_BI__Collateral__r","Collateral Details","42329261493847130","LLC_BI__Collateral__c","","","false","","false"
"a2H4S00000056Y0UAI","","SC-000010622","2020-06-02T17:59:20.000Z","0054S000000Ms6RQAS","2020-06-02T17:59:20.000Z","0054S000000Ms6RQAS","","a2F4S0000008dLuUAI","7.01","Credit_Memo_Standard_Review_Account","a2C4S0000008SdtUAE","a2H4S00000056XzUAI","LLC_BI__Account_Collateral__r","Ownership","42048784961382748","LLC_BI__Account_Collateral__c","","","false","","false"
"a2H4S00000056Y1UAI","","SC-000010623","2020-06-02T17:59:20.000Z","0054S000000Ms6RQAS","2020-06-02T17:59:20.000Z","0054S000000Ms6RQAS","","a2F4S0000008dLuUAI","7.02","Credit_memo_Standard_Review_Account","a2C4S0000008SduUAE","a2H4S00000056XzUAI","LLC_BI__Loan_Collateral2__r","Loans","42092757112457707","LLC_BI__Loan_Collateral2__c","","","false","","false"
"a2H4S00000056Y2UAI","","SC-000010624","2020-06-02T17:59:20.000Z","0054S000000Ms6RQAS","2020-06-02T17:59:20.000Z","0054S000000Ms6RQAS","","a2F4S0000008dLuUAI","7.03","Credit_Memo_Standard_Review_Account","a2C4S0000008SdvUAE","a2H4S00000056XzUAI","LLC_BI__Liens__r","Liens","42577450863064321","LLC_BI__Lien__c","","","false","","false"
"a2H4S00000056Y3UAI","","SC-000010625","2020-06-02T17:59:20.000Z","0054S000000Ms6RQAS","2020-06-02T17:59:20.000Z","0054S000000Ms6RQAS","","a2F4S0000008dLvUAI","1.01","","a2C4S0000008SdwUAE","","","","42483242727353809","LLC_BI__Review__c","","","false","","false"
"a2H4S00000056Y4UAI","","SC-000010626","2020-06-02T17:59:20.000Z","0054S000000Ms6RQAS","2020-06-02T17:59:20.000Z","0054S000000Ms6RQAS","","a2F4S0000008dLvUAI","2.01","","a2C4S0000008SdxUAE","a2H4S00000056Y3UAI","LLC_BI__Account__r","","42420630412469800","Account","","","false","","false"
"a2H4S00000056Y5UAI","","SC-000010627","2020-06-02T17:59:20.000Z","0054S000000Ms6RQAS","2020-06-02T17:59:20.000Z","0054S000000Ms6RQAS","","a2F4S0000008dLvUAI","3.01","","a2C4S0000008SdyUAE","a2H4S00000056Y4UAI","LLC_BI__Legal_Entities__r","","42143084080909271","LLC_BI__Legal_Entities__c","","","false","","false"
"a2H4S00000056Y6UAI","","SC-000010628","2020-06-02T17:59:20.000Z","0054S000000Ms6RQAS","2020-06-02T17:59:20.000Z","0054S000000Ms6RQAS","","a2F4S0000008dLvUAI","4.01","Credit_Memo_Standard_Review","a2C4S0000008SdzUAE","a2H4S00000056Y5UAI","LLC_BI__Loan__r","","42725483308586192","LLC_BI__Loan__c","","","false","","false"
"a2H4S00000056Y7UAI","","SC-000010629","2020-06-02T17:59:20.000Z","0054S000000Ms6RQAS","2020-06-02T17:59:20.000Z","0054S000000Ms6RQAS","","a2F4S0000008dLvUAI","5.01","","a2C4S0000008Se0UAE","a2H4S00000056Y6UAI","LLC_BI__Loan_Covenants__r","","42311114971100956","LLC_BI__Loan_Covenant__c","","","false","","false"
"a2H4S00000056Y8UAI","","SC-000010630","2020-06-02T17:59:20.000Z","0054S000000Ms6RQAS","2020-06-02T17:59:20.000Z","0054S000000Ms6RQAS","","a2F4S0000008dLvUAI","6.01","Credit_Memo_Standard_Review_Account","a2C4S0000008Se1UAE","a2H4S00000056Y7UAI","LLC_BI__Covenant2__r","Covenant Details","42667513938830506","LLC_BI__Covenant2__c","","","false","","false"
"a2H4S00000056Y9UAI","","SC-000010631","2020-06-02T17:59:20.000Z","0054S000000Ms6RQAS","2020-06-02T17:59:20.000Z","0054S000000Ms6RQAS","","a2F4S0000008dLvUAI","7.01","Credit_Memo_Standard_Review_Account","a2C4S0000008Se2UAE","a2H4S00000056Y8UAI","LLC_BI__Account_Covenants__r","Ownership","42851052187990388","LLC_BI__Account_Covenant__c","","","false","","false"
"a2H4S00000056YAUAY","","SC-000010632","2020-06-02T17:59:20.000Z","0054S000000Ms6RQAS","2020-06-02T17:59:20.000Z","0054S000000Ms6RQAS","","a2F4S0000008dLvUAI","7.02","Credit_Memo_Standard_Review_Account","a2C4S0000008Se3UAE","a2H4S00000056Y8UAI","LLC_BI__Loan_Covenants__r","Loans","42785189165981485","LLC_BI__Loan_Covenant__c","","","false","","false"
"a2H4S00000056YBUAY","","SC-000010633","2020-06-02T17:59:20.000Z","0054S000000SW2aQAG","2020-06-02T17:59:20.000Z","0054S000000SW2aQAG","","a2F4S0000008dPiUAI","100.0","nFORCE__UI_Config_Builder_Group_Topbar_Config","","","","","42856225426975530","nFORCE__Group__c","","","false","","false"
"a2H4S00000056YCUAY","","SC-000010634","2020-06-02T17:59:20.000Z","0054S000000Ms6RQAS","2020-06-02T17:59:20.000Z","0054S000000Ms6RQAS","","a2F4S0000008dLwUAI","1.01","","a2C4S0000008Se4UAE","","","","42249558648466536","LLC_BI__Product_Package__c","","","false","","false"
"a2H4S00000056YDUAY","","SC-000010635","2020-06-02T17:59:20.000Z","0054S000000Ms6RQAS","2020-06-02T17:59:20.000Z","0054S000000Ms6RQAS","","a2F4S0000008dLwUAI","2.01","","a2C4S0000008Se5UAE","a2H4S00000056YCUAY","LLC_BI__Account__r","","42844264092812935","Account","","","false","","false"
"a2H4S00000056YEUAY","","SC-000010636","2020-06-02T17:59:20.000Z","0054S000000Ms6RQAS","2020-06-02T17:59:20.000Z","0054S000000Ms6RQAS","","a2F4S0000008dLwUAI","3.01","","a2C4S0000008Se6UAE","a2H4S00000056YDUAY","LLC_BI__Legal_Entities__r","","42008766593999489","LLC_BI__Legal_Entities__c","","","false","","false"
"a2H4S00000056YFUAY","","SC-000010637","2020-06-02T17:59:20.000Z","0054S000000Ms6RQAS","2020-06-02T17:59:20.000Z","0054S000000Ms6RQAS","","a2F4S0000008dLwUAI","4.01","Standard_Product_Package_Credit_Memo_Exp","a2C4S0000008Se7UAE","a2H4S00000056YEUAY","LLC_BI__Loan__r","Loans","42041144017497756","LLC_BI__Loan__c","","","false","","false"
"a2H4S00000056YGUAY","","SC-000010638","2020-06-02T17:59:20.000Z","0054S000000Ms6RQAS","2020-06-02T17:59:20.000Z","0054S000000Ms6RQAS","","a2F4S0000008dLwUAI","4.02","Standard_Product_Package_Credit_Memo","a2C4S0000008Se8UAE","a2H4S00000056YEUAY","LLC_BI__Deposit__r","Deposits","42864192663078780","LLC_BI__Deposit__c","","","false","","false"
"a2H4S00000056YHUAY","","SC-000010639","2020-06-02T17:59:20.000Z","0054S000000Ms6RQAS","2020-06-02T17:59:20.000Z","0054S000000Ms6RQAS","","a2F4S0000008dLxUAI","1.01","","a2C4S0000008Se9UAE","","","","42375104408690617","LLC_BI__Product_Package__c","","","false","","false"
"a2H4S00000056YIUAY","","SC-000010640","2020-06-02T17:59:20.000Z","0054S000000Ms6RQAS","2020-06-02T17:59:20.000Z","0054S000000Ms6RQAS","","a2F4S0000008dLxUAI","2.01","Standard_Product_Package_Credit_Memo","a2C4S0000008SeAUAU","a2H4S00000056YHUAY","LLC_BI__Loan_Facilities__r","Loan Details","42743379354066677","LLC_BI__Loan__c","","","false","","false"
"a2H4S00000056YJUAY","","SC-000010641","2020-06-02T17:59:20.000Z","0054S000000Ms6RQAS","2020-06-02T17:59:20.000Z","0054S000000Ms6RQAS","","a2F4S0000008dLxUAI","3.01","Standard_Product_Package_Credit_Memo","a2C4S0000008SeBUAU","a2H4S00000056YIUAY","LLC_BI__Legal_Entities__r","Borrower Structure","42314952790220497","LLC_BI__Legal_Entities__c","","","false","","false"
"a2H4S00000056YKUAY","","SC-000010642","2020-06-02T17:59:20.000Z","0054S000000Ms6RQAS","2020-06-02T17:59:20.000Z","0054S000000Ms6RQAS","","a2F4S0000008dLxUAI","3.02","Standard_Product_Package_Credit_Memo","a2C4S0000008SeCUAU","a2H4S00000056YIUAY","LLC_BI__Fees__r","Fees","42928373488248104","LLC_BI__Fee__c","","","false","","false"
"a2H4S00000056YLUAY","","SC-000010643","2020-06-02T17:59:20.000Z","0054S000000Ms6RQAS","2020-06-02T17:59:20.000Z","0054S000000Ms6RQAS","","a2F4S0000008dLxUAI","3.03","Standard_Product_Package_Credit_Memo","a2C4S0000008SeDUAU","a2H4S00000056YIUAY","LLC_BI__Policy_Exceptions__r","Policy Exceptions","42551015197904710","LLC_BI__Policy_Exception__c","","","false","","false"
"a2H4S00000056YMUAY","","SC-000010644","2020-06-02T17:59:20.000Z","0054S000000Ms6RQAS","2020-06-02T17:59:20.000Z","0054S000000Ms6RQAS","","a2F4S0000008dLxUAI","3.04","Standard_Product_Package_Credit_Memo","a2C4S0000008SeEUAU","a2H4S00000056YIUAY","LLC_BI__Third_Party_Reports__r","Third Party Reports","42171709696055921","LLC_BI__third_party_report__c","","","false","","false"
"a2H4S00000056YNUAY","","SC-000010645","2020-06-02T17:59:20.000Z","0054S000000Ms6RQAS","2020-06-02T17:59:20.000Z","0054S000000Ms6RQAS","","a2F4S0000008dLxUAI","3.05","Standard_Product_Package_Credit_Memo","a2C4S0000008SeFUAU","a2H4S00000056YIUAY","LLC_BI__Participations__r","Participations","42039525474922924","LLC_BI__Participation__c","","","false","","false"
"a2H4S00000056YOUAY","","SC-000010646","2020-06-02T17:59:20.000Z","0054S000000Ms6RQAS","2020-06-02T17:59:20.000Z","0054S000000Ms6RQAS","","a2F4S0000008dLyUAI","1.01","Standard_Product_Package_Credit_Memo","a2C4S0000008SeGUAU","","","","42363081139797153","LLC_BI__Product_Package__c","","","false","","false"
"a2H4S00000056YPUAY","","SC-000010647","2020-06-02T17:59:20.000Z","0054S000000Ms6RQAS","2020-06-02T17:59:20.000Z","0054S000000Ms6RQAS","","a2F4S0000008dLzUAI","1.01","","a2C4S0000008SeHUAU","","","","42823313260963042","LLC_BI__Product_Package__c","","","false","","false"
"a2H4S00000056YQUAY","","SC-000010648","2020-06-02T17:59:20.000Z","0054S000000Ms6RQAS","2020-06-02T17:59:20.000Z","0054S000000Ms6RQAS","","a2F4S0000008dLzUAI","2.01","Standard_Product_Package_Credit_Memo","a2C4S0000008SeIUAU","a2H4S00000056YPUAY","LLC_BI__Account__r","","42079607492288420","Account","","","false","","false"
"a2H4S00000056YRUAY","","SC-000010649","2020-06-02T17:59:20.000Z","0054S000000Ms6RQAS","2020-06-02T17:59:20.000Z","0054S000000Ms6RQAS","","a2F4S0000008dM0UAI","1.01","","a2C4S0000008SeJUAU","","","","42928591333234854","LLC_BI__Product_Package__c","","","false","","false"
"a2H4S00000056YSUAY","","SC-000010650","2020-06-02T17:59:20.000Z","0054S000000Ms6RQAS","2020-06-02T17:59:20.000Z","0054S000000Ms6RQAS","","a2F4S0000008dM0UAI","2.01","Credit_Memo_Standard_Product_Package","a2C4S0000008SeKUAU","a2H4S00000056YRUAY","LLC_BI__Product_Package_Teams__r","","42003287315345148","LLC_BI__Product_Package_Team__c","","","false","","false"
"a2H4S00000056YTUAY","","SC-000010651","2020-06-02T17:59:20.000Z","0054S000000Ms6RQAS","2020-06-02T17:59:20.000Z","0054S000000Ms6RQAS","","a2F4S0000008dM1UAI","1.01","","a2C4S0000008SeLUAU","","","","42028188371471622","LLC_BI__Product_Package__c","","","false","","false"
"a2H4S00000056YUUAY","","SC-000010652","2020-06-02T17:59:20.000Z","0054S000000Ms6RQAS","2020-06-02T17:59:20.000Z","0054S000000Ms6RQAS","","a2F4S0000008dM1UAI","2.01","","a2C4S0000008SeMUAU","a2H4S00000056YTUAY","LLC_BI__Loan_Facilities__r","","42749514660471242","LLC_BI__Loan__c","","","false","","false"
"a2H4S00000056YVUAY","","SC-000010653","2020-06-02T17:59:20.000Z","0054S000000Ms6RQAS","2020-06-02T17:59:20.000Z","0054S000000Ms6RQAS","","a2F4S0000008dM1UAI","3.01","","a2C4S0000008SeNUAU","a2H4S00000056YUUAY","LLC_BI__Loan_Collateral__r","","42831626061327248","LLC_BI__Loan_Collateral2__c","","","false","","false"
"a2H4S00000056YWUAY","","SC-000010654","2020-06-02T17:59:20.000Z","0054S000000Ms6RQAS","2020-06-02T17:59:20.000Z","0054S000000Ms6RQAS","","a2F4S0000008dM1UAI","4.01","Credit_Memo_Standard_Product_Package","a2C4S0000008SeOUAU","a2H4S00000056YVUAY","LLC_BI__Collateral__r","Collateral Details","42646652775860418","LLC_BI__Collateral__c","","","false","","false"
"a2H4S00000056YXUAY","","SC-000010655","2020-06-02T17:59:20.000Z","0054S000000Ms6RQAS","2020-06-02T17:59:20.000Z","0054S000000Ms6RQAS","","a2F4S0000008dM1UAI","5.01","Credit_Memo_Standard_Product_Package","a2C4S0000008SePUAU","a2H4S00000056YWUAY","LLC_BI__Account_Collateral__r","Ownership","42949838929903779","LLC_BI__Account_Collateral__c","","","false","","false"
"a2H4S00000056YYUAY","","SC-000010656","2020-06-02T17:59:20.000Z","0054S000000Ms6RQAS","2020-06-02T17:59:20.000Z","0054S000000Ms6RQAS","","a2F4S0000008dM1UAI","5.02","Credit_Memo_Standard_Product_Package","a2C4S0000008SeQUAU","a2H4S00000056YWUAY","LLC_BI__Loan_Collateral2__r","Loans","42728125118230340","LLC_BI__Loan_Collateral2__c","","","false","","false"
"a2H4S00000056YZUAY","","SC-000010657","2020-06-02T17:59:20.000Z","0054S000000Ms6RQAS","2020-06-02T17:59:20.000Z","0054S000000Ms6RQAS","","a2F4S0000008dM1UAI","5.03","Credit_Memo_Standard_Product_Package","a2C4S0000008SeRUAU","a2H4S00000056YWUAY","LLC_BI__Liens__r","Liens","42664384251283357","LLC_BI__Lien__c","","","false","","false"
"a2H4S00000056YaUAI","","SC-000010658","2020-06-02T17:59:20.000Z","0054S000000Ms6RQAS","2020-06-02T17:59:20.000Z","0054S000000Ms6RQAS","","a2F4S0000008dM2UAI","1.01","","a2C4S0000008SeSUAU","","","","42702976222728604","LLC_BI__Product_Package__c","","","false","","false"
"a2H4S00000056YbUAI","","SC-000010659","2020-06-02T17:59:20.000Z","0054S000000Ms6RQAS","2020-06-02T17:59:20.000Z","0054S000000Ms6RQAS","","a2F4S0000008dM2UAI","2.01","","a2C4S0000008SeTUAU","a2H4S00000056YaUAI","LLC_BI__Loan_Facilities__r","","42755943601412406","LLC_BI__Loan__c","","","false","","false"
"a2H4S00000056YcUAI","","SC-000010660","2020-06-02T17:59:20.000Z","0054S000000Ms6RQAS","2020-06-02T17:59:20.000Z","0054S000000Ms6RQAS","","a2F4S0000008dM2UAI","3.01","","a2C4S0000008SeUUAU","a2H4S00000056YbUAI","LLC_BI__Loan_Covenants__r","","42368145583701482","LLC_BI__Loan_Covenant__c","","","false","","false"
"a2H4S00000056YdUAI","","SC-000010661","2020-06-02T17:59:20.000Z","0054S000000Ms6RQAS","2020-06-02T17:59:20.000Z","0054S000000Ms6RQAS","","a2F4S0000008dM2UAI","4.01","Credit_Memo_Standard_Product_Package","a2C4S0000008SeVUAU","a2H4S00000056YcUAI","LLC_BI__Covenant2__r","Covenant Details","42090012568699723","LLC_BI__Covenant2__c","","","false","","false"
"a2H4S00000056YeUAI","","SC-000010662","2020-06-02T17:59:20.000Z","0054S000000Ms6RQAS","2020-06-02T17:59:20.000Z","0054S000000Ms6RQAS","","a2F4S0000008dM2UAI","5.01","Credit_Memo_Standard_Product_Package","a2C4S0000008SeWUAU","a2H4S00000056YdUAI","LLC_BI__Account_Covenants__r","Ownership","42466286058952113","LLC_BI__Account_Covenant__c","","","false","","false"
"a2H4S00000056YfUAI","","SC-000010663","2020-06-02T17:59:20.000Z","0054S000000Ms6RQAS","2020-06-02T17:59:20.000Z","0054S000000Ms6RQAS","","a2F4S0000008dM2UAI","5.02","Credit_Memo_Standard_Product_Package","a2C4S0000008SeXUAU","a2H4S00000056YdUAI","LLC_BI__Loan_Covenants__r","Loans","42459490931281484","LLC_BI__Loan_Covenant__c","","","false","","false"
"a2H4S00000056YgUAI","","SC-000010980","2020-06-02T17:59:20.000Z","0054S000000SW2aQAG","2020-06-02T17:59:20.000Z","0054S000000SW2aQAG","","a2F4S0000008dTpUAI","100.0","nFORCE__UI_Config_Builder_Group_Topbar_Config","","","","","42535343636986254","nFORCE__Group__c","","","false","","false"
"a2H4S00000056YhUAI","","SC-000010981","2020-06-02T17:59:20.000Z","0054S000000SW21QAG","2020-06-02T17:59:20.000Z","0054S000000SW21QAG","","a2F4S0000008dTqUAI","1.01","LLC_BI__Leased_Asset_Valuation","","","","Valuation","42327143344905966","LLC_BI__Collateral__c","","","false","","false"
"a2H4S00000056YiUAI","","SC-000010982","2020-06-02T17:59:20.000Z","0054S000000SW21QAG","2020-06-02T17:59:20.000Z","0054S000000SW21QAG","","a2F4S0000008dTrUAI","1.01","LLC_BI__Leased_Asset_Search_Results","","","","Search Results","42271488687128013","LLC_BI__Collateral__c","","","false","","false"
"a2H4S00000056YjUAI","","SC-000010983","2020-06-02T17:59:20.000Z","0054S000000SW21QAG","2020-06-02T17:59:20.000Z","0054S000000SW21QAG","","a2F4S0000008dTsUAI","1.01","LLC_BI__Bulk_Pledge_Asset_Details","a2C4S0000008SeYUAU","","","","42787893627471830","LLC_BI__Loan_Collateral2__c","","","false","","false"
"a2H4S00000056YkUAI","","SC-000010984","2020-06-02T17:59:20.000Z","0054S000000SW21QAG","2020-06-02T17:59:20.000Z","0054S000000SW21QAG","","a2F4S0000008dTtUAI","1.01","LLC_BI__Budget_Summary","","","","Budget Summary","42724977773302761","LLC_BI__Budget__c","","","false","","false"
"a2H4S00000056YlUAI","","SC-000010985","2020-06-02T17:59:20.000Z","0054S000000SW21QAG","2020-06-02T17:59:20.000Z","0054S000000SW21QAG","","a2F4S0000008dTuUAI","1.01","LLC_BI__Draws_Overview_Summary","","","","Disbursements Summary","42371419509273849","LLC_BI__Budget__c","","","false","","false"
"a2H4S00000056YmUAI","","SC-000010986","2020-06-02T17:59:20.000Z","0054S000000SW21QAG","2020-06-02T17:59:20.000Z","0054S000000SW21QAG","","a2F4S0000008dTvUAI","1.01","LLC_BI__Draws_History_Summary","","","","Disbursements Summary","42724461206055265","LLC_BI__Budget__c","","","false","","false"
"a2H4S00000056YnUAI","","SC-000010987","2020-06-02T17:59:20.000Z","0054S000000SW21QAG","2020-06-02T17:59:20.000Z","0054S000000SW21QAG","","a2F4S0000008dTwUAI","1.01","LLC_BI__Entity_Involvement_New_Individual_Fields","","","","","42988499552966493","Contact","","","false","","false"
"a2H4S00000056YoUAI","","SC-000010988","2020-06-02T17:59:20.000Z","0054S000000SW21QAG","2020-06-02T17:59:20.000Z","0054S000000SW21QAG","","a2F4S0000008dTxUAI","1.01","LLC_BI__Entity_Involvement_New_Business_Fields","","","","","42482491473420577","Account","","","false","","false"
"a2H4S00000056YpUAI","","SC-000010990","2020-06-02T17:59:20.000Z","0054S000000SW21QAG","2020-06-02T17:59:20.000Z","0054S000000SW21QAG","","a2F4S0000008dTyUAI","1.01","LLC_BI__Product_Package_Entity","","","","","42993038925688902","LLC_BI__Legal_Entities__c","","","false","","false"
"a2H4S00000056YqUAI","","SC-000010991","2020-06-02T17:59:20.000Z","0054S000000SW21QAG","2020-06-02T17:59:20.000Z","0054S000000SW21QAG","","a2F4S0000008dTzUAI","10.0","LLC_BI__Credit_Actions_New_Package_Details","","","","New Product Package","42423264960343182","LLC_BI__Product_Package__c","","","false","","false"
"a2H4S00000056YrUAI","","SC-000010992","2020-06-02T17:59:20.000Z","0054S000000SW21QAG","2020-06-02T17:59:20.000Z","0054S000000SW21QAG","","a2F4S0000008dU0UAI","1.0","LLC_BI__Loan_Facility_Creation_Additional_Fields","","","","","42360250904287772","LLC_BI__Loan__c","","","false","","false"
"a2H4S00000056YsUAI","","SC-000010993","2020-06-02T17:59:20.000Z","0054S000000Ms6RQAS","2020-06-02T17:59:20.000Z","0054S000000Ms6RQAS","","a2F4S0000008dU1UAI","1.01","","","","","","42597457406150339","LLC_BI__Loan__c","","","false","","false"
"a2H4S00000056YtUAI","","SC-000010994","2020-06-02T17:59:20.000Z","0054S000000Ms6RQAS","2020-06-02T17:59:20.000Z","0054S000000Ms6RQAS","","a2F4S0000008dU1UAI","2.01","LLC_BI__Global_Entity_Fields","","a2H4S00000056YsUAI","LLC_BI__Legal_Entities__r","","42717246136393856","LLC_BI__Legal_Entities__c","","","false","","false"
"a2H4S00000056YuUAI","","SC-000010995","2020-06-02T17:59:20.000Z","0054S000000Ms6RQAS","2020-06-02T17:59:20.000Z","0054S000000Ms6RQAS","","a2F4S0000008dU1UAI","3.01","","","a2H4S00000056YtUAI","LLC_BI__Account__r","","42025412949893064","Account","","","false","","false"
"a2H4S00000056YvUAI","","SC-000010996","2020-06-02T17:59:20.000Z","0054S000000Ms6RQAS","2020-06-02T17:59:20.000Z","0054S000000Ms6RQAS","","a2F4S0000008dU1UAI","4.01","LLC_BI__Bundle_ID","","a2H4S00000056YuUAI","LLC_BI__Underwriting_Bundle__r","","42566511727526079","LLC_BI__Underwriting_Bundle__c","","","false","","false"
"a2H4S00000056YwUAI","","SC-000010997","2020-06-02T17:59:20.000Z","0054S000000Ms6RQAS","2020-06-02T17:59:20.000Z","0054S000000Ms6RQAS","","a2F4S0000008dU2UAI","1.01","NPORTAL__Secured_SBL_Eligibility_Loan","","","","","42785540586095517","LLC_BI__Loan__c","","","false","","false"
"a2H4S00000056YxUAI","","SC-000010998","2020-06-02T17:59:20.000Z","0054S000000Ms6RQAS","2020-06-02T17:59:20.000Z","0054S000000Ms6RQAS","","a2F4S0000008dU3UAI","1.01","NPORTAL__Secured_SBL_Business_Name","","","","","42726914068899503","Account","","","false","","false"
"a2H4S00000056YyUAI","","SC-000010999","2020-06-02T17:59:20.000Z","0054S000000Ms6RQAS","2020-06-02T17:59:20.000Z","0054S000000Ms6RQAS","","a2F4S0000008dU4UAI","1.01","NPORTAL__Secured_SBL_Business_Information","","","","","42416694957352985","Account","","","false","","false"
"a2H4S00000056YzUAI","","SC-000011000","2020-06-02T17:59:20.000Z","0054S000000Ms6RQAS","2020-06-02T17:59:20.000Z","0054S000000Ms6RQAS","","a2F4S0000008dU5UAI","1.01","NPORTAL__Secured_SBL_Business_Location","","","","","42021852359656836","Account","","","false","","false"
"a2H4S00000056Z0UAI","","SC-000011001","2020-06-02T17:59:20.000Z","0054S000000Ms6RQAS","2020-06-02T17:59:20.000Z","0054S000000Ms6RQAS","","a2F4S0000008dU6UAI","1.01","NPORTAL__SBL_Personal_Business_Role","","","","","42083064098082569","LLC_BI__Connection__c","","","false","","false"
"a2H4S00000056Z1UAI","","SC-000011002","2020-06-02T17:59:20.000Z","0054S000000Ms6RQAS","2020-06-02T17:59:20.000Z","0054S000000Ms6RQAS","","a2F4S0000008dU7UAI","1.01","NPORTAL__SBL_Personal_SSN","","","","","42315258719999385","Contact","","","false","","false"
"a2H4S00000056Z2UAI","","SC-000011003","2020-06-02T17:59:20.000Z","0054S000000Ms6RQAS","2020-06-02T17:59:20.000Z","0054S000000Ms6RQAS","","a2F4S0000008dU8UAI","1.01","NPORTAL__SBL_Personal_Contact","","","","","42974343667163053","Contact","","","false","","false"
"a2H4S00000056Z3UAI","","SC-000011004","2020-06-02T17:59:20.000Z","0054S000000Ms6RQAS","2020-06-02T17:59:20.000Z","0054S000000Ms6RQAS","","a2F4S0000008dU9UAI","1.01","NPORTAL__Secured_SBL_Personal_SSN_Other","","","","","42195566823852454","Contact","","","false","","false"
"a2H4S00000056Z4UAI","","SC-000011005","2020-06-02T17:59:20.000Z","0054S000000Ms6RQAS","2020-06-02T17:59:20.000Z","0054S000000Ms6RQAS","","a2F4S0000008dUAUAY","1.01","NPORTAL__Secured_SBL_Personal_Contact_Other","","","","","42547887634007142","Contact","","","false","","false"
"a2H4S00000056Z5UAI","","SC-000011006","2020-06-02T17:59:20.000Z","0054S000000Ms6RQAS","2020-06-02T17:59:20.000Z","0054S000000Ms6RQAS","","a2F4S0000008dUBUAY","1.01","NPORTAL__SBL_Eligibility_Loan","","","","","42993715719425121","LLC_BI__Loan__c","","","false","","false"
"a2H4S00000056Z6UAI","","SC-000011007","2020-06-02T17:59:20.000Z","0054S000000Ms6RQAS","2020-06-02T17:59:20.000Z","0054S000000Ms6RQAS","","a2F4S0000008dUCUAY","1.01","NPORTAL__SBL_Eligibility_Business","","","","","42272202658766294","Account","","","false","","false"
"a2H4S00000056Z7UAI","","SC-000011008","2020-06-02T17:59:20.000Z","0054S000000Ms6RQAS","2020-06-02T17:59:20.000Z","0054S000000Ms6RQAS","","a2F4S0000008dUDUAY","1.01","NPORTAL__SBL_Business_Information","","","","","42707844832514694","Account","","","false","","false"
"a2H4S00000056Z8UAI","","SC-000011009","2020-06-02T17:59:20.000Z","0054S000000Ms6RQAS","2020-06-02T17:59:20.000Z","0054S000000Ms6RQAS","","a2F4S0000008dUEUAY","1.01","NPORTAL__SBL_Business_Location","","","","","42045965094176411","Account","","","false","","false"
"a2H4S00000056Z9UAI","","SC-000011010","2020-06-02T17:59:20.000Z","0054S000000Ms6RQAS","2020-06-02T17:59:20.000Z","0054S000000Ms6RQAS","","a2F4S0000008dUFUAY","1.01","NPORTAL__SBL_Personal_SSN_Individual_Other","","","","","42011979593094619","Contact","","","false","","false"
"a2H4S00000056ZAUAY","","SC-000011011","2020-06-02T17:59:20.000Z","0054S000000Ms6RQAS","2020-06-02T17:59:20.000Z","0054S000000Ms6RQAS","","a2F4S0000008dUGUAY","1.01","NPORTAL__SBL_Personal_Contact_Individual_Other","","","","","42531473513608278","Contact","","","false","","false"
"a2H4S00000056ZBUAY","","SC-000011012","2020-06-02T17:59:20.000Z","0054S000000Ms6RQAS","2020-06-02T17:59:20.000Z","0054S000000Ms6RQAS","","a2F4S0000008dPpUAI","1.01","","a2C4S0000008SeZUAU","","","","42738373074986560","LLC_BI__Product_Package__c","","0.0","false","","false"
"a2H4S00000056ZCUAY","","SC-000011013","2020-06-02T17:59:20.000Z","0054S000000Ms6RQAS","2020-06-02T17:59:20.000Z","0054S000000Ms6RQAS","","a2F4S0000008dPpUAI","2.02","","a2C4S0000008SeaUAE","a2H4S00000056ZBUAY","LLC_BI__Entity_Involvements__r","","42306676814980158","LLC_BI__Legal_Entities__c","","0.0","false","","false"
"a2H4S00000056ZDUAY","","SC-000011014","2020-06-02T17:59:20.000Z","0054S000000Ms6RQAS","2020-06-02T17:59:20.000Z","0054S000000Ms6RQAS","","a2F4S0000008dPpUAI","3.02","Standard_Product_Package_Credit_Memo","a2C4S0000008SebUAE","a2H4S00000056ZCUAY","LLC_BI__Deposit__r","","42890723000252658","LLC_BI__Deposit__c","","0.0","false","","false"
"a2H4S00000056ZEUAY","","SC-000011015","2020-06-02T17:59:20.000Z","0054S000000Ms6RQAS","2020-06-02T17:59:20.000Z","0054S000000Ms6RQAS","","a2F4S0000008dUHUAY","1.01","RequiredLoanFieldsToCreateRateOrPayment","a2C4S0000008SecUAE","","","","42628841340758701","LLC_BI__Loan__c","","0.0","false","","false"
"a2H4S00000056ZFUAY","","SC-000011016","2020-06-02T17:59:20.000Z","0054S000000Ms6RQAS","2020-06-02T17:59:20.000Z","0054S000000Ms6RQAS","","a2F4S0000008dUIUAY","1.01","PricingReadOnly","a2C4S0000008SedUAE","","","","42582897622522813","LLC_BI__Loan__c","","0.0","false","","false"
"a2H4S00000056ZGUAY","","SC-000011017","2020-06-02T17:59:20.000Z","0054S000000Ms6RQAS","2020-06-02T17:59:20.000Z","0054S000000Ms6RQAS","","a2F4S0000008dUJUAY","1.01","","","","","","42779409737430342","LLC_BI__Loan__c","","","false","","false"
"a2H4S00000056ZHUAY","","SC-000011018","2020-06-02T17:59:20.000Z","0054S000000Ms6RQAS","2020-06-02T17:59:20.000Z","0054S000000Ms6RQAS","","a2F4S0000008dUJUAY","2.01","LLC_BI__Entity_ID","","a2H4S00000056ZGUAY","LLC_BI__Legal_Entities__r","","42259643126554055","LLC_BI__Legal_Entities__c","","","false","","false"
"a2H4S00000056ZIUAY","","SC-000011019","2020-06-02T17:59:20.000Z","0054S000000Ms6RQAS","2020-06-02T17:59:20.000Z","0054S000000Ms6RQAS","","a2F4S0000008dUJUAY","3.01","","","a2H4S00000056ZHUAY","LLC_BI__Account__r","","42536893404793903","Account","","","false","","false"
"a2H4S00000056ZJUAY","","SC-000011020","2020-06-02T17:59:20.000Z","0054S000000Ms6RQAS","2020-06-02T17:59:20.000Z","0054S000000Ms6RQAS","","a2F4S0000008dUJUAY","4.01","LLC_BI__Bundle_ID","","a2H4S00000056ZIUAY","LLC_BI__Underwriting_Bundle__r","","42888704348907886","LLC_BI__Underwriting_Bundle__c","","","false","","false"
"a2H4S00000056ZKUAY","","SC-000011021","2020-06-02T17:59:20.000Z","0054S000000Ms6RQAS","2020-06-02T17:59:20.000Z","0054S000000Ms6RQAS","","a2F4S0000008dULUAY","1.01","","a2C4S0000008SeeUAE","","","","42041126876852052","LLC_BI__Loan__c","","0.0","false","","false"
"a2H4S00000056ZLUAY","","SC-000011022","2020-06-02T17:59:20.000Z","0054S000000Ms6RQAS","2020-06-02T17:59:20.000Z","0054S000000Ms6RQAS","","a2F4S0000008dULUAY","2.01","","a2C4S0000008SefUAE","a2H4S00000056ZKUAY","LLC_BI__Account__r","","42545456171044896","Account","","0.0","false","","false"
"a2H4S00000056ZMUAY","","SC-000011023","2020-06-02T17:59:20.000Z","0054S000000Ms6RQAS","2020-06-02T17:59:20.000Z","0054S000000Ms6RQAS","","a2F4S0000008dULUAY","3.01","","a2C4S0000008SegUAE","a2H4S00000056ZLUAY","LLC_BI__Legal_Entities__r","","42934173469482570","LLC_BI__Legal_Entities__c","","0.0","false","","false"
"a2H4S00000056ZNUAY","","SC-000011024","2020-06-02T17:59:20.000Z","0054S000000Ms6RQAS","2020-06-02T17:59:20.000Z","0054S000000Ms6RQAS","","a2F4S0000008dULUAY","4.01","Credit_Memo_Standard_Loan_Exp","a2C4S0000008SehUAE","a2H4S00000056ZMUAY","LLC_BI__Loan__r","Loans","42286873310850521","LLC_BI__Loan__c","","0.0","false","","false"
"a2H4S00000056ZOUAY","","SC-000011025","2020-06-02T17:59:20.000Z","0054S000000Ms6RQAS","2020-06-02T17:59:20.000Z","0054S000000Ms6RQAS","","a2F4S0000008dULUAY","4.02","Credit_Memo_Standard_Loan","a2C4S0000008SeiUAE","a2H4S00000056ZMUAY","LLC_BI__Deposit__r","Deposits","42227905851831362","LLC_BI__Deposit__c","","0.0","false","","false"
"a2H4S00000056ZPUAY","","SC-000011026","2020-06-02T17:59:20.000Z","0054S000000Ms6RQAS","2020-06-02T17:59:20.000Z","0054S000000Ms6RQAS","","a2F4S0000008dUOUAY","1.01","","a2C4S0000008SejUAE","","","Authorized Signers","42803241340837843","LLC_BI__Loan__c","","","false","","false"
"a2H4S00000056ZQUAY","","SC-000011027","2020-06-02T17:59:20.000Z","0054S000000Ms6RQAS","2020-06-02T17:59:20.000Z","0054S000000Ms6RQAS","","a2F4S0000008dUOUAY","2.01","","a2C4S0000008SekUAE","a2H4S00000056ZPUAY","LLC_BI__Legal_Entities__r","","42246535436720227","LLC_BI__Legal_Entities__c","","","false","","false"
"a2H4S00000056ZRUAY","","SC-000011028","2020-06-02T17:59:20.000Z","0054S000000Ms6RQAS","2020-06-02T17:59:20.000Z","0054S000000Ms6RQAS","","a2F4S0000008dUOUAY","3.01","Credit_Memo_Standard_Loan","a2C4S0000008SelUAE","a2H4S00000056ZQUAY","LLC_BI__Contingent_Liabilties__r","","42139266754988552","LLC_BI__Contingent_Liabilty__c","","","false","","false"
"a2H4S00000056ZSUAY","","SC-000011029","2020-06-02T17:59:20.000Z","0054S000000Ms6RQAS","2020-06-02T17:59:20.000Z","0054S000000Ms6RQAS","","a2F4S0000008dUPUAY","1.01","","a2C4S0000008SemUAE","","","","42520880783068650","LLC_BI__Loan__c","","","false","","false"
"a2H4S00000056ZTUAY","","SC-000011030","2020-06-02T17:59:20.000Z","0054S000000Ms6RQAS","2020-06-02T17:59:20.000Z","0054S000000Ms6RQAS","","a2F4S0000008dUPUAY","2.01","Credit_Memo_Standard_Loan","a2C4S0000008SenUAE","a2H4S00000056ZSUAY","LLC_BI__Legal_Entities__r","","42316688967249975","LLC_BI__Legal_Entities__c","","","false","","false"
"a2H4S00000056ZUUAY","","SC-000011031","2020-06-02T17:59:20.000Z","0054S000000Ms6RQAS","2020-06-02T17:59:20.000Z","0054S000000Ms6RQAS","","a2F4S0000008dUQUAY","1.01","Credit_Memo_Standard_Loan","a2C4S0000008SeoUAE","","","","42291444722954349","LLC_BI__Loan__c","","0.0","false","","false"
"a2H4S00000056ZVUAY","","SC-000011032","2020-06-02T17:59:20.000Z","0054S000000Ms6RQAS","2020-06-02T17:59:20.000Z","0054S000000Ms6RQAS","","a2F4S0000008dUSUAY","1.01","","a2C4S0000008SepUAE","","","","42986901801813498","LLC_BI__Loan__c","","","false","","false"
"a2H4S00000056ZWUAY","","SC-000011033","2020-06-02T17:59:20.000Z","0054S000000Ms6RQAS","2020-06-02T17:59:20.000Z","0054S000000Ms6RQAS","","a2F4S0000008dUSUAY","2.01","","a2C4S0000008SeqUAE","a2H4S00000056ZVUAY","LLC_BI__Loan_Collateral__r","","42862277547815594","LLC_BI__Loan_Collateral2__c","","","false","","false"
"a2H4S00000056ZXUAY","","SC-000011034","2020-06-02T17:59:20.000Z","0054S000000Ms6RQAS","2020-06-02T17:59:20.000Z","0054S000000Ms6RQAS","","a2F4S0000008dUSUAY","3.01","Credit_Memo_Standard_Loan","a2C4S0000008SerUAE","a2H4S00000056ZWUAY","LLC_BI__Collateral__r","Collateral Details","42534219252525456","LLC_BI__Collateral__c","","","false","","false"
"a2H4S00000056ZYUAY","","SC-000011035","2020-06-02T17:59:20.000Z","0054S000000Ms6RQAS","2020-06-02T17:59:20.000Z","0054S000000Ms6RQAS","","a2F4S0000008dUSUAY","4.01","Credit_Memo_Standard_Loan","a2C4S0000008SesUAE","a2H4S00000056ZXUAY","LLC_BI__Account_Collateral__r","Ownership","42112837615045520","LLC_BI__Account_Collateral__c","","","false","","false"
"a2H4S00000056ZZUAY","","SC-000011036","2020-06-02T17:59:20.000Z","0054S000000Ms6RQAS","2020-06-02T17:59:20.000Z","0054S000000Ms6RQAS","","a2F4S0000008dUSUAY","4.02","Credit_Memo_Standard_Loan","a2C4S0000008SetUAE","a2H4S00000056ZXUAY","LLC_BI__Loan_Collateral2__r","Loans","4227967638684617","LLC_BI__Loan_Collateral2__c","","","false","","false"
"a2H4S00000056ZaUAI","","SC-000011037","2020-06-02T17:59:20.000Z","0054S000000Ms6RQAS","2020-06-02T17:59:20.000Z","0054S000000Ms6RQAS","","a2F4S0000008dUSUAY","4.03","Credit_Memo_Standard_Loan","a2C4S0000008SeuUAE","a2H4S00000056ZXUAY","LLC_BI__Liens__r","Liens","42317315869973118","LLC_BI__Lien__c","","","false","","false"
"a2H4S00000056ZbUAI","","SC-000011038","2020-06-02T17:59:20.000Z","0054S000000Ms6RQAS","2020-06-02T17:59:20.000Z","0054S000000Ms6RQAS","","a2F4S0000008dUUUAY","1.01","","a2C4S0000008SevUAE","","","","42686727229397015","LLC_BI__Loan__c","","","false","","false"
"a2H4S00000056ZcUAI","","SC-000011039","2020-06-02T17:59:20.000Z","0054S000000Ms6RQAS","2020-06-02T17:59:20.000Z","0054S000000Ms6RQAS","","a2F4S0000008dUUUAY","2.01","Credit_Memo_Standard_Loan","a2C4S0000008SewUAE","a2H4S00000056ZbUAI","LLC_BI__Participations__r","","42416994772575731","LLC_BI__Participation__c","","","false","","false"
"a2H4S00000056ZdUAI","","SC-000011040","2020-06-02T17:59:20.000Z","0054S000000Ms6RQAS","2020-06-02T17:59:20.000Z","0054S000000Ms6RQAS","","a2F4S0000008dUWUAY","1.01","","a2C4S0000008SexUAE","","","","42720983984145859","LLC_BI__Loan__c","","","false","","false"
"a2H4S00000056ZeUAI","","SC-000011041","2020-06-02T17:59:20.000Z","0054S000000Ms6RQAS","2020-06-02T17:59:20.000Z","0054S000000Ms6RQAS","","a2F4S0000008dUWUAY","2.01","","a2C4S0000008SeyUAE","a2H4S00000056ZdUAI","LLC_BI__Loan_Covenants__r","","42298291803172400","LLC_BI__Loan_Covenant__c","","","false","","false"
"a2H4S00000056ZfUAI","","SC-000011042","2020-06-02T17:59:20.000Z","0054S000000Ms6RQAS","2020-06-02T17:59:20.000Z","0054S000000Ms6RQAS","","a2F4S0000008dUWUAY","3.01","Credit_Memo_Standard_Loan","a2C4S0000008SezUAE","a2H4S00000056ZeUAI","LLC_BI__Covenant2__r","Covenant Details","42304924552690111","LLC_BI__Covenant2__c","","","false","","false"
"a2H4S00000056ZgUAI","","SC-000011043","2020-06-02T17:59:20.000Z","0054S000000Ms6RQAS","2020-06-02T17:59:20.000Z","0054S000000Ms6RQAS","","a2F4S0000008dUWUAY","4.01","Credit_Memo_Standard_Loan","a2C4S0000008Sf0UAE","a2H4S00000056ZfUAI","LLC_BI__Account_Covenants__r","Ownership","42520314531407641","LLC_BI__Account_Covenant__c","","","false","","false"
"a2H4S00000056ZhUAI","","SC-000011044","2020-06-02T17:59:20.000Z","0054S000000Ms6RQAS","2020-06-02T17:59:20.000Z","0054S000000Ms6RQAS","","a2F4S0000008dUWUAY","4.02","Credit_Memo_Standard_Loan","a2C4S0000008Sf1UAE","a2H4S00000056ZfUAI","LLC_BI__Loan_Covenants__r","Loans","42407356570940852","LLC_BI__Loan_Covenant__c","","","false","","false"
"a2H4S00000056ZiUAI","","SC-000011045","2020-06-02T17:59:20.000Z","0054S000000Ms6RQAS","2020-06-02T17:59:20.000Z","0054S000000Ms6RQAS","","a2F4S0000008dUXUAY","1.01","","a2C4S0000008Sf2UAE","","","","42463036936452335","LLC_BI__Loan__c","","","false","","false"
"a2H4S00000056ZjUAI","","SC-000011046","2020-06-02T17:59:20.000Z","0054S000000Ms6RQAS","2020-06-02T17:59:20.000Z","0054S000000Ms6RQAS","","a2F4S0000008dUXUAY","2.01","Credit_Memo_Standard_Loan","a2C4S0000008Sf3UAE","a2H4S00000056ZiUAI","LLC_BI__Third_Party_Reports__r","","42479191217222090","LLC_BI__third_party_report__c","","","false","","false"
"a2H4S00000056ZkUAI","","SC-000011047","2020-06-02T17:59:20.000Z","0054S000000Ms6RQAS","2020-06-02T17:59:20.000Z","0054S000000Ms6RQAS","","a2F4S0000008dUcUAI","1.01","","a2C4S0000008Sf4UAE","","","","42921950267437009","LLC_BI__Loan__c","","","false","","false"
"a2H4S00000056ZlUAI","","SC-000011048","2020-06-02T17:59:20.000Z","0054S000000Ms6RQAS","2020-06-02T17:59:20.000Z","0054S000000Ms6RQAS","","a2F4S0000008dUcUAI","2.01","Credit_Memo_Standard_Loan","a2C4S0000008Sf5UAE","a2H4S00000056ZkUAI","LLC_BI__Loan_Teams__r","","42097359506798863","LLC_BI__LoanTeam__c","","","false","","false"
"a2H4S00000056ZmUAI","","SC-000011049","2020-06-02T17:59:20.000Z","0054S000000Ms6RQAS","2020-06-02T17:59:20.000Z","0054S000000Ms6RQAS","","a2F4S0000008dUgUAI","1.01","","a2C4S0000008Sf6UAE","","","","42103194944566850","LLC_BI__Loan__c","","","false","","false"
"a2H4S00000056ZnUAI","","SC-000011050","2020-06-02T17:59:20.000Z","0054S000000Ms6RQAS","2020-06-02T17:59:20.000Z","0054S000000Ms6RQAS","","a2F4S0000008dUgUAI","2.01","Credit_Memo_Standard_Loan","a2C4S0000008Sf7UAE","a2H4S00000056ZmUAI","LLC_BI__Fees__r","","42419032159086420","LLC_BI__Fee__c","","","false","","false"
"a2H4S00000056ZoUAI","","SC-000011051","2020-06-02T17:59:20.000Z","0054S000000Ms6RQAS","2020-06-02T17:59:20.000Z","0054S000000Ms6RQAS","","a2F4S0000008dUiUAI","1.01","","a2C4S0000008Sf8UAE","","","","42915857450523526","LLC_BI__Loan__c","","","false","","false"
"a2H4S00000056ZpUAI","","SC-000011052","2020-06-02T17:59:20.000Z","0054S000000Ms6RQAS","2020-06-02T17:59:20.000Z","0054S000000Ms6RQAS","","a2F4S0000008dUiUAI","2.01","Credit_Memo_Standard_Loan","a2C4S0000008Sf9UAE","a2H4S00000056ZoUAI","LLC_BI__Account__r","","42941520969428701","Account","","","false","","false"
"a2H4S00000056ZqUAI","","SC-000011053","2020-06-02T17:59:20.000Z","0054S000000Ms6RQAS","2020-06-02T17:59:20.000Z","0054S000000Ms6RQAS","","a2F4S0000008dUkUAI","1.01","","a2C4S0000008SfAUAU","","","","42146005225952222","LLC_BI__Loan__c","","","false","","false"
"a2H4S00000056ZrUAI","","SC-000011054","2020-06-02T17:59:20.000Z","0054S000000Ms6RQAS","2020-06-02T17:59:20.000Z","0054S000000Ms6RQAS","","a2F4S0000008dUkUAI","2.01","Credit_Memo_Standard_Loan","a2C4S0000008SfBUAU","a2H4S00000056ZqUAI","LLC_BI__Policy_Exceptions__r","","42078766602031594","LLC_BI__Policy_Exception__c","","","false","","false"
"a2H4S00000056ZsUAI","","SC-000011055","2020-06-02T17:59:20.000Z","0054S000000Ms6RQAS","2020-06-02T17:59:20.000Z","0054S000000Ms6RQAS","","a2F4S0000008dMLUAY","1.01","","","","","","42818369628167775","LLC_BI__Loan__c","","","false","","false"
"a2H4S00000056ZtUAI","","SC-000011056","2020-06-02T17:59:20.000Z","0054S000000Ms6RQAS","2020-06-02T17:59:20.000Z","0054S000000Ms6RQAS","","a2F4S0000008dMLUAY","2.01","LLC_BI__Entity_ID","","a2H4S00000056ZsUAI","LLC_BI__Legal_Entities__r","","42134782818259565","LLC_BI__Legal_Entities__c","","","false","","false"
"a2H4S00000056ZuUAI","","SC-000011057","2020-06-02T17:59:20.000Z","0054S000000Ms6RQAS","2020-06-02T17:59:20.000Z","0054S000000Ms6RQAS","","a2F4S0000008dMLUAY","3.01","","","a2H4S00000056ZtUAI","LLC_BI__Account__r","","42876702775710159","Account","","","false","","false"
"a2H4S00000056ZvUAI","","SC-000011058","2020-06-02T17:59:20.000Z","0054S000000Ms6RQAS","2020-06-02T17:59:20.000Z","0054S000000Ms6RQAS","","a2F4S0000008dMLUAY","4.01","LLC_BI__Bundle_ID","","a2H4S00000056ZuUAI","LLC_BI__Underwriting_Bundle__r","","42300476111907443","LLC_BI__Underwriting_Bundle__c","","","false","","false"
"a2H4S00000056ZwUAI","","SC-000011059","2020-06-02T17:59:20.000Z","0054S000000Ms6RQAS","2020-06-02T17:59:20.000Z","0054S000000Ms6RQAS","","a2F4S0000008dMQUAY","1.01","","a2C4S0000008SfCUAU","","","","42721259000755262","LLC_BI__Loan__c","","0.0","false","","false"
"a2H4S00000056ZxUAI","","SC-000011060","2020-06-02T17:59:20.000Z","0054S000000Ms6RQAS","2020-06-02T17:59:20.000Z","0054S000000Ms6RQAS","","a2F4S0000008dMQUAY","2.01","","a2C4S0000008SfDUAU","a2H4S00000056ZwUAI","LLC_BI__Account__r","","42810510331226221","Account","","0.0","false","","false"
"a2H4S00000056ZyUAI","","SC-000011061","2020-06-02T17:59:20.000Z","0054S000000Ms6RQAS","2020-06-02T17:59:20.000Z","0054S000000Ms6RQAS","","a2F4S0000008dMQUAY","3.01","","a2C4S0000008SfEUAU","a2H4S00000056ZxUAI","LLC_BI__Legal_Entities__r","","42970086275764464","LLC_BI__Legal_Entities__c","","0.0","false","","false"
"a2H4S00000056ZzUAI","","SC-000011062","2020-06-02T17:59:20.000Z","0054S000000Ms6RQAS","2020-06-02T17:59:20.000Z","0054S000000Ms6RQAS","","a2F4S0000008dMQUAY","4.01","Credit_Memo_Standard_Loan_Exp","a2C4S0000008SfFUAU","a2H4S00000056ZyUAI","LLC_BI__Loan__r","Loans","42316754939994118","LLC_BI__Loan__c","","0.0","false","","false"
"a2H4S00000056a0UAA","","SC-000011063","2020-06-02T17:59:20.000Z","0054S000000Ms6RQAS","2020-06-02T17:59:20.000Z","0054S000000Ms6RQAS","","a2F4S0000008dMQUAY","4.02","Credit_Memo_Standard_Loan","a2C4S0000008SfGUAU","a2H4S00000056ZyUAI","LLC_BI__Deposit__r","Deposits","42721583661117639","LLC_BI__Deposit__c","","0.0","false","","false"
"a2H4S00000056a1UAA","","SC-000011064","2020-06-02T17:59:20.000Z","0054S000000Ms6RQAS","2020-06-02T17:59:20.000Z","0054S000000Ms6RQAS","","a2F4S0000008dMKUAY","1.01","","a2C4S0000008SfHUAU","","","Authorized Signers","42471675319049540","LLC_BI__Loan__c","","","false","","false"
"a2H4S00000056a2UAA","","SC-000011065","2020-06-02T17:59:20.000Z","0054S000000Ms6RQAS","2020-06-02T17:59:20.000Z","0054S000000Ms6RQAS","","a2F4S0000008dMKUAY","2.01","","a2C4S0000008SfIUAU","a2H4S00000056a1UAA","LLC_BI__Legal_Entities__r","","42393476285103325","LLC_BI__Legal_Entities__c","","","false","","false"
"a2H4S00000056a3UAA","","SC-000011066","2020-06-02T17:59:20.000Z","0054S000000Ms6RQAS","2020-06-02T17:59:20.000Z","0054S000000Ms6RQAS","","a2F4S0000008dMKUAY","3.01","Credit_Memo_Standard_Loan","a2C4S0000008SfJUAU","a2H4S00000056a2UAA","LLC_BI__Contingent_Liabilties__r","","42486679724605229","LLC_BI__Contingent_Liabilty__c","","","false","","false"
"a2H4S00000056a4UAA","","SC-000011067","2020-06-02T17:59:20.000Z","0054S000000Ms6RQAS","2020-06-02T17:59:20.000Z","0054S000000Ms6RQAS","","a2F4S0000008dMJUAY","1.01","","a2C4S0000008SfKUAU","","","","42652115307244844","LLC_BI__Loan__c","","","false","","false"
"a2H4S00000056a5UAA","","SC-000011068","2020-06-02T17:59:20.000Z","0054S000000Ms6RQAS","2020-06-02T17:59:20.000Z","0054S000000Ms6RQAS","","a2F4S0000008dMJUAY","2.01","Credit_Memo_Standard_Loan","a2C4S0000008SfLUAU","a2H4S00000056a4UAA","LLC_BI__Legal_Entities__r","","42430390609209079","LLC_BI__Legal_Entities__c","","","false","","false"
"a2H4S00000056a6UAA","","SC-000011069","2020-06-02T17:59:20.000Z","0054S000000Ms6RQAS","2020-06-02T17:59:20.000Z","0054S000000Ms6RQAS","","a2F4S0000008dMHUAY","1.01","Credit_Memo_Standard_Loan","a2C4S0000008SfMUAU","","","","42425640000649804","LLC_BI__Loan__c","","0.0","false","","false"
"a2H4S00000056a7UAA","","SC-000011070","2020-06-02T17:59:20.000Z","0054S000000Ms6RQAS","2020-06-02T17:59:20.000Z","0054S000000Ms6RQAS","","a2F4S0000008dMPUAY","1.01","","a2C4S0000008SfNUAU","","","","42858933591200599","LLC_BI__Loan__c","","","false","","false"
"a2H4S00000056a8UAA","","SC-000011071","2020-06-02T17:59:20.000Z","0054S000000Ms6RQAS","2020-06-02T17:59:20.000Z","0054S000000Ms6RQAS","","a2F4S0000008dMPUAY","2.01","","a2C4S0000008SfOUAU","a2H4S00000056a7UAA","LLC_BI__Loan_Collateral__r","","42218897465738448","LLC_BI__Loan_Collateral2__c","","","false","","false"
"a2H4S00000056a9UAA","","SC-000011072","2020-06-02T17:59:20.000Z","0054S000000Ms6RQAS","2020-06-02T17:59:20.000Z","0054S000000Ms6RQAS","","a2F4S0000008dMPUAY","3.01","Credit_Memo_Standard_Loan","a2C4S0000008SfPUAU","a2H4S00000056a8UAA","LLC_BI__Collateral__r","Collateral Details","42306158702806383","LLC_BI__Collateral__c","","","false","","false"
"a2H4S00000056aAUAQ","","SC-000011073","2020-06-02T17:59:20.000Z","0054S000000Ms6RQAS","2020-06-02T17:59:20.000Z","0054S000000Ms6RQAS","","a2F4S0000008dMPUAY","4.01","Credit_Memo_Standard_Loan","a2C4S0000008SfQUAU","a2H4S00000056a9UAA","LLC_BI__Account_Collateral__r","Ownership","42282223468482528","LLC_BI__Account_Collateral__c","","","false","","false"
"a2H4S00000056aBUAQ","","SC-000011074","2020-06-02T17:59:20.000Z","0054S000000Ms6RQAS","2020-06-02T17:59:20.000Z","0054S000000Ms6RQAS","","a2F4S0000008dMPUAY","4.02","Credit_Memo_Standard_Loan","a2C4S0000008SfRUAU","a2H4S00000056a9UAA","LLC_BI__Loan_Collateral2__r","Loans","42132228991728009","LLC_BI__Loan_Collateral2__c","","","false","","false"
"a2H4S00000056aCUAQ","","SC-000011075","2020-06-02T17:59:20.000Z","0054S000000Ms6RQAS","2020-06-02T17:59:20.000Z","0054S000000Ms6RQAS","","a2F4S0000008dMPUAY","4.03","Credit_Memo_Standard_Loan","a2C4S0000008SfSUAU","a2H4S00000056a9UAA","LLC_BI__Liens__r","Liens","42848295466940049","LLC_BI__Lien__c","","","false","","false"
"a2H4S00000056aDUAQ","","SC-000011076","2020-06-02T17:59:20.000Z","0054S000000Ms6RQAS","2020-06-02T17:59:20.000Z","0054S000000Ms6RQAS","","a2F4S0000008dMUUAY","1.01","","a2C4S0000008SfTUAU","","","","42052653061648644","LLC_BI__Loan__c","","","false","","false"
"a2H4S00000056aEUAQ","","SC-000011077","2020-06-02T17:59:20.000Z","0054S000000Ms6RQAS","2020-06-02T17:59:20.000Z","0054S000000Ms6RQAS","","a2F4S0000008dMUUAY","2.01","Credit_Memo_Standard_Loan","a2C4S0000008SfUUAU","a2H4S00000056aDUAQ","LLC_BI__Participations__r","","42021776048795390","LLC_BI__Participation__c","","","false","","false"
"a2H4S00000056aFUAQ","","SC-000011078","2020-06-02T17:59:20.000Z","0054S000000Ms6RQAS","2020-06-02T17:59:20.000Z","0054S000000Ms6RQAS","","a2F4S0000008dMNUAY","1.01","","a2C4S0000008SfVUAU","","","","42025535747874314","LLC_BI__Loan__c","","","false","","false"
"a2H4S00000056aGUAQ","","SC-000011079","2020-06-02T17:59:20.000Z","0054S000000Ms6RQAS","2020-06-02T17:59:20.000Z","0054S000000Ms6RQAS","","a2F4S0000008dMNUAY","2.01","","a2C4S0000008SfWUAU","a2H4S00000056aFUAQ","LLC_BI__Loan_Covenants__r","","42914739596728826","LLC_BI__Loan_Covenant__c","","","false","","false"
"a2H4S00000056aHUAQ","","SC-000011080","2020-06-02T17:59:20.000Z","0054S000000Ms6RQAS","2020-06-02T17:59:20.000Z","0054S000000Ms6RQAS","","a2F4S0000008dMNUAY","3.01","Credit_Memo_Standard_Loan","a2C4S0000008SfXUAU","a2H4S00000056aGUAQ","LLC_BI__Covenant2__r","Covenant Details","42820761566125369","LLC_BI__Covenant2__c","","","false","","false"
"a2H4S00000056aIUAQ","","SC-000011081","2020-06-02T17:59:20.000Z","0054S000000Ms6RQAS","2020-06-02T17:59:20.000Z","0054S000000Ms6RQAS","","a2F4S0000008dMNUAY","4.01","Credit_Memo_Standard_Loan","a2C4S0000008SfYUAU","a2H4S00000056aHUAQ","LLC_BI__Account_Covenants__r","Ownership","42807828829421193","LLC_BI__Account_Covenant__c","","","false","","false"
"a2H4S00000056aJUAQ","","SC-000011082","2020-06-02T17:59:20.000Z","0054S000000Ms6RQAS","2020-06-02T17:59:20.000Z","0054S000000Ms6RQAS","","a2F4S0000008dMNUAY","4.02","Credit_Memo_Standard_Loan","a2C4S0000008SfZUAU","a2H4S00000056aHUAQ","LLC_BI__Loan_Covenants__r","Loans","42628391900835353","LLC_BI__Loan_Covenant__c","","","false","","false"
"a2H4S00000056aKUAQ","","SC-000011083","2020-06-02T17:59:20.000Z","0054S000000Ms6RQAS","2020-06-02T17:59:20.000Z","0054S000000Ms6RQAS","","a2F4S0000008dMTUAY","1.01","","a2C4S0000008SfaUAE","","","","42721058924238557","LLC_BI__Loan__c","","","false","","false"
"a2H4S00000056aLUAQ","","SC-000011084","2020-06-02T17:59:20.000Z","0054S000000Ms6RQAS","2020-06-02T17:59:20.000Z","0054S000000Ms6RQAS","","a2F4S0000008dMTUAY","2.01","Credit_Memo_Standard_Loan","a2C4S0000008SfbUAE","a2H4S00000056aKUAQ","LLC_BI__Third_Party_Reports__r","","42620409368685641","LLC_BI__third_party_report__c","","","false","","false"
"a2H4S00000056aMUAQ","","SC-000011085","2020-06-02T17:59:20.000Z","0054S000000Ms6RQAS","2020-06-02T17:59:20.000Z","0054S000000Ms6RQAS","","a2F4S0000008dMRUAY","1.01","","a2C4S0000008SfcUAE","","","","42504212439732765","LLC_BI__Loan__c","","","false","","false"
"a2H4S00000056aNUAQ","","SC-000011086","2020-06-02T17:59:20.000Z","0054S000000Ms6RQAS","2020-06-02T17:59:20.000Z","0054S000000Ms6RQAS","","a2F4S0000008dMRUAY","2.01","Credit_Memo_Standard_Loan","a2C4S0000008SfdUAE","a2H4S00000056aMUAQ","LLC_BI__Loan_Teams__r","","42328273353286594","LLC_BI__LoanTeam__c","","","false","","false"
"a2H4S00000056aOUAQ","","SC-000011087","2020-06-02T17:59:20.000Z","0054S000000Ms6RQAS","2020-06-02T17:59:20.000Z","0054S000000Ms6RQAS","","a2F4S0000008dMSUAY","1.01","","a2C4S0000008SfeUAE","","","","42773798832105318","LLC_BI__Loan__c","","","false","","false"
"a2H4S00000056aPUAQ","","SC-000011088","2020-06-02T17:59:20.000Z","0054S000000Ms6RQAS","2020-06-02T17:59:20.000Z","0054S000000Ms6RQAS","","a2F4S0000008dMSUAY","2.01","Credit_Memo_Standard_Loan","a2C4S0000008SffUAE","a2H4S00000056aOUAQ","LLC_BI__Fees__r","","42950272203742657","LLC_BI__Fee__c","","","false","","false"
"a2H4S00000056aQUAQ","","SC-000011089","2020-06-02T17:59:20.000Z","0054S000000Ms6RQAS","2020-06-02T17:59:20.000Z","0054S000000Ms6RQAS","","a2F4S0000008dMIUAY","1.01","","a2C4S0000008SfgUAE","","","","42262569220200274","LLC_BI__Loan__c","","","false","","false"
"a2H4S00000056aRUAQ","","SC-000011090","2020-06-02T17:59:20.000Z","0054S000000Ms6RQAS","2020-06-02T17:59:20.000Z","0054S000000Ms6RQAS","","a2F4S0000008dMIUAY","2.01","Credit_Memo_Standard_Loan","a2C4S0000008SfhUAE","a2H4S00000056aQUAQ","LLC_BI__Account__r","","42333153026936796","Account","","","false","","false"
"a2H4S00000056aSUAQ","","SC-000011091","2020-06-02T17:59:20.000Z","0054S000000Ms6RQAS","2020-06-02T17:59:20.000Z","0054S000000Ms6RQAS","","a2F4S0000008dMOUAY","1.01","","a2C4S0000008SfiUAE","","","","42542710188925341","LLC_BI__Loan__c","","","false","","false"
"a2H4S00000056aTUAQ","","SC-000011092","2020-06-02T17:59:20.000Z","0054S000000Ms6RQAS","2020-06-02T17:59:20.000Z","0054S000000Ms6RQAS","","a2F4S0000008dMOUAY","2.01","Credit_Memo_Standard_Loan","a2C4S0000008SfjUAE","a2H4S00000056aSUAQ","LLC_BI__Policy_Exceptions__r","","42592156300832435","LLC_BI__Policy_Exception__c","","","false","","false"
"a2H4S00000056aUUAQ","","SC-000011093","2020-06-02T17:59:20.000Z","0054S000000Ms6RQAS","2020-06-02T17:59:20.000Z","0054S000000Ms6RQAS","","a2F4S0000008dUzUAI","1.01","","a2C4S0000008SfkUAE","","","","42964540914621295","LLC_BI__Product_Package__c","","","false","","false"
"a2H4S00000056aVUAQ","","SC-000011094","2020-06-02T17:59:20.000Z","0054S000000Ms6RQAS","2020-06-02T17:59:20.000Z","0054S000000Ms6RQAS","","a2F4S0000008dUzUAI","2.01","","a2C4S0000008SflUAE","a2H4S00000056aUUAQ","LLC_BI__Account__r","","42377339888100110","Account","","","false","","false"
"a2H4S00000056aWUAQ","","SC-000011095","2020-06-02T17:59:20.000Z","0054S000000Ms6RQAS","2020-06-02T17:59:20.000Z","0054S000000Ms6RQAS","","a2F4S0000008dUzUAI","3.01","","a2C4S0000008SfmUAE","a2H4S00000056aVUAQ","LLC_BI__Legal_Entities__r","","42215306934994969","LLC_BI__Legal_Entities__c","","","false","","false"
"a2H4S00000056aXUAQ","","SC-000011096","2020-06-02T17:59:20.000Z","0054S000000Ms6RQAS","2020-06-02T17:59:20.000Z","0054S000000Ms6RQAS","","a2F4S0000008dUzUAI","4.01","Standard_Product_Package_Credit_Memo_Exp","a2C4S0000008SfnUAE","a2H4S00000056aWUAQ","LLC_BI__Loan__r","Loans","42161025265584722","LLC_BI__Loan__c","","","false","","false"
"a2H4S00000056aYUAQ","","SC-000011097","2020-06-02T17:59:20.000Z","0054S000000Ms6RQAS","2020-06-02T17:59:20.000Z","0054S000000Ms6RQAS","","a2F4S0000008dUzUAI","4.02","Standard_Product_Package_Credit_Memo","a2C4S0000008SfoUAE","a2H4S00000056aWUAQ","LLC_BI__Deposit__r","Deposits","42097948918221534","LLC_BI__Deposit__c","","","false","","false"
"a2H4S00000056aZUAQ","","SC-000011098","2020-06-02T17:59:20.000Z","0054S000000Ms6RQAS","2020-06-02T17:59:20.000Z","0054S000000Ms6RQAS","","a2F4S0000008dV0UAI","1.01","","a2C4S0000008SfpUAE","","","","42055111537551989","LLC_BI__Product_Package__c","","","false","","false"
"a2H4S00000056aaUAA","","SC-000011099","2020-06-02T17:59:20.000Z","0054S000000Ms6RQAS","2020-06-02T17:59:20.000Z","0054S000000Ms6RQAS","","a2F4S0000008dV0UAI","2.01","Standard_Product_Package_Credit_Memo","a2C4S0000008SfqUAE","a2H4S00000056aZUAQ","LLC_BI__Loan_Facilities__r","Loan Details","42806511283682250","LLC_BI__Loan__c","","","false","","false"
"a2H4S00000056abUAA","","SC-000011100","2020-06-02T17:59:20.000Z","0054S000000Ms6RQAS","2020-06-02T17:59:20.000Z","0054S000000Ms6RQAS","","a2F4S0000008dV0UAI","3.01","Standard_Product_Package_Credit_Memo","a2C4S0000008SfrUAE","a2H4S00000056aaUAA","LLC_BI__Legal_Entities__r","Borrower Structure","42688518182514527","LLC_BI__Legal_Entities__c","","","false","","false"
"a2H4S00000056acUAA","","SC-000011101","2020-06-02T17:59:20.000Z","0054S000000Ms6RQAS","2020-06-02T17:59:20.000Z","0054S000000Ms6RQAS","","a2F4S0000008dV0UAI","3.02","Standard_Product_Package_Credit_Memo","a2C4S0000008SfsUAE","a2H4S00000056aaUAA","LLC_BI__Fees__r","Fees","42817886628968832","LLC_BI__Fee__c","","","false","","false"
"a2H4S00000056adUAA","","SC-000011102","2020-06-02T17:59:20.000Z","0054S000000Ms6RQAS","2020-06-02T17:59:20.000Z","0054S000000Ms6RQAS","","a2F4S0000008dV0UAI","3.03","Standard_Product_Package_Credit_Memo","a2C4S0000008SftUAE","a2H4S00000056aaUAA","LLC_BI__Policy_Exceptions__r","Policy Exceptions","42219290558844134","LLC_BI__Policy_Exception__c","","","false","","false"
"a2H4S00000056aeUAA","","SC-000011103","2020-06-02T17:59:20.000Z","0054S000000Ms6RQAS","2020-06-02T17:59:20.000Z","0054S000000Ms6RQAS","","a2F4S0000008dV0UAI","3.04","Standard_Product_Package_Credit_Memo","a2C4S0000008SfuUAE","a2H4S00000056aaUAA","LLC_BI__Third_Party_Reports__r","Third Party Reports","42154522125011748","LLC_BI__third_party_report__c","","","false","","false"
"a2H4S00000056afUAA","","SC-000011104","2020-06-02T17:59:20.000Z","0054S000000Ms6RQAS","2020-06-02T17:59:20.000Z","0054S000000Ms6RQAS","","a2F4S0000008dV0UAI","3.05","Standard_Product_Package_Credit_Memo","a2C4S0000008SfvUAE","a2H4S00000056aaUAA","LLC_BI__Participations__r","Participations","42786404488123287","LLC_BI__Participation__c","","","false","","false"
"a2H4S00000056agUAA","","SC-000011105","2020-06-02T17:59:20.000Z","0054S000000Ms6RQAS","2020-06-02T17:59:20.000Z","0054S000000Ms6RQAS","","a2F4S0000008dV3UAI","1.01","Standard_Product_Package_Credit_Memo","a2C4S0000008SfwUAE","","","","42275871913780542","LLC_BI__Product_Package__c","","","false","","false"
"a2H4S00000056ahUAA","","SC-000011106","2020-06-02T17:59:20.000Z","0054S000000Ms6RQAS","2020-06-02T17:59:20.000Z","0054S000000Ms6RQAS","","a2F4S0000008dV4UAI","1.01","","a2C4S0000008SfxUAE","","","","42167639089426475","LLC_BI__Product_Package__c","","","false","","false"
"a2H4S00000056aiUAA","","SC-000011107","2020-06-02T17:59:20.000Z","0054S000000Ms6RQAS","2020-06-02T17:59:20.000Z","0054S000000Ms6RQAS","","a2F4S0000008dV4UAI","2.01","Standard_Product_Package_Credit_Memo","a2C4S0000008SfyUAE","a2H4S00000056ahUAA","LLC_BI__Account__r","","42939065057214919","Account","","","false","","false"
"a2H4S00000056ajUAA","","SC-000011108","2020-06-02T17:59:20.000Z","0054S000000Ms6RQAS","2020-06-02T17:59:20.000Z","0054S000000Ms6RQAS","","a2F4S0000008dV6UAI","1.01","","a2C4S0000008SfzUAE","","","","42730187625015101","LLC_BI__Product_Package__c","","","false","","false"
"a2H4S00000056akUAA","","SC-000011109","2020-06-02T17:59:20.000Z","0054S000000Ms6RQAS","2020-06-02T17:59:20.000Z","0054S000000Ms6RQAS","","a2F4S0000008dV6UAI","2.01","Credit_Memo_Standard_Product_Package","a2C4S0000008Sg0UAE","a2H4S00000056ajUAA","LLC_BI__Product_Package_Teams__r","","42106660033927707","LLC_BI__Product_Package_Team__c","","","false","","false"
"a2H4S00000056alUAA","","SC-000011110","2020-06-02T17:59:20.000Z","0054S000000Ms6RQAS","2020-06-02T17:59:20.000Z","0054S000000Ms6RQAS","","a2F4S0000008dV7UAI","1.01","","a2C4S0000008Sg1UAE","","","","42128422689237889","LLC_BI__Product_Package__c","","","false","","false"
"a2H4S00000056amUAA","","SC-000011111","2020-06-02T17:59:20.000Z","0054S000000Ms6RQAS","2020-06-02T17:59:20.000Z","0054S000000Ms6RQAS","","a2F4S0000008dV7UAI","2.01","","a2C4S0000008Sg2UAE","a2H4S00000056alUAA","LLC_BI__Loan_Facilities__r","","42357397134305267","LLC_BI__Loan__c","","","false","","false"
"a2H4S00000056anUAA","","SC-000011112","2020-06-02T17:59:20.000Z","0054S000000Ms6RQAS","2020-06-02T17:59:20.000Z","0054S000000Ms6RQAS","","a2F4S0000008dV7UAI","3.01","","a2C4S0000008Sg3UAE","a2H4S00000056amUAA","LLC_BI__Loan_Collateral__r","","42720012087117416","LLC_BI__Loan_Collateral2__c","","","false","","false"
"a2H4S00000056aoUAA","","SC-000011113","2020-06-02T17:59:20.000Z","0054S000000Ms6RQAS","2020-06-02T17:59:20.000Z","0054S000000Ms6RQAS","","a2F4S0000008dV7UAI","4.01","Credit_Memo_Standard_Product_Package","a2C4S0000008Sg4UAE","a2H4S00000056anUAA","LLC_BI__Collateral__r","Collateral Details","42570145357151417","LLC_BI__Collateral__c","","","false","","false"
"a2H4S00000056apUAA","","SC-000011114","2020-06-02T17:59:20.000Z","0054S000000Ms6RQAS","2020-06-02T17:59:20.000Z","0054S000000Ms6RQAS","","a2F4S0000008dV7UAI","5.01","Credit_Memo_Standard_Product_Package","a2C4S0000008Sg5UAE","a2H4S00000056aoUAA","LLC_BI__Account_Collateral__r","Ownership","42892249108661230","LLC_BI__Account_Collateral__c","","","false","","false"
"a2H4S00000056aqUAA","","SC-000011115","2020-06-02T17:59:20.000Z","0054S000000Ms6RQAS","2020-06-02T17:59:20.000Z","0054S000000Ms6RQAS","","a2F4S0000008dV7UAI","5.02","Credit_Memo_Standard_Product_Package","a2C4S0000008Sg6UAE","a2H4S00000056aoUAA","LLC_BI__Loan_Collateral2__r","Loans","42029075866535981","LLC_BI__Loan_Collateral2__c","","","false","","false"
"a2H4S00000056arUAA","","SC-000011116","2020-06-02T17:59:20.000Z","0054S000000Ms6RQAS","2020-06-02T17:59:20.000Z","0054S000000Ms6RQAS","","a2F4S0000008dV7UAI","5.03","Credit_Memo_Standard_Product_Package","a2C4S0000008Sg7UAE","a2H4S00000056aoUAA","LLC_BI__Liens__r","Liens","42452327572065955","LLC_BI__Lien__c","","","false","","false"
"a2H4S00000056asUAA","","SC-000011117","2020-06-02T17:59:20.000Z","0054S000000Ms6RQAS","2020-06-02T17:59:20.000Z","0054S000000Ms6RQAS","","a2F4S0000008dV8UAI","1.01","","a2C4S0000008Sg8UAE","","","","42065839229763008","LLC_BI__Product_Package__c","","","false","","false"
"a2H4S00000056atUAA","","SC-000011118","2020-06-02T17:59:20.000Z","0054S000000Ms6RQAS","2020-06-02T17:59:20.000Z","0054S000000Ms6RQAS","","a2F4S0000008dV8UAI","2.01","","a2C4S0000008Sg9UAE","a2H4S00000056asUAA","LLC_BI__Loan_Facilities__r","","42933718355605025","LLC_BI__Loan__c","","","false","","false"
"a2H4S00000056auUAA","","SC-000011119","2020-06-02T17:59:20.000Z","0054S000000Ms6RQAS","2020-06-02T17:59:20.000Z","0054S000000Ms6RQAS","","a2F4S0000008dV8UAI","3.01","","a2C4S0000008SgAUAU","a2H4S00000056atUAA","LLC_BI__Loan_Covenants__r","","42231626670154283","LLC_BI__Loan_Covenant__c","","","false","","false"
"a2H4S00000056avUAA","","SC-000011120","2020-06-02T17:59:20.000Z","0054S000000Ms6RQAS","2020-06-02T17:59:20.000Z","0054S000000Ms6RQAS","","a2F4S0000008dV8UAI","4.01","Credit_Memo_Standard_Product_Package","a2C4S0000008SgBUAU","a2H4S00000056auUAA","LLC_BI__Covenant2__r","Covenant Details","42397949735039559","LLC_BI__Covenant2__c","","","false","","false"
"a2H4S00000056awUAA","","SC-000011121","2020-06-02T17:59:20.000Z","0054S000000Ms6RQAS","2020-06-02T17:59:20.000Z","0054S000000Ms6RQAS","","a2F4S0000008dV8UAI","5.01","Credit_Memo_Standard_Product_Package","a2C4S0000008SgCUAU","a2H4S00000056avUAA","LLC_BI__Account_Covenants__r","Ownership","42033887101949997","LLC_BI__Account_Covenant__c","","","false","","false"
"a2H4S00000056axUAA","","SC-000011122","2020-06-02T17:59:20.000Z","0054S000000Ms6RQAS","2020-06-02T17:59:20.000Z","0054S000000Ms6RQAS","","a2F4S0000008dV8UAI","5.02","Credit_Memo_Standard_Product_Package","a2C4S0000008SgDUAU","a2H4S00000056avUAA","LLC_BI__Loan_Covenants__r","Loans","42063612689684610","LLC_BI__Loan_Covenant__c","","","false","","false"
"a2H4S00000056ayUAA","","SC-000011123","2020-06-02T17:59:20.000Z","0054S000000Ms6RQAS","2020-06-02T17:59:20.000Z","0054S000000Ms6RQAS","","a2F4S0000008dMVUAY","1.01","","a2C4S0000008SgEUAU","","","","42559071480886502","LLC_BI__Product_Package__c","","","false","","false"
"a2H4S00000056azUAA","","SC-000011124","2020-06-02T17:59:20.000Z","0054S000000Ms6RQAS","2020-06-02T17:59:20.000Z","0054S000000Ms6RQAS","","a2F4S0000008dMVUAY","2.01","","a2C4S0000008SgFUAU","a2H4S00000056ayUAA","LLC_BI__Account__r","","42722177071880259","Account","","","false","","false"
"a2H4S00000056b0UAA","","SC-000011125","2020-06-02T17:59:20.000Z","0054S000000Ms6RQAS","2020-06-02T17:59:20.000Z","0054S000000Ms6RQAS","","a2F4S0000008dMVUAY","3.01","","a2C4S0000008SgGUAU","a2H4S00000056azUAA","LLC_BI__Legal_Entities__r","","42366394431691353","LLC_BI__Legal_Entities__c","","","false","","false"
"a2H4S00000056b1UAA","","SC-000011126","2020-06-02T17:59:20.000Z","0054S000000Ms6RQAS","2020-06-02T17:59:20.000Z","0054S000000Ms6RQAS","","a2F4S0000008dMVUAY","4.01","Standard_Product_Package_Credit_Memo_Exp","a2C4S0000008SgHUAU","a2H4S00000056b0UAA","LLC_BI__Loan__r","Loans","42123345790576382","LLC_BI__Loan__c","","","false","","false"
"a2H4S00000056b2UAA","","SC-000011127","2020-06-02T17:59:20.000Z","0054S000000Ms6RQAS","2020-06-02T17:59:20.000Z","0054S000000Ms6RQAS","","a2F4S0000008dMVUAY","4.02","Standard_Product_Package_Credit_Memo","a2C4S0000008SgIUAU","a2H4S00000056b0UAA","LLC_BI__Deposit__r","Deposits","42918072793159907","LLC_BI__Deposit__c","","","false","","false"
"a2H4S00000056b3UAA","","SC-000011128","2020-06-02T17:59:20.000Z","0054S000000Ms6RQAS","2020-06-02T17:59:20.000Z","0054S000000Ms6RQAS","","a2F4S0000008dMWUAY","1.01","","a2C4S0000008SgJUAU","","","","42967044992659269","LLC_BI__Product_Package__c","","","false","","false"
"a2H4S00000056b4UAA","","SC-000011129","2020-06-02T17:59:20.000Z","0054S000000Ms6RQAS","2020-06-02T17:59:20.000Z","0054S000000Ms6RQAS","","a2F4S0000008dMWUAY","2.01","Standard_Product_Package_Credit_Memo","a2C4S0000008SgKUAU","a2H4S00000056b3UAA","LLC_BI__Loan_Facilities__r","Loan Details","42106206877820607","LLC_BI__Loan__c","","","false","","false"
"a2H4S00000056b5UAA","","SC-000011130","2020-06-02T17:59:20.000Z","0054S000000Ms6RQAS","2020-06-02T17:59:20.000Z","0054S000000Ms6RQAS","","a2F4S0000008dMWUAY","3.01","Standard_Product_Package_Credit_Memo","a2C4S0000008SgLUAU","a2H4S00000056b4UAA","LLC_BI__Legal_Entities__r","Borrower Structure","42124027685432621","LLC_BI__Legal_Entities__c","","","false","","false"
"a2H4S00000056b6UAA","","SC-000011131","2020-06-02T17:59:20.000Z","0054S000000Ms6RQAS","2020-06-02T17:59:20.000Z","0054S000000Ms6RQAS","","a2F4S0000008dMWUAY","3.02","Standard_Product_Package_Credit_Memo","a2C4S0000008SgMUAU","a2H4S00000056b4UAA","LLC_BI__Fees__r","Fees","42695319051593225","LLC_BI__Fee__c","","","false","","false"
"a2H4S00000056b7UAA","","SC-000011132","2020-06-02T17:59:20.000Z","0054S000000Ms6RQAS","2020-06-02T17:59:20.000Z","0054S000000Ms6RQAS","","a2F4S0000008dMWUAY","3.03","Standard_Product_Package_Credit_Memo","a2C4S0000008SgNUAU","a2H4S00000056b4UAA","LLC_BI__Policy_Exceptions__r","Policy Exceptions","42520663011708247","LLC_BI__Policy_Exception__c","","","false","","false"
"a2H4S00000056b8UAA","","SC-000011133","2020-06-02T17:59:20.000Z","0054S000000Ms6RQAS","2020-06-02T17:59:20.000Z","0054S000000Ms6RQAS","","a2F4S0000008dMWUAY","3.04","Standard_Product_Package_Credit_Memo","a2C4S0000008SgOUAU","a2H4S00000056b4UAA","LLC_BI__Third_Party_Reports__r","Third Party Reports","4256437010881263","LLC_BI__third_party_report__c","","","false","","false"
"a2H4S00000056b9UAA","","SC-000011134","2020-06-02T17:59:20.000Z","0054S000000Ms6RQAS","2020-06-02T17:59:20.000Z","0054S000000Ms6RQAS","","a2F4S0000008dMWUAY","3.05","Standard_Product_Package_Credit_Memo","a2C4S0000008SgPUAU","a2H4S00000056b4UAA","LLC_BI__Participations__r","Participations","42229293120438852","LLC_BI__Participation__c","","","false","","false"
"a2H4S00000056bAUAQ","","SC-000011135","2020-06-02T17:59:20.000Z","0054S000000Ms6RQAS","2020-06-02T17:59:20.000Z","0054S000000Ms6RQAS","","a2F4S0000008dMXUAY","1.01","Standard_Product_Package_Credit_Memo","a2C4S0000008SgQUAU","","","","42358424536612714","LLC_BI__Product_Package__c","","","false","","false"
"a2H4S00000056bBUAQ","","SC-000011136","2020-06-02T17:59:20.000Z","0054S000000Ms6RQAS","2020-06-02T17:59:20.000Z","0054S000000Ms6RQAS","","a2F4S0000008dMYUAY","1.01","","a2C4S0000008SgRUAU","","","","42859360745255767","LLC_BI__Product_Package__c","","","false","","false"
"a2H4S00000056bCUAQ","","SC-000011137","2020-06-02T17:59:20.000Z","0054S000000Ms6RQAS","2020-06-02T17:59:20.000Z","0054S000000Ms6RQAS","","a2F4S0000008dMYUAY","2.01","Standard_Product_Package_Credit_Memo","a2C4S0000008SgSUAU","a2H4S00000056bBUAQ","LLC_BI__Account__r","","42386034275464644","Account","","","false","","false"
"a2H4S00000056bDUAQ","","SC-000011138","2020-06-02T17:59:20.000Z","0054S000000Ms6RQAS","2020-06-02T17:59:20.000Z","0054S000000Ms6RQAS","","a2F4S0000008dMZUAY","1.01","","a2C4S0000008SgTUAU","","","","42090110507592653","LLC_BI__Product_Package__c","","","false","","false"
"a2H4S00000056bEUAQ","","SC-000011139","2020-06-02T17:59:20.000Z","0054S000000Ms6RQAS","2020-06-02T17:59:20.000Z","0054S000000Ms6RQAS","","a2F4S0000008dMZUAY","2.01","Credit_Memo_Standard_Product_Package","a2C4S0000008SgUUAU","a2H4S00000056bDUAQ","LLC_BI__Product_Package_Teams__r","","42126365341184878","LLC_BI__Product_Package_Team__c","","","false","","false"
"a2H4S00000056bFUAQ","","SC-000011140","2020-06-02T17:59:20.000Z","0054S000000Ms6RQAS","2020-06-02T17:59:20.000Z","0054S000000Ms6RQAS","","a2F4S0000008dMaUAI","1.01","","a2C4S0000008SgVUAU","","","","42199643549677926","LLC_BI__Product_Package__c","","","false","","false"
"a2H4S00000056bGUAQ","","SC-000011141","2020-06-02T17:59:20.000Z","0054S000000Ms6RQAS","2020-06-02T17:59:20.000Z","0054S000000Ms6RQAS","","a2F4S0000008dMaUAI","2.01","","a2C4S0000008SgWUAU","a2H4S00000056bFUAQ","LLC_BI__Loan_Facilities__r","","42977789754089753","LLC_BI__Loan__c","","","false","","false"
"a2H4S00000056bHUAQ","","SC-000011142","2020-06-02T17:59:20.000Z","0054S000000Ms6RQAS","2020-06-02T17:59:20.000Z","0054S000000Ms6RQAS","","a2F4S0000008dMaUAI","3.01","","a2C4S0000008SgXUAU","a2H4S00000056bGUAQ","LLC_BI__Loan_Collateral__r","","42104337435537429","LLC_BI__Loan_Collateral2__c","","","false","","false"
"a2H4S00000056bIUAQ","","SC-000011143","2020-06-02T17:59:20.000Z","0054S000000Ms6RQAS","2020-06-02T17:59:20.000Z","0054S000000Ms6RQAS","","a2F4S0000008dMaUAI","4.01","Credit_Memo_Standard_Product_Package","a2C4S0000008SgYUAU","a2H4S00000056bHUAQ","LLC_BI__Collateral__r","Collateral Details","42014226835100168","LLC_BI__Collateral__c","","","false","","false"
"a2H4S00000056bJUAQ","","SC-000011144","2020-06-02T17:59:20.000Z","0054S000000Ms6RQAS","2020-06-02T17:59:20.000Z","0054S000000Ms6RQAS","","a2F4S0000008dMaUAI","5.01","Credit_Memo_Standard_Product_Package","a2C4S0000008SgZUAU","a2H4S00000056bIUAQ","LLC_BI__Account_Collateral__r","Ownership","42433892640884627","LLC_BI__Account_Collateral__c","","","false","","false"
"a2H4S00000056bKUAQ","","SC-000011145","2020-06-02T17:59:20.000Z","0054S000000Ms6RQAS","2020-06-02T17:59:20.000Z","0054S000000Ms6RQAS","","a2F4S0000008dMaUAI","5.02","Credit_Memo_Standard_Product_Package","a2C4S0000008SgaUAE","a2H4S00000056bIUAQ","LLC_BI__Loan_Collateral2__r","Loans","42939875428876624","LLC_BI__Loan_Collateral2__c","","","false","","false"
"a2H4S00000056bLUAQ","","SC-000011146","2020-06-02T17:59:20.000Z","0054S000000Ms6RQAS","2020-06-02T17:59:20.000Z","0054S000000Ms6RQAS","","a2F4S0000008dMaUAI","5.03","Credit_Memo_Standard_Product_Package","a2C4S0000008SgbUAE","a2H4S00000056bIUAQ","LLC_BI__Liens__r","Liens","42489532422993281","LLC_BI__Lien__c","","","false","","false"
"a2H4S00000056bMUAQ","","SC-000011147","2020-06-02T17:59:20.000Z","0054S000000Ms6RQAS","2020-06-02T17:59:20.000Z","0054S000000Ms6RQAS","","a2F4S0000008dMbUAI","1.01","","a2C4S0000008SgcUAE","","","","42094121026197737","LLC_BI__Product_Package__c","","","false","","false"
"a2H4S00000056bNUAQ","","SC-000011148","2020-06-02T17:59:20.000Z","0054S000000Ms6RQAS","2020-06-02T17:59:20.000Z","0054S000000Ms6RQAS","","a2F4S0000008dMbUAI","2.01","","a2C4S0000008SgdUAE","a2H4S00000056bMUAQ","LLC_BI__Loan_Facilities__r","","42014396118371771","LLC_BI__Loan__c","","","false","","false"
"a2H4S00000056bOUAQ","","SC-000011149","2020-06-02T17:59:20.000Z","0054S000000Ms6RQAS","2020-06-02T17:59:20.000Z","0054S000000Ms6RQAS","","a2F4S0000008dMbUAI","3.01","","a2C4S0000008SgeUAE","a2H4S00000056bNUAQ","LLC_BI__Loan_Covenants__r","","42183776620402456","LLC_BI__Loan_Covenant__c","","","false","","false"
"a2H4S00000056bPUAQ","","SC-000011150","2020-06-02T17:59:20.000Z","0054S000000Ms6RQAS","2020-06-02T17:59:20.000Z","0054S000000Ms6RQAS","","a2F4S0000008dMbUAI","4.01","Credit_Memo_Standard_Product_Package","a2C4S0000008SgfUAE","a2H4S00000056bOUAQ","LLC_BI__Covenant2__r","Covenant Details","42662517803358703","LLC_BI__Covenant2__c","","","false","","false"
"a2H4S00000056bQUAQ","","SC-000011151","2020-06-02T17:59:20.000Z","0054S000000Ms6RQAS","2020-06-02T17:59:20.000Z","0054S000000Ms6RQAS","","a2F4S0000008dMbUAI","5.01","Credit_Memo_Standard_Product_Package","a2C4S0000008SggUAE","a2H4S00000056bPUAQ","LLC_BI__Account_Covenants__r","Ownership","42308617841165670","LLC_BI__Account_Covenant__c","","","false","","false"
"a2H4S00000056bRUAQ","","SC-000011152","2020-06-02T17:59:20.000Z","0054S000000Ms6RQAS","2020-06-02T17:59:20.000Z","0054S000000Ms6RQAS","","a2F4S0000008dMbUAI","5.02","Credit_Memo_Standard_Product_Package","a2C4S0000008SghUAE","a2H4S00000056bPUAQ","LLC_BI__Loan_Covenants__r","Loans","42585603935955901","LLC_BI__Loan_Covenant__c","","","false","","false"
"a2H4S00000056bSUAQ","","SC-000011153","2020-06-02T17:59:20.000Z","0054S000000Ms6RQAS","2020-06-02T17:59:20.000Z","0054S000000Ms6RQAS","","a2F4S0000008dVXUAY","1.01","","a2C4S0000008SgiUAE","","","","42144242832173428","LLC_BI__Product_Package__c","","","false","","false"
"a2H4S00000056bTUAQ","","SC-000011154","2020-06-02T17:59:20.000Z","0054S000000Ms6RQAS","2020-06-02T17:59:20.000Z","0054S000000Ms6RQAS","","a2F4S0000008dVXUAY","2.01","","a2C4S0000008SgjUAE","a2H4S00000056bSUAQ","LLC_BI__Account__r","","42390791509253920","Account","","","false","","false"
"a2H4S00000056bUUAQ","","SC-000011155","2020-06-02T17:59:20.000Z","0054S000000Ms6RQAS","2020-06-02T17:59:20.000Z","0054S000000Ms6RQAS","","a2F4S0000008dVXUAY","3.01","","a2C4S0000008SgkUAE","a2H4S00000056bTUAQ","LLC_BI__Legal_Entities__r","","42818177946497656","LLC_BI__Legal_Entities__c","","","false","","false"
"a2H4S00000056bVUAQ","","SC-000011156","2020-06-02T17:59:20.000Z","0054S000000Ms6RQAS","2020-06-02T17:59:20.000Z","0054S000000Ms6RQAS","","a2F4S0000008dVXUAY","4.01","Standard_Product_Package_Credit_Memo_Exp","a2C4S0000008SglUAE","a2H4S00000056bUUAQ","LLC_BI__Loan__r","Loans","42649504012082422","LLC_BI__Loan__c","","","false","","false"
"a2H4S00000056bWUAQ","","SC-000011157","2020-06-02T17:59:20.000Z","0054S000000Ms6RQAS","2020-06-02T17:59:20.000Z","0054S000000Ms6RQAS","","a2F4S0000008dVXUAY","4.02","Standard_Product_Package_Credit_Memo","a2C4S0000008SgmUAE","a2H4S00000056bUUAQ","LLC_BI__Deposit__r","Deposits","42797653341521486","LLC_BI__Deposit__c","","","false","","false"
"a2H4S00000056bXUAQ","","SC-000011158","2020-06-02T17:59:20.000Z","0054S000000Ms6RQAS","2020-06-02T17:59:20.000Z","0054S000000Ms6RQAS","","a2F4S0000008dVYUAY","1.01","","a2C4S0000008SgnUAE","","","","42028869798132231","LLC_BI__Product_Package__c","","","false","","false"
"a2H4S00000056bYUAQ","","SC-000011159","2020-06-02T17:59:20.000Z","0054S000000Ms6RQAS","2020-06-02T17:59:20.000Z","0054S000000Ms6RQAS","","a2F4S0000008dVYUAY","2.01","Standard_Product_Package_Credit_Memo","a2C4S0000008SgoUAE","a2H4S00000056bXUAQ","LLC_BI__Loan_Facilities__r","Loan Details","42452977488908132","LLC_BI__Loan__c","","","false","","false"
"a2H4S00000056bZUAQ","","SC-000011160","2020-06-02T17:59:20.000Z","0054S000000Ms6RQAS","2020-06-02T17:59:20.000Z","0054S000000Ms6RQAS","","a2F4S0000008dVYUAY","3.01","Standard_Product_Package_Credit_Memo","a2C4S0000008SgpUAE","a2H4S00000056bYUAQ","LLC_BI__Legal_Entities__r","Borrower Structure","42525715134279254","LLC_BI__Legal_Entities__c","","","false","","false"
"a2H4S00000056baUAA","","SC-000011161","2020-06-02T17:59:20.000Z","0054S000000Ms6RQAS","2020-06-02T17:59:20.000Z","0054S000000Ms6RQAS","","a2F4S0000008dVYUAY","3.02","Standard_Product_Package_Credit_Memo","a2C4S0000008SgqUAE","a2H4S00000056bYUAQ","LLC_BI__Fees__r","Fees","42345771963543604","LLC_BI__Fee__c","","","false","","false"
"a2H4S00000056bbUAA","","SC-000011162","2020-06-02T17:59:20.000Z","0054S000000Ms6RQAS","2020-06-02T17:59:20.000Z","0054S000000Ms6RQAS","","a2F4S0000008dVYUAY","3.03","Standard_Product_Package_Credit_Memo","a2C4S0000008SgrUAE","a2H4S00000056bYUAQ","LLC_BI__Policy_Exceptions__r","Policy Exceptions","42816812741810552","LLC_BI__Policy_Exception__c","","","false","","false"
"a2H4S00000056bcUAA","","SC-000011163","2020-06-02T17:59:20.000Z","0054S000000Ms6RQAS","2020-06-02T17:59:20.000Z","0054S000000Ms6RQAS","","a2F4S0000008dVYUAY","3.04","Standard_Product_Package_Credit_Memo","a2C4S0000008SgsUAE","a2H4S00000056bYUAQ","LLC_BI__Third_Party_Reports__r","Third Party Reports","42125259675103634","LLC_BI__third_party_report__c","","","false","","false"
"a2H4S00000056bdUAA","","SC-000011164","2020-06-02T17:59:20.000Z","0054S000000Ms6RQAS","2020-06-02T17:59:20.000Z","0054S000000Ms6RQAS","","a2F4S0000008dVYUAY","3.05","Standard_Product_Package_Credit_Memo","a2C4S0000008SgtUAE","a2H4S00000056bYUAQ","LLC_BI__Participations__r","Participations","42556128325456651","LLC_BI__Participation__c","","","false","","false"
"a2H4S00000056beUAA","","SC-000011165","2020-06-02T17:59:20.000Z","0054S000000Ms6RQAS","2020-06-02T17:59:20.000Z","0054S000000Ms6RQAS","","a2F4S0000008dVbUAI","1.01","Standard_Product_Package_Credit_Memo","a2C4S0000008SguUAE","","","","42589960688205184","LLC_BI__Product_Package__c","","","false","","false"
"a2H4S00000056bfUAA","","SC-000011166","2020-06-02T17:59:20.000Z","0054S000000Ms6RQAS","2020-06-02T17:59:20.000Z","0054S000000Ms6RQAS","","a2F4S0000008dVcUAI","1.01","","a2C4S0000008SgvUAE","","","","42861368213377145","LLC_BI__Product_Package__c","","","false","","false"
"a2H4S00000056bgUAA","","SC-000011167","2020-06-02T17:59:20.000Z","0054S000000Ms6RQAS","2020-06-02T17:59:20.000Z","0054S000000Ms6RQAS","","a2F4S0000008dVcUAI","2.01","Standard_Product_Package_Credit_Memo","a2C4S0000008SgwUAE","a2H4S00000056bfUAA","LLC_BI__Account__r","","42254344496436136","Account","","","false","","false"
"a2H4S00000056bhUAA","","SC-000011168","2020-06-02T17:59:20.000Z","0054S000000Ms6RQAS","2020-06-02T17:59:20.000Z","0054S000000Ms6RQAS","","a2F4S0000008dVeUAI","1.01","","a2C4S0000008SgxUAE","","","","42821369529144732","LLC_BI__Product_Package__c","","","false","","false"
"a2H4S00000056biUAA","","SC-000011169","2020-06-02T17:59:20.000Z","0054S000000Ms6RQAS","2020-06-02T17:59:20.000Z","0054S000000Ms6RQAS","","a2F4S0000008dVeUAI","2.01","Credit_Memo_Standard_Product_Package","a2C4S0000008SgyUAE","a2H4S00000056bhUAA","LLC_BI__Product_Package_Teams__r","","42821751009635837","LLC_BI__Product_Package_Team__c","","","false","","false"
"a2H4S00000056bjUAA","","SC-000011170","2020-06-02T17:59:20.000Z","0054S000000Ms6RQAS","2020-06-02T17:59:20.000Z","0054S000000Ms6RQAS","","a2F4S0000008dVfUAI","1.01","","a2C4S0000008SgzUAE","","","","42411751653126269","LLC_BI__Product_Package__c","","","false","","false"
"a2H4S00000056bkUAA","","SC-000011171","2020-06-02T17:59:20.000Z","0054S000000Ms6RQAS","2020-06-02T17:59:20.000Z","0054S000000Ms6RQAS","","a2F4S0000008dVfUAI","2.01","","a2C4S0000008Sh0UAE","a2H4S00000056bjUAA","LLC_BI__Loan_Facilities__r","","42326371509326357","LLC_BI__Loan__c","","","false","","false"
"a2H4S00000056blUAA","","SC-000011172","2020-06-02T17:59:20.000Z","0054S000000Ms6RQAS","2020-06-02T17:59:20.000Z","0054S000000Ms6RQAS","","a2F4S0000008dVfUAI","3.01","","a2C4S0000008Sh1UAE","a2H4S00000056bkUAA","LLC_BI__Loan_Collateral__r","","42687656886404502","LLC_BI__Loan_Collateral2__c","","","false","","false"
"a2H4S00000056bmUAA","","SC-000011173","2020-06-02T17:59:20.000Z","0054S000000Ms6RQAS","2020-06-02T17:59:20.000Z","0054S000000Ms6RQAS","","a2F4S0000008dVfUAI","4.01","Credit_Memo_Standard_Product_Package","a2C4S0000008Sh2UAE","a2H4S00000056blUAA","LLC_BI__Collateral__r","Collateral Details","42461950330782563","LLC_BI__Collateral__c","","","false","","false"
"a2H4S00000056bnUAA","","SC-000011174","2020-06-02T17:59:20.000Z","0054S000000Ms6RQAS","2020-06-02T17:59:20.000Z","0054S000000Ms6RQAS","","a2F4S0000008dVfUAI","5.01","Credit_Memo_Standard_Product_Package","a2C4S0000008Sh3UAE","a2H4S00000056bmUAA","LLC_BI__Account_Collateral__r","Ownership","42006587817235885","LLC_BI__Account_Collateral__c","","","false","","false"
"a2H4S00000056boUAA","","SC-000011175","2020-06-02T17:59:20.000Z","0054S000000Ms6RQAS","2020-06-02T17:59:20.000Z","0054S000000Ms6RQAS","","a2F4S0000008dVfUAI","5.02","Credit_Memo_Standard_Product_Package","a2C4S0000008Sh4UAE","a2H4S00000056bmUAA","LLC_BI__Loan_Collateral2__r","Loans","42290106891005164","LLC_BI__Loan_Collateral2__c","","","false","","false"
"a2H4S00000056bpUAA","","SC-000011176","2020-06-02T17:59:20.000Z","0054S000000Ms6RQAS","2020-06-02T17:59:20.000Z","0054S000000Ms6RQAS","","a2F4S0000008dVfUAI","5.03","Credit_Memo_Standard_Product_Package","a2C4S0000008Sh5UAE","a2H4S00000056bmUAA","LLC_BI__Liens__r","Liens","42109933227513898","LLC_BI__Lien__c","","","false","","false"
"a2H4S00000056bqUAA","","SC-000011177","2020-06-02T17:59:20.000Z","0054S000000Ms6RQAS","2020-06-02T17:59:20.000Z","0054S000000Ms6RQAS","","a2F4S0000008dVgUAI","1.01","","a2C4S0000008Sh6UAE","","","","42539528456676764","LLC_BI__Product_Package__c","","","false","","false"
"a2H4S00000056brUAA","","SC-000011178","2020-06-02T17:59:20.000Z","0054S000000Ms6RQAS","2020-06-02T17:59:20.000Z","0054S000000Ms6RQAS","","a2F4S0000008dVgUAI","2.01","","a2C4S0000008Sh7UAE","a2H4S00000056bqUAA","LLC_BI__Loan_Facilities__r","","42915357069932818","LLC_BI__Loan__c","","","false","","false"
"a2H4S00000056bsUAA","","SC-000011179","2020-06-02T17:59:20.000Z","0054S000000Ms6RQAS","2020-06-02T17:59:20.000Z","0054S000000Ms6RQAS","","a2F4S0000008dVgUAI","3.01","","a2C4S0000008Sh8UAE","a2H4S00000056brUAA","LLC_BI__Loan_Covenants__r","","42230911375867646","LLC_BI__Loan_Covenant__c","","","false","","false"
"a2H4S00000056btUAA","","SC-000011180","2020-06-02T17:59:20.000Z","0054S000000Ms6RQAS","2020-06-02T17:59:20.000Z","0054S000000Ms6RQAS","","a2F4S0000008dVgUAI","4.01","Credit_Memo_Standard_Product_Package","a2C4S0000008Sh9UAE","a2H4S00000056bsUAA","LLC_BI__Covenant2__r","Covenant Details","42997346182807272","LLC_BI__Covenant2__c","","","false","","false"
"a2H4S00000056buUAA","","SC-000011181","2020-06-02T17:59:20.000Z","0054S000000Ms6RQAS","2020-06-02T17:59:20.000Z","0054S000000Ms6RQAS","","a2F4S0000008dVgUAI","5.01","Credit_Memo_Standard_Product_Package","a2C4S0000008ShAUAU","a2H4S00000056btUAA","LLC_BI__Account_Covenants__r","Ownership","42822066376145694","LLC_BI__Account_Covenant__c","","","false","","false"
"a2H4S00000056bvUAA","","SC-000011182","2020-06-02T17:59:20.000Z","0054S000000Ms6RQAS","2020-06-02T17:59:20.000Z","0054S000000Ms6RQAS","","a2F4S0000008dVgUAI","5.02","Credit_Memo_Standard_Product_Package","a2C4S0000008ShBUAU","a2H4S00000056btUAA","LLC_BI__Loan_Covenants__r","Loans","42513536247602632","LLC_BI__Loan_Covenant__c","","","false","","false"
"a2H4S00000056bwUAA","","SC-000011183","2020-06-02T17:59:20.000Z","0054S000000SW21QAG","2020-06-02T17:59:20.000Z","0054S000000SW21QAG","","a2F4S0000008dQxUAI","1.01","LLC_BI__Entity_Involvement_New_Individual_Fields","","","","","42214441633510924","Contact","","","false","","false"
"a2H4S00000056bxUAA","","SC-000011184","2020-06-02T17:59:20.000Z","0054S000000SW21QAG","2020-06-02T17:59:20.000Z","0054S000000SW21QAG","","a2F4S0000008dQyUAI","1.01","LLC_BI__Entity_Involvement_New_Business_Fields","","","","","42359595358732722","Account","","","false","","false"
"a2H4S00000056byUAA","","SC-000011185","2020-06-02T17:59:20.000Z","0054S000000SW21QAG","2020-06-02T17:59:20.000Z","0054S000000SW21QAG","","a2F4S0000008dQzUAI","1.01","LLC_BI__Add_Debt_Account","","","","Relationship Add Debt","42257755788420623","LLC_BI__Debt__c","","","false","","false"
"a2H4S00000056bzUAA","","SC-000011186","2020-06-02T17:59:20.000Z","0054S000000SW21QAG","2020-06-02T17:59:20.000Z","0054S000000SW21QAG","","a2F4S0000008dR0UAI","1.01","LLC_BI__Admin_Screen_Section_Lookup","","","","","42976668097027290","nFORCE__Question__c","","","false","","false"
"a2H4S00000056c0UAA","","SC-000011187","2020-06-02T17:59:20.000Z","0054S000000SW2ZQAW","2020-06-02T17:59:20.000Z","0054S000000SW2ZQAW","","a2F4S0000008dR1UAI","1.01","NDOC__AccountDocument_Bulk_Update_Fields","","","","","7D33732B_3C2F_4278_8C72_71383F635110","LLC_BI__AccountDocument__c","","","false","","false"
"a2H4S00000056c1UAA","","SC-000011188","2020-06-02T17:59:20.000Z","0054S000000SW2ZQAW","2020-06-02T17:59:20.000Z","0054S000000SW2ZQAW","","a2F4S0000008dR2UAI","1.01","NDOC__AccountDocument_Bulk_Update_Summary","","","","","2A330C3F_3756_4467_8F2B_471D0F471300","LLC_BI__AccountDocument__c","","","false","","false"
"a2H4S00000056c2UAA","","SC-000011189","2020-06-02T17:59:20.000Z","0054S000000SW2ZQAW","2020-06-02T17:59:20.000Z","0054S000000SW2ZQAW","","a2F4S0000008dR3UAI","1.01","NDOC__LoanDocument_Bulk_Update_Fields","","","","","5E7C4D57_0305_490F_A35C_5067245F7658","LLC_BI__LLC_LoanDocument__c","","","false","","false"
"a2H4S00000056c3UAA","","SC-000011190","2020-06-02T17:59:20.000Z","0054S000000SW2ZQAW","2020-06-02T17:59:20.000Z","0054S000000SW2ZQAW","","a2F4S0000008dR4UAI","1.01","NDOC__LoanDocument_Bulk_Update_Summary","","","","","4A5D5908_1708_496B_B705_400C6235000E","LLC_BI__LLC_LoanDocument__c","","","false","","false"
"a2H4S00000056c4UAA","","SC-000011191","2020-06-02T17:59:20.000Z","0054S000000SW2ZQAW","2020-06-02T17:59:20.000Z","0054S000000SW2ZQAW","","a2F4S0000008dR5UAI","1.01","NDOC__Document_Placeholder_Bulk_Update_Fields","","","","","79536816_0417_4B32_914B_186678661379","LLC_BI__Document_Placeholder__c","","","false","","false"
"a2H4S00000056c5UAA","","SC-000011192","2020-06-02T17:59:20.000Z","0054S000000SW2ZQAW","2020-06-02T17:59:20.000Z","0054S000000SW2ZQAW","","a2F4S0000008dR6UAI","1.01","NDOC__Document_Placeholder_Bulk_Update_Summary","","","","","1E70374C_362A_4C57_8804_1C743F192264","LLC_BI__Document_Placeholder__c","","","false","","false"
"a2H4S00000056c6UAA","","SC-000011193","2020-06-02T17:59:20.000Z","0054S000000SW29QAG","2020-06-02T17:59:20.000Z","0054S000000SW29QAG","","a2F4S0000008dR7UAI","0.01","nRetail__Applicant_Schedule","","","","","42323111737687467","LLC_BI__Legal_Entities__c","","","false","","false"
"a2H4S00000056c7UAA","","SC-000011194","2020-06-02T17:59:20.000Z","0054S000000SW29QAG","2020-06-02T17:59:20.000Z","0054S000000SW29QAG","","a2F4S0000008dR8UAI","1.01","nRetail__Application_Details","","","","","42973708053307679","LLC_BI__Loan__c","","","false","","false"
"a2H4S00000056c8UAA","","SC-000011195","2020-06-02T17:59:20.000Z","0054S000000SW29QAG","2020-06-02T17:59:20.000Z","0054S000000SW29QAG","","a2F4S0000008dR9UAI","2.01","nRetail__Applicant_Details","","","","","42942774388039797","Contact","","","false","","false"
"a2H4S00000056c9UAA","","SC-000011196","2020-06-02T17:59:20.000Z","0054S000000SW29QAG","2020-06-02T17:59:20.000Z","0054S000000SW29QAG","","a2F4S0000008dRAUAY","0.01","LLC_BI__Debt_Schedule","","","","","42022918834629833","LLC_BI__Debt__c","","","false","","false"
"a2H4S00000056cAUAQ","","SC-000011197","2020-06-02T17:59:20.000Z","0054S000000SW29QAG","2020-06-02T17:59:20.000Z","0054S000000SW29QAG","","a2F4S0000008dRBUAY","1.01","nRetail__Asset_Schedule","","","","","42389289613314894","nRetail__Asset__c","","","false","","false"
"a2H4S00000056cBUAQ","","SC-000011198","2020-06-02T17:59:20.000Z","0054S000000SW29QAG","2020-06-02T17:59:20.000Z","0054S000000SW29QAG","","a2F4S0000008dRCUAY","2.01","LLC_BI__Income_Schedule","","","","","42024749675495641","LLC_BI__Income__c","","","false","","false"
"a2H4S00000056cCUAQ","","SC-000011199","2020-06-02T17:59:20.000Z","0054S000000SW29QAG","2020-06-02T17:59:20.000Z","0054S000000SW29QAG","","a2F4S0000008dRDUAY","3.01","LLC_BI__Add_Debt","","","","","42742415153690654","LLC_BI__Debt__c","","","false","","false"
"a2H4S00000056cDUAQ","","SC-000011200","2020-06-02T17:59:20.000Z","0054S000000SW29QAG","2020-06-02T17:59:20.000Z","0054S000000SW29QAG","","a2F4S0000008dREUAY","4.01","nRetail__Add_Asset","","","","","42867410316060319","nRetail__Asset__c","","","false","","false"
"a2H4S00000056cEUAQ","","SC-000011201","2020-06-02T17:59:20.000Z","0054S000000SW29QAG","2020-06-02T17:59:20.000Z","0054S000000SW29QAG","","a2F4S0000008dRFUAY","4.01","LLC_BI__Add_Income","","","","","42700711260007359","LLC_BI__Income__c","","","false","","false"
"a2H4S00000056cFUAQ","","SC-000011202","2020-06-02T17:59:20.000Z","0054S000000SW29QAG","2020-06-02T17:59:20.000Z","0054S000000SW29QAG","","a2F4S0000008dRGUAY","5.01","nRetail__Underwriting_Overview","","","","","42811695728485585","LLC_BI__Loan__c","","","false","","false"
"a2H4S00000056cGUAQ","","SC-000011203","2020-06-02T17:59:20.000Z","0054S000000SW29QAG","2020-06-02T17:59:20.000Z","0054S000000SW29QAG","","a2F4S0000008dRHUAY","6.01","nRetail__Decision_Overview","","","","","42300057803852277","LLC_BI__Loan__c","","","false","","false"
"a2H4S00000056cHUAQ","","SC-000011204","2020-06-02T17:59:20.000Z","0054S000000SW29QAG","2020-06-02T17:59:20.000Z","0054S000000SW29QAG","","a2F4S0000008dRIUAY","0.01","nRetail__Applicant_Schedule","","","","","42685581373503374","LLC_BI__Legal_Entities__c","","","false","","false"
"a2H4S00000056cIUAQ","","SC-000011205","2020-06-02T17:59:20.000Z","0054S000000SW29QAG","2020-06-02T17:59:20.000Z","0054S000000SW29QAG","","a2F4S0000008dRJUAY","1.01","nRetail__Application_Details","","","","","42611673111077598","LLC_BI__Loan__c","","","false","","false"
"a2H4S00000056cJUAQ","","SC-000011206","2020-06-02T17:59:20.000Z","0054S000000SW29QAG","2020-06-02T17:59:20.000Z","0054S000000SW29QAG","","a2F4S0000008dRKUAY","2.01","nRetail__Applicant_Details","","","","","42747812195367078","Contact","","","false","","false"
"a2H4S00000056cKUAQ","","SC-000011207","2020-06-02T17:59:20.000Z","0054S000000SW29QAG","2020-06-02T17:59:20.000Z","0054S000000SW29QAG","","a2F4S0000008dRLUAY","0.01","LLC_BI__Debt_Schedule","","","","","42801723562509089","LLC_BI__Debt__c","","","false","","false"
"a2H4S00000056cLUAQ","","SC-000011208","2020-06-02T17:59:20.000Z","0054S000000SW29QAG","2020-06-02T17:59:20.000Z","0054S000000SW29QAG","","a2F4S0000008dRMUAY","1.01","nRetail__Asset_Schedule","","","","","42984058070619593","nRetail__Asset__c","","","false","","false"
"a2H4S00000056cMUAQ","","SC-000011209","2020-06-02T17:59:20.000Z","0054S000000SW29QAG","2020-06-02T17:59:20.000Z","0054S000000SW29QAG","","a2F4S0000008dRNUAY","2.01","LLC_BI__Income_Schedule","","","","","42678153026386537","LLC_BI__Income__c","","","false","","false"
"a2H4S00000056cNUAQ","","SC-000011210","2020-06-02T17:59:20.000Z","0054S000000SW29QAG","2020-06-02T17:59:20.000Z","0054S000000SW29QAG","","a2F4S0000008dROUAY","3.01","LLC_BI__Add_Debt","","","","","42896054792281392","LLC_BI__Debt__c","","","false","","false"
"a2H4S00000056cOUAQ","","SC-000011211","2020-06-02T17:59:20.000Z","0054S000000SW29QAG","2020-06-02T17:59:20.000Z","0054S000000SW29QAG","","a2F4S0000008dRPUAY","4.01","nRetail__Add_Asset","","","","","42404192279274983","nRetail__Asset__c","","","false","","false"
"a2H4S00000056cPUAQ","","SC-000011212","2020-06-02T17:59:20.000Z","0054S000000SW29QAG","2020-06-02T17:59:20.000Z","0054S000000SW29QAG","","a2F4S0000008dRQUAY","4.01","LLC_BI__Add_Income","","","","","42575494393212133","LLC_BI__Income__c","","","false","","false"
"a2H4S00000056cQUAQ","","SC-000011213","2020-06-02T17:59:20.000Z","0054S000000SW29QAG","2020-06-02T17:59:20.000Z","0054S000000SW29QAG","","a2F4S0000008dRRUAY","5.01","nRetail__Underwriting_Overview","","","","","42217682347726550","LLC_BI__Loan__c","","","false","","false"
"a2H4S00000056cRUAQ","","SC-000011214","2020-06-02T17:59:20.000Z","0054S000000SW29QAG","2020-06-02T17:59:20.000Z","0054S000000SW29QAG","","a2F4S0000008dRSUAY","6.01","nRetail__Decision_Overview","","","","","42660090754445322","LLC_BI__Loan__c","","","false","","false"
"a2H4S00000056cSUAQ","","SC-000011215","2020-06-02T17:59:20.000Z","0054S000000SW29QAG","2020-06-02T17:59:20.000Z","0054S000000SW29QAG","","a2F4S0000008dRTUAY","0.01","nRetail__Applicant_Schedule","","","","","42949199641230890","LLC_BI__Legal_Entities__c","","","false","","false"
"a2H4S00000056cTUAQ","","SC-000011216","2020-06-02T17:59:20.000Z","0054S000000SW29QAG","2020-06-02T17:59:20.000Z","0054S000000SW29QAG","","a2F4S0000008dRUUAY","1.01","nRetail__Application_Details","","","","","42166003065091270","LLC_BI__Loan__c","","","false","","false"
"a2H4S00000056cUUAQ","","SC-000011217","2020-06-02T17:59:20.000Z","0054S000000SW29QAG","2020-06-02T17:59:20.000Z","0054S000000SW29QAG","","a2F4S0000008dRVUAY","2.01","nRetail__Applicant_Details","","","","","42250899406626973","Contact","","","false","","false"
"a2H4S00000056cVUAQ","","SC-000011218","2020-06-02T17:59:20.000Z","0054S000000SW29QAG","2020-06-02T17:59:20.000Z","0054S000000SW29QAG","","a2F4S0000008dRWUAY","0.01","LLC_BI__Debt_Schedule","","","","","42204082482261706","LLC_BI__Debt__c","","","false","","false"
"a2H4S00000056cWUAQ","","SC-000011219","2020-06-02T17:59:20.000Z","0054S000000SW29QAG","2020-06-02T17:59:20.000Z","0054S000000SW29QAG","","a2F4S0000008dRXUAY","1.01","nRetail__Asset_Schedule","","","","","42005439512254291","nRetail__Asset__c","","","false","","false"
"a2H4S00000056cXUAQ","","SC-000011220","2020-06-02T17:59:20.000Z","0054S000000SW29QAG","2020-06-02T17:59:20.000Z","0054S000000SW29QAG","","a2F4S0000008dRYUAY","2.01","LLC_BI__Income_Schedule","","","","","42478226735387229","LLC_BI__Income__c","","","false","","false"
"a2H4S00000056cYUAQ","","SC-000011221","2020-06-02T17:59:20.000Z","0054S000000SW29QAG","2020-06-02T17:59:20.000Z","0054S000000SW29QAG","","a2F4S0000008dRZUAY","3.01","LLC_BI__Add_Debt","","","","","42065640957784631","LLC_BI__Debt__c","","","false","","false"
"a2H4S00000056cZUAQ","","SC-000011222","2020-06-02T17:59:20.000Z","0054S000000SW29QAG","2020-06-02T17:59:20.000Z","0054S000000SW29QAG","","a2F4S0000008dRaUAI","4.01","nRetail__Add_Asset","","","","","42195078516455627","nRetail__Asset__c","","","false","","false"
"a2H4S00000056caUAA","","SC-000011223","2020-06-02T17:59:20.000Z","0054S000000SW29QAG","2020-06-02T17:59:20.000Z","0054S000000SW29QAG","","a2F4S0000008dRbUAI","4.01","LLC_BI__Add_Income","","","","","42619874413328666","LLC_BI__Income__c","","","false","","false"
"a2H4S00000056cbUAA","","SC-000011224","2020-06-02T17:59:20.000Z","0054S000000SW29QAG","2020-06-02T17:59:20.000Z","0054S000000SW29QAG","","a2F4S0000008dRcUAI","5.01","nRetail__Underwriting_Overview","","","","","42597753096952230","LLC_BI__Loan__c","","","false","","false"
"a2H4S00000056ccUAA","","SC-000011225","2020-06-02T17:59:20.000Z","0054S000000SW29QAG","2020-06-02T17:59:20.000Z","0054S000000SW29QAG","","a2F4S0000008dRdUAI","6.01","nRetail__Decision_Overview","","","","","42699231954528653","LLC_BI__Loan__c","","","false","","false"
"a2H4S00000056cdUAA","","SC-000011226","2020-06-02T17:59:20.000Z","0054S000000SW29QAG","2020-06-02T17:59:20.000Z","0054S000000SW29QAG","","a2F4S0000008dReUAI","0.01","nRetail__Applicant_Schedule","","","","","42515994685990492","LLC_BI__Legal_Entities__c","","","false","","false"
"a2H4S00000056ceUAA","","SC-000011227","2020-06-02T17:59:20.000Z","0054S000000SW29QAG","2020-06-02T17:59:20.000Z","0054S000000SW29QAG","","a2F4S0000008dRfUAI","1.01","nRetail__Application_Details","","","","","42773917648599864","LLC_BI__Loan__c","","","false","","false"
"a2H4S00000056cfUAA","","SC-000011228","2020-06-02T17:59:20.000Z","0054S000000SW29QAG","2020-06-02T17:59:20.000Z","0054S000000SW29QAG","","a2F4S0000008dRgUAI","2.01","nRetail__Applicant_Details","","","","","42670562978463494","Contact","","","false","","false"
"a2H4S00000056cgUAA","","SC-000011229","2020-06-02T17:59:20.000Z","0054S000000SW29QAG","2020-06-02T17:59:20.000Z","0054S000000SW29QAG","","a2F4S0000008dRhUAI","0.01","","","","","","42995247717435867","LLC_BI__Loan__c","","","false","","false"
"a2H4S00000056chUAA","","SC-000011230","2020-06-02T17:59:20.000Z","0054S000000SW29QAG","2020-06-02T17:59:20.000Z","0054S000000SW29QAG","","a2F4S0000008dRhUAI","1.01","nRetail__Third_Party_Related_List","","a2H4S00000056cgUAA","LLC_BI__Service_Mgmt__r","","42046373018322044","LLC_BI__Service_Mgmt__c","","","false","","false"
"a2H4S00000056ciUAA","","SC-000011231","2020-06-02T17:59:20.000Z","0054S000000SW29QAG","2020-06-02T17:59:20.000Z","0054S000000SW29QAG","","a2F4S0000008dRiUAI","0.01","LLC_BI__Debt_Schedule","","","","","42021659853865766","LLC_BI__Debt__c","","","false","","false"
"a2H4S00000056cjUAA","","SC-000011232","2020-06-02T17:59:20.000Z","0054S000000SW29QAG","2020-06-02T17:59:20.000Z","0054S000000SW29QAG","","a2F4S0000008dRjUAI","1.01","nRetail__Asset_Schedule","","","","","42102173120980340","nRetail__Asset__c","","","false","","false"
"a2H4S00000056ckUAA","","SC-000011233","2020-06-02T17:59:20.000Z","0054S000000SW29QAG","2020-06-02T17:59:20.000Z","0054S000000SW29QAG","","a2F4S0000008dRkUAI","2.01","LLC_BI__Income_Schedule","","","","","42503930791868465","LLC_BI__Income__c","","","false","","false"
"a2H4S00000056clUAA","","SC-000011234","2020-06-02T17:59:20.000Z","0054S000000SW29QAG","2020-06-02T17:59:20.000Z","0054S000000SW29QAG","","a2F4S0000008dRlUAI","3.01","LLC_BI__Add_Debt","","","","","42897556793556629","LLC_BI__Debt__c","","","false","","false"
"a2H4S00000056cmUAA","","SC-000011235","2020-06-02T17:59:20.000Z","0054S000000SW29QAG","2020-06-02T17:59:20.000Z","0054S000000SW29QAG","","a2F4S0000008dRmUAI","4.01","nRetail__Add_Asset","","","","","42091516351375445","nRetail__Asset__c","","","false","","false"
"a2H4S00000056cnUAA","","SC-000011236","2020-06-02T17:59:20.000Z","0054S000000SW29QAG","2020-06-02T17:59:20.000Z","0054S000000SW29QAG","","a2F4S0000008dRnUAI","5.01","LLC_BI__Add_Income","","","","","42136797852960856","LLC_BI__Income__c","","","false","","false"
"a2H4S00000056coUAA","","SC-000011237","2020-06-02T17:59:20.000Z","0054S000000SW29QAG","2020-06-02T17:59:20.000Z","0054S000000SW29QAG","","a2F4S0000008dRoUAI","6.01","nRetail__Underwriting_Overview","","","","","42012424012445129","LLC_BI__Loan__c","","","false","","false"
"a2H4S00000056cpUAA","","SC-000011238","2020-06-02T17:59:20.000Z","0054S000000SW29QAG","2020-06-02T17:59:20.000Z","0054S000000SW29QAG","","a2F4S0000008dRpUAI","7.01","nRetail__Decision_Overview","","","","","42234788521177229","LLC_BI__Loan__c","","","false","","false"
"a2H4S00000056cqUAA","","SC-000011239","2020-06-02T17:59:20.000Z","0054S000000SW29QAG","2020-06-02T17:59:20.000Z","0054S000000SW29QAG","","a2F4S0000008dRqUAI","0.01","nRetail__Applicant_Schedule","","","","","42141718272557341","LLC_BI__Legal_Entities__c","","","false","","false"
"a2H4S00000056crUAA","","SC-000011240","2020-06-02T17:59:20.000Z","0054S000000SW29QAG","2020-06-02T17:59:20.000Z","0054S000000SW29QAG","","a2F4S0000008dRrUAI","1.01","nRetail__Application_Details","","","","","42438591374402313","LLC_BI__Loan__c","","","false","","false"
"a2H4S00000056csUAA","","SC-000011241","2020-06-02T17:59:20.000Z","0054S000000SW29QAG","2020-06-02T17:59:20.000Z","0054S000000SW29QAG","","a2F4S0000008dRsUAI","2.01","nRetail__Applicant_Details","","","","","42644917698106735","Contact","","","false","","false"
"a2H4S00000056ctUAA","","SC-000011242","2020-06-02T17:59:20.000Z","0054S000000SW29QAG","2020-06-02T17:59:20.000Z","0054S000000SW29QAG","","a2F4S0000008dRtUAI","3.01","nRetail__Applicant_Details","","","","","42357892110794915","Account","","","false","","false"
"a2H4S00000056cuUAA","","SC-000011243","2020-06-02T17:59:20.000Z","0054S000000SW29QAG","2020-06-02T17:59:20.000Z","0054S000000SW29QAG","","a2F4S0000008dRuUAI","0.01","LLC_BI__Debt_Schedule","","","","","42625261652694521","LLC_BI__Debt__c","","","false","","false"
"a2H4S00000056cvUAA","","SC-000011244","2020-06-02T17:59:20.000Z","0054S000000SW29QAG","2020-06-02T17:59:20.000Z","0054S000000SW29QAG","","a2F4S0000008dRvUAI","1.01","nRetail__Asset_Schedule","","","","","42874691533211137","nRetail__Asset__c","","","false","","false"
"a2H4S00000056cwUAA","","SC-000011245","2020-06-02T17:59:20.000Z","0054S000000SW29QAG","2020-06-02T17:59:20.000Z","0054S000000SW29QAG","","a2F4S0000008dRwUAI","2.01","LLC_BI__Income_Schedule","","","","","42879246450934649","LLC_BI__Income__c","","","false","","false"
"a2H4S00000056cxUAA","","SC-000011246","2020-06-02T17:59:20.000Z","0054S000000SW29QAG","2020-06-02T17:59:20.000Z","0054S000000SW29QAG","","a2F4S0000008dRxUAI","3.01","LLC_BI__Add_Debt","","","","","42476578626492469","LLC_BI__Debt__c","","","false","","false"
"a2H4S00000056cyUAA","","SC-000011247","2020-06-02T17:59:20.000Z","0054S000000SW29QAG","2020-06-02T17:59:20.000Z","0054S000000SW29QAG","","a2F4S0000008dRyUAI","4.01","nRetail__Add_Asset","","","","","42368514551650610","nRetail__Asset__c","","","false","","false"
"a2H4S00000056czUAA","","SC-000011248","2020-06-02T17:59:20.000Z","0054S000000SW29QAG","2020-06-02T17:59:20.000Z","0054S000000SW29QAG","","a2F4S0000008dRzUAI","5.01","LLC_BI__Add_Income","","","","","42890965545566932","LLC_BI__Income__c","","","false","","false"
"a2H4S00000056d0UAA","","SC-000011249","2020-06-02T17:59:20.000Z","0054S000000SW29QAG","2020-06-02T17:59:20.000Z","0054S000000SW29QAG","","a2F4S0000008dS0UAI","6.01","nRetail__Underwriting_Overview","","","","","42933810863927250","LLC_BI__Loan__c","","","false","","false"
"a2H4S00000056d1UAA","","SC-000011250","2020-06-02T17:59:20.000Z","0054S000000SW29QAG","2020-06-02T17:59:20.000Z","0054S000000SW29QAG","","a2F4S0000008dS1UAI","7.01","nRetail__Decision_Overview","","","","","42485029829875192","LLC_BI__Loan__c","","","false","","false"
"a2H4S00000056d2UAA","","SC-000011251","2020-06-02T17:59:20.000Z","0054S000000SW29QAG","2020-06-02T17:59:20.000Z","0054S000000SW29QAG","","a2F4S0000008dS2UAI","0.01","nRetail__Applicant_Schedule","","","","","42518887144814059","LLC_BI__Legal_Entities__c","","","false","","false"
"a2H4S00000056d3UAA","","SC-000011252","2020-06-02T17:59:20.000Z","0054S000000SW29QAG","2020-06-02T17:59:20.000Z","0054S000000SW29QAG","","a2F4S0000008dS3UAI","1.01","nRetail__Application_Details","","","","","42595127765256465","LLC_BI__Loan__c","","","false","","false"
"a2H4S00000056d4UAA","","SC-000011253","2020-06-02T17:59:20.000Z","0054S000000SW29QAG","2020-06-02T17:59:20.000Z","0054S000000SW29QAG","","a2F4S0000008dS4UAI","2.01","nRetail__Applicant_Details","","","","","42805315386568423","Contact","","","false","","false"
"a2H4S00000056d5UAA","","SC-000011254","2020-06-02T17:59:20.000Z","0054S000000SW29QAG","2020-06-02T17:59:20.000Z","0054S000000SW29QAG","","a2F4S0000008dS5UAI","3.01","nRetail__Applicant_Details","","","","","42347514038759296","Account","","","false","","false"
"a2H4S00000056d6UAA","","SC-000011255","2020-06-02T17:59:20.000Z","0054S000000SW29QAG","2020-06-02T17:59:20.000Z","0054S000000SW29QAG","","a2F4S0000008dS6UAI","0.01","LLC_BI__Debt_Schedule","","","","","42634992711243278","LLC_BI__Debt__c","","","false","","false"
"a2H4S00000056d7UAA","","SC-000011256","2020-06-02T17:59:20.000Z","0054S000000SW29QAG","2020-06-02T17:59:20.000Z","0054S000000SW29QAG","","a2F4S0000008dS7UAI","1.01","nRetail__Asset_Schedule","","","","","42263467225496017","nRetail__Asset__c","","","false","","false"
"a2H4S00000056d8UAA","","SC-000011257","2020-06-02T17:59:20.000Z","0054S000000SW29QAG","2020-06-02T17:59:20.000Z","0054S000000SW29QAG","","a2F4S0000008dS8UAI","2.01","LLC_BI__Income_Schedule","","","","","42602327635052241","LLC_BI__Income__c","","","false","","false"
"a2H4S00000056d9UAA","","SC-000011258","2020-06-02T17:59:20.000Z","0054S000000SW29QAG","2020-06-02T17:59:20.000Z","0054S000000SW29QAG","","a2F4S0000008dS9UAI","3.01","LLC_BI__Add_Debt","","","","","42633576715663684","LLC_BI__Debt__c","","","false","","false"
"a2H4S00000056dAUAQ","","SC-000011259","2020-06-02T17:59:20.000Z","0054S000000SW29QAG","2020-06-02T17:59:20.000Z","0054S000000SW29QAG","","a2F4S0000008dSAUAY","4.01","nRetail__Add_Asset","","","","","42840418543411575","nRetail__Asset__c","","","false","","false"
"a2H4S00000056dBUAQ","","SC-000011260","2020-06-02T17:59:20.000Z","0054S000000SW29QAG","2020-06-02T17:59:20.000Z","0054S000000SW29QAG","","a2F4S0000008dSBUAY","5.01","LLC_BI__Add_Income","","","","","42535396505073744","LLC_BI__Income__c","","","false","","false"
"a2H4S00000056dCUAQ","","SC-000011261","2020-06-02T17:59:20.000Z","0054S000000SW29QAG","2020-06-02T17:59:20.000Z","0054S000000SW29QAG","","a2F4S0000008dSCUAY","6.01","nRetail__Underwriting_Overview","","","","","4291390901833651","LLC_BI__Loan__c","","","false","","false"
"a2H4S00000056dDUAQ","","SC-000011262","2020-06-02T17:59:20.000Z","0054S000000SW29QAG","2020-06-02T17:59:20.000Z","0054S000000SW29QAG","","a2F4S0000008dSDUAY","7.01","nRetail__Decision_Overview","","","","","42713051648517788","LLC_BI__Loan__c","","","false","","false"
"a2H4S00000056dEUAQ","","SC-000011263","2020-06-02T17:59:20.000Z","0054S000000Ms6RQAS","2020-06-02T17:59:20.000Z","0054S000000Ms6RQAS","","a2F4S0000008dSEUAY","1.01","UI_Loan_Details","a2C4S0000008ShCUAU","","","","42424556833151765","LLC_BI__Loan__c","","0.0","false","","false"
"a2H4S00000056dFUAQ","","SC-000011264","2020-06-02T17:59:20.000Z","0054S000000Ms6RQAS","2020-06-02T17:59:20.000Z","0054S000000Ms6RQAS","","a2F4S0000008dSOUAY","1.0","","","","","Change Memo","08981560278867804","LLC_BI__Loan__c","","","false","","false"
"a2H4S00000056dGUAQ","","SC-000011265","2020-06-02T17:59:20.000Z","0054S000000Ms6RQAS","2021-01-14T22:11:32.000Z","0054S000000Ms6RQAS","","a2F4S0000008dSOUAY","2.0","IBCL_loan_UI_Memo_Action_cm","","a2H4S00000056dFUAQ","LLC_BI__Change_Memos__r","Change Memo","20241560278867805","LLC_BI__Credit_Memo_Modifcation__c","","","false","","false"
"a2H4S00000056dHUAQ","","SC-000011266","2020-06-02T17:59:20.000Z","0054S000000Ms6RQAS","2020-06-02T17:59:20.000Z","0054S000000Ms6RQAS","","a2F4S0000008dSPUAY","0.0","LLC_BI__UI_Fees_Summary","","","","Fees Summary","60961560278867805","LLC_BI__Loan__c","","","false","","false"
"a2H4S00000056dIUAQ","","SC-000011267","2020-06-02T17:59:20.000Z","0054S000000Ms6RQAS","2020-06-02T17:59:20.000Z","0054S000000Ms6RQAS","","a2F4S0000008dSQUAY","1.01","LLC_BI__UI_Collateral_Summary","","","","Collateral Summary","70791560278867805","LLC_BI__Loan__c","","","false","","false"
"a2H4S00000056dJUAQ","","SC-000011268","2020-06-02T17:59:20.000Z","0054S000000Ms6RQAS","2020-06-02T17:59:20.000Z","0054S000000Ms6RQAS","","a2F4S0000008dSRUAY","1.01","LLC_BI__UI_Collateral_Record_Schedule","","","","","39961560278867806","LLC_BI__Loan_Collateral2__c","","","false","","false"
"a2H4S00000056dKUAQ","","SC-000011269","2020-06-02T17:59:20.000Z","0054S000000Ms6RQAS","2020-06-02T17:59:20.000Z","0054S000000Ms6RQAS","","a2F4S0000008dSSUAY","1.01","LLC_BI__UI_Related_Collateral_Pledge_Schedule","","","","","96901560278867806","LLC_BI__Loan_Collateral2__c","","","false","","false"
"a2H4S00000056dLUAQ","","SC-000011270","2020-06-02T17:59:20.000Z","0054S000000Ms6RQAS","2020-06-02T17:59:20.000Z","0054S000000Ms6RQAS","","a2F4S0000008dSFUAY","0.01","LLC_BI__Debt_Schedule","","","","","73161560278867806","LLC_BI__Debt__c","","","false","","false"
"a2H4S00000056dMUAQ","","SC-000011271","2020-06-02T17:59:20.000Z","0054S000000Ms6RQAS","2020-06-02T17:59:20.000Z","0054S000000Ms6RQAS","","a2F4S0000008dSGUAY","1.01","nRetail__Asset_Schedule","","","","","61191560278867807","nRetail__Asset__c","","","false","","false"
"a2H4S00000056dNUAQ","","SC-000011272","2020-06-02T17:59:20.000Z","0054S000000Ms6RQAS","2020-06-02T17:59:20.000Z","0054S000000Ms6RQAS","","a2F4S0000008dSHUAY","2.01","LLC_BI__Income_Schedule","","","","","34661560278867807","LLC_BI__Income__c","","","false","","false"
"a2H4S00000056dOUAQ","","SC-000011273","2020-06-02T17:59:20.000Z","0054S000000Ms6RQAS","2020-06-02T17:59:20.000Z","0054S000000Ms6RQAS","","a2F4S0000008dSIUAY","3.01","LLC_BI__Add_Debt","","","","","59761560278867807","LLC_BI__Debt__c","","","false","","false"
"a2H4S00000056dPUAQ","","SC-000011274","2020-06-02T17:59:20.000Z","0054S000000Ms6RQAS","2020-06-02T17:59:20.000Z","0054S000000Ms6RQAS","","a2F4S0000008dSJUAY","4.01","nRetail__Add_Asset","","","","","66131560278867807","nRetail__Asset__c","","","false","","false"
"a2H4S00000056dQUAQ","","SC-000011275","2020-06-02T17:59:20.000Z","0054S000000Ms6RQAS","2020-06-02T17:59:20.000Z","0054S000000Ms6RQAS","","a2F4S0000008dSKUAY","5.01","LLC_BI__Add_Income","","","","","81691560278867808","LLC_BI__Income__c","","","false","","false"
"a2H4S00000056dRUAQ","","SC-000011276","2020-06-02T17:59:20.000Z","0054S000000Ms6RQAS","2020-06-02T17:59:20.000Z","0054S000000Ms6RQAS","","a2F4S0000008dSLUAY","6.01","nRetail__Underwriting_Overview","","","","","56781560278867808","LLC_BI__Loan__c","","","false","","false"
"a2H4S00000056dSUAQ","","SC-000011277","2020-06-02T17:59:20.000Z","0054S000000Ms6RQAS","2020-06-02T17:59:20.000Z","0054S000000Ms6RQAS","","a2F4S0000008dSMUAY","7.01","nRetail__Decision_Overview","","","","","75051560278867808","LLC_BI__Loan__c","","","false","","false"
"a2H4S00000056dTUAQ","","SC-000011278","2020-06-02T17:59:20.000Z","0054S000000Ms6RQAS","2020-06-02T17:59:20.000Z","0054S000000Ms6RQAS","","a2F4S0000008dSNUAY","1.01","UI_Loan_Details","a2C4S0000008ShDUAU","","","","90201560278867808","LLC_BI__Loan__c","","0.0","false","","false"
"a2H4S00000056dUUAQ","","SC-000011279","2020-06-02T17:59:20.000Z","0054S000000Ms6RQAS","2020-06-02T17:59:20.000Z","0054S000000Ms6RQAS","","a2F4S0000008dSTUAY","1.01","","a2C4S0000008ShEUAU","","","","51911560278867809","LLC_BI__Loan__c","","0.0","false","","false"
"a2H4S00000056dVUAQ","","SC-000011280","2020-06-02T17:59:20.000Z","0054S000000Ms6RQAS","2020-06-02T17:59:20.000Z","0054S000000Ms6RQAS","","a2F4S0000008dSTUAY","2.02","","a2C4S0000008ShFUAU","a2H4S00000056dUUAQ","LLC_BI__Legal_Entities__r","","62881560278867809","LLC_BI__Legal_Entities__c","","0.0","false","","false"
"a2H4S00000056dWUAQ","","SC-000011281","2020-06-02T17:59:20.000Z","0054S000000Ms6RQAS","2020-06-02T17:59:20.000Z","0054S000000Ms6RQAS","","a2F4S0000008dSTUAY","3.02","LLC_BI__UI_Authorized_Signer_Fieldset","a2C4S0000008ShGUAU","a2H4S00000056dVUAQ","LLC_BI__Contingent_Liabilties__r","","00231560278867809","LLC_BI__Contingent_Liabilty__c","","0.0","false","","false"
"a2H4S00000056dXUAQ","","SC-000011282","2020-06-02T17:59:20.000Z","0054S000000Ms6RQAS","2020-06-02T17:59:20.000Z","0054S000000Ms6RQAS","","a2F4S0000008dSUUAY","1.01","","","","","Loan Relationship","50921560278867809","LLC_BI__Loan__c","","","false","","false"
"a2H4S00000056dYUAQ","","SC-000011283","2020-06-02T17:59:20.000Z","0054S000000Ms6RQAS","2020-06-02T17:59:20.000Z","0054S000000Ms6RQAS","","a2F4S0000008dSUUAY","2.01","UI_Borrowing_Structure","","a2H4S00000056dXUAQ","LLC_BI__Legal_Entities__r","Borrowing Structure","02741560278867810","LLC_BI__Legal_Entities__c","","","false","","false"
"a2H4S00000056dZUAQ","","SC-000011284","2020-06-02T17:59:20.000Z","0054S000000Ms6RQAS","2020-06-02T17:59:20.000Z","0054S000000Ms6RQAS","","a2F4S0000008dSVUAY","1.01","","","","","","42431560278867810","LLC_BI__Loan__c","","","false","","false"
"a2H4S00000056daUAA","","SC-000011285","2020-06-02T17:59:20.000Z","0054S000000Ms6RQAS","2020-06-02T17:59:20.000Z","0054S000000Ms6RQAS","","a2F4S0000008dSVUAY","2.01","UI_Loan_Fees","","a2H4S00000056dZUAQ","LLC_BI__Fees__r","","42031560278867811","LLC_BI__Fee__c","","","false","","false"
"a2H4S00000056dbUAA","","SC-000011286","2020-06-02T17:59:20.000Z","0054S000000Ms6RQAS","2020-06-02T17:59:20.000Z","0054S000000Ms6RQAS","","a2F4S0000008dSWUAY","0.01","nRetail__Applicant_Schedule","","","","","345765723668425656","LLC_BI__Legal_Entities__c","","","false","","false"
"a2H4S00000056dcUAA","","SC-000011287","2020-06-02T17:59:20.000Z","0054S000000Ms6RQAS","2020-06-02T17:59:20.000Z","0054S000000Ms6RQAS","","a2F4S0000008dSXUAY","1.01","nRetail__Application_Details","","","","","872348761467483452365","LLC_BI__Loan__c","","","false","","false"
"a2H4S00000056ddUAA","","SC-000011288","2020-06-02T17:59:20.000Z","0054S000000Ms6RQAS","2020-06-02T17:59:20.000Z","0054S000000Ms6RQAS","","a2F4S0000008dSYUAY","2.01","nRetail__Applicant_Details","","","","","864756352512425672","Contact","","","false","","false"
"a2H4S00000056deUAA","","SC-000011289","2020-06-02T17:59:20.000Z","0054S000000Ms6RQAS","2020-06-02T17:59:20.000Z","0054S000000Ms6RQAS","","a2F4S0000008dN4UAI","1.01","","","","","","42814716829316640","LLC_BI__Loan__c","","","false","","false"
"a2H4S00000056dfUAA","","SC-000011290","2020-06-02T17:59:20.000Z","0054S000000Ms6RQAS","2020-06-02T17:59:20.000Z","0054S000000Ms6RQAS","","a2F4S0000008dN4UAI","2.01","LLC_BI__Entity_ID","","a2H4S00000056deUAA","LLC_BI__Legal_Entities__r","","42133223742251863","LLC_BI__Legal_Entities__c","","","false","","false"
"a2H4S00000056dgUAA","","SC-000011291","2020-06-02T17:59:20.000Z","0054S000000Ms6RQAS","2020-06-02T17:59:20.000Z","0054S000000Ms6RQAS","","a2F4S0000008dN4UAI","3.01","","","a2H4S00000056dfUAA","LLC_BI__Account__r","","42335045047139733","Account","","","false","","false"
"a2H4S00000056dhUAA","","SC-000011292","2020-06-02T17:59:20.000Z","0054S000000Ms6RQAS","2020-06-02T17:59:20.000Z","0054S000000Ms6RQAS","","a2F4S0000008dN4UAI","4.01","LLC_BI__Bundle_ID","","a2H4S00000056dgUAA","LLC_BI__Underwriting_Bundle__r","","42467482897158934","LLC_BI__Underwriting_Bundle__c","","","false","","false"
"a2H4S00000056diUAA","","SC-000011293","2020-06-02T17:59:20.000Z","0054S000000Ms6RQAS","2020-06-02T17:59:20.000Z","0054S000000Ms6RQAS","","a2F4S0000008dMwUAI","1.01","","a2C4S0000008ShHUAU","","","","42687649982636770","LLC_BI__Loan__c","","0.0","false","","false"
"a2H4S00000056djUAA","","SC-000011294","2020-06-02T17:59:20.000Z","0054S000000Ms6RQAS","2020-06-02T17:59:20.000Z","0054S000000Ms6RQAS","","a2F4S0000008dMwUAI","2.01","","a2C4S0000008ShIUAU","a2H4S00000056diUAA","LLC_BI__Account__r","","42640753029786082","Account","","0.0","false","","false"
"a2H4S00000056dkUAA","","SC-000011295","2020-06-02T17:59:20.000Z","0054S000000Ms6RQAS","2020-06-02T17:59:20.000Z","0054S000000Ms6RQAS","","a2F4S0000008dMwUAI","3.01","","a2C4S0000008ShJUAU","a2H4S00000056djUAA","LLC_BI__Legal_Entities__r","","42887180015658348","LLC_BI__Legal_Entities__c","","0.0","false","","false"
"a2H4S00000056dlUAA","","SC-000011296","2020-06-02T17:59:20.000Z","0054S000000Ms6RQAS","2020-06-02T17:59:20.000Z","0054S000000Ms6RQAS","","a2F4S0000008dMwUAI","4.01","Credit_Memo_Standard_Loan_Exp","a2C4S0000008ShKUAU","a2H4S00000056dkUAA","LLC_BI__Loan__r","Loans","42106515362771567","LLC_BI__Loan__c","","0.0","false","","false"
"a2H4S00000056dmUAA","","SC-000011297","2020-06-02T17:59:20.000Z","0054S000000Ms6RQAS","2020-06-02T17:59:20.000Z","0054S000000Ms6RQAS","","a2F4S0000008dMwUAI","4.02","Credit_Memo_Standard_Loan","a2C4S0000008ShLUAU","a2H4S00000056dkUAA","LLC_BI__Deposit__r","Deposits","42025146441239655","LLC_BI__Deposit__c","","0.0","false","","false"
"a2H4S00000056dnUAA","","SC-000011298","2020-06-02T17:59:20.000Z","0054S000000Ms6RQAS","2020-06-02T17:59:20.000Z","0054S000000Ms6RQAS","","a2F4S0000008dMrUAI","1.01","","a2C4S0000008ShMUAU","","","Authorized Signers","42528894637418645","LLC_BI__Loan__c","","","false","","false"
"a2H4S00000056doUAA","","SC-000011299","2020-06-02T17:59:20.000Z","0054S000000Ms6RQAS","2020-06-02T17:59:20.000Z","0054S000000Ms6RQAS","","a2F4S0000008dMrUAI","2.01","","a2C4S0000008ShNUAU","a2H4S00000056dnUAA","LLC_BI__Legal_Entities__r","","42487369897309172","LLC_BI__Legal_Entities__c","","","false","","false"
"a2H4S00000056dpUAA","","SC-000011300","2020-06-02T17:59:20.000Z","0054S000000Ms6RQAS","2020-06-02T17:59:20.000Z","0054S000000Ms6RQAS","","a2F4S0000008dMrUAI","3.01","Credit_Memo_Standard_Loan","a2C4S0000008ShOUAU","a2H4S00000056doUAA","LLC_BI__Contingent_Liabilties__r","","42622270435923441","LLC_BI__Contingent_Liabilty__c","","","false","","false"
"a2H4S00000056dqUAA","","SC-000011301","2020-06-02T17:59:20.000Z","0054S000000Ms6RQAS","2020-06-02T17:59:20.000Z","0054S000000Ms6RQAS","","a2F4S0000008dMxUAI","1.01","","a2C4S0000008ShPUAU","","","","42188032015519787","LLC_BI__Loan__c","","","false","","false"
"a2H4S00000056drUAA","","SC-000011302","2020-06-02T17:59:20.000Z","0054S000000Ms6RQAS","2020-06-02T17:59:20.000Z","0054S000000Ms6RQAS","","a2F4S0000008dMxUAI","2.01","Credit_Memo_Standard_Loan","a2C4S0000008ShQUAU","a2H4S00000056dqUAA","LLC_BI__Legal_Entities__r","","42266456899573244","LLC_BI__Legal_Entities__c","","","false","","false"
"a2H4S00000056dsUAA","","SC-000011303","2020-06-02T17:59:20.000Z","0054S000000Ms6RQAS","2020-06-02T17:59:20.000Z","0054S000000Ms6RQAS","","a2F4S0000008dMtUAI","1.01","Credit_Memo_Standard_Loan","a2C4S0000008ShRUAU","","","","4255632642729064","LLC_BI__Loan__c","","0.0","false","","false"
"a2H4S00000056dtUAA","","SC-000011304","2020-06-02T17:59:20.000Z","0054S000000Ms6RQAS","2020-06-02T17:59:20.000Z","0054S000000Ms6RQAS","","a2F4S0000008dMyUAI","1.01","","a2C4S0000008ShSUAU","","","","42582536952064776","LLC_BI__Loan__c","","","false","","false"
"a2H4S00000056duUAA","","SC-000011305","2020-06-02T17:59:20.000Z","0054S000000Ms6RQAS","2020-06-02T17:59:20.000Z","0054S000000Ms6RQAS","","a2F4S0000008dMyUAI","2.01","","a2C4S0000008ShTUAU","a2H4S00000056dtUAA","LLC_BI__Loan_Collateral__r","","42834144635923813","LLC_BI__Loan_Collateral2__c","","","false","","false"
"a2H4S00000056dvUAA","","SC-000011306","2020-06-02T17:59:20.000Z","0054S000000Ms6RQAS","2020-06-02T17:59:20.000Z","0054S000000Ms6RQAS","","a2F4S0000008dMyUAI","3.01","Credit_Memo_Standard_Loan","a2C4S0000008ShUUAU","a2H4S00000056duUAA","LLC_BI__Collateral__r","Collateral Details","42709896442814049","LLC_BI__Collateral__c","","","false","","false"
"a2H4S00000056dwUAA","","SC-000011307","2020-06-02T17:59:20.000Z","0054S000000Ms6RQAS","2020-06-02T17:59:20.000Z","0054S000000Ms6RQAS","","a2F4S0000008dMyUAI","4.01","Credit_Memo_Standard_Loan","a2C4S0000008ShVUAU","a2H4S00000056dvUAA","LLC_BI__Account_Collateral__r","Ownership","42924494993696259","LLC_BI__Account_Collateral__c","","","false","","false"
"a2H4S00000056dxUAA","","SC-000011308","2020-06-02T17:59:20.000Z","0054S000000Ms6RQAS","2020-06-02T17:59:20.000Z","0054S000000Ms6RQAS","","a2F4S0000008dMyUAI","4.02","Credit_Memo_Standard_Loan","a2C4S0000008ShWUAU","a2H4S00000056dvUAA","LLC_BI__Loan_Collateral2__r","Loans","42115166193824753","LLC_BI__Loan_Collateral2__c","","","false","","false"
"a2H4S00000056dyUAA","","SC-000011309","2020-06-02T17:59:20.000Z","0054S000000Ms6RQAS","2020-06-02T17:59:20.000Z","0054S000000Ms6RQAS","","a2F4S0000008dMyUAI","4.03","Credit_Memo_Standard_Loan","a2C4S0000008ShXUAU","a2H4S00000056dvUAA","LLC_BI__Liens__r","Liens","42151863069442546","LLC_BI__Lien__c","","","false","","false"
"a2H4S00000056dzUAA","","SC-000011310","2020-06-02T17:59:20.000Z","0054S000000Ms6RQAS","2020-06-02T17:59:20.000Z","0054S000000Ms6RQAS","","a2F4S0000008dN3UAI","1.01","","a2C4S0000008ShYUAU","","","","42069098264348019","LLC_BI__Loan__c","","","false","","false"
"a2H4S00000056e0UAA","","SC-000011311","2020-06-02T17:59:20.000Z","0054S000000Ms6RQAS","2020-06-02T17:59:20.000Z","0054S000000Ms6RQAS","","a2F4S0000008dN3UAI","2.01","Credit_Memo_Standard_Loan","a2C4S0000008ShZUAU","a2H4S00000056dzUAA","LLC_BI__Participations__r","","42868150488405273","LLC_BI__Participation__c","","","false","","false"
"a2H4S00000056e1UAA","","SC-000011312","2020-06-02T17:59:20.000Z","0054S000000Ms6RQAS","2020-06-02T17:59:20.000Z","0054S000000Ms6RQAS","","a2F4S0000008dN0UAI","1.01","","a2C4S0000008ShaUAE","","","","42353585235365778","LLC_BI__Loan__c","","","false","","false"
"a2H4S00000056e2UAA","","SC-000011313","2020-06-02T17:59:20.000Z","0054S000000Ms6RQAS","2020-06-02T17:59:20.000Z","0054S000000Ms6RQAS","","a2F4S0000008dN0UAI","2.01","","a2C4S0000008ShbUAE","a2H4S00000056e1UAA","LLC_BI__Loan_Covenants__r","","42379894206332541","LLC_BI__Loan_Covenant__c","","","false","","false"
"a2H4S00000056e3UAA","","SC-000011314","2020-06-02T17:59:20.000Z","0054S000000Ms6RQAS","2020-06-02T17:59:20.000Z","0054S000000Ms6RQAS","","a2F4S0000008dN0UAI","3.01","Credit_Memo_Standard_Loan","a2C4S0000008ShcUAE","a2H4S00000056e2UAA","LLC_BI__Covenant2__r","Covenant Details","42133531062759470","LLC_BI__Covenant2__c","","","false","","false"
"a2H4S00000056e4UAA","","SC-000011315","2020-06-02T17:59:20.000Z","0054S000000Ms6RQAS","2020-06-02T17:59:20.000Z","0054S000000Ms6RQAS","","a2F4S0000008dN0UAI","4.01","Credit_Memo_Standard_Loan","a2C4S0000008ShdUAE","a2H4S00000056e3UAA","LLC_BI__Account_Covenants__r","Ownership","42378670722534804","LLC_BI__Account_Covenant__c","","","false","","false"
"a2H4S00000056e5UAA","","SC-000011316","2020-06-02T17:59:20.000Z","0054S000000Ms6RQAS","2020-06-02T17:59:20.000Z","0054S000000Ms6RQAS","","a2F4S0000008dN0UAI","4.02","Credit_Memo_Standard_Loan","a2C4S0000008SheUAE","a2H4S00000056e3UAA","LLC_BI__Loan_Covenants__r","Loans","42863011860242359","LLC_BI__Loan_Covenant__c","","","false","","false"
"a2H4S00000056e6UAA","","SC-000011317","2020-06-02T17:59:20.000Z","0054S000000Ms6RQAS","2020-06-02T17:59:20.000Z","0054S000000Ms6RQAS","","a2F4S0000008dN1UAI","1.01","","a2C4S0000008ShfUAE","","","","42103407819983163","LLC_BI__Loan__c","","","false","","false"
"a2H4S00000056e7UAA","","SC-000011318","2020-06-02T17:59:20.000Z","0054S000000Ms6RQAS","2020-06-02T17:59:20.000Z","0054S000000Ms6RQAS","","a2F4S0000008dN1UAI","2.01","Credit_Memo_Standard_Loan","a2C4S0000008ShgUAE","a2H4S00000056e6UAA","LLC_BI__Third_Party_Reports__r","","42920690482517461","LLC_BI__third_party_report__c","","","false","","false"
"a2H4S00000056e8UAA","","SC-000011319","2020-06-02T17:59:20.000Z","0054S000000Ms6RQAS","2020-06-02T17:59:20.000Z","0054S000000Ms6RQAS","","a2F4S0000008dMsUAI","1.01","","a2C4S0000008ShhUAE","","","","42244345399523765","LLC_BI__Loan__c","","","false","","false"
"a2H4S00000056e9UAA","","SC-000011320","2020-06-02T17:59:20.000Z","0054S000000Ms6RQAS","2020-06-02T17:59:20.000Z","0054S000000Ms6RQAS","","a2F4S0000008dMsUAI","2.01","Credit_Memo_Standard_Loan","a2C4S0000008ShiUAE","a2H4S00000056e8UAA","LLC_BI__Loan_Teams__r","","42263204757329407","LLC_BI__LoanTeam__c","","","false","","false"
"a2H4S00000056eAUAQ","","SC-000011321","2020-06-02T17:59:20.000Z","0054S000000Ms6RQAS","2020-06-02T17:59:20.000Z","0054S000000Ms6RQAS","","a2F4S0000008dN2UAI","1.01","","a2C4S0000008ShjUAE","","","","42785817278165233","LLC_BI__Loan__c","","","false","","false"
"a2H4S00000056eBUAQ","","SC-000011322","2020-06-02T17:59:20.000Z","0054S000000Ms6RQAS","2020-06-02T17:59:20.000Z","0054S000000Ms6RQAS","","a2F4S0000008dN2UAI","2.01","Credit_Memo_Standard_Loan","a2C4S0000008ShkUAE","a2H4S00000056eAUAQ","LLC_BI__Fees__r","","42421113731397276","LLC_BI__Fee__c","","","false","","false"
"a2H4S00000056eCUAQ","","SC-000011323","2020-06-02T17:59:20.000Z","0054S000000Ms6RQAS","2020-06-02T17:59:20.000Z","0054S000000Ms6RQAS","","a2F4S0000008dMuUAI","1.01","","a2C4S0000008ShlUAE","","","","42066392962349048","LLC_BI__Loan__c","","","false","","false"
"a2H4S00000056eDUAQ","","SC-000011324","2020-06-02T17:59:20.000Z","0054S000000Ms6RQAS","2020-06-02T17:59:20.000Z","0054S000000Ms6RQAS","","a2F4S0000008dMuUAI","2.01","Credit_Memo_Standard_Loan","a2C4S0000008ShmUAE","a2H4S00000056eCUAQ","LLC_BI__Account__r","","42718243073957248","Account","","","false","","false"
"a2H4S00000056eEUAQ","","SC-000011325","2020-06-02T17:59:20.000Z","0054S000000Ms6RQAS","2020-06-02T17:59:20.000Z","0054S000000Ms6RQAS","","a2F4S0000008dMzUAI","1.01","","a2C4S0000008ShnUAE","","","","42866667594132399","LLC_BI__Loan__c","","","false","","false"
"a2H4S00000056eFUAQ","","SC-000011326","2020-06-02T17:59:20.000Z","0054S000000Ms6RQAS","2020-06-02T17:59:20.000Z","0054S000000Ms6RQAS","","a2F4S0000008dMzUAI","2.01","Credit_Memo_Standard_Loan","a2C4S0000008ShoUAE","a2H4S00000056eEUAQ","LLC_BI__Policy_Exceptions__r","","42367788764857009","LLC_BI__Policy_Exception__c","","","false","","false"
"a2H4S00000056eGUAQ","","SC-000011327","2020-06-02T17:59:20.000Z","0054S000000Ms6RQAS","2020-06-02T17:59:20.000Z","0054S000000Ms6RQAS","","a2F4S0000008dSnUAI","1.01","","","","","","42143709369826256","LLC_BI__Loan__c","","","false","","false"
"a2H4S00000056eHUAQ","","SC-000011328","2020-06-02T17:59:20.000Z","0054S000000Ms6RQAS","2021-04-27T17:09:19.000Z","0054S000000SW21QAG","","a2F4S0000008dSnUAI","2.02","LLC_BI__Manage_Fees_List_Enhanced","","a2H4S00000056eGUAQ","LLC_BI__Fees__r","","42535968074535277","LLC_BI__Fee__c","LLC_BI__Status__c != Inactive","","false","","false"
"a2H4S00000056eIUAQ","","SC-000011329","2020-06-02T17:59:20.000Z","0054S000000Ms6RQAS","2020-06-02T17:59:20.000Z","0054S000000Ms6RQAS","","a2F4S0000008dSoUAI","1.01","LLC_BI__Add_Non_Standard_Fee","","","","","42445498812840928","LLC_BI__Fee__c","","","false","","false"
"a2H4S00000056eJUAQ","","SC-000011330","2020-06-02T17:59:20.000Z","0054S000000Ms6RQAS","2020-06-02T17:59:20.000Z","0054S000000Ms6RQAS","","a2F4S0000008dSpUAI","1.01","LLC_BI__Enhanced_Fee_Loan_Aggregate_Summary","","","","","42381359561426432","LLC_BI__Fee_Loan_Aggregate__c","","","false","","false"
"a2H4S00000056eKUAQ","","SC-000011331","2020-06-02T17:59:20.000Z","0054S000000Ms6RQAS","2020-06-02T17:59:20.000Z","0054S000000Ms6RQAS","","a2F4S0000008dSqUAI","1.01","LLC_BI__Add_Debt_Account","","","","Relationship Add Debt","59331562008947616","LLC_BI__Debt__c","","","false","","false"
"a2H4S00000056eLUAQ","","SC-000011332","2020-06-02T17:59:20.000Z","0054S000000Ms6RQAS","2020-06-02T17:59:20.000Z","0054S000000Ms6RQAS","","a2F4S0000008dSrUAI","1.01","LLC_BI__Total_Exposure_Summary","","","","Total Exposure Summary","33521562008947617","Account","","","false","","false"
"a2H4S00000056eMUAQ","","SC-000011333","2020-06-02T17:59:20.000Z","0054S000000Ms6RQAS","2020-06-02T17:59:20.000Z","0054S000000Ms6RQAS","","a2F4S0000008dSsUAI","1.01","LLC_BI__Add_Debt_Account","","","","Add Debt","58331562008947617","LLC_BI__Debt__c","","","false","","false"
"a2H4S00000056eNUAQ","","SC-000011334","2020-06-02T17:59:20.000Z","0054S000000Ms6RQAS","2020-06-02T17:59:20.000Z","0054S000000Ms6RQAS","","a2F4S0000008dStUAI","1.01","LLC_BI__Exposure_Exclusion_Enable","","","","Exposure Exclusion Enable","94171562008947618","LLC_BI__Excluded_Exposure__c","","","false","","false"
"a2H4S00000056eOUAQ","","SC-000011335","2020-06-02T17:59:20.000Z","0054S000000Ms6RQAS","2020-06-02T17:59:20.000Z","0054S000000Ms6RQAS","","a2F4S0000008dSuUAI","1.01","LLC_BI__Exposure_Exclusion_Disable","","","","Exposure Exclusion Disable","27981562008947618","LLC_BI__Excluded_Exposure__c","","","false","","false"
"a2H4S00000056ePUAQ","","SC-000011336","2020-06-02T17:59:20.000Z","0054S000000Ms6RQAS","2020-06-02T17:59:20.000Z","0054S000000Ms6RQAS","","a2F4S0000008dSvUAI","1.01","LLC_BI__TE_Expand_Loan_Relationship","","","","Expand Loan Relationship","40571562008947619","LLC_BI__Legal_Entities__c","","","false","","false"
"a2H4S00000056eQUAQ","","SC-000011337","2020-06-02T17:59:20.000Z","0054S000000Ms6RQAS","2020-06-02T17:59:20.000Z","0054S000000Ms6RQAS","","a2F4S0000008dSwUAI","1.01","LLC_BI__TE_Expand_Debt_Relationship","","","","Expand Debt Relationship","40231562008947619","LLC_BI__Debt__c","","","false","","false"
"a2H4S00000056eRUAQ","","SC-000011338","2020-06-02T17:59:20.000Z","0054S000000Ms6RQAS","2020-06-02T17:59:20.000Z","0054S000000Ms6RQAS","","a2F4S0000008dSyUAI","1.01","","a2C4S0000008ShpUAE","","","","53001562008947620","Account","","","false","","false"
"a2H4S00000056eSUAQ","","SC-000011339","2020-06-02T17:59:20.000Z","0054S000000Ms6RQAS","2020-06-02T17:59:20.000Z","0054S000000Ms6RQAS","","a2F4S0000008dSyUAI","2.01","LLC_BI__UI_Deposit_Products","a2C4S0000008ShqUAE","a2H4S00000056eRUAQ","LLC_BI__Legal_Entities__r","","85351562008947620","LLC_BI__Legal_Entities__c","","","false","","false"
"a2H4S00000056eTUAQ","","SC-000011340","2020-06-02T17:59:20.000Z","0054S000000Ms6RQAS","2020-06-02T17:59:20.000Z","0054S000000Ms6RQAS","","a2F4S0000008dSxUAI","1.01","","","","","","81871562008947621","Account","","","false","","false"
"a2H4S00000056eUUAQ","","SC-000011341","2020-06-02T17:59:20.000Z","0054S000000Ms6RQAS","2020-06-02T17:59:20.000Z","0054S000000Ms6RQAS","","a2F4S0000008dSxUAI","2.01","LLC_BI__UI_Loan_Products","","a2H4S00000056eTUAQ","LLC_BI__Legal_Entities__r","","14431562008947621","LLC_BI__Legal_Entities__c","","","false","","false"
"a2H4S00000056eVUAQ","","SC-000011342","2020-06-02T17:59:20.000Z","0054S000000Ms6RQAS","2020-06-02T17:59:20.000Z","0054S000000Ms6RQAS","","a2F4S0000008dSzUAI","1.01","LLC_BI__Manage_Fees","a2C4S0000008ShrUAE","","","","42828782240278503","LLC_BI__Fee__c","","0.0","false","","false"
"a2H4S00000056eWUAQ","","SC-000011343","2020-06-02T17:59:20.000Z","0054S000000Ms6RQAS","2020-06-02T17:59:20.000Z","0054S000000Ms6RQAS","","a2F4S0000008dMpUAI","1.01","","","","","","42353733343584680","LLC_BI__Loan__c","","","false","","false"
"a2H4S00000056eXUAQ","","SC-000011344","2020-06-02T17:59:20.000Z","0054S000000Ms6RQAS","2020-06-02T17:59:20.000Z","0054S000000Ms6RQAS","","a2F4S0000008dMpUAI","2.01","LLC_BI__Entity_ID","","a2H4S00000056eWUAQ","LLC_BI__Legal_Entities__r","","42093766146881020","LLC_BI__Legal_Entities__c","","","false","","false"
"a2H4S00000056eYUAQ","","SC-000011345","2020-06-02T17:59:20.000Z","0054S000000Ms6RQAS","2020-06-02T17:59:20.000Z","0054S000000Ms6RQAS","","a2F4S0000008dMpUAI","3.01","","","a2H4S00000056eXUAQ","LLC_BI__Account__r","","42761372776048970","Account","","","false","","false"
"a2H4S00000056eZUAQ","","SC-000011346","2020-06-02T17:59:20.000Z","0054S000000Ms6RQAS","2020-06-02T17:59:20.000Z","0054S000000Ms6RQAS","","a2F4S0000008dMpUAI","4.01","LLC_BI__Bundle_ID","","a2H4S00000056eYUAQ","LLC_BI__Underwriting_Bundle__r","","42060730032016642","LLC_BI__Underwriting_Bundle__c","","","false","","false"
"a2H4S00000056eaUAA","","SC-000011347","2020-06-02T17:59:20.000Z","0054S000000Ms6RQAS","2020-06-02T17:59:20.000Z","0054S000000Ms6RQAS","","a2F4S0000008dMkUAI","1.01","","a2C4S0000008ShsUAE","","","","42347449742672221","LLC_BI__Loan__c","","0.0","false","","false"
"a2H4S00000056ebUAA","","SC-000011348","2020-06-02T17:59:20.000Z","0054S000000Ms6RQAS","2020-06-02T17:59:20.000Z","0054S000000Ms6RQAS","","a2F4S0000008dMkUAI","2.01","","a2C4S0000008ShtUAE","a2H4S00000056eaUAA","LLC_BI__Account__r","","42381079374778895","Account","","0.0","false","","false"
"a2H4S00000056ecUAA","","SC-000011349","2020-06-02T17:59:20.000Z","0054S000000Ms6RQAS","2020-06-02T17:59:20.000Z","0054S000000Ms6RQAS","","a2F4S0000008dMkUAI","3.01","","a2C4S0000008ShuUAE","a2H4S00000056ebUAA","LLC_BI__Legal_Entities__r","","42159773768430391","LLC_BI__Legal_Entities__c","","0.0","false","","false"
"a2H4S00000056edUAA","","SC-000011350","2020-06-02T17:59:20.000Z","0054S000000Ms6RQAS","2020-06-02T17:59:20.000Z","0054S000000Ms6RQAS","","a2F4S0000008dMkUAI","4.01","Credit_Memo_Standard_Loan_Exp","a2C4S0000008ShvUAE","a2H4S00000056ecUAA","LLC_BI__Loan__r","Loans","42509905961819005","LLC_BI__Loan__c","","0.0","false","","false"
"a2H4S00000056eeUAA","","SC-000011351","2020-06-02T17:59:20.000Z","0054S000000Ms6RQAS","2020-06-02T17:59:20.000Z","0054S000000Ms6RQAS","","a2F4S0000008dMkUAI","4.02","Credit_Memo_Standard_Loan","a2C4S0000008ShwUAE","a2H4S00000056ecUAA","LLC_BI__Deposit__r","Deposits","42109245160555895","LLC_BI__Deposit__c","","0.0","false","","false"
"a2H4S00000056efUAA","","SC-000011352","2020-06-02T17:59:20.000Z","0054S000000Ms6RQAS","2020-06-02T17:59:20.000Z","0054S000000Ms6RQAS","","a2F4S0000008dMeUAI","1.01","","a2C4S0000008ShxUAE","","","Authorized Signers","42369347344801093","LLC_BI__Loan__c","","","false","","false"
"a2H4S00000056egUAA","","SC-000011353","2020-06-02T17:59:20.000Z","0054S000000Ms6RQAS","2020-06-02T17:59:20.000Z","0054S000000Ms6RQAS","","a2F4S0000008dMeUAI","2.01","","a2C4S0000008ShyUAE","a2H4S00000056efUAA","LLC_BI__Legal_Entities__r","","42646824843157481","LLC_BI__Legal_Entities__c","","","false","","false"
"a2H4S00000056ehUAA","","SC-000011354","2020-06-02T17:59:20.000Z","0054S000000Ms6RQAS","2020-06-02T17:59:20.000Z","0054S000000Ms6RQAS","","a2F4S0000008dMeUAI","3.01","Credit_Memo_Standard_Loan","a2C4S0000008ShzUAE","a2H4S00000056egUAA","LLC_BI__Contingent_Liabilties__r","","42128983460454072","LLC_BI__Contingent_Liabilty__c","","","false","","false"
"a2H4S00000056eiUAA","","SC-000011355","2020-06-02T17:59:20.000Z","0054S000000Ms6RQAS","2020-06-02T17:59:20.000Z","0054S000000Ms6RQAS","","a2F4S0000008dMgUAI","1.01","","a2C4S0000008Si0UAE","","","","42033952954353729","LLC_BI__Loan__c","","","false","","false"
"a2H4S00000056ejUAA","","SC-000011356","2020-06-02T17:59:20.000Z","0054S000000Ms6RQAS","2020-06-02T17:59:20.000Z","0054S000000Ms6RQAS","","a2F4S0000008dMgUAI","2.01","Credit_Memo_Standard_Loan","a2C4S0000008Si1UAE","a2H4S00000056eiUAA","LLC_BI__Legal_Entities__r","","42431369940711008","LLC_BI__Legal_Entities__c","","","false","","false"
"a2H4S00000056ekUAA","","SC-000011357","2020-06-02T17:59:20.000Z","0054S000000Ms6RQAS","2020-06-02T17:59:20.000Z","0054S000000Ms6RQAS","","a2F4S0000008dMdUAI","1.01","Credit_Memo_Standard_Loan","a2C4S0000008Si2UAE","","","","42624866946476531","LLC_BI__Loan__c","","0.0","false","","false"
"a2H4S00000056elUAA","","SC-000011358","2020-06-02T17:59:20.000Z","0054S000000Ms6RQAS","2020-06-02T17:59:20.000Z","0054S000000Ms6RQAS","","a2F4S0000008dMjUAI","1.01","","a2C4S0000008Si3UAE","","","","42578096303432404","LLC_BI__Loan__c","","","false","","false"
"a2H4S00000056emUAA","","SC-000011359","2020-06-02T17:59:20.000Z","0054S000000Ms6RQAS","2020-06-02T17:59:20.000Z","0054S000000Ms6RQAS","","a2F4S0000008dMjUAI","2.01","","a2C4S0000008Si4UAE","a2H4S00000056elUAA","LLC_BI__Loan_Collateral__r","","42497600516952297","LLC_BI__Loan_Collateral2__c","","","false","","false"
"a2H4S00000056enUAA","","SC-000011360","2020-06-02T17:59:20.000Z","0054S000000Ms6RQAS","2020-06-02T17:59:20.000Z","0054S000000Ms6RQAS","","a2F4S0000008dMjUAI","3.01","Credit_Memo_Standard_Loan","a2C4S0000008Si5UAE","a2H4S00000056emUAA","LLC_BI__Collateral__r","Collateral Details","42789576073342201","LLC_BI__Collateral__c","","","false","","false"
"a2H4S00000056eoUAA","","SC-000011361","2020-06-02T17:59:20.000Z","0054S000000Ms6RQAS","2020-06-02T17:59:20.000Z","0054S000000Ms6RQAS","","a2F4S0000008dMjUAI","4.01","Credit_Memo_Standard_Loan","a2C4S0000008Si6UAE","a2H4S00000056enUAA","LLC_BI__Account_Collateral__r","Ownership","42638329645141089","LLC_BI__Account_Collateral__c","","","false","","false"
"a2H4S00000056epUAA","","SC-000011362","2020-06-02T17:59:20.000Z","0054S000000Ms6RQAS","2020-06-02T17:59:20.000Z","0054S000000Ms6RQAS","","a2F4S0000008dMjUAI","4.02","Credit_Memo_Standard_Loan","a2C4S0000008Si7UAE","a2H4S00000056enUAA","LLC_BI__Loan_Collateral2__r","Loans","42781407959230242","LLC_BI__Loan_Collateral2__c","","","false","","false"
"a2H4S00000056eqUAA","","SC-000011363","2020-06-02T17:59:20.000Z","0054S000000Ms6RQAS","2020-06-02T17:59:20.000Z","0054S000000Ms6RQAS","","a2F4S0000008dMjUAI","4.03","Credit_Memo_Standard_Loan","a2C4S0000008Si8UAE","a2H4S00000056enUAA","LLC_BI__Liens__r","Liens","42387120011696833","LLC_BI__Lien__c","","","false","","false"
"a2H4S00000056erUAA","","SC-000011364","2020-06-02T17:59:20.000Z","0054S000000Ms6RQAS","2020-06-02T17:59:20.000Z","0054S000000Ms6RQAS","","a2F4S0000008dMqUAI","1.01","","a2C4S0000008Si9UAE","","","","42329456975529583","LLC_BI__Loan__c","","","false","","false"
"a2H4S00000056esUAA","","SC-000011365","2020-06-02T17:59:20.000Z","0054S000000Ms6RQAS","2020-06-02T17:59:20.000Z","0054S000000Ms6RQAS","","a2F4S0000008dMqUAI","2.01","Credit_Memo_Standard_Loan","a2C4S0000008SiAUAU","a2H4S00000056erUAA","LLC_BI__Participations__r","","42841864572880955","LLC_BI__Participation__c","","","false","","false"
"a2H4S00000056etUAA","","SC-000011366","2020-06-02T17:59:20.000Z","0054S000000Ms6RQAS","2020-06-02T17:59:20.000Z","0054S000000Ms6RQAS","","a2F4S0000008dMlUAI","1.01","","a2C4S0000008SiBUAU","","","","42824463429950469","LLC_BI__Loan__c","","","false","","false"
"a2H4S00000056euUAA","","SC-000011367","2020-06-02T17:59:20.000Z","0054S000000Ms6RQAS","2020-06-02T17:59:20.000Z","0054S000000Ms6RQAS","","a2F4S0000008dMlUAI","2.01","","a2C4S0000008SiCUAU","a2H4S00000056etUAA","LLC_BI__Loan_Covenants__r","","42300643020380314","LLC_BI__Loan_Covenant__c","","","false","","false"
"a2H4S00000056evUAA","","SC-000011368","2020-06-02T17:59:20.000Z","0054S000000Ms6RQAS","2020-06-02T17:59:20.000Z","0054S000000Ms6RQAS","","a2F4S0000008dMlUAI","3.01","Credit_Memo_Standard_Loan","a2C4S0000008SiDUAU","a2H4S00000056euUAA","LLC_BI__Covenant2__r","Covenant Details","42424653296629743","LLC_BI__Covenant2__c","","","false","","false"
"a2H4S00000056ewUAA","","SC-000011369","2020-06-02T17:59:20.000Z","0054S000000Ms6RQAS","2020-06-02T17:59:20.000Z","0054S000000Ms6RQAS","","a2F4S0000008dMlUAI","4.01","Credit_Memo_Standard_Loan","a2C4S0000008SiEUAU","a2H4S00000056evUAA","LLC_BI__Account_Covenants__r","Ownership","42559446604128675","LLC_BI__Account_Covenant__c","","","false","","false"
"a2H4S00000056exUAA","","SC-000011370","2020-06-02T17:59:20.000Z","0054S000000Ms6RQAS","2020-06-02T17:59:20.000Z","0054S000000Ms6RQAS","","a2F4S0000008dMlUAI","4.02","Credit_Memo_Standard_Loan","a2C4S0000008SiFUAU","a2H4S00000056evUAA","LLC_BI__Loan_Covenants__r","Loans","42730025095180462","LLC_BI__Loan_Covenant__c","","","false","","false"
"a2H4S00000056eyUAA","","SC-000011371","2020-06-02T17:59:20.000Z","0054S000000Ms6RQAS","2020-06-02T17:59:20.000Z","0054S000000Ms6RQAS","","a2F4S0000008dMoUAI","1.01","","a2C4S0000008SiGUAU","","","","42461898030904984","LLC_BI__Loan__c","","","false","","false"
"a2H4S00000056ezUAA","","SC-000011372","2020-06-02T17:59:20.000Z","0054S000000Ms6RQAS","2020-06-02T17:59:20.000Z","0054S000000Ms6RQAS","","a2F4S0000008dMoUAI","2.01","Credit_Memo_Standard_Loan","a2C4S0000008SiHUAU","a2H4S00000056eyUAA","LLC_BI__Third_Party_Reports__r","","42568412422646752","LLC_BI__third_party_report__c","","","false","","false"
"a2H4S00000056f0UAA","","SC-000011373","2020-06-02T17:59:20.000Z","0054S000000Ms6RQAS","2020-06-02T17:59:20.000Z","0054S000000Ms6RQAS","","a2F4S0000008dMmUAI","1.01","","a2C4S0000008SiIUAU","","","","42904607053756355","LLC_BI__Loan__c","","","false","","false"
"a2H4S00000056f1UAA","","SC-000011374","2020-06-02T17:59:20.000Z","0054S000000Ms6RQAS","2020-06-02T17:59:20.000Z","0054S000000Ms6RQAS","","a2F4S0000008dMmUAI","2.01","Credit_Memo_Standard_Loan","a2C4S0000008SiJUAU","a2H4S00000056f0UAA","LLC_BI__Loan_Teams__r","","42248425223022546","LLC_BI__LoanTeam__c","","","false","","false"
"a2H4S00000056f2UAA","","SC-000011375","2020-06-02T17:59:20.000Z","0054S000000Ms6RQAS","2020-06-02T17:59:20.000Z","0054S000000Ms6RQAS","","a2F4S0000008dMnUAI","1.01","","a2C4S0000008SiKUAU","","","","42888401956211354","LLC_BI__Loan__c","","","false","","false"
"a2H4S00000056f3UAA","","SC-000011376","2020-06-02T17:59:20.000Z","0054S000000Ms6RQAS","2020-06-02T17:59:20.000Z","0054S000000Ms6RQAS","","a2F4S0000008dMnUAI","2.01","Credit_Memo_Standard_Loan","a2C4S0000008SiLUAU","a2H4S00000056f2UAA","LLC_BI__Fees__r","","42468627777814988","LLC_BI__Fee__c","","","false","","false"
"a2H4S00000056f4UAA","","SC-000011377","2020-06-02T17:59:20.000Z","0054S000000Ms6RQAS","2020-06-02T17:59:20.000Z","0054S000000Ms6RQAS","","a2F4S0000008dMhUAI","1.01","","a2C4S0000008SiMUAU","","","","42855508213465618","LLC_BI__Loan__c","","","false","","false"
"a2H4S00000056f5UAA","","SC-000011378","2020-06-02T17:59:20.000Z","0054S000000Ms6RQAS","2020-06-02T17:59:20.000Z","0054S000000Ms6RQAS","","a2F4S0000008dMhUAI","2.01","Credit_Memo_Standard_Loan","a2C4S0000008SiNUAU","a2H4S00000056f4UAA","LLC_BI__Account__r","","42839529789102091","Account","","","false","","false"
"a2H4S00000056f6UAA","","SC-000011379","2020-06-02T17:59:20.000Z","0054S000000Ms6RQAS","2020-06-02T17:59:20.000Z","0054S000000Ms6RQAS","","a2F4S0000008dMiUAI","1.01","","a2C4S0000008SiOUAU","","","","42706329731960700","LLC_BI__Loan__c","","","false","","false"
"a2H4S00000056f7UAA","","SC-000011380","2020-06-02T17:59:20.000Z","0054S000000Ms6RQAS","2020-06-02T17:59:20.000Z","0054S000000Ms6RQAS","","a2F4S0000008dMiUAI","2.01","Credit_Memo_Standard_Loan","a2C4S0000008SiPUAU","a2H4S00000056f6UAA","LLC_BI__Policy_Exceptions__r","","42157051271252127","LLC_BI__Policy_Exception__c","","","false","","false"
"a2H4S00000056f8UAA","","SC-000011381","2020-06-02T17:59:20.000Z","0054S000000Ms6RQAS","2020-06-02T17:59:20.000Z","0054S000000Ms6RQAS","","a2F4S0000008dThUAI","1.01","LLC_BI__Product_Package_Collateral_Schedule","","","","","21401563816286757","LLC_BI__Collateral__c","","","false","","false"
"a2H4S00000056f9UAA","","SC-000011382","2020-06-02T17:59:20.000Z","0054S000000Ms6RQAS","2020-06-02T17:59:20.000Z","0054S000000Ms6RQAS","","a2F4S0000008dTiUAI","1.01","LLC_BI__Prod_Pkg_UI_Related_Pledge_Schedule","","","","","11921563816286757","LLC_BI__Loan_Collateral2__c","","","false","","false"
"a2H4S00000056fAUAQ","","SC-000011383","2020-06-02T17:59:20.000Z","0054S000000Ms6RQAS","2020-06-02T17:59:20.000Z","0054S000000Ms6RQAS","","a2F4S0000008dTjUAI","1.01","LLC_BI__Product_Package_Collateral_Details","a2C4S0000008SiQUAU","","","","42088816849926977","LLC_BI__Collateral__c","","0.0","false","","false"
"a2H4S00000056fBUAQ","","SC-000011384","2020-06-02T17:59:20.000Z","0054S000000Ms6RQAS","2020-06-02T17:59:20.000Z","0054S000000Ms6RQAS","","a2F4S0000008dTkUAI","1.01","UI_PP_Approval_Section","a2C4S0000008SiRUAU","","","","42193825136722061","LLC_BI__Product_Package__c","","0.0","false","","false"
"a2H4S00000056fCUAQ","","SC-000011385","2020-06-02T17:59:20.000Z","0054S000000Ms6RQAS","2020-06-02T17:59:20.000Z","0054S000000Ms6RQAS","","a2F4S0000008dTlUAI","1.0","","","","","","42821279522288697","LLC_BI__Treasury_Service__c","","","false","","false"
"a2H4S00000056fDUAQ","","SC-000011386","2020-06-02T17:59:20.000Z","0054S000000Ms6RQAS","2020-06-02T17:59:20.000Z","0054S000000Ms6RQAS","","a2F4S0000008dTlUAI","2.0","LLC_BI__Treasury_Maintenance_Add_Authorized_User","","a2H4S00000056fCUAQ","LLC_BI__Authorized_Users__r","","42762526843336817","LLC_BI__Authorized_User__c","","","false","","false"
"a2H4S00000056fEUAQ","","SC-000011387","2020-06-02T17:59:20.000Z","0054S000000Ms6RQAS","2020-06-02T17:59:20.000Z","0054S000000Ms6RQAS","","a2F4S0000008dTmUAI","1.0","","","","","","42347543508535023","LLC_BI__Treasury_Service__c","","","false","","false"
"a2H4S00000056fFUAQ","","SC-000011388","2020-06-02T17:59:20.000Z","0054S000000Ms6RQAS","2020-06-02T17:59:20.000Z","0054S000000Ms6RQAS","","a2F4S0000008dTmUAI","2.0","LLC_BI__Treasury_Maint_Add_Analyzed_Account","","a2H4S00000056fEUAQ","LLC_BI__Deposit_Service_Rel__r","","42015790928626828","LLC_BI__Analyzed_Account__c","","","false","","false"
"a2H4S00000056fGUAQ","","SC-000011389","2020-06-02T17:59:20.000Z","0054S000000Ms6RQAS","2020-06-02T17:59:20.000Z","0054S000000Ms6RQAS","","a2F4S0000008dToUAI","1.01","","a2C4S0000008SiSUAU","","","","19571567002572391","LLC_BI__Treasury_Service__c","","0.0","false","","false"
"a2H4S00000056fHUAQ","","SC-000011390","2020-06-02T17:59:20.000Z","0054S000000Ms6RQAS","2020-06-02T17:59:20.000Z","0054S000000Ms6RQAS","","a2F4S0000008dToUAI","2.01","","a2C4S0000008SiTUAU","a2H4S00000056fGUAQ","LLC_BI__Product_Package__r","","01341567002572391","LLC_BI__Product_Package__c","","0.0","false","","false"
"a2H4S00000056fIUAQ","","SC-000011391","2020-06-02T17:59:20.000Z","0054S000000Ms6RQAS","2020-06-02T17:59:20.000Z","0054S000000Ms6RQAS","","a2F4S0000008dToUAI","3.01","LLC_BI__UI_Product_Summary","a2C4S0000008SiUUAU","a2H4S00000056fHUAQ","LLC_BI__Treasury_Services__r","","57881567002572392","LLC_BI__Treasury_Service__c","","0.0","false","","false"
"a2H4S00000056fJUAQ","","SC-000011392","2020-06-02T17:59:20.000Z","0054S000000Ms6RQAS","2020-06-02T17:59:20.000Z","0054S000000Ms6RQAS","","a2F4S0000008dTnUAI","1.01","LLC_BI__Service_Details","","","","","59881567002572392","LLC_BI__Treasury_Service__c","","","false","","false"
"a2H4S00000056fKUAQ","","SC-000011420","2020-06-02T17:59:20.000Z","0054S000000SW21QAG","2020-06-02T17:59:20.000Z","0054S000000SW21QAG","","a2F4S0000008dVuUAI","1.01","LLC_BI__Scenario_Card_Amount_Due","","","","Scenario_Card_Amount_Due","42324893899577278","LLC_BI__Scenario__c","","","false","","false"
"a2H4S00000056fLUAQ","","SC-000011421","2020-06-02T17:59:20.000Z","0054S000000SW21QAG","2020-06-02T17:59:20.000Z","0054S000000SW21QAG","","a2F4S0000008dVvUAI","1.01","LLC_BI__Scenario_Card_Totals","","","","Scenario_Card_Totals","42299660377336800","LLC_BI__Scenario__c","","","false","","false"
"a2H4S00000056fMUAQ","","SC-000010533","2020-06-02T17:59:20.000Z","0054S000000Ms6RQAS","2020-06-02T17:59:20.000Z","0054S000000Ms6RQAS","","a2F4S0000008dPXUAY","1.01","","","","","","42142028360703542","LLC_BI__Loan__c","","","false","","false"
"a2H4S00000056fNUAQ","","SC-000010534","2020-06-02T17:59:20.000Z","0054S000000Ms6RQAS","2020-06-02T17:59:20.000Z","0054S000000Ms6RQAS","","a2F4S0000008dPXUAY","2.01","LLC_BI__Entity_ID","","a2H4S00000056fMUAQ","LLC_BI__Legal_Entities__r","","42183527933708103","LLC_BI__Legal_Entities__c","","","false","","false"
"a2H4S00000056fOUAQ","","SC-000010535","2020-06-02T17:59:20.000Z","0054S000000Ms6RQAS","2020-06-02T17:59:20.000Z","0054S000000Ms6RQAS","","a2F4S0000008dPXUAY","3.01","","","a2H4S00000056fNUAQ","LLC_BI__Account__r","","42880204685849496","Account","","","false","","false"
"a2H4S00000056fPUAQ","","SC-000010536","2020-06-02T17:59:20.000Z","0054S000000Ms6RQAS","2020-06-02T17:59:20.000Z","0054S000000Ms6RQAS","","a2F4S0000008dPXUAY","4.01","LLC_BI__Bundle_ID","","a2H4S00000056fOUAQ","LLC_BI__Underwriting_Bundle__r","","42611183716540630","LLC_BI__Underwriting_Bundle__c","","","false","","false"
"a2H4S00000056fQUAQ","","SC-000010537","2020-06-02T17:59:20.000Z","0054S000000Ms6RQAS","2020-06-02T17:59:20.000Z","0054S000000Ms6RQAS","","a2F4S0000008dPKUAY","1.01","","a2C4S0000008SiVUAU","","","","42197552281309235","LLC_BI__Loan__c","","0.0","false","","false"
"a2H4S00000056fRUAQ","","SC-000010538","2020-06-02T17:59:20.000Z","0054S000000Ms6RQAS","2020-06-02T17:59:20.000Z","0054S000000Ms6RQAS","","a2F4S0000008dPKUAY","2.01","","a2C4S0000008SiWUAU","a2H4S00000056fQUAQ","LLC_BI__Account__r","","42921267784420478","Account","","0.0","false","","false"
"a2H4S00000056fSUAQ","","SC-000010539","2020-06-02T17:59:20.000Z","0054S000000Ms6RQAS","2020-06-02T17:59:20.000Z","0054S000000Ms6RQAS","","a2F4S0000008dPKUAY","3.01","","a2C4S0000008SiXUAU","a2H4S00000056fRUAQ","LLC_BI__Legal_Entities__r","","42326483237121653","LLC_BI__Legal_Entities__c","","0.0","false","","false"
"a2H4S00000056fTUAQ","","SC-000010540","2020-06-02T17:59:20.000Z","0054S000000Ms6RQAS","2020-06-02T17:59:20.000Z","0054S000000Ms6RQAS","","a2F4S0000008dPKUAY","4.01","Credit_Memo_Standard_Loan_Exp","a2C4S0000008SiYUAU","a2H4S00000056fSUAQ","LLC_BI__Loan__r","Loans","42348439472477939","LLC_BI__Loan__c","","0.0","false","","false"
"a2H4S00000056fUUAQ","","SC-000010541","2020-06-02T17:59:20.000Z","0054S000000Ms6RQAS","2020-06-02T17:59:20.000Z","0054S000000Ms6RQAS","","a2F4S0000008dPKUAY","4.02","Credit_Memo_Standard_Loan","a2C4S0000008SiZUAU","a2H4S00000056fSUAQ","LLC_BI__Deposit__r","Deposits","42204396252177998","LLC_BI__Deposit__c","","0.0","false","","false"
"a2H4S00000056fVUAQ","","SC-000010542","2020-06-02T17:59:20.000Z","0054S000000Ms6RQAS","2020-06-02T17:59:20.000Z","0054S000000Ms6RQAS","","a2F4S0000008dPLUAY","1.01","","a2C4S0000008SiaUAE","","","Authorized Signers","42541979220112824","LLC_BI__Loan__c","","","false","","false"
"a2H4S00000056fWUAQ","","SC-000010543","2020-06-02T17:59:20.000Z","0054S000000Ms6RQAS","2020-06-02T17:59:20.000Z","0054S000000Ms6RQAS","","a2F4S0000008dPLUAY","2.01","","a2C4S0000008SibUAE","a2H4S00000056fVUAQ","LLC_BI__Legal_Entities__r","","42325043470013921","LLC_BI__Legal_Entities__c","","","false","","false"
"a2H4S00000056fXUAQ","","SC-000010544","2020-06-02T17:59:20.000Z","0054S000000Ms6RQAS","2020-06-02T17:59:20.000Z","0054S000000Ms6RQAS","","a2F4S0000008dPLUAY","3.01","Credit_Memo_Standard_Loan","a2C4S0000008SicUAE","a2H4S00000056fWUAQ","LLC_BI__Contingent_Liabilties__r","","42785488592850284","LLC_BI__Contingent_Liabilty__c","","","false","","false"
"a2H4S00000056fYUAQ","","SC-000010545","2020-06-02T17:59:20.000Z","0054S000000Ms6RQAS","2020-06-02T17:59:20.000Z","0054S000000Ms6RQAS","","a2F4S0000008dPMUAY","1.01","","a2C4S0000008SidUAE","","","","42498150227067102","LLC_BI__Loan__c","","","false","","false"
"a2H4S00000056fZUAQ","","SC-000010546","2020-06-02T17:59:20.000Z","0054S000000Ms6RQAS","2020-06-02T17:59:20.000Z","0054S000000Ms6RQAS","","a2F4S0000008dPMUAY","2.01","Credit_Memo_Standard_Loan","a2C4S0000008SieUAE","a2H4S00000056fYUAQ","LLC_BI__Legal_Entities__r","","42374295191151246","LLC_BI__Legal_Entities__c","","","false","","false"
"a2H4S00000056faUAA","","SC-000010547","2020-06-02T17:59:20.000Z","0054S000000Ms6RQAS","2020-06-02T17:59:20.000Z","0054S000000Ms6RQAS","","a2F4S0000008dPNUAY","1.01","Credit_Memo_Standard_Loan","a2C4S0000008SifUAE","","","","42502957930019908","LLC_BI__Loan__c","","","false","","false"
"a2H4S00000056fbUAA","","SC-000010548","2020-06-02T17:59:20.000Z","0054S000000Ms6RQAS","2020-06-02T17:59:20.000Z","0054S000000Ms6RQAS","","a2F4S0000008dPOUAY","1.01","","a2C4S0000008SigUAE","","","","42928503505905259","LLC_BI__Loan__c","","","false","","false"
"a2H4S00000056fcUAA","","SC-000010549","2020-06-02T17:59:20.000Z","0054S000000Ms6RQAS","2020-06-02T17:59:20.000Z","0054S000000Ms6RQAS","","a2F4S0000008dPOUAY","2.01","","a2C4S0000008SihUAE","a2H4S00000056fbUAA","LLC_BI__Loan_Collateral__r","","42873362474767982","LLC_BI__Loan_Collateral2__c","","","false","","false"
"a2H4S00000056fdUAA","","SC-000010550","2020-06-02T17:59:20.000Z","0054S000000Ms6RQAS","2020-06-02T17:59:20.000Z","0054S000000Ms6RQAS","","a2F4S0000008dPOUAY","3.01","Credit_Memo_Standard_Loan","a2C4S0000008SiiUAE","a2H4S00000056fcUAA","LLC_BI__Collateral__r","Collateral Details","42685194917821012","LLC_BI__Collateral__c","","","false","","false"
"a2H4S00000056feUAA","","SC-000010551","2020-06-02T17:59:20.000Z","0054S000000Ms6RQAS","2020-06-02T17:59:20.000Z","0054S000000Ms6RQAS","","a2F4S0000008dPOUAY","4.01","Credit_Memo_Standard_Loan","a2C4S0000008SijUAE","a2H4S00000056fdUAA","LLC_BI__Account_Collateral__r","Ownership","42509261564569110","LLC_BI__Account_Collateral__c","","","false","","false"
"a2H4S00000056ffUAA","","SC-000010552","2020-06-02T17:59:20.000Z","0054S000000Ms6RQAS","2020-06-02T17:59:20.000Z","0054S000000Ms6RQAS","","a2F4S0000008dPOUAY","4.02","Credit_Memo_Standard_Loan","a2C4S0000008SikUAE","a2H4S00000056fdUAA","LLC_BI__Loan_Collateral2__r","Loans","42744899223621555","LLC_BI__Loan_Collateral2__c","","","false","","false"
"a2H4S00000056fgUAA","","SC-000010553","2020-06-02T17:59:20.000Z","0054S000000Ms6RQAS","2020-06-02T17:59:20.000Z","0054S000000Ms6RQAS","","a2F4S0000008dPOUAY","4.03","Credit_Memo_Standard_Loan","a2C4S0000008SilUAE","a2H4S00000056fdUAA","LLC_BI__Liens__r","Liens","42701425086943798","LLC_BI__Lien__c","","","false","","false"
"a2H4S00000056fhUAA","","SC-000010554","2020-06-02T17:59:20.000Z","0054S000000Ms6RQAS","2020-06-02T17:59:20.000Z","0054S000000Ms6RQAS","","a2F4S0000008dPPUAY","1.01","","a2C4S0000008SimUAE","","","","42666948908452420","LLC_BI__Loan__c","","","false","","false"
"a2H4S00000056fiUAA","","SC-000010555","2020-06-02T17:59:20.000Z","0054S000000Ms6RQAS","2020-06-02T17:59:20.000Z","0054S000000Ms6RQAS","","a2F4S0000008dPPUAY","2.01","Credit_Memo_Standard_Loan","a2C4S0000008SinUAE","a2H4S00000056fhUAA","LLC_BI__Participations__r","","42653894805815203","LLC_BI__Participation__c","","","false","","false"
"a2H4S00000056fjUAA","","SC-000010556","2020-06-02T17:59:20.000Z","0054S000000Ms6RQAS","2020-06-02T17:59:20.000Z","0054S000000Ms6RQAS","","a2F4S0000008dPQUAY","1.01","","a2C4S0000008SioUAE","","","","42835470182224433","LLC_BI__Loan__c","","","false","","false"
"a2H4S00000056fkUAA","","SC-000010557","2020-06-02T17:59:20.000Z","0054S000000Ms6RQAS","2020-06-02T17:59:20.000Z","0054S000000Ms6RQAS","","a2F4S0000008dPQUAY","2.01","","a2C4S0000008SipUAE","a2H4S00000056fjUAA","LLC_BI__Loan_Covenants__r","","42853031719010394","LLC_BI__Loan_Covenant__c","","","false","","false"
"a2H4S00000056flUAA","","SC-000010558","2020-06-02T17:59:20.000Z","0054S000000Ms6RQAS","2020-06-02T17:59:20.000Z","0054S000000Ms6RQAS","","a2F4S0000008dPQUAY","3.01","Credit_Memo_Standard_Loan","a2C4S0000008SiqUAE","a2H4S00000056fkUAA","LLC_BI__Covenant2__r","Covenant Details","42334390019816406","LLC_BI__Covenant2__c","","","false","","false"
"a2H4S00000056fmUAA","","SC-000010559","2020-06-02T17:59:20.000Z","0054S000000Ms6RQAS","2020-06-02T17:59:20.000Z","0054S000000Ms6RQAS","","a2F4S0000008dPQUAY","4.01","Credit_Memo_Standard_Loan","a2C4S0000008SirUAE","a2H4S00000056flUAA","LLC_BI__Account_Covenants__r","Ownership","42256385400273172","LLC_BI__Account_Covenant__c","","","false","","false"
"a2H4S00000056fnUAA","","SC-000010560","2020-06-02T17:59:20.000Z","0054S000000Ms6RQAS","2020-06-02T17:59:20.000Z","0054S000000Ms6RQAS","","a2F4S0000008dPQUAY","4.02","Credit_Memo_Standard_Loan","a2C4S0000008SisUAE","a2H4S00000056flUAA","LLC_BI__Loan_Covenants__r","Loans","42531833730288569","LLC_BI__Loan_Covenant__c","","","false","","false"
"a2H4S00000056foUAA","","SC-000010561","2020-06-02T17:59:20.000Z","0054S000000Ms6RQAS","2020-06-02T17:59:20.000Z","0054S000000Ms6RQAS","","a2F4S0000008dPRUAY","1.01","","a2C4S0000008SitUAE","","","","42297877539330430","LLC_BI__Loan__c","","","false","","false"
"a2H4S00000056fpUAA","","SC-000010562","2020-06-02T17:59:20.000Z","0054S000000Ms6RQAS","2020-06-02T17:59:20.000Z","0054S000000Ms6RQAS","","a2F4S0000008dPRUAY","2.01","Credit_Memo_Standard_Loan","a2C4S0000008SiuUAE","a2H4S00000056foUAA","LLC_BI__Third_Party_Reports__r","","42140808240065085","LLC_BI__third_party_report__c","","","false","","false"
"a2H4S00000056fqUAA","","SC-000010563","2020-06-02T17:59:20.000Z","0054S000000Ms6RQAS","2020-06-02T17:59:20.000Z","0054S000000Ms6RQAS","","a2F4S0000008dPSUAY","1.01","","a2C4S0000008SivUAE","","","","42380727358752025","LLC_BI__Loan__c","","","false","","false"
"a2H4S00000056frUAA","","SC-000010564","2020-06-02T17:59:20.000Z","0054S000000Ms6RQAS","2020-06-02T17:59:20.000Z","0054S000000Ms6RQAS","","a2F4S0000008dPSUAY","2.01","Credit_Memo_Standard_Loan","a2C4S0000008SiwUAE","a2H4S00000056fqUAA","LLC_BI__Loan_Teams__r","","42444708862454591","LLC_BI__LoanTeam__c","","","false","","false"
"a2H4S00000056fsUAA","","SC-000010565","2020-06-02T17:59:20.000Z","0054S000000Ms6RQAS","2020-06-02T17:59:20.000Z","0054S000000Ms6RQAS","","a2F4S0000008dPTUAY","1.01","","a2C4S0000008SixUAE","","","","42776622116619540","LLC_BI__Loan__c","","","false","","false"
"a2H4S00000056ftUAA","","SC-000010566","2020-06-02T17:59:20.000Z","0054S000000Ms6RQAS","2020-06-02T17:59:20.000Z","0054S000000Ms6RQAS","","a2F4S0000008dPTUAY","2.01","Credit_Memo_Standard_Loan","a2C4S0000008SiyUAE","a2H4S00000056fsUAA","LLC_BI__Fees__r","","42949941725041511","LLC_BI__Fee__c","","","false","","false"
"a2H4S00000056fuUAA","","SC-000010567","2020-06-02T17:59:20.000Z","0054S000000Ms6RQAS","2020-06-02T17:59:20.000Z","0054S000000Ms6RQAS","","a2F4S0000008dPUUAY","1.01","","a2C4S0000008SizUAE","","","","42290111631148190","LLC_BI__Loan__c","","","false","","false"
"a2H4S00000056fvUAA","","SC-000010568","2020-06-02T17:59:20.000Z","0054S000000Ms6RQAS","2020-06-02T17:59:20.000Z","0054S000000Ms6RQAS","","a2F4S0000008dPUUAY","2.01","Credit_Memo_Standard_Loan","a2C4S0000008Sj0UAE","a2H4S00000056fuUAA","LLC_BI__Account__r","","42995224209192277","Account","","","false","","false"
"a2H4S00000056fwUAA","","SC-000010569","2020-06-02T17:59:20.000Z","0054S000000Ms6RQAS","2020-06-02T17:59:20.000Z","0054S000000Ms6RQAS","","a2F4S0000008dPVUAY","1.01","","a2C4S0000008Sj1UAE","","","","42728896906310887","LLC_BI__Loan__c","","","false","","false"
"a2H4S00000056fxUAA","","SC-000010570","2020-06-02T17:59:20.000Z","0054S000000Ms6RQAS","2020-06-02T17:59:20.000Z","0054S000000Ms6RQAS","","a2F4S0000008dPVUAY","2.01","Credit_Memo_Standard_Loan","a2C4S0000008Sj2UAE","a2H4S00000056fwUAA","LLC_BI__Policy_Exceptions__r","","42342644488612354","LLC_BI__Policy_Exception__c","","","false","","false"
"a2H4S00000056fyUAA","","SC-000010571","2020-06-02T17:59:20.000Z","0054S000000SW2aQAG","2020-06-02T17:59:20.000Z","0054S000000SW2aQAG","","a2F4S0000008dW8UAI","1.0","","","","","","42204641093452466","nFORCE__System_Properties__c","","","false","","false"
"a2H4S00000056fzUAA","","SC-000010572","2020-06-02T17:59:20.000Z","0054S000000SW2aQAG","2020-06-02T17:59:20.000Z","0054S000000SW2aQAG","","a2F4S0000008dW9UAI","100.0","","","","","","42325324793717775","nFORCE__Group__c","","","false","","false"
"a2H4S00000056g0UAA","","SC-000010573","2020-06-02T17:59:20.000Z","0054S000000SW2aQAG","2020-06-02T17:59:20.000Z","0054S000000Ms6RQAS","","a2F4S0000008dW9UAI","200.0","nFORCE__UI_Config_Builder","","a2H4S00000056fzUAA","nFORCE__Route_Groups__r","","42255842430737506","nFORCE__Route_Group__c","","","false","","false"
"a2H4S00000056g1UAA","","SC-000010574","2020-06-02T17:59:20.000Z","0054S000000SW2aQAG","2020-06-02T17:59:20.000Z","0054S000000Ms6RQAS","","a2F4S0000008dWAUAY","100.0","nFORCE__UI_Config_Builder_Group_List_Config","","","","","42801549771737344","nFORCE__Group__c","","","false","","false"
"a2H4S00000056g2UAA","","SC-000010575","2020-06-02T17:59:20.000Z","0054S000000SW2aQAG","2020-06-02T17:59:20.000Z","0054S000000Ms6RQAS","","a2F4S0000008dWBUAY","100.0","nFORCE__UI_Config_Builder","","","","","42747894383219617","nFORCE__Route__c","","","false","","false"
"a2H4S00000056g3UAA","","SC-000010576","2020-06-02T17:59:20.000Z","0054S000000SW2aQAG","2020-06-02T17:59:20.000Z","0054S000000Ms6RQAS","","a2F4S0000008dWCUAY","100.0","nFORCE__UI_Config_Builder","","","","","42394233173562152","nFORCE__Route_Group__c","","","false","","false"
"a2H4S00000056g4UAA","","SC-000010577","2020-06-02T17:59:20.000Z","0054S000000SW2aQAG","2020-06-02T17:59:20.000Z","0054S000000Ms6RQAS","","a2F4S0000008dWDUAY","100.0","nFORCE__UI_Config_Builder","","","","","42685676376826283","nFORCE__Screen__c","","","false","","false"
"a2H4S00000056g5UAA","","SC-000010578","2020-06-02T17:59:20.000Z","0054S000000SW2aQAG","2020-06-02T17:59:20.000Z","0054S000000Ms6RQAS","","a2F4S0000008dWEUAY","100.0","nFORCE__UI_Config_Builder","","","","","42521020120813644","nFORCE__Screen_Section__c","","","false","","false"
"a2H4S00000056g6UAA","","SC-000010579","2020-06-02T17:59:20.000Z","0054S000000SW2aQAG","2020-06-02T17:59:20.000Z","0054S000000SW2aQAG","","a2F4S0000008dWFUAY","100.0","nforce__UI_Config_Builder_Group_Topbar_Config","","","","","42126631179714503","nFORCE__Group__c","","","false","","false"
"a2H4S00000056g7UAA","","SC-000010580","2020-06-02T17:59:20.000Z","0054S000000Ms6RQAS","2020-06-02T17:59:20.000Z","0054S000000Ms6RQAS","","a2F4S0000008dWGUAY","1.01","","","","","Entity Compliance","42559122171193954","LLC_BI__Loan__c","","","false","","false"
"a2H4S00000056g8UAA","","SC-000010581","2020-06-02T17:59:20.000Z","0054S000000Ms6RQAS","2020-06-02T17:59:20.000Z","0054S000000Ms6RQAS","","a2F4S0000008dWGUAY","2.01","LLC_BI__HMDA_Entity_Relationship_Name","","a2H4S00000056g7UAA","LLC_BI__Legal_Entities__r","Relationship","42546142899374012","LLC_BI__Legal_Entities__c","","","false","","false"
"a2H4S00000056g9UAA","","SC-000010582","2020-06-02T17:59:20.000Z","0054S000000Ms6RQAS","2020-06-02T17:59:20.000Z","0054S000000Ms6RQAS","","a2F4S0000008dWGUAY","3.01","LLC_BI__UI_HMDA_Entity_Compliance_2017","","a2H4S00000056g8UAA","LLC_BI__Entity_Compliances__r","Entity Compliance","42270017230766363","LLC_BI__Entity_Compliance__c","","","false","","false"
"a2H4S00000056gAUAQ","","SC-000010583","2020-06-02T17:59:20.000Z","0054S000000Ms6RQAS","2020-06-02T17:59:20.000Z","0054S000000Ms6RQAS","","a2F4S0000008dWHUAY","1.01","","","","","Loan Compliance","42364405444877119","LLC_BI__Loan__c","","","false","","false"
"a2H4S00000056gBUAQ","","SC-000010584","2020-06-02T17:59:20.000Z","0054S000000Ms6RQAS","2020-06-02T17:59:20.000Z","0054S000000Ms6RQAS","","a2F4S0000008dWHUAY","2.01","LLC_BI__UI_HMDA_Loan_Compliance_2017","","a2H4S00000056gAUAQ","LLC_BI__Loan_Compliances__r","Loan Compliance","42439406865837687","LLC_BI__Loan_Compliance__c","","","false","","false"
"a2H4S00000056gCUAQ","","SC-000010585","2020-06-02T17:59:20.000Z","0054S000000Ms6RQAS","2020-06-02T17:59:20.000Z","0054S000000Ms6RQAS","","a2F4S0000008dWIUAY","1.01","","","","","Entity Compliance","42426049674313157","LLC_BI__Loan__c","","","false","","false"
"a2H4S00000056gDUAQ","","SC-000010586","2020-06-02T17:59:20.000Z","0054S000000Ms6RQAS","2020-06-02T17:59:20.000Z","0054S000000Ms6RQAS","","a2F4S0000008dWIUAY","2.01","LLC_BI__HMDA_Entity_Relationship_Name","","a2H4S00000056gCUAQ","LLC_BI__Legal_Entities__r","Relationship","42401876157372820","LLC_BI__Legal_Entities__c","","","false","","false"
"a2H4S00000056gEUAQ","","SC-000010587","2020-06-02T17:59:20.000Z","0054S000000Ms6RQAS","2020-06-02T17:59:20.000Z","0054S000000Ms6RQAS","","a2F4S0000008dWIUAY","3.01","LLC_BI__UI_HMDA_Entity_Compliance_2018","","a2H4S00000056gDUAQ","LLC_BI__Entity_Compliances__r","Entity Compliance","42526567057042942","LLC_BI__Entity_Compliance__c","","","false","","false"
"a2H4S00000056gFUAQ","","SC-000010588","2020-06-02T17:59:20.000Z","0054S000000Ms6RQAS","2020-06-02T17:59:20.000Z","0054S000000Ms6RQAS","","a2F4S0000008dWJUAY","1.01","","","","","Loan Compliance","42630333375654736","LLC_BI__Loan__c","","","false","","false"
"a2H4S00000056gGUAQ","","SC-000010589","2020-06-02T17:59:20.000Z","0054S000000Ms6RQAS","2020-06-02T17:59:20.000Z","0054S000000Ms6RQAS","","a2F4S0000008dWJUAY","2.01","LLC_BI__UI_HMDA_Loan_Compliance_2018","","a2H4S00000056gFUAQ","LLC_BI__Loan_Compliances__r","Loan Compliance","42157750416022485","LLC_BI__Loan_Compliance__c","","","false","","false"
"a2H4S00000056gHUAQ","","SC-000010590","2020-06-02T17:59:20.000Z","0054S000000Ms6RQAS","2020-06-02T17:59:20.000Z","0054S000000Ms6RQAS","","a2F4S0000008dWKUAY","0.0","LLC_BI__Pricing_Summary","","","","Pricing Options","42242543715670695","LLC_BI__Loan__c","","","false","","false"
"a2H4S00000056gIUAQ","","SC-000010591","2020-06-02T17:59:20.000Z","0054S000000Ms6RQAS","2020-06-02T17:59:20.000Z","0054S000000Ms6RQAS","","a2F4S0000008dWLUAY","1.01","LLC_BI__Memo_Detail","","","","","42555689757496348","LLC_BI__Credit_Memo_Modifcation__c","","","false","","false"
"a2H4S00000056gJUAQ","","SC-000010592","2020-06-02T17:59:20.000Z","0054S000000Ms6RQAS","2020-06-02T17:59:20.000Z","0054S000000Ms6RQAS","","a2F4S0000008dWMUAY","1.01","LLC_BI__Requires_Approval","","","","","42209616617786762","LLC_BI__Credit_Memo_Modifcation__c","","","false","","false"
"a2H4S00000056gKUAQ","","SC-000010593","2020-06-02T17:59:20.000Z","0054S000000Ms6RQAS","2020-06-02T17:59:20.000Z","0054S000000Ms6RQAS","","a2F4S0000008dWNUAY","1.01","LLC_BI__Does_Not_Require_Approval","","","","","42563107971729246","LLC_BI__Credit_Memo_Modifcation__c","","","false","","false"
"a2H4S00000056gLUAQ","","SC-000010594","2020-06-02T17:59:20.000Z","0054S000000Ms6RQAS","2020-06-02T17:59:20.000Z","0054S000000Ms6RQAS","","a2F4S0000008dWOUAY","1.01","LLC_BI__Modification_Description","","","","","42902522099669916","LLC_BI__Credit_Memo_Modifcation__c","","","false","","false"
"a2H4S00000056gMUAQ","","SC-000010595","2020-06-02T17:59:20.000Z","0054S000000Ms6RQAS","2020-06-02T17:59:20.000Z","0054S000000Ms6RQAS","","a2F4S0000008dWPUAY","10.0","LLC_BI__Product_Package_Compliance_Information","","","","Information","42900993272806603","LLC_BI__Product_Package__c","","","false","","false"
"a2H4S00000056gNUAQ","","SC-000010596","2020-06-02T17:59:20.000Z","0054S000000Ms6RQAS","2020-06-02T17:59:20.000Z","0054S000000Ms6RQAS","","a2F4S0000008dWQUAY","20.0","LLC_BI__Product_Package_Exposure_Information","","","","Exposure","42188696455623897","LLC_BI__Product_Package__c","","","false","","false"
"a2H4S00000056gOUAQ","","SC-000010597","2020-06-02T17:59:20.000Z","0054S000000Ms6RQAS","2020-06-02T17:59:20.000Z","0054S000000Ms6RQAS","","a2F4S0000008dWRUAY","10.0","LLC_BI__ReviewDisplay","","","","Review Detail","42705318296379279","LLC_BI__Product_Package__c","","","false","","false"
"a2H4S00000056gPUAQ","","SC-000000000","2020-06-02T17:59:20.000Z","0054S000000Ms6RQAS","2020-06-02T17:59:20.000Z","0054S000000Ms6RQAS","","a2F4S0000008dWSUAY","1.01","","","","","","42524514788423819","Account","","","false","","false"
"a2H4S00000056gQUAQ","","SC-000000001","2020-06-02T17:59:20.000Z","0054S000000Ms6RQAS","2020-06-02T17:59:20.000Z","0054S000000Ms6RQAS","","a2F4S0000008dWTUAY","1.01","","","","","","42334193564935023","Account","","","false","","false"
"a2H4S00000056gRUAQ","","SC-000000002","2020-06-02T17:59:20.000Z","0054S000000Ms6RQAS","2020-06-02T17:59:20.000Z","0054S000000Ms6RQAS","","a2F4S0000008dWUUAY","1.01","","","","","Loan Relationship","42356833333360829","LLC_BI__Loan__c","","","false","","false"
"a2H4S00000056gSUAQ","","SC-000000003","2020-06-02T17:59:20.000Z","0054S000000Ms6RQAS","2020-06-02T17:59:20.000Z","0054S000000Ms6RQAS","","a2F4S0000008dWUUAY","2.01","LLC_BI__UI_Entity_Involvement_Fieldset","","a2H4S00000056gRUAQ","LLC_BI__Legal_Entities__r","Borrowing Structure","42068805587329456","LLC_BI__Legal_Entities__c","","","false","","false"
"a2H4S00000056gTUAQ","","SC-000000004","2020-06-02T17:59:20.000Z","0054S000000Ms6RQAS","2020-06-02T17:59:20.000Z","0054S000000Ms6RQAS","","a2F4S0000008dWVUAY","1.0","","","","","Tasks","42147304131718459","LLC_BI__Loan__c","","","false","","false"
"a2H4S00000056gUUAQ","","SC-000000005","2020-06-02T17:59:20.000Z","0054S000000Ms6RQAS","2020-06-02T17:59:20.000Z","0054S000000Ms6RQAS","","a2F4S0000008dWVUAY","2.0","LLC_BI__UI_Tasks","","a2H4S00000056gTUAQ","Tasks","Tasks","42240867084818271","Task","","","false","","false"
"a2H4S00000056gVUAQ","","SC-000000006","2020-06-02T17:59:20.000Z","0054S000000Ms6RQAS","2020-06-02T17:59:20.000Z","0054S000000Ms6RQAS","","a2F4S0000008dWWUAY","1.0","","","","","Events","42901799763996746","LLC_BI__Loan__c","","","false","","false"
"a2H4S00000056gWUAQ","","SC-000000007","2020-06-02T17:59:20.000Z","0054S000000Ms6RQAS","2020-06-02T17:59:20.000Z","0054S000000Ms6RQAS","","a2F4S0000008dWWUAY","2.0","LLC_BI__UI_Events","","a2H4S00000056gVUAQ","Events","Events","42565397821367352","Event","","","false","","false"
"a2H4S00000056gXUAQ","","SC-000000008","2020-06-02T17:59:20.000Z","0054S000000Ms6RQAS","2020-06-02T17:59:20.000Z","0054S000000Ms6RQAS","","a2F4S0000008dWYUAY","1.0","LLC_BI__UI_Collateral_Summary","","","","Collateral","42813587978878609","LLC_BI__Loan__c","","","false","","false"
"a2H4S00000056gYUAQ","","SC-000000009","2020-06-02T17:59:20.000Z","0054S000000Ms6RQAS","2020-06-02T17:59:20.000Z","0054S000000Ms6RQAS","","a2F4S0000008dWYUAY","2.0","LLC_BI__UI_Collateral_Record_Summary","","a2H4S00000056gXUAQ","LLC_BI__Collateral__r","Collateral","42429559984316569","LLC_BI__Loan_Collateral__c","","","false","","false"
"a2H4S00000056gZUAQ","","SC-000000010","2020-06-02T17:59:20.000Z","0054S000000Ms6RQAS","2020-06-02T17:59:20.000Z","0054S000000Ms6RQAS","","a2F4S0000008dWZUAY","1.0","","","","","HMDA","42030364239011780","LLC_BI__Loan__c","","","false","","false"
"a2H4S00000056gaUAA","","SC-000000011","2020-06-02T17:59:20.000Z","0054S000000Ms6RQAS","2020-06-02T17:59:20.000Z","0054S000000Ms6RQAS","","a2F4S0000008dWZUAY","2.0","LLC_BI__UI_HMDA_Demographic_Questions","","a2H4S00000056gZUAQ","LLC_BI__Legal_Entities__r","HMDA","42160499964047999","LLC_BI__Legal_Entities__c","","","false","","false"
"a2H4S00000056gbUAA","","SC-000000012","2020-06-02T17:59:20.000Z","0054S000000Ms6RQAS","2020-06-02T17:59:20.000Z","0054S000000Ms6RQAS","","a2F4S0000008dWSUAY","2.01","LLC_BI__UI_Loan_Products","","a2H4S00000056gPUAQ","LLC_BI__Legal_Entities__r","","42633655348432794","LLC_BI__Legal_Entities__c","","","false","","false"
"a2H4S00000056gcUAA","","SC-000000013","2020-06-02T17:59:20.000Z","0054S000000Ms6RQAS","2020-06-02T17:59:20.000Z","0054S000000Ms6RQAS","","a2F4S0000008dWTUAY","2.01","LLC_BI__UI_Deposit_Products","","a2H4S00000056gQUAQ","LLC_BI__Legal_Entities__r","","42912477079395575","LLC_BI__Legal_Entities__c","","","false","","false"
"a2H4S00000056gdUAA","","SC-000000014","2020-06-02T17:59:20.000Z","0054S000000Ms6RQAS","2020-06-02T17:59:20.000Z","0054S000000Ms6RQAS","","a2F4S0000008dWaUAI","0.0","LLC_BI__UI_Loan_Information","","","","Loan Details","42013669841121397","LLC_BI__Loan__c","","","false","","false"
"a2H4S00000056geUAA","","SC-000000015","2020-06-02T17:59:20.000Z","0054S000000Ms6RQAS","2020-06-02T17:59:20.000Z","0054S000000Ms6RQAS","","a2F4S0000008dWbUAI","0.0","LLC_BI__UI_Loan_Pricing_Information","a2C4S0000008Sj3UAE","","","Pricing","42732352332637193","LLC_BI__Loan__c","","","false","","false"
"a2H4S00000056gfUAA","","SC-000000016","2020-06-02T17:59:20.000Z","0054S000000Ms6RQAS","2020-06-02T17:59:20.000Z","0054S000000Ms6RQAS","","a2F4S0000008dWcUAI","0.0","LLC_BI__UI_Referral_Information","","","","Referral","42772904962338481","LLC_BI__Loan__c","","","false","","false"
"a2H4S00000056ggUAA","","SC-000000017","2020-06-02T17:59:20.000Z","0054S000000Ms6RQAS","2020-06-02T17:59:20.000Z","0054S000000Ms6RQAS","","a2F4S0000008dWdUAI","0.0","LLC_BI__UI_Balance_Information","","","","Balance Details","42202756036900002","LLC_BI__Loan__c","","","false","","false"
"a2H4S00000056ghUAA","","SC-000000018","2020-06-02T17:59:20.000Z","0054S000000Ms6RQAS","2020-06-02T17:59:20.000Z","0054S000000Ms6RQAS","","a2F4S0000008dWeUAI","0.0","LLC_BI__UI_Booked_Information","","","","Booked Details","42681014989070584","LLC_BI__Loan__c","","","false","","false"
"a2H4S00000056giUAA","","SC-000000019","2020-06-02T17:59:20.000Z","0054S000000Ms6RQAS","2020-06-02T17:59:20.000Z","0054S000000Ms6RQAS","","a2F4S0000008dWfUAI","0.0","LLC_BI__UI_Loan_Summary","","","","Loan Details","42504212372980761","LLC_BI__Loan__c","","","false","","false"
"a2H4S00000056gjUAA","","SC-000000020","2020-06-02T17:59:20.000Z","0054S000000Ms6RQAS","2020-06-02T17:59:20.000Z","0054S000000Ms6RQAS","","a2F4S0000008dWgUAI","0.0","LLC_BI__UI_Collateral_Summary","","","","Collateral","42728509645900860","LLC_BI__Loan__c","","","false","","false"
"a2H4S00000056gkUAA","","SC-000000021","2020-06-02T17:59:20.000Z","0054S000000Ms6RQAS","2020-06-02T17:59:20.000Z","0054S000000Ms6RQAS","","a2F4S0000008dWhUAI","0.0","LLC_BI__UI_CRA_Loan_Information","","","","Loan Information","42999223603437129","LLC_BI__Loan__c","","","false","","false"
"a2H4S00000056glUAA","","SC-000000022","2020-06-02T17:59:20.000Z","0054S000000Ms6RQAS","2020-06-02T17:59:20.000Z","0054S000000Ms6RQAS","","a2F4S0000008dWiUAI","0.0","LLC_BI__UI_CRA_Action_Taken","","","","Action Taken","42586513807761199","LLC_BI__Loan__c","","","false","","false"
"a2H4S00000056gmUAA","","SC-000000023","2020-06-02T17:59:20.000Z","0054S000000Ms6RQAS","2020-06-02T17:59:20.000Z","0054S000000Ms6RQAS","","a2F4S0000008dWjUAI","0.0","LLC_BI__UI_CRA_Property_Location","","","","Property Location","42446653086290732","LLC_BI__Loan__c","","","false","","false"
"a2H4S00000056gnUAA","","SC-000000024","2020-06-02T17:59:20.000Z","0054S000000Ms6RQAS","2020-06-02T17:59:20.000Z","0054S000000Ms6RQAS","","a2F4S0000008dWkUAI","0.0","LLC_BI__UI_CRA_Other","","","","Other","42653334559858324","LLC_BI__Loan__c","","","false","","false"
"a2H4S00000056goUAA","","SC-000000025","2020-06-02T17:59:20.000Z","0054S000000Ms6RQAS","2020-06-02T17:59:20.000Z","0054S000000Ms6RQAS","","a2F4S0000008dWlUAI","0.0","LLC_BI__UI_HMDA_Application_Loan_Information","","","","Application or Loan Information","42905295961456098","LLC_BI__Loan__c","","","false","","false"
"a2H4S00000056gpUAA","","SC-000000026","2020-06-02T17:59:20.000Z","0054S000000Ms6RQAS","2020-06-02T17:59:20.000Z","0054S000000Ms6RQAS","","a2F4S0000008dWmUAI","0.0","LLC_BI__UI_HMDA_Action_Taken","","","","Action Taken","42539474009374645","LLC_BI__Loan__c","","","false","","false"
"a2H4S00000056gqUAA","","SC-000000027","2020-06-02T17:59:20.000Z","0054S000000Ms6RQAS","2020-06-02T17:59:20.000Z","0054S000000Ms6RQAS","","a2F4S0000008dWnUAI","0.0","LLC_BI__UI_HMDA_Property_Location","","","","Property Location","42247965617046329","LLC_BI__Loan__c","","","false","","false"
"a2H4S00000056grUAA","","SC-000000028","2020-06-02T17:59:20.000Z","0054S000000Ms6RQAS","2020-06-02T17:59:20.000Z","0054S000000Ms6RQAS","","a2F4S0000008dWoUAI","0.0","LLC_BI__UI_HMDA_Loan_Lifecycle","","","","Loan Lifecycle","42772377786321597","LLC_BI__Loan__c","","","false","","false"
"a2H4S00000056gsUAA","","SC-000000809","2020-06-02T17:59:20.000Z","0054S000000Ms6RQAS","2020-06-02T17:59:20.000Z","0054S000000Ms6RQAS","","a2F4S0000008dXwUAI","1.01","","","","","","1001","Account","","","false","","false"
"a2H4S00000056gtUAA","","SC-000000810","2020-06-02T17:59:20.000Z","0054S000000Ms6RQAS","2020-06-02T17:59:20.000Z","0054S000000Ms6RQAS","","a2F4S0000008dXTUAY","1.01","","a2C4S0000008Sj4UAE","","","","1002","Account","","","false","","false"
"a2H4S00000056guUAA","","SC-000000811","2020-06-02T17:59:20.000Z","0054S000000Ms6RQAS","2020-06-02T17:59:20.000Z","0054S000000Ms6RQAS","","a2F4S0000008dY9UAI","1.01","UI_Relationship_Relationship_Information","","","","","1003","Account","","","false","","false"
"a2H4S00000056gvUAA","","SC-000000812","2020-06-02T17:59:20.000Z","0054S000000Ms6RQAS","2020-06-02T17:59:20.000Z","0054S000000Ms6RQAS","","a2F4S0000008dXEUAY","1.01","","","","","","1004","Account","","","false","","false"
"a2H4S00000056gwUAA","","SC-000000813","2020-06-02T17:59:20.000Z","0054S000000Ms6RQAS","2020-06-02T17:59:20.000Z","0054S000000Ms6RQAS","","a2F4S0000008dXEUAY","2.01","nFORCE__UI_Lookup_Fields","","a2H4S00000056gvUAA","Contacts","","1005","Contact","","","false","","false"
"a2H4S00000056gxUAA","","SC-000000814","2020-06-02T17:59:20.000Z","0054S000000Ms6RQAS","2020-06-02T17:59:20.000Z","0054S000000Ms6RQAS","","a2F4S0000008dYXUAY","1.01","","","","","","1006","Account","","","false","","false"
"a2H4S00000056gyUAA","","SC-000000815","2020-06-02T17:59:20.000Z","0054S000000Ms6RQAS","2020-06-02T17:59:20.000Z","0054S000000Ms6RQAS","","a2F4S0000008dYXUAY","2.01","UI_Relationship_Referrals","","a2H4S00000056gxUAA","nRE__Referrals__r","","1007","nRE__Referral__c","","","false","","false"
"a2H4S00000056gzUAA","","SC-000000816","2020-06-02T17:59:20.000Z","0054S000000Ms6RQAS","2020-06-02T17:59:20.000Z","0054S000000Ms6RQAS","","a2F4S0000008dX3UAI","1.01","","a2C4S0000008Sj5UAE","","","","1008","LLC_BI__Treasury_Service__c","","","false","","false"
"a2H4S00000056h0UAA","","SC-000000817","2020-06-02T17:59:20.000Z","0054S000000Ms6RQAS","2020-06-02T17:59:20.000Z","0054S000000Ms6RQAS","","a2F4S0000008dX3UAI","2.01","LLC_BI__UI_Users_for_Lockbox","a2C4S0000008Sj6UAE","a2H4S00000056gzUAA","LLC_BI__Authorized_Users__r","","1009","LLC_BI__Authorized_User__c","","","false","","false"
"a2H4S00000056h1UAA","","SC-000000818","2020-06-02T17:59:20.000Z","0054S000000Ms6RQAS","2020-06-02T17:59:20.000Z","0054S000000Ms6RQAS","","a2F4S0000008dYOUAY","1.01","","a2C4S0000008Sj7UAE","","","","1010","LLC_BI__Treasury_Service__c","","0.0","false","","false"
"a2H4S00000056h2UAA","","SC-000000819","2020-06-02T17:59:20.000Z","0054S000000Ms6RQAS","2020-06-02T17:59:20.000Z","0054S000000Ms6RQAS","","a2F4S0000008dYOUAY","2.01","","a2C4S0000008Sj8UAE","a2H4S00000056h1UAA","LLC_BI__Product_Package__r","","1011","LLC_BI__Product_Package__c","","0.0","false","","false"
"a2H4S00000056h3UAA","","SC-000000820","2020-06-02T17:59:20.000Z","0054S000000Ms6RQAS","2020-06-02T17:59:20.000Z","0054S000000Ms6RQAS","","a2F4S0000008dYOUAY","3.01","LLC_BI__UI_Product_Summary","a2C4S0000008Sj9UAE","a2H4S00000056h2UAA","LLC_BI__Treasury_Services__r","","1012","LLC_BI__Treasury_Service__c","","0.0","false","","false"
"a2H4S00000056h4UAA","","SC-000000821","2020-06-02T17:59:20.000Z","0054S000000Ms6RQAS","2020-06-02T17:59:20.000Z","0054S000000Ms6RQAS","","a2F4S0000008dYBUAY","1.01","UI_Relationship_Details","","","","","1013","Account","","","false","","false"
"a2H4S00000056h5UAA","","SC-000000822","2020-06-02T17:59:20.000Z","0054S000000Ms6RQAS","2020-06-02T17:59:20.000Z","0054S000000Ms6RQAS","","a2F4S0000008dXZUAY","1.01","UI_Relationship_Exposure","","","","","1014","Account","","","false","","false"
"a2H4S00000056h6UAA","","SC-000000823","2020-06-02T17:59:20.000Z","0054S000000Ms6RQAS","2020-06-02T17:59:20.000Z","0054S000000Ms6RQAS","","a2F4S0000008dXHUAY","1.0","LLC_BI__UI_Collateral_Summary","","","","Collateral","1015","LLC_BI__Loan__c","","","false","","false"
"a2H4S00000056h7UAA","","SC-000000824","2020-06-02T17:59:20.000Z","0054S000000Ms6RQAS","2020-06-02T17:59:20.000Z","0054S000000Ms6RQAS","","a2F4S0000008dXHUAY","2.0","LLC_BI__UI_Collateral_Record_Summary","","a2H4S00000056h6UAA","LLC_BI__Collateral__r","Collateral","1016","LLC_BI__Loan_Collateral__c","","","false","","false"
"a2H4S00000056h8UAA","","SC-000000825","2020-06-02T17:59:20.000Z","0054S000000Ms6RQAS","2020-06-02T17:59:20.000Z","0054S000000Ms6RQAS","","a2F4S0000008dXIUAY","0.0","LLC_BI__UI_Collateral_Summary","","","","Collateral","1017","LLC_BI__Loan__c","","","false","","false"
"a2H4S00000056h9UAA","","SC-000000826","2020-06-02T17:59:20.000Z","0054S000000Ms6RQAS","2020-06-02T17:59:20.000Z","0054S000000Ms6RQAS","","a2F4S0000008dYCUAY","1.01","UI_Relationship_Overview_Individual","","","","","1018","Account","","","false","","false"
"a2H4S00000056hAUAQ","","SC-000000827","2020-06-02T17:59:20.000Z","0054S000000Ms6RQAS","2020-06-02T17:59:20.000Z","0054S000000Ms6RQAS","","a2F4S0000008dYZUAY","1.01","","a2C4S0000008SjAUAU","","","","1019","LLC_BI__Loan__c","","","false","","false"
"a2H4S00000056hBUAQ","","SC-000000828","2020-06-02T17:59:20.000Z","0054S000000Ms6RQAS","2020-06-02T17:59:20.000Z","0054S000000Ms6RQAS","","a2F4S0000008dYZUAY","2.01","LLC_BI__Manage_Loan_Collateral","a2C4S0000008SjBUAU","a2H4S00000056hAUAQ","LLC_BI__Loan_Collateral__r","","1020","LLC_BI__Loan_Collateral2__c","","","false","","false"
"a2H4S00000056hCUAQ","","SC-000000829","2020-06-02T17:59:20.000Z","0054S000000Ms6RQAS","2020-06-02T17:59:20.000Z","0054S000000Ms6RQAS","","a2F4S0000008dY2UAI","1.01","","","","","","1021","Account","","","false","","false"
"a2H4S00000056hDUAQ","","SC-000000830","2020-06-02T17:59:20.000Z","0054S000000Ms6RQAS","2020-06-02T17:59:20.000Z","0054S000000Ms6RQAS","","a2F4S0000008dY2UAI","2.01","","","a2H4S00000056hCUAQ","OpenActivities","","1022","OpenActivity","","","false","","false"
"a2H4S00000056hEUAQ","","SC-000000831","2020-06-02T17:59:20.000Z","0054S000000Ms6RQAS","2020-06-02T17:59:20.000Z","0054S000000Ms6RQAS","","a2F4S0000008dYiUAI","1.01","","","","","","1023","Account","","","false","","false"
"a2H4S00000056hFUAQ","","SC-000000832","2020-06-02T17:59:20.000Z","0054S000000Ms6RQAS","2020-06-02T17:59:20.000Z","0054S000000Ms6RQAS","","a2F4S0000008dYiUAI","2.01","UI_Member_Services","","a2H4S00000056hEUAQ","Member_Services__r","","1024","Member_Service__c","","","false","","false"
"a2H4S00000056hGUAQ","","SC-000000833","2020-06-02T17:59:20.000Z","0054S000000Ms6RQAS","2020-06-02T17:59:20.000Z","0054S000000Ms6RQAS","","a2F4S0000008dYaUAI","1.01","","","","","","1025","Account","","","false","","false"
"a2H4S00000056hHUAQ","","SC-000000834","2020-06-02T17:59:20.000Z","0054S000000Ms6RQAS","2020-06-02T17:59:20.000Z","0054S000000Ms6RQAS","","a2F4S0000008dYaUAI","2.01","UI_Risk_Rating_Reviews","","a2H4S00000056hGUAQ","LLC_BI__Annual_Review__r","","1026","LLC_BI__Annual_Review__c","","","false","","false"
"a2H4S00000056hIUAQ","","SC-000000835","2020-06-02T17:59:20.000Z","0054S000000Ms6RQAS","2020-06-02T17:59:20.000Z","0054S000000Ms6RQAS","","a2F4S0000008dXMUAY","1.01","","","","","","1027","Account","","","false","","false"
"a2H4S00000056hJUAQ","","SC-000000836","2020-06-02T17:59:20.000Z","0054S000000Ms6RQAS","2020-06-02T17:59:20.000Z","0054S000000Ms6RQAS","","a2F4S0000008dXMUAY","2.01","UI_Collateral_Owned","","a2H4S00000056hIUAQ","LLC_BI__Account_Collateral__r","","1028","LLC_BI__Account_Collateral__c","","","false","","false"
"a2H4S00000056hKUAQ","","SC-000000837","2020-06-02T17:59:20.000Z","0054S000000Ms6RQAS","2020-06-02T17:59:20.000Z","0054S000000Ms6RQAS","","a2F4S0000008dXmUAI","0.0","LLC_BI__UI_Loan_Summary","","","","Loan Information","1029","LLC_BI__Loan__c","","","false","","false"
"a2H4S00000056hLUAQ","","SC-000000838","2020-06-02T17:59:20.000Z","0054S000000Ms6RQAS","2020-06-02T17:59:20.000Z","0054S000000Ms6RQAS","","a2F4S0000008dYmUAI","1.0","","","","","Tasks","1030","LLC_BI__Loan__c","","","false","","false"
"a2H4S00000056hMUAQ","","SC-000000839","2020-06-02T17:59:20.000Z","0054S000000Ms6RQAS","2020-06-02T17:59:20.000Z","0054S000000Ms6RQAS","","a2F4S0000008dYmUAI","2.0","LLC_BI__UI_Tasks","","a2H4S00000056hLUAQ","Tasks","Tasks","1031","Task","","","false","","false"
"a2H4S00000056hNUAQ","","SC-000000840","2020-06-02T17:59:20.000Z","0054S000000Ms6RQAS","2020-06-02T17:59:20.000Z","0054S000000Ms6RQAS","","a2F4S0000008dXoUAI","0.0","LLC_BI__UI_Loan_Information","","","","Loan Information","1032","LLC_BI__Loan__c","","","false","","false"
"a2H4S00000056hOUAQ","","SC-000000841","2020-06-02T17:59:20.000Z","0054S000000Ms6RQAS","2020-06-02T17:59:20.000Z","0054S000000Ms6RQAS","","a2F4S0000008dYGUAY","0.0","LLC_BI__UI_Loan_Pricing_Information","","","","Pricing","1033","LLC_BI__Loan__c","","","false","","false"
"a2H4S00000056hPUAQ","","SC-000000842","2020-06-02T17:59:20.000Z","0054S000000Ms6RQAS","2020-06-02T17:59:20.000Z","0054S000000Ms6RQAS","","a2F4S0000008dYUUAY","0.0","LLC_BI__UI_Referral_Information","","","","Referral","1034","LLC_BI__Loan__c","","","false","","false"
"a2H4S00000056hQUAQ","","SC-000000843","2020-06-02T17:59:20.000Z","0054S000000Ms6RQAS","2020-06-02T17:59:20.000Z","0054S000000Ms6RQAS","","a2F4S0000008dX5UAI","0.0","LLC_BI__UI_Balance_Information","","","","Balance Details","1035","LLC_BI__Loan__c","","","false","","false"
"a2H4S00000056hRUAQ","","SC-000000844","2020-06-02T17:59:20.000Z","0054S000000Ms6RQAS","2020-06-02T17:59:20.000Z","0054S000000Ms6RQAS","","a2F4S0000008dX7UAI","0.0","LLC_BI__UI_Booked_Information","","","","Booked Details","1036","LLC_BI__Loan__c","","","false","","false"
"a2H4S00000056hSUAQ","","SC-000000845","2020-06-02T17:59:20.000Z","0054S000000Ms6RQAS","2020-06-02T17:59:20.000Z","0054S000000Ms6RQAS","","a2F4S0000008dYEUAY","1.01","","","","","Loan Application","1037","LLC_BI__Loan__c","","","false","","false"
"a2H4S00000056hTUAQ","","SC-000000846","2020-06-02T17:59:20.000Z","0054S000000Ms6RQAS","2020-06-02T17:59:20.000Z","0054S000000Ms6RQAS","","a2F4S0000008dYEUAY","2.01","nSBA__SBA_Principal","","a2H4S00000056hSUAQ","LLC_BI__Application__r","Loan Application","1038","LLC_BI__Application__c","","","false","","false"
"a2H4S00000056hUUAQ","","SC-000000847","2020-06-02T17:59:20.000Z","0054S000000Ms6RQAS","2020-06-02T17:59:20.000Z","0054S000000Ms6RQAS","","a2F4S0000008dXAUAY","1.01","","","","","Borrowing Structure","1039","LLC_BI__Loan__c","","","false","","false"
"a2H4S00000056hVUAQ","","SC-000000848","2020-06-02T17:59:20.000Z","0054S000000Ms6RQAS","2020-06-02T17:59:20.000Z","0054S000000Ms6RQAS","","a2F4S0000008dXAUAY","2.01","LLC_BI__UI_Entity_Involvement_Fieldset","","a2H4S00000056hUUAQ","LLC_BI__Legal_Entities__r","Borrowing Structure","1040","LLC_BI__Legal_Entities__c","","","false","","false"
"a2H4S00000056hWUAQ","","SC-000000849","2020-06-02T17:59:20.000Z","0054S000000Ms6RQAS","2020-06-02T17:59:20.000Z","0054S000000Ms6RQAS","","a2F4S0000008dXiUAI","1.01","","","","","Liens","1041","LLC_BI__Loan__c","","","false","","false"
"a2H4S00000056hXUAQ","","SC-000000850","2020-06-02T17:59:20.000Z","0054S000000Ms6RQAS","2020-06-02T17:59:20.000Z","0054S000000Ms6RQAS","","a2F4S0000008dXiUAI","2.01","UI_Liens","","a2H4S00000056hWUAQ","LLC_BI__Loan_Collateral__r","Liens","1042","LLC_BI__Loan_Collateral2__c","","","false","","false"
"a2H4S00000056hYUAQ","","SC-000000851","2020-06-02T17:59:20.000Z","0054S000000Ms6RQAS","2020-06-02T17:59:20.000Z","0054S000000Ms6RQAS","","a2F4S0000008dWyUAI","1.01","nSBA__SBA_Application","","","","Application Information","1043","LLC_BI__Loan__c","","","false","","false"
"a2H4S00000056hZUAQ","","SC-000000852","2020-06-02T17:59:20.000Z","0054S000000Ms6RQAS","2020-06-02T17:59:20.000Z","0054S000000Ms6RQAS","","a2F4S0000008dXvUAI","1.01","nSBA__SBA_Application_Loan_Pkg","","","","Loan Packager Information","1044","LLC_BI__Loan__c","","","false","","false"
"a2H4S00000056haUAA","","SC-000000853","2020-06-02T17:59:20.000Z","0054S000000Ms6RQAS","2020-06-02T17:59:20.000Z","0054S000000Ms6RQAS","","a2F4S0000008dYLUAY","1.01","nSBA__SBA_Form_159_Primary_Account","","","","Primary Account","1045","LLC_BI__Loan__c","","","false","","false"
"a2H4S00000056hbUAA","","SC-000000854","2020-06-02T17:59:20.000Z","0054S000000Ms6RQAS","2020-06-02T17:59:20.000Z","0054S000000Ms6RQAS","","a2F4S0000008dWxUAI","1.01","nSBA__SBA_Form_159","","","","SBA Form 159","1046","LLC_BI__Loan__c","","","false","","false"
"a2H4S00000056hcUAA","","SC-000000855","2020-06-02T17:59:20.000Z","0054S000000Ms6RQAS","2020-06-02T17:59:20.000Z","0054S000000Ms6RQAS","","a2F4S0000008dXhUAI","2.01","nSBA__Form_159_Lender","","","","SBA Form 159","1047","LLC_BI__Loan__c","","","false","","false"
"a2H4S00000056hdUAA","","SC-000000856","2020-06-02T17:59:20.000Z","0054S000000Ms6RQAS","2020-06-02T17:59:20.000Z","0054S000000Ms6RQAS","","a2F4S0000008dYhUAI","1.01","nSBA__SBA_912_Primary_Applicant","","","","SBA Form 912","1048","LLC_BI__Loan__c","","","false","","false"
"a2H4S00000056heUAA","","SC-000000857","2020-06-02T17:59:20.000Z","0054S000000Ms6RQAS","2020-06-02T17:59:20.000Z","0054S000000Ms6RQAS","","a2F4S0000008dXuUAI","1.01","nSBA__SBA_Form_G845","","","","Loan Officer Details","1049","LLC_BI__Loan__c","","","false","","false"
"a2H4S00000056hfUAA","","SC-000000858","2020-06-02T17:59:20.000Z","0054S000000Ms6RQAS","2020-06-02T17:59:20.000Z","0054S000000Ms6RQAS","","a2F4S0000008dYfUAI","0.01","nSBA__SBA_Form_1920","","","","SBA Form 1920","1050","LLC_BI__Loan__c","","","false","","false"
"a2H4S00000056hgUAA","","SC-000000859","2020-06-02T17:59:20.000Z","0054S000000Ms6RQAS","2020-06-02T17:59:20.000Z","0054S000000Ms6RQAS","","a2F4S0000008dXWUAY","1.01","nSBA__SBA_Form_1920_Eligibility","","","","Eligibility","1051","LLC_BI__Loan__c","","","false","","false"
"a2H4S00000056hhUAA","","SC-000000860","2020-06-02T17:59:20.000Z","0054S000000Ms6RQAS","2020-06-02T17:59:20.000Z","0054S000000Ms6RQAS","","a2F4S0000008dXFUAY","2.01","nSBA__SBA_Form_1920_Bus_Type","","","","Business Type","1052","LLC_BI__Loan__c","","","false","","false"
"a2H4S00000056hiUAA","","SC-000000861","2020-06-02T17:59:20.000Z","0054S000000Ms6RQAS","2020-06-02T17:59:20.000Z","0054S000000Ms6RQAS","","a2F4S0000008dYYUAY","3.01","nSBA__SBA_Form_1920_Refinance","","","","Refinancing Information","1053","LLC_BI__Loan__c","","","false","","false"
"a2H4S00000056hjUAA","","SC-000000862","2020-06-02T17:59:20.000Z","0054S000000Ms6RQAS","2020-06-02T17:59:20.000Z","0054S000000Ms6RQAS","","a2F4S0000008dXDUAY","4.01","nSBA__SBA_Form_1920_Business_Ac","","","","Business Acquisition","1054","LLC_BI__Loan__c","","","false","","false"
"a2H4S00000056hkUAA","","SC-000000863","2020-06-02T17:59:20.000Z","0054S000000Ms6RQAS","2020-06-02T17:59:20.000Z","0054S000000Ms6RQAS","","a2F4S0000008dXXUAY","5.01","nSBA__SBA_Form_1920_EPCOC","","","","EPCOC","1055","LLC_BI__Loan__c","","","false","","false"
"a2H4S00000056hlUAA","","SC-000000864","2020-06-02T17:59:20.000Z","0054S000000Ms6RQAS","2020-06-02T17:59:20.000Z","0054S000000Ms6RQAS","","a2F4S0000008dYkUAI","6.01","nSBA__SBA_Form_1920_Special_Programs","","","","Special Programs","1056","LLC_BI__Loan__c","","","false","","false"
"a2H4S00000056hmUAA","","SC-000000865","2020-06-02T17:59:20.000Z","0054S000000Ms6RQAS","2020-06-02T17:59:20.000Z","0054S000000Ms6RQAS","","a2F4S0000008dWqUAI","1.01","","","","","Relationship","1057","LLC_BI__Loan__c","","","false","","false"
"a2H4S00000056hnUAA","","SC-000000866","2020-06-02T17:59:20.000Z","0054S000000Ms6RQAS","2020-06-02T17:59:20.000Z","0054S000000Ms6RQAS","","a2F4S0000008dWqUAI","2.01","nSBA__SBA_Form_1920_Primary_Account","","a2H4S00000056hmUAA","LLC_BI__Account__r","","1058","Account","","","false","","false"
"a2H4S00000056hoUAA","","SC-000000867","2020-06-02T17:59:20.000Z","0054S000000Ms6RQAS","2020-06-02T17:59:20.000Z","0054S000000Ms6RQAS","","a2F4S0000008dYgUAI","1.01","","","","","Relationship","1059","LLC_BI__Loan__c","","","false","","false"
"a2H4S00000056hpUAA","","SC-000000868","2020-06-02T17:59:20.000Z","0054S000000Ms6RQAS","2020-06-02T17:59:20.000Z","0054S000000Ms6RQAS","","a2F4S0000008dYgUAI","2.01","nSBA__SBA_Form_1920_Primary_Account","","a2H4S00000056hoUAA","LLC_BI__Account__r","","1060","Account","","","false","","false"
"a2H4S00000056hqUAA","","SC-000000869","2020-06-02T17:59:20.000Z","0054S000000Ms6RQAS","2020-06-02T17:59:20.000Z","0054S000000Ms6RQAS","","a2F4S0000008dYgUAI","3.01","nSBA__SBA_Form_1919_Contact","","a2H4S00000056hpUAA","Contacts","","1061","Account","","","false","","false"
"a2H4S00000056hrUAA","","SC-000000870","2020-06-02T17:59:20.000Z","0054S000000Ms6RQAS","2020-06-02T17:59:20.000Z","0054S000000Ms6RQAS","","a2F4S0000008dWpUAI","1.01","","","","","Account Debt","1062","LLC_BI__Loan__c","","","false","","false"
"a2H4S00000056hsUAA","","SC-000000871","2020-06-02T17:59:20.000Z","0054S000000Ms6RQAS","2020-06-02T17:59:20.000Z","0054S000000Ms6RQAS","","a2F4S0000008dWpUAI","2.01","","","a2H4S00000056hrUAA","LLC_BI__Account__r","","1063","Account","","","false","","false"
"a2H4S00000056htUAA","","SC-000000872","2020-06-02T17:59:20.000Z","0054S000000Ms6RQAS","2020-06-02T17:59:20.000Z","0054S000000Ms6RQAS","","a2F4S0000008dWpUAI","3.01","nSBA__Form_1920_Account_Debt","","a2H4S00000056hsUAA","nSBA__Account_Debt__r","","1064","nSBA__Account_Debt__c","","","false","","false"
"a2H4S00000056huUAA","","SC-000000873","2020-06-02T17:59:20.000Z","0054S000000Ms6RQAS","2020-06-02T17:59:20.000Z","0054S000000Ms6RQAS","","a2F4S0000008dYcUAI","3.01","nSBA__SBA_Form_10","","","","SBA Form 10","1065","LLC_BI__Loan__c","","","false","","false"
"a2H4S00000056hvUAA","","SC-000000874","2020-06-02T17:59:20.000Z","0054S000000Ms6RQAS","2020-06-02T17:59:20.000Z","0054S000000Ms6RQAS","","a2F4S0000008dYdUAI","3.01","nSBA__SBA_Form_1846","","","","SBA Form 1846","1066","LLC_BI__Loan__c","","","false","","false"
"a2H4S00000056hwUAA","","SC-000000875","2020-06-02T17:59:20.000Z","0054S000000Ms6RQAS","2020-06-02T17:59:20.000Z","0054S000000Ms6RQAS","","a2F4S0000008dYKUAY","3.01","nSBA__SBA_Form_652_Primary_Account","","","","SBA Form 652","1067","LLC_BI__Loan__c","","","false","","false"
"a2H4S00000056hxUAA","","SC-000000876","2020-06-02T17:59:20.000Z","0054S000000Ms6RQAS","2020-06-02T17:59:20.000Z","0054S000000Ms6RQAS","","a2F4S0000008dXYUAY","3.01","nSBA__SBA_Form_652","","","","SBA Form 652","1068","LLC_BI__Loan__c","","","false","","false"
"a2H4S00000056hyUAA","","SC-000000877","2020-06-02T17:59:20.000Z","0054S000000Ms6RQAS","2020-06-02T17:59:20.000Z","0054S000000Ms6RQAS","","a2F4S0000008dYpUAI","1.01","nSBA__SBA_1919_Type_of_Business","","","","SBA Form 1919","1069","LLC_BI__Loan__c","","","false","","false"
"a2H4S00000056hzUAA","","SC-000000878","2020-06-02T17:59:20.000Z","0054S000000Ms6RQAS","2020-06-02T17:59:20.000Z","0054S000000Ms6RQAS","","a2F4S0000008dYMUAY","1.01","nSBA__SBA_1919_Prior_Government_Guaranteed_Loa","","","","SBA Form 1919","1070","LLC_BI__Loan__c","","","false","","false"
"a2H4S00000056i0UAA","","SC-000000879","2020-06-02T17:59:20.000Z","0054S000000Ms6RQAS","2020-06-02T17:59:20.000Z","0054S000000Ms6RQAS","","a2F4S0000008dXPUAY","1.01","nSBA__SBA_1919_Conflict","","","","SBA Form 1919","1071","LLC_BI__Loan__c","","","false","","false"
"a2H4S00000056i1UAA","","SC-000000880","2020-06-02T17:59:20.000Z","0054S000000Ms6RQAS","2020-06-02T17:59:20.000Z","0054S000000Ms6RQAS","","a2F4S0000008dYJUAY","1.01","","","","","Relationship","1072","LLC_BI__Loan__c","","","false","","false"
"a2H4S00000056i2UAA","","SC-000000881","2020-06-02T17:59:20.000Z","0054S000000Ms6RQAS","2020-06-02T17:59:20.000Z","0054S000000Ms6RQAS","","a2F4S0000008dYJUAY","2.01","nSBA__SBA_Form_1919_Primary_Account","","a2H4S00000056i1UAA","LLC_BI__Account__r","","1073","Account","","","false","","false"
"a2H4S00000056i3UAA","","SC-000000882","2020-06-02T17:59:20.000Z","0054S000000Ms6RQAS","2020-06-02T17:59:20.000Z","0054S000000Ms6RQAS","","a2F4S0000008dXRUAY","1.01","","","","","Relationship","1074","LLC_BI__Loan__c","","","false","","false"
"a2H4S00000056i4UAA","","SC-000000883","2020-06-02T17:59:20.000Z","0054S000000Ms6RQAS","2020-06-02T17:59:20.000Z","0054S000000Ms6RQAS","","a2F4S0000008dXRUAY","2.01","","","a2H4S00000056i3UAA","LLC_BI__Account__r","","1075","Account","","","false","","false"
"a2H4S00000056i5UAA","","SC-000000884","2020-06-02T17:59:20.000Z","0054S000000Ms6RQAS","2020-06-02T17:59:20.000Z","0054S000000Ms6RQAS","","a2F4S0000008dXRUAY","3.01","nSBA__SBA_Form_1919_Contact","","a2H4S00000056i4UAA","Contacts","","1076","Contact","","","false","","false"
"a2H4S00000056i6UAA","","SC-000000885","2020-06-02T17:59:20.000Z","0054S000000Ms6RQAS","2020-06-02T17:59:20.000Z","0054S000000Ms6RQAS","","a2F4S0000008dYeUAI","1.01","nSBA__SBA_1919_Jobs","","","","Relationship","1077","LLC_BI__Loan__c","","","false","","false"
"a2H4S00000056i7UAA","","SC-000000886","2020-06-02T17:59:20.000Z","0054S000000Ms6RQAS","2020-06-02T17:59:20.000Z","0054S000000Ms6RQAS","","a2F4S0000008dYqUAI","1.01","","","","","Relationship","1078","LLC_BI__Loan__c","","","false","","false"
"a2H4S00000056i8UAA","","SC-000000887","2020-06-02T17:59:20.000Z","0054S000000Ms6RQAS","2020-06-02T17:59:20.000Z","0054S000000Ms6RQAS","","a2F4S0000008dYqUAI","2.01","","","a2H4S00000056i7UAA","LLC_BI__Application__r","","1079","LLC_BI__Application__c","","","false","","false"
"a2H4S00000056i9UAA","","SC-000000888","2020-06-02T17:59:20.000Z","0054S000000Ms6RQAS","2020-06-02T17:59:20.000Z","0054S000000Ms6RQAS","","a2F4S0000008dYqUAI","3.01","nSBA__SBA_Use","","a2H4S00000056i8UAA","nSBA__Use_Of_Proceeds__r","Use of Proceeds","1080","nSBA__Use_Of_Proceeds__c","","","false","","false"
"a2H4S00000056iAUAQ","","SC-000000889","2020-06-02T17:59:20.000Z","0054S000000Ms6RQAS","2020-06-02T17:59:20.000Z","0054S000000Ms6RQAS","","a2F4S0000008dXgUAI","1.01","","","","","Relationship","1081","LLC_BI__Loan__c","","","false","","false"
"a2H4S00000056iBUAQ","","SC-000000890","2020-06-02T17:59:20.000Z","0054S000000Ms6RQAS","2020-06-02T17:59:20.000Z","0054S000000Ms6RQAS","","a2F4S0000008dXgUAI","2.01","","","a2H4S00000056iAUAQ","LLC_BI__Application__r","","1082","LLC_BI__Application__c","","","false","","false"
"a2H4S00000056iCUAQ","","SC-000000891","2020-06-02T17:59:20.000Z","0054S000000Ms6RQAS","2020-06-02T17:59:20.000Z","0054S000000Ms6RQAS","","a2F4S0000008dXgUAI","3.01","nSBA__SBA_Injections","","a2H4S00000056iBUAQ","nSBA__Application_Injections__r","Use of Proceeds","1083","nSBA__Injections__c","","","false","","false"
"a2H4S00000056iDUAQ","","SC-000000892","2020-06-02T17:59:20.000Z","0054S000000Ms6RQAS","2020-06-02T17:59:20.000Z","0054S000000Ms6RQAS","","a2F4S0000008dXGUAY","1.01","","","","","Change of Ownership","1084","LLC_BI__Loan__c","","","false","","false"
"a2H4S00000056iEUAQ","","SC-000000893","2020-06-02T17:59:20.000Z","0054S000000Ms6RQAS","2020-06-02T17:59:20.000Z","0054S000000Ms6RQAS","","a2F4S0000008dXGUAY","2.01","","","a2H4S00000056iDUAQ","LLC_BI__Application__r","","1085","LLC_BI__Application__c","","","false","","false"
"a2H4S00000056iFUAQ","","SC-000000894","2020-06-02T17:59:20.000Z","0054S000000Ms6RQAS","2020-06-02T17:59:20.000Z","0054S000000Ms6RQAS","","a2F4S0000008dXGUAY","3.01","nSBA__SBA_ChangeOwner","","a2H4S00000056iEUAQ","nSBA__Change_Of_Ownerships__r","","1086","nSBA__Change_Of_Ownership__c","","","false","","false"
"a2H4S00000056iGUAQ","","SC-000000895","2020-06-02T17:59:20.000Z","0054S000000Ms6RQAS","2020-06-02T17:59:20.000Z","0054S000000Ms6RQAS","","a2F4S0000008dYjUAI","1.01","","","","","","1087","Account","","","false","","false"
"a2H4S00000056iHUAQ","","SC-000000896","2020-06-02T17:59:20.000Z","0054S000000Ms6RQAS","2020-06-02T17:59:20.000Z","0054S000000Ms6RQAS","","a2F4S0000008dYjUAI","2.01","UI_Site_Visits","","a2H4S00000056iGUAQ","LLC_BI__Site_Visit_Memos__r","","1088","LLC_BI__Site_Visit_Memo__c","","","false","","false"
"a2H4S00000056iIUAQ","","SC-000000897","2020-06-02T17:59:20.000Z","0054S000000Ms6RQAS","2020-06-02T17:59:20.000Z","0054S000000Ms6RQAS","","a2F4S0000008dXSUAY","1.01","","","","","","1089","Account","","","false","","false"
"a2H4S00000056iJUAQ","","SC-000000898","2020-06-02T17:59:20.000Z","0054S000000Ms6RQAS","2020-06-02T17:59:20.000Z","0054S000000Ms6RQAS","","a2F4S0000008dXSUAY","2.01","UI_Account_Covenant","","a2H4S00000056iIUAQ","LLC_BI__Account_Covenants__r","","1090","LLC_BI__Account_Covenant__c","","","false","","false"
"a2H4S00000056iKUAQ","","SC-000000899","2020-06-02T17:59:20.000Z","0054S000000Ms6RQAS","2020-06-02T17:59:20.000Z","0054S000000Ms6RQAS","","a2F4S0000008dY6UAI","1.01","UI_Order_Entry_Wire_Transfer","a2C4S0000008SjCUAU","","","","1091","LLC_BI__Treasury_Service__c","","","false","","false"
"a2H4S00000056iLUAQ","","SC-000000900","2020-06-02T17:59:20.000Z","0054S000000Ms6RQAS","2020-06-02T17:59:20.000Z","0054S000000Ms6RQAS","","a2F4S0000008dYPUAY","1.01","","a2C4S0000008SjDUAU","","","","1092","LLC_BI__Treasury_Service__c","","","false","","false"
"a2H4S00000056iMUAQ","","SC-000000901","2020-06-02T17:59:20.000Z","0054S000000Ms6RQAS","2020-06-02T17:59:20.000Z","0054S000000Ms6RQAS","","a2F4S0000008dYPUAY","2.01","","a2C4S0000008SjEUAU","a2H4S00000056iLUAQ","LLC_BI__Product_Package__r","","1093","LLC_BI__Product_Package__c","","","false","","false"
"a2H4S00000056iNUAQ","","SC-000000902","2020-06-02T17:59:20.000Z","0054S000000Ms6RQAS","2020-06-02T17:59:20.000Z","0054S000000Ms6RQAS","","a2F4S0000008dYPUAY","3.01","LLC_BI__UI_Product_Summary","a2C4S0000008SjFUAU","a2H4S00000056iMUAQ","LLC_BI__Treasury_Services__r","","1094","LLC_BI__Treasury_Service__c","","","false","","false"
"a2H4S00000056iOUAQ","","SC-000000903","2020-06-02T17:59:20.000Z","0054S000000Ms6RQAS","2020-06-02T17:59:20.000Z","0054S000000Ms6RQAS","","a2F4S0000008dY5UAI","1.01","UI_Order_Entry_Retail_Lockbox","a2C4S0000008SjGUAU","","","","1095","LLC_BI__Treasury_Service__c","","","false","","false"
"a2H4S00000056iPUAQ","","SC-000000904","2020-06-02T17:59:20.000Z","0054S000000Ms6RQAS","2020-06-02T17:59:20.000Z","0054S000000Ms6RQAS","","a2F4S0000008dYoUAI","1.01","","","","","","1096","Account","","","false","","false"
"a2H4S00000056iQUAQ","","SC-000000905","2020-06-02T17:59:20.000Z","0054S000000Ms6RQAS","2020-06-02T17:59:20.000Z","0054S000000Ms6RQAS","","a2F4S0000008dYoUAI","2.01","LLC_BI__UI_Treasury_Products","","a2H4S00000056iPUAQ","LLC_BI__Legal_Entities__r","","1097","LLC_BI__Legal_Entities__c","","","false","","false"
"a2H4S00000056iRUAQ","","SC-000000906","2020-06-02T17:59:20.000Z","0054S000000Ms6RQAS","2020-06-02T17:59:20.000Z","0054S000000Ms6RQAS","","a2F4S0000008dY4UAI","1.01","UI_Order_Entry_Remote_Deposit","a2C4S0000008SjHUAU","","","","1098","LLC_BI__Treasury_Service__c","","","false","","false"
"a2H4S00000056iSUAQ","","SC-000000907","2020-06-02T17:59:20.000Z","0054S000000Ms6RQAS","2020-06-02T17:59:20.000Z","0054S000000Ms6RQAS","","a2F4S0000008dYAUAY","1.01","UI_Relationship_Other_Information_Pers","","","","","1099","Account","","","false","","false"
"a2H4S00000056iTUAQ","","SC-000000908","2020-06-02T17:59:20.000Z","0054S000000Ms6RQAS","2020-06-02T17:59:20.000Z","0054S000000Ms6RQAS","","a2F4S0000008dY3UAI","1.01","","","","","","1100","Account","","","false","","false"
"a2H4S00000056iUUAQ","","SC-000000909","2020-06-02T17:59:20.000Z","0054S000000Ms6RQAS","2020-06-02T17:59:20.000Z","0054S000000Ms6RQAS","","a2F4S0000008dY3UAI","2.01","UI_Relationship_Opportunities","","a2H4S00000056iTUAQ","Opportunities","","1101","Opportunity","","","false","","false"
"a2H4S00000056iVUAQ","","SC-000000910","2020-06-02T17:59:20.000Z","0054S000000Ms6RQAS","2020-06-02T17:59:20.000Z","0054S000000Ms6RQAS","","a2F4S0000008dXzUAI","1.01","","","","","","1102","Account","","","false","","false"
"a2H4S00000056iWUAQ","","SC-000000911","2020-06-02T17:59:20.000Z","0054S000000Ms6RQAS","2020-06-02T17:59:20.000Z","0054S000000Ms6RQAS","","a2F4S0000008dXVUAY","1.01","","","","","","1103","Account","","","false","","false"
"a2H4S00000056iXUAQ","","SC-000000912","2020-06-02T17:59:20.000Z","0054S000000Ms6RQAS","2020-06-02T17:59:20.000Z","0054S000000Ms6RQAS","","a2F4S0000008dXBUAY","1.01","","","","","Loan Relationship","1104","LLC_BI__Loan__c","","","false","","false"
"a2H4S00000056iYUAQ","","SC-000000913","2020-06-02T17:59:20.000Z","0054S000000Ms6RQAS","2020-06-02T17:59:20.000Z","0054S000000Ms6RQAS","","a2F4S0000008dXBUAY","2.01","UI_Borrowing_Structure","","a2H4S00000056iXUAQ","LLC_BI__Legal_Entities__r","Borrowing Structure","1105","LLC_BI__Legal_Entities__c","","","false","","false"
"a2H4S00000056iZUAQ","","SC-000000914","2020-06-02T17:59:20.000Z","0054S000000Ms6RQAS","2020-06-02T17:59:20.000Z","0054S000000Ms6RQAS","","a2F4S0000008dYnUAI","1.0","","","","","Tasks","1106","LLC_BI__Loan__c","","","false","","false"
"a2H4S00000056iaUAA","","SC-000000915","2020-06-02T17:59:20.000Z","0054S000000Ms6RQAS","2020-06-02T17:59:20.000Z","0054S000000Ms6RQAS","","a2F4S0000008dYnUAI","2.0","LLC_BI__UI_Tasks","","a2H4S00000056iZUAQ","Tasks","Tasks","1107","Task","","","false","","false"
"a2H4S00000056ibUAA","","SC-000000916","2020-06-02T17:59:20.000Z","0054S000000Ms6RQAS","2020-06-02T17:59:20.000Z","0054S000000Ms6RQAS","","a2F4S0000008dXbUAI","1.0","","","","","HMDA","1108","LLC_BI__Loan__c","","","false","","false"
"a2H4S00000056icUAA","","SC-000000917","2020-06-02T17:59:20.000Z","0054S000000Ms6RQAS","2020-06-02T17:59:20.000Z","0054S000000Ms6RQAS","","a2F4S0000008dXbUAI","2.0","LLC_BI__UI_HMDA_Demographic_Questions","","a2H4S00000056ibUAA","LLC_BI__Legal_Entities__r","HMDA","1109","LLC_BI__Legal_Entities__c","","","false","","false"
"a2H4S00000056idUAA","","SC-000000918","2020-06-02T17:59:20.000Z","0054S000000Ms6RQAS","2020-06-02T17:59:20.000Z","0054S000000Ms6RQAS","","a2F4S0000008dXcUAI","1.0","","","","","HMDA","1110","LLC_BI__Loan__c","","","false","","false"
"a2H4S00000056ieUAA","","SC-000000919","2020-06-02T17:59:20.000Z","0054S000000Ms6RQAS","2020-06-02T17:59:20.000Z","0054S000000Ms6RQAS","","a2F4S0000008dXcUAI","2.0","LLC_BI__UI_HMDA_Demographic_Questions","","a2H4S00000056idUAA","LLC_BI__Legal_Entities__r","HMDA","1111","LLC_BI__Legal_Entities__c","","","false","","false"
"a2H4S00000056ifUAA","","SC-000000920","2020-06-02T17:59:20.000Z","0054S000000Ms6RQAS","2020-06-02T17:59:20.000Z","0054S000000Ms6RQAS","","a2F4S0000008dXzUAI","2.01","LLC_BI__UI_Loan_Products","","a2H4S00000056iVUAQ","LLC_BI__Legal_Entities__r","","1112","LLC_BI__Legal_Entities__c","","","false","","false"
"a2H4S00000056igUAA","","SC-000000921","2020-06-02T17:59:20.000Z","0054S000000Ms6RQAS","2020-06-02T17:59:20.000Z","0054S000000Ms6RQAS","","a2F4S0000008dXVUAY","2.01","LLC_BI__UI_Deposit_Products","","a2H4S00000056iWUAQ","LLC_BI__Legal_Entities__r","","1113","LLC_BI__Legal_Entities__c","","","false","","false"
"a2H4S00000056ihUAA","","SC-000000922","2020-06-02T17:59:20.000Z","0054S000000Ms6RQAS","2020-06-02T17:59:20.000Z","0054S000000Ms6RQAS","","a2F4S0000008dXkUAI","0.0","UI_Loan_Details","","","","Loan Details","1114","LLC_BI__Loan__c","","","false","","false"
"a2H4S00000056iiUAA","","SC-000000923","2020-06-02T17:59:20.000Z","0054S000000Ms6RQAS","2020-06-02T17:59:20.000Z","0054S000000Ms6RQAS","","a2F4S0000008dYHUAY","0.0","UI_Loan_Pricing","a2C4S0000008SjIUAU","","","Pricing","1115","LLC_BI__Loan__c","","0.0","false","","false"
"a2H4S00000056ijUAA","","SC-000000924","2020-06-02T17:59:20.000Z","0054S000000Ms6RQAS","2020-06-02T17:59:20.000Z","0054S000000Ms6RQAS","","a2F4S0000008dYVUAY","0.0","LLC_BI__UI_Referral_Information","","","","Referral","1116","LLC_BI__Loan__c","","","false","","false"
"a2H4S00000056ikUAA","","SC-000000925","2020-06-02T17:59:20.000Z","0054S000000Ms6RQAS","2021-01-14T21:03:42.000Z","0054S000000Ms6RQAS","","a2F4S0000008dX4UAI","0.0","IBCL_Retail_Balance_Details","a2C4S0000008bTHUAY","","","Balance Details","1117","LLC_BI__Loan__c","","0.0","false","","false"
"a2H4S00000056ilUAA","","SC-000000926","2020-06-02T17:59:20.000Z","0054S000000Ms6RQAS","2021-01-14T21:01:25.000Z","0054S000000Ms6RQAS","","a2F4S0000008dX8UAI","0.0","IBCL_Booked_Details","a2C4S0000008bTCUAY","","","Booked Details","1118","LLC_BI__Loan__c","","0.0","false","","false"
"a2H4S00000056imUAA","","SC-000000927","2020-06-02T17:59:20.000Z","0054S000000Ms6RQAS","2020-06-02T17:59:20.000Z","0054S000000Ms6RQAS","","a2F4S0000008dXjUAI","0.0","LLC_BI__UI_Loan_Summary","","","","Loan Details","1119","LLC_BI__Loan__c","","","false","","false"
"a2H4S00000056inUAA","","SC-000000928","2020-06-02T17:59:20.000Z","0054S000000Ms6RQAS","2020-06-02T17:59:20.000Z","0054S000000Ms6RQAS","","a2F4S0000008dXqUAI","0.0","LLC_BI__UI_CRA_Loan_Information","","","","Loan Information","1120","LLC_BI__Loan__c","","","false","","false"
"a2H4S00000056ioUAA","","SC-000000929","2020-06-02T17:59:20.000Z","0054S000000Ms6RQAS","2020-06-02T17:59:20.000Z","0054S000000Ms6RQAS","","a2F4S0000008dWtUAI","0.0","LLC_BI__UI_CRA_Action_Taken","","","","Action Taken","1121","LLC_BI__Loan__c","","","false","","false"
"a2H4S00000056ipUAA","","SC-000000930","2020-06-02T17:59:20.000Z","0054S000000Ms6RQAS","2020-06-02T17:59:20.000Z","0054S000000Ms6RQAS","","a2F4S0000008dYSUAY","0.0","LLC_BI__UI_CRA_Property_Location","","","","Property Location","1122","LLC_BI__Loan__c","","","false","","false"
"a2H4S00000056iqUAA","","SC-000000931","2020-06-02T17:59:20.000Z","0054S000000Ms6RQAS","2020-06-02T17:59:20.000Z","0054S000000Ms6RQAS","","a2F4S0000008dY7UAI","0.0","LLC_BI__UI_CRA_Other","","","","Other","1123","LLC_BI__Loan__c","","","false","","false"
"a2H4S00000056irUAA","","SC-000000932","2020-06-02T17:59:20.000Z","0054S000000Ms6RQAS","2020-06-02T17:59:20.000Z","0054S000000Ms6RQAS","","a2F4S0000008dWzUAI","0.0","LLC_BI__UI_HMDA_Application_Loan_Information","","","","Application or Loan Information","1124","LLC_BI__Loan__c","","","false","","false"
"a2H4S00000056isUAA","","SC-000000933","2020-06-02T17:59:20.000Z","0054S000000Ms6RQAS","2020-06-02T17:59:20.000Z","0054S000000Ms6RQAS","","a2F4S0000008dWrUAI","0.0","LLC_BI__UI_HMDA_Action_Taken","","","","Action Taken","1125","LLC_BI__Loan__c","","","false","","false"
"a2H4S00000056itUAA","","SC-000000934","2020-06-02T17:59:20.000Z","0054S000000Ms6RQAS","2020-06-02T17:59:20.000Z","0054S000000Ms6RQAS","","a2F4S0000008dYQUAY","0.0","LLC_BI__UI_HMDA_Property_Location","","","","Property Location","1126","LLC_BI__Loan__c","","","false","","false"
"a2H4S00000056iuUAA","","SC-000000935","2020-06-02T17:59:20.000Z","0054S000000Ms6RQAS","2020-06-02T17:59:20.000Z","0054S000000Ms6RQAS","","a2F4S0000008dXsUAI","0.0","LLC_BI__UI_HMDA_Loan_Lifecycle","","","","Loan Lifecycle","1127","LLC_BI__Loan__c","","","false","","false"
"a2H4S00000056ivUAA","","SC-000000936","2020-06-02T17:59:20.000Z","0054S000000Ms6RQAS","2020-06-02T17:59:20.000Z","0054S000000Ms6RQAS","","a2F4S0000008dYNUAY","1.01","","","","","","1128","Account","","","false","","false"
"a2H4S00000056iwUAA","","SC-000000937","2020-06-02T17:59:20.000Z","0054S000000Ms6RQAS","2020-06-02T17:59:20.000Z","0054S000000Ms6RQAS","","a2F4S0000008dYNUAY","2.01","LLC_BI__ReviewDisplay","","a2H4S00000056ivUAA","LLC_BI__Product_Packages__r","","1129","LLC_BI__Product_Package__c","","","false","","false"
"a2H4S00000056ixUAA","","SC-000000938","2020-06-02T17:59:20.000Z","0054S000000Ms6RQAS","2020-06-02T17:59:20.000Z","0054S000000Ms6RQAS","","a2F4S0000008dXyUAI","1.01","","","","","","1130","LLC_BI__Loan__c","","","false","","false"
"a2H4S00000056iyUAA","","SC-000000939","2020-06-02T17:59:20.000Z","0054S000000Ms6RQAS","2020-06-02T17:59:20.000Z","0054S000000Ms6RQAS","","a2F4S0000008dXyUAI","2.01","UI_Loan_Loan_Team_Members","","a2H4S00000056ixUAA","LLC_BI__Loan_Teams__r","","1131","LLC_BI__LoanTeam__c","","","false","","false"
"a2H4S00000056izUAA","","SC-000000940","2020-06-02T17:59:20.000Z","0054S000000Ms6RQAS","2020-06-02T17:59:20.000Z","0054S000000Ms6RQAS","","a2F4S0000008dYDUAY","1.01","","","","","","1132","LLC_BI__Loan__c","","","false","","false"
"a2H4S00000056j0UAA","","SC-000000941","2020-06-02T17:59:20.000Z","0054S000000Ms6RQAS","2020-06-02T17:59:20.000Z","0054S000000Ms6RQAS","","a2F4S0000008dYDUAY","2.01","CM_Participations","","a2H4S00000056izUAA","LLC_BI__Participations__r","","1133","LLC_BI__Participation__c","","","false","","false"
"a2H4S00000056j1UAA","","SC-000000942","2020-06-02T17:59:20.000Z","0054S000000Ms6RQAS","2020-06-02T17:59:20.000Z","0054S000000Ms6RQAS","","a2F4S0000008dYbUAI","1.01","","","","","","1134","LLC_BI__Loan__c","","","false","","false"
"a2H4S00000056j2UAA","","SC-000000943","2020-06-02T17:59:20.000Z","0054S000000Ms6RQAS","2020-06-02T17:59:20.000Z","0054S000000Ms6RQAS","","a2F4S0000008dYbUAI","2.01","UI_Risk_Rating","","a2H4S00000056j1UAA","LLC_BI__Risk_Rating_Review__r","","1135","LLC_BI__Annual_Review__c","","","false","","false"
"a2H4S00000056j3UAA","","SC-000000944","2020-06-02T17:59:20.000Z","0054S000000Ms6RQAS","2020-06-02T17:59:20.000Z","0054S000000Ms6RQAS","","a2F4S0000008dXQUAY","1.01","LLC_BI__Construction","","","","","1136","LLC_BI__Loan__c","","","false","","false"
"a2H4S00000056j4UAA","","SC-000000945","2020-06-02T17:59:20.000Z","0054S000000Ms6RQAS","2020-06-02T17:59:20.000Z","0054S000000Ms6RQAS","","a2F4S0000008dYFUAY","1.01","","","","","","1137","LLC_BI__Loan__c","","","false","","false"
"a2H4S00000056j5UAA","","SC-000000946","2020-06-02T17:59:20.000Z","0054S000000Ms6RQAS","2020-06-02T17:59:20.000Z","0054S000000Ms6RQAS","","a2F4S0000008dYFUAY","2.01","UI_Loan_Policy_Exceptions","","a2H4S00000056j4UAA","Policy_Exceptions__r","","1138","Policy_Exception__c","","","false","","false"
"a2H4S00000056j6UAA","","SC-000000947","2020-06-02T17:59:20.000Z","0054S000000Ms6RQAS","2020-06-02T17:59:20.000Z","0054S000000Ms6RQAS","","a2F4S0000008dWwUAI","1.01","","","","","","1139","LLC_BI__Loan__c","","","false","","false"
"a2H4S00000056j7UAA","","SC-000000948","2020-06-02T17:59:20.000Z","0054S000000Ms6RQAS","2020-06-02T17:59:20.000Z","0054S000000Ms6RQAS","","a2F4S0000008dWwUAI","2.01","UI_Loan_Adverse_Action","","a2H4S00000056j6UAA","LLC_BI__Adverse_Actions__r","","1140","LLC_BI__Adverse_Action__c","","","false","","false"
"a2H4S00000056j8UAA","","SC-000000949","2020-06-02T17:59:20.000Z","0054S000000Ms6RQAS","2020-06-02T17:59:20.000Z","0054S000000Ms6RQAS","","a2F4S0000008dXJUAY","1.01","","","","","","1141","LLC_BI__Loan__c","","","false","","false"
"a2H4S00000056j9UAA","","SC-000000950","2020-06-02T17:59:20.000Z","0054S000000Ms6RQAS","2020-06-02T17:59:20.000Z","0054S000000Ms6RQAS","","a2F4S0000008dXJUAY","2.01","UI_Loan_Collateral_Pledged","","a2H4S00000056j8UAA","LLC_BI__Loan_Collateral__r","","1142","LLC_BI__Loan_Collateral2__c","","","false","","false"
"a2H4S00000056jAUAQ","","SC-000000951","2020-06-02T17:59:20.000Z","0054S000000Ms6RQAS","2020-06-02T17:59:20.000Z","0054S000000Ms6RQAS","","a2F4S0000008dY0UAI","1.01","","","","","","1143","LLC_BI__Loan__c","","","false","","false"
"a2H4S00000056jBUAQ","","SC-000000952","2020-06-02T17:59:20.000Z","0054S000000Ms6RQAS","2020-06-02T17:59:20.000Z","0054S000000Ms6RQAS","","a2F4S0000008dY0UAI","2.01","UI_Loan_Memo","","a2H4S00000056jAUAQ","LLC_BI__Change_Memos__r","","1144","LLC_BI__Credit_Memo_Modifcation__c","","","false","","false"
"a2H4S00000056jCUAQ","","SC-000000953","2020-06-02T17:59:20.000Z","0054S000000Ms6RQAS","2020-06-02T17:59:20.000Z","0054S000000Ms6RQAS","","a2F4S0000008dXaUAI","1.01","","","","","","1145","LLC_BI__Loan__c","","","false","","false"
"a2H4S00000056jDUAQ","","SC-000000954","2020-06-02T17:59:20.000Z","0054S000000Ms6RQAS","2020-06-02T17:59:20.000Z","0054S000000Ms6RQAS","","a2F4S0000008dXaUAI","2.01","UI_Loan_Fees","","a2H4S00000056jCUAQ","LLC_BI__Fees__r","","1146","LLC_BI__Fee__c","","","false","","false"
"a2H4S00000056jEUAQ","","SC-000000955","2020-06-02T17:59:20.000Z","0054S000000Ms6RQAS","2020-06-02T17:59:20.000Z","0054S000000Ms6RQAS","","a2F4S0000008dYlUAI","1.01","","","","","","1147","LLC_BI__Loan__c","","","false","","false"
"a2H4S00000056jFUAQ","","SC-000000956","2020-06-02T17:59:20.000Z","0054S000000Ms6RQAS","2020-06-02T17:59:20.000Z","0054S000000Ms6RQAS","","a2F4S0000008dYlUAI","2.01","UI_Stage_History","","a2H4S00000056jEUAQ","LLC_BI__Opportunity_History__r","","1148","LLC_BI__Opportunity_History__c","","","false","","false"
"a2H4S00000056jGUAQ","","SC-000000957","2020-06-02T17:59:20.000Z","0054S000000Ms6RQAS","2020-06-02T17:59:20.000Z","0054S000000Ms6RQAS","","a2F4S0000008dY1UAI","1.01","UI_Loan_Narrative","","","","","1149","LLC_BI__Loan__c","","","false","","false"
"a2H4S00000056jHUAQ","","SC-000000958","2020-06-02T17:59:20.000Z","0054S000000Ms6RQAS","2020-06-02T17:59:20.000Z","0054S000000Ms6RQAS","","a2F4S0000008dXdUAI","2.0","LLC_BI__UI_HMDA_Demographic_Questions","","a2H4S00000056jiUAA","LLC_BI__Legal_Entities__r","HMDA Applicants","1150","LLC_BI__Legal_Entities__c","","","false","","false"
"a2H4S00000056jIUAQ","","SC-000000959","2020-06-02T17:59:20.000Z","0054S000000Ms6RQAS","2020-06-02T17:59:20.000Z","0054S000000Ms6RQAS","","a2F4S0000008dXpUAI","0.0","LLC_BI__UI_Loan_Information","","","","Loan Information","1151","LLC_BI__Loan__c","","","false","","false"
"a2H4S00000056jJUAQ","","SC-000000960","2020-06-02T17:59:20.000Z","0054S000000Ms6RQAS","2020-06-02T17:59:20.000Z","0054S000000Ms6RQAS","","a2F4S0000008dYIUAY","0.0","LLC_BI__UI_Loan_Pricing_Information","","","","Pricing Information","1152","LLC_BI__Loan__c","","","false","","false"
"a2H4S00000056jKUAQ","","SC-000000961","2020-06-02T17:59:20.000Z","0054S000000Ms6RQAS","2020-06-02T17:59:20.000Z","0054S000000Ms6RQAS","","a2F4S0000008dYWUAY","0.0","LLC_BI__UI_Referral_Information","","","","Referral Information","1153","LLC_BI__Loan__c","","","false","","false"
"a2H4S00000056jLUAQ","","SC-000000962","2020-06-02T17:59:20.000Z","0054S000000Ms6RQAS","2020-06-02T17:59:20.000Z","0054S000000Ms6RQAS","","a2F4S0000008dX6UAI","0.0","LLC_BI__UI_Balance_Information","","","","Balance Information","1154","LLC_BI__Loan__c","","","false","","false"
"a2H4S00000056jMUAQ","","SC-000000963","2020-06-02T17:59:20.000Z","0054S000000Ms6RQAS","2020-06-02T17:59:20.000Z","0054S000000Ms6RQAS","","a2F4S0000008dX9UAI","0.0","LLC_BI__UI_Booked_Information","","","","Booked Information","1155","LLC_BI__Loan__c","","","false","","false"
"a2H4S00000056jNUAQ","","SC-000000964","2020-06-02T17:59:20.000Z","0054S000000Ms6RQAS","2020-06-02T17:59:20.000Z","0054S000000Ms6RQAS","","a2F4S0000008dXnUAI","0.0","LLC_BI__UI_Loan_Summary","","","","Loan Information","1156","LLC_BI__Loan__c","","","false","","false"
"a2H4S00000056jOUAQ","","SC-000000965","2020-06-02T17:59:20.000Z","0054S000000Ms6RQAS","2020-06-02T17:59:20.000Z","0054S000000Ms6RQAS","","a2F4S0000008dXLUAY","0.0","LLC_BI__UI_Collateral_Summary","","","","Collateral","1157","LLC_BI__Loan__c","","","false","","false"
"a2H4S00000056jPUAQ","","SC-000000966","2020-06-02T17:59:20.000Z","0054S000000Ms6RQAS","2020-06-02T17:59:20.000Z","0054S000000Ms6RQAS","","a2F4S0000008dXOUAY","0.0","LLC_BI__UI_Loan_Summary","","","","Community Reinvestment Act (CRA) Reporting","1158","LLC_BI__Loan__c","","","false","","false"
"a2H4S00000056jQUAQ","","SC-000000967","2020-06-02T17:59:20.000Z","0054S000000Ms6RQAS","2020-06-02T17:59:20.000Z","0054S000000Ms6RQAS","","a2F4S0000008dXrUAI","0.0","LLC_BI__UI_CRA_Loan_Information","","","","Loan Information","1159","LLC_BI__Loan__c","","","false","","false"
"a2H4S00000056jRUAQ","","SC-000000968","2020-06-02T17:59:20.000Z","0054S000000Ms6RQAS","2020-06-02T17:59:20.000Z","0054S000000Ms6RQAS","","a2F4S0000008dWuUAI","0.0","LLC_BI__UI_CRA_Action_Taken","","","","Action Taken","1160","LLC_BI__Loan__c","","","false","","false"
"a2H4S00000056jSUAQ","","SC-000000969","2020-06-02T17:59:20.000Z","0054S000000Ms6RQAS","2020-06-02T17:59:20.000Z","0054S000000Ms6RQAS","","a2F4S0000008dYTUAY","0.0","LLC_BI__UI_CRA_Property_Location","","","","Property Location","1161","LLC_BI__Loan__c","","","false","","false"
"a2H4S00000056jTUAQ","","SC-000000970","2020-06-02T17:59:20.000Z","0054S000000Ms6RQAS","2020-06-02T17:59:20.000Z","0054S000000Ms6RQAS","","a2F4S0000008dY8UAI","0.0","LLC_BI__UI_CRA_Other","","","","Other","1162","LLC_BI__Loan__c","","","false","","false"
"a2H4S00000056jUUAQ","","SC-000000971","2020-06-02T17:59:20.000Z","0054S000000Ms6RQAS","2020-06-02T17:59:20.000Z","0054S000000Ms6RQAS","","a2F4S0000008dXfUAI","0.0","LLC_BI__UI_Loan_Summary","","","","HMDA Loan Information","1163","LLC_BI__Loan__c","","","false","","false"
"a2H4S00000056jVUAQ","","SC-000000972","2020-06-02T17:59:20.000Z","0054S000000Ms6RQAS","2020-06-02T17:59:20.000Z","0054S000000Ms6RQAS","","a2F4S0000008dX0UAI","0.0","LLC_BI__UI_HMDA_Application_Loan_Information","","","","Application or Loan Information","1164","LLC_BI__Loan__c","","","false","","false"
"a2H4S00000056jWUAQ","","SC-000000973","2020-06-02T17:59:20.000Z","0054S000000Ms6RQAS","2020-06-02T17:59:20.000Z","0054S000000Ms6RQAS","","a2F4S0000008dWsUAI","0.0","LLC_BI__UI_HMDA_Action_Taken","","","","Action Taken","1165","LLC_BI__Loan__c","","","false","","false"
