"Id","IsDeleted","Name","CreatedDate","CreatedById","LastModifiedDate","LastModifiedById","SystemModstamp","LastViewedDate","LastReferencedDate","nFORCE__Screen__c","nFORCE__Break_Page_After__c","nFORCE__Break_Page_Before__c","nFORCE__Default_Editable__c","nFORCE__Default_Rendered__c","nFORCE__Disable_Print__c","nFORCE__Display_Order__c","nFORCE__Display_Toggle_Effect__c","nFORCE__Display_Toggle_Header__c","nFORCE__Display_Toggle_Link__c","nFORCE__Headless__c","nFORCE__Inactive__c","nFORCE__Instructions_Text__c","nFORCE__Is_Editable__c","nFORCE__Layout__c","nFORCE__Screen_View__c","nFORCE__Section_Resource__c","nFORCE__Widget__c","nFORCE__lookupKey__c","nFORCE__sObject_Type__c","nPortal__Portal_Header_Text__c","nPortal__Portal_Subheader_Text__c","nFORCE__Conditional_Display_Criteria__c","nFORCE__Parent_Screen_Section__c","nFORCE__Number_of_Columns__c","Custom_Code_in_Screen_Section__c","nFORCE__Are_Columns_Sortable__c","nFORCE__Auto_Save__c","nFORCE__Validation_Service__c"
"a2F4S0000008dZnUAI","","Financial Analysis","2020-06-02T17:59:20.000Z","0054S000000Ms6RQAS","2020-06-02T17:59:20.000Z","0054S000000Ms6RQAS","","","","a2G4S0000006UOcUAM","false","false","false","false","false","120.0","slide","true","true","false","false","","true","","","SObjectScreenResource","a2J4S0000008RCiUAM","a024S000000fWDtQAM","LLC_BI__Loan__c","","","","","","","false","false",""
"a2F4S0000008dZoUAI","","Background Analysis","2020-06-02T17:59:20.000Z","0054S000000Ms6RQAS","2020-06-02T17:59:20.000Z","0054S000000Ms6RQAS","","","","a2G4S0000006UOcUAM","false","false","false","false","false","110.0","slide","true","true","false","false","","true","","","SObjectScreenResource","a2J4S0000008RCjUAM","a024S000000fWDvQAM","LLC_BI__Loan__c","","","","","","","false","false",""
"a2F4S0000008dZpUAI","","Loan Team Narrative","2020-06-02T17:59:20.000Z","0054S000000Ms6RQAS","2020-06-02T17:59:20.000Z","0054S000000Ms6RQAS","","","","a2G4S0000006UOcUAM","false","false","false","false","false","71.0","slide","true","false","true","false","","false","","","SObjectScreenResource","a2J4S0000008RCkUAM","a024S000000fWDwQAM","LLC_BI__Loan__c","","","","","","","false","false",""
"a2F4S0000008dZqUAI","","Third Party Report Narrative","2020-06-02T17:59:20.000Z","0054S000000Ms6RQAS","2020-06-02T17:59:20.000Z","0054S000000Ms6RQAS","","","","a2G4S0000006UOcUAM","false","false","false","false","false","81.0","slide","true","false","true","false","","true","","","SObjectScreenResource","a2J4S0000008RClUAM","a024S000000fWDyQAM","LLC_BI__Loan__c","","","","","","","false","false",""
"a2F4S0000008dZrUAI","","Rate Summary","2020-06-02T17:59:20.000Z","0054S000000Ms6RQAS","2020-06-02T17:59:20.000Z","0054S000000Ms6RQAS","","","","a2G4S0000006UObUAM","false","false","false","false","false","13.0","slide","true","true","true","false","","false","","a2I4S000000CeDbUAK","MappedSObjectScreenResource","","a024S000000fWDzQAM","LLC_BI__Loan__c","","","","","","","false","false",""
"a2F4S0000008dZsUAI","","Background Analysis","2020-06-02T17:59:20.000Z","0054S000000Ms6RQAS","2020-06-02T17:59:20.000Z","0054S000000Ms6RQAS","","","","a2G4S0000006UObUAM","false","false","false","false","false","110.0","slide","true","true","false","false","","true","","","SObjectScreenResource","a2J4S0000008RCmUAM","a024S000000fWE0QAM","LLC_BI__Loan__c","","","","","","","false","false",""
"a2F4S0000008dZtUAI","","Loan Team Narrative","2020-06-02T17:59:20.000Z","0054S000000Ms6RQAS","2020-06-02T17:59:20.000Z","0054S000000Ms6RQAS","","","","a2G4S0000006UObUAM","false","false","false","false","false","71.0","slide","true","false","true","false","","false","","","SObjectScreenResource","a2J4S0000008RCnUAM","a024S000000fWE1QAM","LLC_BI__Loan__c","","","","","","","false","false",""
"a2F4S0000008dZuUAI","","Fees","2020-06-02T17:59:20.000Z","0054S000000Ms6RQAS","2020-06-02T17:59:20.000Z","0054S000000Ms6RQAS","","","","a2G4S0000006UObUAM","false","false","false","false","false","90.0","slide","true","true","false","false","","false","","a2I4S000000CeDcUAK","MappedSObjectHierarchyScreenResource","","a024S000000fWE2QAM","LLC_BI__Loan__c","","","","","","","false","false",""
"a2F4S0000008dZvUAI","","Third Party Report Narrative","2020-06-02T17:59:20.000Z","0054S000000Ms6RQAS","2020-06-02T17:59:20.000Z","0054S000000Ms6RQAS","","","","a2G4S0000006UObUAM","false","false","false","false","false","81.0","slide","true","false","true","false","","true","","","SObjectScreenResource","a2J4S0000008RCoUAM","a024S000000fWE3QAM","LLC_BI__Loan__c","","","","","","","false","false",""
"a2F4S0000008dZwUAI","","Financial Analysis","2020-06-02T17:59:20.000Z","0054S000000Ms6RQAS","2020-06-02T17:59:20.000Z","0054S000000Ms6RQAS","","","","a2G4S0000006UObUAM","false","false","false","false","false","120.0","slide","true","true","false","false","","true","","","SObjectScreenResource","a2J4S0000008RCpUAM","a024S000000fWE4QAM","LLC_BI__Loan__c","","","","","","","false","false",""
"a2F4S0000008dZxUAI","","Summary","2020-06-02T17:59:20.000Z","0054S000000Ms6RQAS","2020-06-02T17:59:20.000Z","0054S000000Ms6RQAS","","","","a2G4S0000006UObUAM","false","false","false","false","false","10.0","slide","true","true","false","false","","false","","a2I4S000000CeDdUAK","MappedSObjectHierarchyScreenResource","","a024S000000fWE5QAM","LLC_BI__Loan__c","","","","","","","false","false",""
"a2F4S0000008dZyUAI","","Spreads Appendix","2020-06-02T17:59:20.000Z","0054S000000Ms6RQAS","2020-06-02T17:59:20.000Z","0054S000000Ms6RQAS","","","","a2G4S0000006UObUAM","false","false","false","false","false","150.0","slide","true","false","false","false","","false","","a2I4S000000CeDeUAK","MappedSObjectHierarchyScreenResource","a2J4S0000008RCqUAM","a024S000000fWE6QAM","LLC_BI__Loan__c","","","","","","","false","false",""
"a2F4S0000008dZzUAI","","Pricing Summary","2020-06-02T17:59:20.000Z","0054S000000Ms6RQAS","2020-06-02T17:59:20.000Z","0054S000000Ms6RQAS","","","","a2G4S0000006UObUAM","false","false","false","false","false","12.0","slide","true","true","true","false","","false","","a2I4S000000CeDfUAK","MappedSObjectScreenResource","","a024S000000fWE7QAM","LLC_BI__Loan__c","","","","","","","false","false",""
"a2F4S0000008da0UAA","","Approval History","2020-06-02T17:59:20.000Z","0054S000000Ms6RQAS","2020-06-02T17:59:20.000Z","0054S000000Ms6RQAS","","","","a2G4S0000006UObUAM","false","false","false","false","false","30.0","slide","true","false","false","false","","false","","","SObjectScreenResource","a2J4S0000008RCrUAM","a024S000000fWE8QAM","LLC_BI__Loan__c","","","","","","","false","false",""
"a2F4S0000008da1UAA","","Related Exposure","2020-06-02T17:59:20.000Z","0054S000000Ms6RQAS","2020-06-02T17:59:20.000Z","0054S000000Ms6RQAS","","","","a2G4S0000006UObUAM","false","false","false","false","false","40.0","slide","true","false","false","false","","false","","a2I4S000000CeDgUAK","MappedSObjectHierarchyScreenResource","","a024S000000fWE9QAM","LLC_BI__Loan__c","","","","","","","false","false",""
"a2F4S0000008da2UAA","","Approval History Narrative","2020-06-02T17:59:20.000Z","0054S000000Ms6RQAS","2020-06-02T17:59:20.000Z","0054S000000Ms6RQAS","","","","a2G4S0000006UObUAM","false","false","false","false","false","31.0","slide","true","false","true","false","","false","","","SObjectScreenResource","a2J4S0000008RCsUAM","a024S000000fWEAQA2","LLC_BI__Loan__c","","","","","","","false","false",""
"a2F4S0000008da3UAA","","Summary Narrative","2020-06-02T17:59:20.000Z","0054S000000Ms6RQAS","2020-06-02T17:59:20.000Z","0054S000000Ms6RQAS","","","","a2G4S0000006UObUAM","false","false","false","false","false","14.0","slide","true","false","true","false","","false","","","SObjectScreenResource","a2J4S0000008RCtUAM","a024S000000fWEBQA2","LLC_BI__Loan__c","","","","","","","false","false",""
"a2F4S0000008da4UAA","","Authorized Signer","2020-06-02T17:59:20.000Z","0054S000000Ms6RQAS","2020-06-02T17:59:20.000Z","0054S000000Ms6RQAS","","","","a2G4S0000006UObUAM","false","false","false","false","false","21.0","slide","true","false","true","false","","false","","a2I4S000000CeDhUAK","MappedSObjectHierarchyScreenResource","","a024S000000fWECQA2","LLC_BI__Loan__c","","","","","","","false","false",""
"a2F4S0000008da5UAA","","Borrower Structure","2020-06-02T17:59:20.000Z","0054S000000Ms6RQAS","2020-06-02T17:59:20.000Z","0054S000000Ms6RQAS","","","","a2G4S0000006UObUAM","false","false","false","false","false","20.0","slide","true","false","false","false","","false","","a2I4S000000CeDiUAK","MappedSObjectHierarchyScreenResource","","a024S000000fWEDQA2","LLC_BI__Loan__c","","","","","","","false","false",""
"a2F4S0000008da6UAA","","Product Summary","2020-06-02T17:59:20.000Z","0054S000000Ms6RQAS","2020-06-02T17:59:20.000Z","0054S000000Ms6RQAS","","","","a2G4S0000006UObUAM","false","false","false","false","false","11.0","slide","true","true","true","false","","false","","a2I4S000000CeDjUAK","MappedSObjectScreenResource","","a024S000000fWEEQA2","LLC_BI__Loan__c","","","","","","","false","false",""
"a2F4S0000008da7UAA","","Related Exposure Narrative","2020-06-02T17:59:20.000Z","0054S000000Ms6RQAS","2020-06-02T17:59:20.000Z","0054S000000Ms6RQAS","","","","a2G4S0000006UObUAM","false","false","false","false","false","42.0","slide","true","true","true","false","","false","","","SObjectScreenResource","a2J4S0000008RCuUAM","a024S000000fWEFQA2","LLC_BI__Loan__c","","","","","","","false","false",""
"a2F4S0000008da8UAA","","Deposits","2020-06-02T17:59:20.000Z","0054S000000Ms6RQAS","2020-06-02T17:59:20.000Z","0054S000000Ms6RQAS","","","","a2G4S0000006UObUAM","false","false","false","false","false","41.0","slide","true","true","true","false","","false","","a2I4S000000CeDkUAK","MappedSObjectHierarchyScreenResource","","a024S000000fWEGQA2","LLC_BI__Loan__c","","","","","","","false","false",""
"a2F4S0000008da9UAA","","Collateral Summary","2020-06-02T17:59:20.000Z","0054S000000Ms6RQAS","2020-06-02T17:59:20.000Z","0054S000000Ms6RQAS","","","","a2G4S0000006UObUAM","false","false","false","false","false","50.0","slide","true","true","false","false","","false","","a2I4S000000CeDlUAK","MappedSObjectHierarchyScreenResource","","a024S000000fWEHQA2","LLC_BI__Loan__c","","","","","","","false","false",""
"a2F4S0000008daAUAQ","","Borrower Structure Narrative","2020-06-02T17:59:20.000Z","0054S000000Ms6RQAS","2020-06-02T17:59:20.000Z","0054S000000Ms6RQAS","","","","a2G4S0000006UObUAM","false","false","false","false","false","22.0","slide","true","false","true","false","","false","","","SObjectScreenResource","a2J4S0000008RCvUAM","a024S000000fWEIQA2","LLC_BI__Loan__c","","","","","","","false","false",""
"a2F4S0000008daBUAQ","","Collateral Detail","2020-06-02T17:59:20.000Z","0054S000000Ms6RQAS","2020-06-02T17:59:20.000Z","0054S000000Ms6RQAS","","","","a2G4S0000006UObUAM","false","false","false","false","false","51.0","slide","true","true","true","false","","false","","a2I4S000000CeDmUAK","MappedSObjectHierarchyScreenResource","","a024S000000fWEJQA2","LLC_BI__Loan__c","","","","","","","false","false",""
"a2F4S0000008daCUAQ","","Collateral Narrative","2020-06-02T17:59:20.000Z","0054S000000Ms6RQAS","2020-06-02T17:59:20.000Z","0054S000000Ms6RQAS","","","","a2G4S0000006UObUAM","false","false","false","false","false","54.0","slide","true","false","true","false","","true","","","SObjectScreenResource","a2J4S0000008RCwUAM","a024S000000fWEKQA2","LLC_BI__Loan__c","","","","","","","false","false",""
"a2F4S0000008daDUAQ","","Participations","2020-06-02T17:59:20.000Z","0054S000000Ms6RQAS","2020-06-02T17:59:20.000Z","0054S000000Ms6RQAS","","","","a2G4S0000006UObUAM","false","false","false","false","false","100.0","slide","true","true","false","false","","false","","a2I4S000000CeDnUAK","MappedSObjectHierarchyScreenResource","","a024S000000fWELQA2","LLC_BI__Loan__c","","","","","","","false","false",""
"a2F4S0000008daEUAQ","","Policy/Underwriting Exception Narrative","2020-06-02T17:59:20.000Z","0054S000000Ms6RQAS","2020-06-02T17:59:20.000Z","0054S000000Ms6RQAS","","","","a2G4S0000006UObUAM","false","false","false","false","false","130.0","slide","true","true","false","false","","true","","","SObjectScreenResource","a2J4S0000008RCxUAM","a024S000000fWEMQA2","LLC_BI__Loan__c","","","","","","","false","false",""
"a2F4S0000008daFUAQ","","Covenants","2020-06-02T17:59:20.000Z","0054S000000Ms6RQAS","2020-06-02T17:59:20.000Z","0054S000000Ms6RQAS","","","","a2G4S0000006UObUAM","false","false","false","false","false","60.0","slide","true","true","false","false","","false","","a2I4S000000CeDoUAK","MappedSObjectHierarchyScreenResource","","a024S000000fWENQA2","LLC_BI__Loan__c","","","","","","","false","false",""
"a2F4S0000008daGUAQ","","Third Party Reports","2020-06-02T17:59:20.000Z","0054S000000Ms6RQAS","2020-06-02T17:59:20.000Z","0054S000000Ms6RQAS","","","","a2G4S0000006UObUAM","false","false","false","false","false","80.0","slide","true","true","false","false","","false","","a2I4S000000CeDpUAK","MappedSObjectHierarchyScreenResource","","a024S000000fWEOQA2","LLC_BI__Loan__c","","","","","","","false","false",""
"a2F4S0000008daHUAQ","","Lender Recommendation","2020-06-02T17:59:20.000Z","0054S000000Ms6RQAS","2020-06-02T17:59:20.000Z","0054S000000Ms6RQAS","","","","a2G4S0000006UObUAM","false","false","false","false","false","140.0","slide","true","true","false","false","","true","","","SObjectScreenResource","a2J4S0000008RCyUAM","a024S000000fWEPQA2","LLC_BI__Loan__c","","","","","","","false","false",""
"a2F4S0000008daIUAQ","","Fee Narrative","2020-06-02T17:59:20.000Z","0054S000000Ms6RQAS","2020-06-02T17:59:20.000Z","0054S000000Ms6RQAS","","","","a2G4S0000006UObUAM","false","false","false","false","false","91.0","slide","true","true","true","false","","true","","","SObjectScreenResource","a2J4S0000008RCzUAM","a024S000000fWEQQA2","LLC_BI__Loan__c","","","","","","","false","false",""
"a2F4S0000008daJUAQ","","Covenant Narrative","2020-06-02T17:59:20.000Z","0054S000000Ms6RQAS","2020-06-02T17:59:20.000Z","0054S000000Ms6RQAS","","","","a2G4S0000006UObUAM","false","false","false","false","false","61.0","slide","true","true","true","false","","true","","","SObjectScreenResource","a2J4S0000008RD0UAM","a024S000000fWERQA2","LLC_BI__Loan__c","","","","","","","false","false",""
"a2F4S0000008daKUAQ","","Participation Narrative","2020-06-02T17:59:20.000Z","0054S000000Ms6RQAS","2020-06-02T17:59:20.000Z","0054S000000Ms6RQAS","","","","a2G4S0000006UObUAM","false","false","false","false","false","101.0","slide","true","false","true","false","","true","","","SObjectScreenResource","a2J4S0000008RD1UAM","a024S000000fWESQA2","LLC_BI__Loan__c","","","","","","","false","false",""
"a2F4S0000008daLUAQ","","Loan Team","2020-06-02T17:59:20.000Z","0054S000000Ms6RQAS","2020-06-02T17:59:20.000Z","0054S000000Ms6RQAS","","","","a2G4S0000006UObUAM","false","false","false","false","false","70.0","slide","true","true","false","false","","false","","a2I4S000000CeDqUAK","MappedSObjectHierarchyScreenResource","","a024S000000fWETQA2","LLC_BI__Loan__c","","","","","","","false","false",""
"a2F4S0000008daMUAQ","","Review Details","2020-06-02T17:59:20.000Z","0054S000000Ms6RQAS","2020-06-02T17:59:20.000Z","0054S000000Ms6RQAS","","","","a2G4S0000006UOaUAM","false","false","false","false","false","10.0","slide","true","false","false","false","","false","","a2I4S000000CeDrUAK","MappedSObjectScreenResource","","a024S000000fWEUQA2","LLC_BI__Review__c","","","","","","","false","false",""
"a2F4S0000008daNUAQ","","Loan Summary","2020-06-02T17:59:20.000Z","0054S000000Ms6RQAS","2020-06-02T17:59:20.000Z","0054S000000Ms6RQAS","","","","a2G4S0000006UOaUAM","false","false","false","false","false","40.0","slide","true","false","false","false","","false","","a2I4S000000CeDsUAK","MappedSObjectHierarchyScreenResource","","a024S000000fWEVQA2","LLC_BI__Review__c","","","","","","","false","false",""
"a2F4S0000008daOUAQ","","Related Relationships","2020-06-02T17:59:20.000Z","0054S000000Ms6RQAS","2020-06-02T17:59:20.000Z","0054S000000Ms6RQAS","","","","a2G4S0000006UOaUAM","false","false","false","false","false","30.0","slide","true","false","false","false","","false","","a2I4S000000CeDtUAK","MappedSObjectHierarchyScreenResource","","a024S000000fWEWQA2","LLC_BI__Review__c","","","","","","","false","false",""
"a2F4S0000008daPUAQ","","Approval History","2020-06-02T17:59:20.000Z","0054S000000Ms6RQAS","2020-06-02T17:59:20.000Z","0054S000000Ms6RQAS","","","","a2G4S0000006UOYUA2","false","false","false","false","false","40.0","slide","true","false","false","false","","false","","","SObjectScreenResource","a2J4S0000008RD2UAM","a024S000000fWEXQA2","LLC_BI__Loan__c","","","","","","","false","false",""
"a2F4S0000008daQUAQ","","Related Exposure","2020-06-02T17:59:20.000Z","0054S000000Ms6RQAS","2020-06-02T17:59:20.000Z","0054S000000Ms6RQAS","","","","a2G4S0000006UOYUA2","false","false","false","false","false","60.0","slide","true","false","false","false","","false","","a2I4S000000CeDuUAK","MappedSObjectHierarchyScreenResource","","a024S000000fWEYQA2","LLC_BI__Loan__c","","","","","","","false","false",""
"a2F4S0000008daRUAQ","","Approval History Narrative","2020-06-02T17:59:20.000Z","0054S000000Ms6RQAS","2020-06-02T17:59:20.000Z","0054S000000Ms6RQAS","","","","a2G4S0000006UOYUA2","false","false","false","false","false","41.0","slide","true","false","true","false","","false","","","SObjectScreenResource","a2J4S0000008RD3UAM","a024S000000fWEZQA2","LLC_BI__Loan__c","","","","","","","false","false",""
"a2F4S0000008daSUAQ","","Loan Summary Narrative","2020-06-02T17:59:20.000Z","0054S000000Ms6RQAS","2020-06-02T17:59:20.000Z","0054S000000Ms6RQAS","","","","a2G4S0000006UOYUA2","false","false","false","false","false","21.0","slide","true","false","true","false","","false","","","SObjectScreenResource","a2J4S0000008RD4UAM","a024S000000fWEaQAM","LLC_BI__Loan__c","","","","","","","false","false",""
"a2F4S0000008daTUAQ","","Authorized Signer","2020-06-02T17:59:20.000Z","0054S000000Ms6RQAS","2020-06-02T17:59:20.000Z","0054S000000Ms6RQAS","","","","a2G4S0000006UOYUA2","false","false","false","false","false","31.0","slide","true","false","true","false","","false","","a2I4S000000CeDvUAK","MappedSObjectHierarchyScreenResource","","a024S000000fWEbQAM","LLC_BI__Loan__c","","","","","","","false","false",""
"a2F4S0000008daUUAQ","","Borrower Structure","2020-06-02T17:59:20.000Z","0054S000000Ms6RQAS","2020-06-02T17:59:20.000Z","0054S000000Ms6RQAS","","","","a2G4S0000006UOYUA2","false","false","false","false","false","30.0","slide","true","false","false","false","","false","","a2I4S000000CeDwUAK","MappedSObjectHierarchyScreenResource","","a024S000000fWEcQAM","LLC_BI__Loan__c","","","","","","","false","false",""
"a2F4S0000008daVUAQ","","Loan Summary","2020-06-02T17:59:20.000Z","0054S000000Ms6RQAS","2020-06-02T17:59:20.000Z","0054S000000Ms6RQAS","","","","a2G4S0000006UOYUA2","false","false","false","false","false","20.0","slide","true","true","false","false","","false","","a2I4S000000CeDxUAK","MappedSObjectScreenResource","","a024S000000fWEdQAM","LLC_BI__Loan__c","","","","","","","false","false",""
"a2F4S0000008daWUAQ","","Borrower Structure Narrative","2020-06-02T17:59:20.000Z","0054S000000Ms6RQAS","2020-06-02T17:59:20.000Z","0054S000000Ms6RQAS","","","","a2G4S0000006UOYUA2","false","false","false","false","false","32.0","slide","true","false","true","false","","false","","","SObjectScreenResource","a2J4S0000008RD5UAM","a024S000000fWEeQAM","LLC_BI__Loan__c","","","","","","","false","false",""
"a2F4S0000008daXUAQ","","Collateral Summary","2020-06-02T17:59:20.000Z","0054S000000Ms6RQAS","2020-06-02T17:59:20.000Z","0054S000000Ms6RQAS","","","","a2G4S0000006UOYUA2","false","false","false","false","false","70.0","slide","true","true","false","false","","false","","a2I4S000000CeDyUAK","MappedSObjectHierarchyScreenResource","","a024S000000fWEfQAM","LLC_BI__Loan__c","","","","","","","false","false",""
"a2F4S0000008daYUAQ","","Collateral Narrative","2020-06-02T17:59:20.000Z","0054S000000Ms6RQAS","2020-06-02T17:59:20.000Z","0054S000000Ms6RQAS","","","","a2G4S0000006UOYUA2","false","false","false","false","false","71.0","slide","true","false","true","false","","true","","","SObjectScreenResource","a2J4S0000008RD6UAM","a024S000000fWEgQAM","LLC_BI__Loan__c","","","","","","","false","false",""
"a2F4S0000008daZUAQ","","Participations","2020-06-02T17:59:20.000Z","0054S000000Ms6RQAS","2020-06-02T17:59:20.000Z","0054S000000Ms6RQAS","","","","a2G4S0000006UOYUA2","false","false","false","false","false","120.0","slide","true","true","false","false","","false","","a2I4S000000CeDzUAK","MappedSObjectHierarchyScreenResource","","a024S000000fWEhQAM","LLC_BI__Loan__c","","","","","","","false","false",""
"a2F4S0000008daaUAA","","Policy Exception Narrative","2020-06-02T17:59:20.000Z","0054S000000Ms6RQAS","2020-06-02T17:59:20.000Z","0054S000000Ms6RQAS","","","","a2G4S0000006UOYUA2","false","false","false","false","false","51.0","slide","true","true","true","false","","true","","","SObjectScreenResource","a2J4S0000008RD7UAM","a024S000000fWEiQAM","LLC_BI__Loan__c","","","","","","","false","false",""
"a2F4S0000008dabUAA","","Covenants Summary","2020-06-02T17:59:20.000Z","0054S000000Ms6RQAS","2020-06-02T17:59:20.000Z","0054S000000Ms6RQAS","","","","a2G4S0000006UOYUA2","false","false","false","false","false","80.0","slide","true","true","false","false","","false","","a2I4S000000CeE0UAK","MappedSObjectHierarchyScreenResource","","a024S000000fWEjQAM","LLC_BI__Loan__c","","","","","","","false","false",""
"a2F4S0000008dacUAA","","Third Party Reports","2020-06-02T17:59:20.000Z","0054S000000Ms6RQAS","2020-06-02T17:59:20.000Z","0054S000000Ms6RQAS","","","","a2G4S0000006UOYUA2","false","false","false","false","false","100.0","slide","true","true","false","false","","false","","a2I4S000000CeE1UAK","MappedSObjectHierarchyScreenResource","","a024S000000fWEkQAM","LLC_BI__Loan__c","","","","","","","false","false",""
"a2F4S0000008dadUAA","","Lender Recommendation","2020-06-02T17:59:20.000Z","0054S000000Ms6RQAS","2020-06-02T17:59:20.000Z","0054S000000Ms6RQAS","","","","a2G4S0000006UOYUA2","false","false","false","false","false","160.0","slide","true","true","false","false","","true","","","SObjectScreenResource","a2J4S0000008RD8UAM","a024S000000fWElQAM","LLC_BI__Loan__c","","","","","","","false","false",""
"a2F4S0000008daeUAA","","Fee Narrative","2020-06-02T17:59:20.000Z","0054S000000Ms6RQAS","2020-06-02T17:59:20.000Z","0054S000000Ms6RQAS","","","","a2G4S0000006UOYUA2","false","false","false","false","false","111.0","slide","true","true","true","false","","true","","","SObjectScreenResource","a2J4S0000008RD9UAM","a024S000000fWEmQAM","LLC_BI__Loan__c","","","","","","","false","false",""
"a2F4S0000008dafUAA","","Covenant Narrative","2020-06-02T17:59:20.000Z","0054S000000Ms6RQAS","2020-06-02T17:59:20.000Z","0054S000000Ms6RQAS","","","","a2G4S0000006UOYUA2","false","false","false","false","false","81.0","slide","true","true","true","false","","true","","","SObjectScreenResource","a2J4S0000008RDAUA2","a024S000000fWEnQAM","LLC_BI__Loan__c","","","","","","","false","false",""
"a2F4S0000008dagUAA","","Participation Narrative","2020-06-02T17:59:20.000Z","0054S000000Ms6RQAS","2020-06-02T17:59:20.000Z","0054S000000Ms6RQAS","","","","a2G4S0000006UOYUA2","false","false","false","false","false","121.0","slide","true","false","true","false","","true","","","SObjectScreenResource","a2J4S0000008RDBUA2","a024S000000fWEoQAM","LLC_BI__Loan__c","","","","","","","false","false",""
"a2F4S0000008dahUAA","","Loan Team","2020-06-02T17:59:20.000Z","0054S000000Ms6RQAS","2020-06-02T17:59:20.000Z","0054S000000Ms6RQAS","","","","a2G4S0000006UOYUA2","false","false","false","false","false","90.0","slide","true","true","false","false","","false","","a2I4S000000CeE2UAK","MappedSObjectHierarchyScreenResource","","a024S000000fWEpQAM","LLC_BI__Loan__c","","","","","","","false","false",""
"a2F4S0000008daiUAA","","Financial Analysis","2020-06-02T17:59:20.000Z","0054S000000Ms6RQAS","2020-06-02T17:59:20.000Z","0054S000000Ms6RQAS","","","","a2G4S0000006UOYUA2","false","false","false","false","false","150.0","slide","true","true","false","false","","true","","","SObjectScreenResource","a2J4S0000008RDCUA2","a024S000000fWEqQAM","LLC_BI__Loan__c","","","","","","","false","false",""
"a2F4S0000008dajUAA","","Background Analysis","2020-06-02T17:59:20.000Z","0054S000000Ms6RQAS","2020-06-02T17:59:20.000Z","0054S000000Ms6RQAS","","","","a2G4S0000006UOYUA2","false","false","false","false","false","130.0","slide","true","true","false","false","","true","","","SObjectScreenResource","a2J4S0000008RDDUA2","a024S000000fWErQAM","LLC_BI__Loan__c","","","","","","","false","false",""
"a2F4S0000008dakUAA","","Loan Team Narrative","2020-06-02T17:59:20.000Z","0054S000000Ms6RQAS","2020-06-02T17:59:20.000Z","0054S000000Ms6RQAS","","","","a2G4S0000006UOYUA2","false","false","false","false","false","91.0","slide","true","false","true","false","","false","","","SObjectScreenResource","a2J4S0000008RDEUA2","a024S000000fWEsQAM","LLC_BI__Loan__c","","","","","","","false","false",""
"a2F4S0000008dalUAA","","Product Package Narrative","2020-06-02T17:59:20.000Z","0054S000000Ms6RQAS","2020-06-02T17:59:20.000Z","0054S000000Ms6RQAS","","","","a2G4S0000006UOZUA2","false","false","false","false","false","21.0","slide","true","true","true","false","","true","","","SObjectScreenResource","a2J4S0000008RDFUA2","a024S000000fWEtQAM","LLC_BI__Product_Package__c","","","","","","","false","false",""
"a2F4S0000008damUAA","","Fees","2020-06-02T17:59:20.000Z","0054S000000Ms6RQAS","2020-06-02T17:59:20.000Z","0054S000000Ms6RQAS","","","","a2G4S0000006UOYUA2","false","false","false","false","false","110.0","slide","true","true","false","false","","false","","a2I4S000000CeE3UAK","MappedSObjectHierarchyScreenResource","","a024S000000fWEuQAM","LLC_BI__Loan__c","","","","","","","false","false",""
"a2F4S0000008danUAA","","Third Party Report Narrative","2020-06-02T17:59:20.000Z","0054S000000Ms6RQAS","2020-06-02T17:59:20.000Z","0054S000000Ms6RQAS","","","","a2G4S0000006UOYUA2","false","false","false","false","false","101.0","slide","true","false","true","false","","true","","","SObjectScreenResource","a2J4S0000008RDGUA2","a024S000000fWEvQAM","LLC_BI__Loan__c","","","","","","","false","false",""
"a2F4S0000008daoUAA","","Policy Exceptions","2020-06-02T17:59:20.000Z","0054S000000Ms6RQAS","2020-06-02T17:59:20.000Z","0054S000000Ms6RQAS","","","","a2G4S0000006UOXUA2","false","false","false","false","false","85.0","slide","true","false","false","true","","false","","a2I4S000000CeE5UAK","MappedSObjectHierarchyScreenResource","","42419723288893213","LLC_BI__Loan__c","","","","","","","false","false",""
"a2F4S0000008dapUAA","","Loan Products","2020-06-02T17:59:20.000Z","0054S000000Ms6RQAS","2020-06-02T17:59:20.000Z","0054S000000Ms6RQAS","","","","a2G4S0000006UQCUA2","false","false","false","true","false","1.0","slide","true","false","false","false","","false","","","ReferenceFilteredHierarchyScreenResource","","42173978708265941","Account","","","","","","","false","false",""
"a2F4S0000008daqUAA","","Rate Structure","2020-06-02T17:59:20.000Z","0054S000000Ms6RQAS","2020-06-02T17:59:20.000Z","0054S000000Ms6RQAS","","","","a2G4S0000006UQDUA2","false","false","true","true","false","0.0","slide","true","false","false","false","","false","","","MappedSObjectScreenResource","","42501275604089611","LLC_BI__Loan__c","","","","","","","false","false",""
"a2F4S0000008darUAA","","Payment Structure","2020-06-02T17:59:20.000Z","0054S000000Ms6RQAS","2020-06-02T17:59:20.000Z","0054S000000Ms6RQAS","","","","a2G4S0000006UQEUA2","false","false","true","true","false","1.0","slide","true","false","false","false","","false","","","MappedSObjectScreenResource","","42420987394622511","LLC_BI__Loan__c","","","","","","","false","false",""
"a2F4S0000008dasUAA","","Risk Rating","2020-06-02T17:59:20.000Z","0054S000000Ms6RQAS","2020-06-02T17:59:20.000Z","0054S000000Ms6RQAS","","","","a2G4S0000006UQFUA2","false","false","false","true","false","0.0","slide","true","false","false","false","","false","","","MappedSObjectHierarchyScreenResource","","42407043532968121","LLC_BI__Loan__c","","","","","","","false","false",""
"a2F4S0000008datUAA","","Change Memo","2020-06-02T17:59:20.000Z","0054S000000Ms6RQAS","2020-06-02T17:59:20.000Z","0054S000000Ms6RQAS","","","","a2G4S0000006UQGUA2","false","false","false","true","false","0.0","slide","true","false","false","false","","false","","","MappedSObjectHierarchyScreenResource","","42315287634479492","LLC_BI__Loan__c","","","","","","","false","false",""
"a2F4S0000008dauUAA","","Fees Summary","2020-06-02T17:59:20.000Z","0054S000000Ms6RQAS","2020-06-02T17:59:20.000Z","0054S000000Ms6RQAS","","","","a2G4S0000006UQHUA2","false","false","false","true","false","0.0","slide","true","false","false","false","","false","","","MappedSObjectScreenResource","","42607995035077384","LLC_BI__Loan__c","","","","","","","false","false",""
"a2F4S0000008davUAA","","Team Members","2020-06-02T17:59:20.000Z","0054S000000Ms6RQAS","2020-06-02T17:59:20.000Z","0054S000000Ms6RQAS","","","","a2G4S0000006UQIUA2","false","false","false","true","false","0.0","slide","true","false","false","false","","false","","","MappedSObjectHierarchyScreenResource","","42765723717857930","LLC_BI__Loan__c","","","","","","","false","false",""
"a2F4S0000008dawUAA","","Details","2020-06-02T17:59:20.000Z","0054S000000Ms6RQAS","2020-06-02T17:59:20.000Z","0054S000000Ms6RQAS","","","","a2G4S0000006UQJUA2","false","false","true","true","false","1.0","slide","true","false","false","false","","true","","","MappedSObjectScreenResource","","42511575264448893","Contact","","","","","","","false","false",""
"a2F4S0000008daxUAA","","Details","2020-06-02T17:59:20.000Z","0054S000000Ms6RQAS","2020-06-02T17:59:20.000Z","0054S000000Ms6RQAS","","","","a2G4S0000006UQJUA2","false","false","true","true","false","1.0","slide","true","false","false","false","","true","","","MappedSObjectScreenResource","","42458336287810100","Account","","","","","","","false","false",""
"a2F4S0000008dayUAA","","Details","2020-06-02T17:59:20.000Z","0054S000000Ms6RQAS","2021-02-24T20:45:55.000Z","0054S000000Ms6RQAS","","","","a2G4S0000006UQKUA2","false","false","true","true","false","1.0","slide","true","false","false","false","","true","","a2I4S000000CpwmUAC","MappedSObjectScreenResource","","42380701764377124","Account","","","","","","","false","false",""
"a2F4S0000008dazUAA","","Details","2020-06-02T17:59:20.000Z","0054S000000Ms6RQAS","2020-09-11T13:31:50.000Z","0054S000000Ms6RQAS","","","","a2G4S000000sySvUAI","false","false","true","true","false","1.0","slide","true","false","false","false","","true","","","MappedSObjectScreenResource","","4273014772823349","Contact","","","","","","","false","false",""
"a2F4S0000008db0UAA","","Details  - EO","2020-06-02T17:59:20.000Z","0054S000000Ms6RQAS","2020-09-09T16:19:07.000Z","0054S000000Ms6RQAS","","","","a2G4S0000006UQLUA2","false","false","true","true","false","1.0","slide","true","false","false","false","","true","","","MappedSObjectScreenResource","","42171004562563655","Contact","","","","","","","false","false",""
"a2F4S0000008db1UAA","","Details - biz connected","2020-06-02T17:59:20.000Z","0054S000000Ms6RQAS","2021-01-07T17:18:59.000Z","0054S000000Ms6RQAS","","","","a2G4S0000006UQLUA2","false","false","true","true","false","20.0","slide","true","false","false","false","","true","","","MappedSObjectScreenResource","","42817683450087382","Account","","","","","","","false","false",""
"a2F4S0000008db2UAA","","Details","2020-06-02T17:59:20.000Z","0054S000000Ms6RQAS","2020-06-02T17:59:20.000Z","0054S000000Ms6RQAS","","","","a2G4S0000006UQMUA2","false","false","true","true","false","1.0","slide","true","false","false","false","","true","","","MappedSObjectScreenResource","","42874055674188661","Account","","","","","","","false","false",""
"a2F4S0000008db3UAA","","Details","2020-06-02T17:59:20.000Z","0054S000000Ms6RQAS","2020-06-02T17:59:20.000Z","0054S000000Ms6RQAS","","","","a2G4S0000006UQMUA2","false","false","true","true","false","1.0","slide","true","false","false","false","","true","","","MappedSObjectScreenResource","","42119610765985542","Contact","","","","","","","false","false",""
"a2F4S0000008db4UAA","","Beneficiary","2020-06-02T17:59:20.000Z","0054S000000Ms6RQAS","2020-09-04T18:48:25.000Z","0054S000000Ms6RQAS","","","","a2G4S0000006UQNUA2","false","false","true","true","false","1.0","slide","true","false","false","false","","true","","","MappedSObjectHierarchyScreenResource","","42261600392252451","LLC_BI__Beneficiary__c","","","","","","","false","false",""
"a2F4S0000008db5UAA","","Id_Document_AlienRegistrationCard","2020-06-02T17:59:20.000Z","0054S000000Ms6RQAS","2020-06-02T17:59:20.000Z","0054S000000Ms6RQAS","","","","a2G4S0000006UT9UAM","false","false","true","true","false","1.0","slide","true","false","false","false","","true","","","MappedSObjectScreenResource","","42735404216328398","LLC_BI__Id_Document__c","","","","","","","false","false",""
"a2F4S0000008db6UAA","","Id_Document_ArticlesOfInc","2020-06-02T17:59:20.000Z","0054S000000Ms6RQAS","2020-06-02T17:59:20.000Z","0054S000000Ms6RQAS","","","","a2G4S0000006UT9UAM","false","false","true","true","false","2.0","slide","true","false","false","false","","true","","","MappedSObjectScreenResource","","42138343492887491","LLC_BI__Id_Document__c","","","","","","","false","false",""
"a2F4S0000008db7UAA","","Id_Document_ArticlesOfOrg","2020-06-02T17:59:20.000Z","0054S000000Ms6RQAS","2020-06-02T17:59:20.000Z","0054S000000Ms6RQAS","","","","a2G4S0000006UT9UAM","false","false","true","true","false","3.0","slide","true","false","false","false","","true","","","MappedSObjectScreenResource","","42995192843106681","LLC_BI__Id_Document__c","","","","","","","false","false",""
"a2F4S0000008db8UAA","","Id_Document_BusinessLicense","2020-06-02T17:59:20.000Z","0054S000000Ms6RQAS","2020-06-02T17:59:20.000Z","0054S000000Ms6RQAS","","","","a2G4S0000006UT9UAM","false","false","true","true","false","4.0","slide","true","false","false","false","","true","","","MappedSObjectScreenResource","","42042946968544591","LLC_BI__Id_Document__c","","","","","","","false","false",""
"a2F4S0000008db9UAA","","Id_Document_CertOfExistence","2020-06-02T17:59:20.000Z","0054S000000Ms6RQAS","2020-06-02T17:59:20.000Z","0054S000000Ms6RQAS","","","","a2G4S0000006UT9UAM","false","false","true","true","false","5.0","slide","true","false","false","false","","true","","","MappedSObjectScreenResource","","42141807836129802","LLC_BI__Id_Document__c","","","","","","","false","false",""
"a2F4S0000008dbAUAQ","","Id_Document_CertOfPartnership","2020-06-02T17:59:20.000Z","0054S000000Ms6RQAS","2020-06-02T17:59:20.000Z","0054S000000Ms6RQAS","","","","a2G4S0000006UT9UAM","false","false","true","true","false","6.0","slide","true","false","false","false","","true","","","MappedSObjectScreenResource","","42675563424028437","LLC_BI__Id_Document__c","","","","","","","false","false",""
"a2F4S0000008dbBUAQ","","Id_Document_CourtOrderEstate","2020-06-02T17:59:20.000Z","0054S000000Ms6RQAS","2020-06-02T17:59:20.000Z","0054S000000Ms6RQAS","","","","a2G4S0000006UT9UAM","false","false","true","true","false","7.0","slide","true","false","false","false","","true","","","MappedSObjectScreenResource","","42811559682286422","LLC_BI__Id_Document__c","","","","","","","false","false",""
"a2F4S0000008dbCUAQ","","Id_Document_DBARegistration","2020-06-02T17:59:20.000Z","0054S000000Ms6RQAS","2020-06-02T17:59:20.000Z","0054S000000Ms6RQAS","","","","a2G4S0000006UT9UAM","false","false","true","true","false","8.0","slide","true","false","false","false","","true","","","MappedSObjectScreenResource","","42622002310219912","LLC_BI__Id_Document__c","","","","","","","false","false",""
"a2F4S0000008dbDUAQ","","Id_Document_Drivers_License","2020-06-02T17:59:20.000Z","0054S000000Ms6RQAS","2020-06-02T17:59:20.000Z","0054S000000Ms6RQAS","","","","a2G4S0000006UT9UAM","false","false","true","true","false","9.0","slide","true","false","false","false","","true","","","MappedSObjectScreenResource","","42659807961840812","LLC_BI__Id_Document__c","","","","","","","false","false",""
"a2F4S0000008dbEUAQ","","Id_Document_Matricular_Consular","2020-06-02T17:59:20.000Z","0054S000000Ms6RQAS","2020-06-02T17:59:20.000Z","0054S000000Ms6RQAS","","","","a2G4S0000006UT9UAM","false","false","true","true","false","10.0","slide","true","false","false","false","","true","","","MappedSObjectScreenResource","","42684415791952459","LLC_BI__Id_Document__c","","","","","","","false","false",""
"a2F4S0000008dbFUAQ","","Id_Document_PartnershipAgreement","2020-06-02T17:59:20.000Z","0054S000000Ms6RQAS","2020-06-02T17:59:20.000Z","0054S000000Ms6RQAS","","","","a2G4S0000006UT9UAM","false","false","true","true","false","11.0","slide","true","false","false","false","","true","","","MappedSObjectScreenResource","","42025608184612826","LLC_BI__Id_Document__c","","","","","","","false","false",""
"a2F4S0000008dbGUAQ","","Id_Document_Passport","2020-06-02T17:59:20.000Z","0054S000000Ms6RQAS","2020-06-02T17:59:20.000Z","0054S000000Ms6RQAS","","","","a2G4S0000006UT9UAM","false","false","true","true","false","12.0","slide","true","false","false","false","","true","","","MappedSObjectScreenResource","","42882526186363591","LLC_BI__Id_Document__c","","","","","","","false","false",""
"a2F4S0000008dbHUAQ","","Id_Document_RegOfPartnership","2020-06-02T17:59:20.000Z","0054S000000Ms6RQAS","2020-06-02T17:59:20.000Z","0054S000000Ms6RQAS","","","","a2G4S0000006UT9UAM","false","false","true","true","false","13.0","slide","true","false","false","false","","true","","","MappedSObjectScreenResource","","42305453428393398","LLC_BI__Id_Document__c","","","","","","","false","false",""
"a2F4S0000008dbIUAQ","","Id_Document_SecOfStateGoodStand","2020-06-02T17:59:20.000Z","0054S000000Ms6RQAS","2020-06-02T17:59:20.000Z","0054S000000Ms6RQAS","","","","a2G4S0000006UT9UAM","false","false","true","true","false","14.0","slide","true","false","false","false","","true","","","MappedSObjectScreenResource","","42869298727240368","LLC_BI__Id_Document__c","","","","","","","false","false",""
"a2F4S0000008dbJUAQ","","Id_Document_State_Id","2020-06-02T17:59:20.000Z","0054S000000Ms6RQAS","2020-06-02T17:59:20.000Z","0054S000000Ms6RQAS","","","","a2G4S0000006UT9UAM","false","false","true","true","false","15.0","slide","true","false","false","false","","true","","","MappedSObjectScreenResource","","42310126803574387","LLC_BI__Id_Document__c","","","","","","","false","false",""
"a2F4S0000008dbKUAQ","","Id_Document_TaxExemptStatus","2020-06-02T17:59:20.000Z","0054S000000Ms6RQAS","2020-06-02T17:59:20.000Z","0054S000000Ms6RQAS","","","","a2G4S0000006UT9UAM","false","false","true","true","false","16.0","slide","true","false","false","false","","true","","","MappedSObjectScreenResource","","42190105014632122","LLC_BI__Id_Document__c","","","","","","","false","false",""
"a2F4S0000008dbLUAQ","","Id_Document_TrustAgreement","2020-06-02T17:59:20.000Z","0054S000000Ms6RQAS","2020-06-02T17:59:20.000Z","0054S000000Ms6RQAS","","","","a2G4S0000006UT9UAM","false","false","true","true","false","17.0","slide","true","false","false","false","","true","","","MappedSObjectScreenResource","","42113989634454983","LLC_BI__Id_Document__c","","","","","","","false","false",""
"a2F4S0000008dbMUAQ","","Id_Document_USMilitaryID","2020-06-02T17:59:20.000Z","0054S000000Ms6RQAS","2020-06-02T17:59:20.000Z","0054S000000Ms6RQAS","","","","a2G4S0000006UT9UAM","false","false","true","true","false","18.0","slide","true","false","false","false","","true","","","MappedSObjectScreenResource","","42339011510110833","LLC_BI__Id_Document__c","","","","","","","false","false",""
"a2F4S0000008dbNUAQ","","Id_Document_USPermanentResidenceCard","2020-06-02T17:59:20.000Z","0054S000000Ms6RQAS","2020-06-02T17:59:20.000Z","0054S000000Ms6RQAS","","","","a2G4S0000006UT9UAM","false","false","true","true","false","19.0","slide","true","false","false","false","","true","","","MappedSObjectScreenResource","","42008235976130612","LLC_BI__Id_Document__c","","","","","","","false","false",""
"a2F4S0000008dbOUAQ","","Id_Document_USTemporaryResidenceCard","2020-06-02T17:59:20.000Z","0054S000000Ms6RQAS","2020-06-02T17:59:20.000Z","0054S000000Ms6RQAS","","","","a2G4S0000006UT9UAM","false","false","true","true","false","20.0","slide","true","false","false","false","","true","","","MappedSObjectScreenResource","","42176749659321977","LLC_BI__Id_Document__c","","","","","","","false","false",""
"a2F4S0000008dbPUAQ","","Id_Document_USVisa","2020-06-02T17:59:20.000Z","0054S000000Ms6RQAS","2020-06-02T17:59:20.000Z","0054S000000Ms6RQAS","","","","a2G4S0000006UT9UAM","false","false","true","true","false","21.0","slide","true","false","false","false","","true","","","MappedSObjectScreenResource","","42877596798936081","LLC_BI__Id_Document__c","","","","","","","false","false",""
"a2F4S0000008dbQUAQ","","Spreads Appendix","2020-06-02T17:59:20.000Z","0054S000000Ms6RQAS","2020-06-02T17:59:20.000Z","0054S000000Ms6RQAS","","","","a2G4S0000006UOXUA2","false","false","false","false","false","200.0","slide","true","false","false","false","","false","","a2I4S000000CeE6UAK","MappedSObjectHierarchyScreenResource","a2J4S0000008RDHUA2","42373195617533176","LLC_BI__Loan__c","","","","","","","false","false",""
"a2F4S0000008dbRUAQ","","Loan Detail Narrative","2020-06-02T17:59:20.000Z","0054S000000Ms6RQAS","2020-06-02T17:59:20.000Z","0054S000000Ms6RQAS","","","","a2G4S0000006UOdUAM","false","false","false","false","false","31.0","slide","true","false","false","false","","false","","","SObjectScreenResource","a2J4S0000008RDIUA2","42547325477101676","LLC_BI__Product_Package__c","","","","","","","false","false",""
"a2F4S0000008dbSUAQ","","Product Package Narrative","2020-06-02T17:59:20.000Z","0054S000000Ms6RQAS","2020-06-02T17:59:20.000Z","0054S000000Ms6RQAS","","","","a2G4S0000006UOdUAM","false","false","false","false","false","11.0","slide","true","true","true","false","","true","","","SObjectScreenResource","a2J4S0000008RDJUA2","42797012987252801","LLC_BI__Product_Package__c","","","","","","","false","false",""
"a2F4S0000008dbTUAQ","","Approval History Narrative","2020-06-02T17:59:20.000Z","0054S000000Ms6RQAS","2020-06-02T17:59:20.000Z","0054S000000Ms6RQAS","","","","a2G4S0000006UOdUAM","false","false","false","false","false","21.0","slide","true","true","true","false","","true","","","SObjectScreenResource","a2J4S0000008RDKUA2","42577522475730543","LLC_BI__Product_Package__c","","","","","","","false","false",""
"a2F4S0000008dbUUAQ","","Approval History","2020-06-02T17:59:20.000Z","0054S000000Ms6RQAS","2020-06-02T17:59:20.000Z","0054S000000Ms6RQAS","","","","a2G4S0000006UOdUAM","false","false","false","false","false","20.0","slide","true","false","false","false","","false","","","MappedSObjectHierarchyScreenResource","a2J4S0000008RDLUA2","42708288462928204","LLC_BI__Product_Package__c","","","","","","","false","false",""
"a2F4S0000008dbVUAQ","","Spreads Appendix","2020-06-02T17:59:20.000Z","0054S000000Ms6RQAS","2020-06-02T17:59:20.000Z","0054S000000Ms6RQAS","","","","a2G4S0000006UOdUAM","false","false","false","false","false","50.0","slide","true","false","false","false","","false","","a2I4S000000CeEBUA0","MappedSObjectHierarchyScreenResource","a2J4S0000008RDMUA2","42441597519153448","LLC_BI__Product_Package__c","","","","","","","false","false",""
"a2F4S0000008dbWUAQ","","Relationship Summary Narrative","2020-06-02T17:59:20.000Z","0054S000000Ms6RQAS","2020-06-02T17:59:20.000Z","0054S000000Ms6RQAS","","","","a2G4S0000006UOZUA2","false","false","false","false","false","11.0","slide","true","false","true","false","","false","","","SObjectScreenResource","a2J4S0000008RDNUA2","a2F4S0000008dbWUAQ","LLC_BI__Product_Package__c","","","","","","","false","false",""
"a2F4S0000008dbXUAQ","","Collateral Narrative","2020-06-02T17:59:20.000Z","0054S000000Ms6RQAS","2020-06-02T17:59:20.000Z","0054S000000Ms6RQAS","","","","a2G4S0000006UOZUA2","false","false","false","false","false","41.0","slide","true","false","true","false","","false","","","SObjectScreenResource","a2J4S0000008RDOUA2","a2F4S0000008dbXUAQ","LLC_BI__Product_Package__c","","","","","","","false","false",""
"a2F4S0000008dbYUAQ","","Covenant Narrative","2020-06-02T17:59:20.000Z","0054S000000Ms6RQAS","2020-06-02T17:59:20.000Z","0054S000000Ms6RQAS","","","","a2G4S0000006UOZUA2","false","false","false","false","false","51.0","slide","true","false","true","false","","false","","","SObjectScreenResource","a2J4S0000008RDPUA2","a2F4S0000008dbYUAQ","LLC_BI__Product_Package__c","","","","","","","false","false",""
"a2F4S0000008dbZUAQ","","Recommendation Summary","2020-06-02T17:59:20.000Z","0054S000000Ms6RQAS","2020-06-02T17:59:20.000Z","0054S000000Ms6RQAS","","","","a2G4S0000006UOZUA2","false","false","false","false","false","80.0","slide","true","false","false","false","","false","","","SObjectScreenResource","a2J4S0000008RDQUA2","a2F4S0000008dbZUAQ","LLC_BI__Product_Package__c","","","","","","","false","false",""
"a2F4S0000008dbaUAA","","Relationship Summary","2020-06-02T17:59:20.000Z","0054S000000Ms6RQAS","2020-06-02T17:59:20.000Z","0054S000000Ms6RQAS","","","","a2G4S0000006UOYUA2","false","false","false","false","false","10.0","slide","true","false","false","false","","false","","a2I4S000000CeEGUA0","MappedSObjectHierarchyScreenResource","","a2F4S0000008dbaUAA","LLC_BI__Loan__c","","","","","","","false","false",""
"a2F4S0000008dbbUAA","","Relationship Summary Narrative","2020-06-02T17:59:20.000Z","0054S000000Ms6RQAS","2020-06-02T17:59:20.000Z","0054S000000Ms6RQAS","","","","a2G4S0000006UOYUA2","false","false","false","false","false","11.0","slide","true","false","true","false","","false","","","SObjectScreenResource","a2J4S0000008RDRUA2","a2F4S0000008dbbUAA","LLC_BI__Loan__c","","","","","","","false","false",""
"a2F4S0000008dbcUAA","","Policy Exceptions","2020-06-02T17:59:20.000Z","0054S000000Ms6RQAS","2020-06-02T17:59:20.000Z","0054S000000Ms6RQAS","","","","a2G4S0000006UOYUA2","false","false","false","false","false","50.0","slide","true","false","false","false","","false","","a2I4S000000CeEHUA0","MappedSObjectHierarchyScreenResource","","a2F4S0000008dbcUAA","LLC_BI__Loan__c","","","","","","","false","false",""
"a2F4S0000008dbdUAA","","Relationship Summary","2020-06-02T17:59:20.000Z","0054S000000Ms6RQAS","2020-06-02T17:59:20.000Z","0054S000000Ms6RQAS","","","","a2G4S0000006UOaUAM","false","false","false","false","false","20.0","slide","true","false","false","false","","false","","a2I4S000000CeEIUA0","MappedSObjectHierarchyScreenResource","","a2F4S0000008dbdUAA","LLC_BI__Review__c","","","","","","","false","false",""
"a2F4S0000008dbeUAA","","Relationship Summary Narrative","2020-06-02T17:59:20.000Z","0054S000000Ms6RQAS","2020-06-02T17:59:20.000Z","0054S000000Ms6RQAS","","","","a2G4S0000006UOaUAM","false","false","false","false","false","21.0","slide","true","false","true","false","","false","","","SObjectScreenResource","a2J4S0000008RDSUA2","a2F4S0000008dbeUAA","LLC_BI__Review__c","","","","","","","false","false",""
"a2F4S0000008dbfUAA","","Collateral Summary","2020-06-02T17:59:20.000Z","0054S000000Ms6RQAS","2020-06-02T17:59:20.000Z","0054S000000Ms6RQAS","","","","a2G4S0000006UOaUAM","false","false","false","false","false","50.0","slide","true","false","false","false","","false","","a2I4S000000CeEJUA0","MappedSObjectHierarchyScreenResource","","a2F4S0000008dbfUAA","LLC_BI__Review__c","","","","","","","false","false",""
"a2F4S0000008dbgUAA","","Collateral Narrative","2020-06-02T17:59:20.000Z","0054S000000Ms6RQAS","2020-06-02T17:59:20.000Z","0054S000000Ms6RQAS","","","","a2G4S0000006UOaUAM","false","false","false","false","false","51.0","slide","true","false","true","false","","false","","","SObjectScreenResource","a2J4S0000008RDTUA2","a2F4S0000008dbgUAA","LLC_BI__Review__c","","","","","","","false","false",""
"a2F4S0000008dbhUAA","","Covenant Summary","2020-06-02T17:59:20.000Z","0054S000000Ms6RQAS","2020-06-02T17:59:20.000Z","0054S000000Ms6RQAS","","","","a2G4S0000006UOaUAM","false","false","false","false","false","60.0","slide","true","false","false","false","","false","","a2I4S000000CeEKUA0","MappedSObjectHierarchyScreenResource","","a2F4S0000008dbhUAA","LLC_BI__Review__c","","","","","","","false","false",""
"a2F4S0000008dbiUAA","","Covenant Narrative","2020-06-02T17:59:20.000Z","0054S000000Ms6RQAS","2020-06-02T17:59:20.000Z","0054S000000Ms6RQAS","","","","a2G4S0000006UOaUAM","false","false","false","false","false","61.0","slide","true","false","true","false","","false","","","SObjectScreenResource","a2J4S0000008RDUUA2","a2F4S0000008dbiUAA","LLC_BI__Review__c","","","","","","","false","false",""
"a2F4S0000008dbjUAA","","Review Summary","2020-06-02T17:59:20.000Z","0054S000000Ms6RQAS","2020-06-02T17:59:20.000Z","0054S000000Ms6RQAS","","","","a2G4S0000006UOaUAM","false","false","false","false","false","70.0","slide","true","false","false","false","","false","","","SObjectScreenResource","a2J4S0000008RDVUA2","a2F4S0000008dbjUAA","LLC_BI__Review__c","","","","","","","false","false",""
"a2F4S0000008dbkUAA","","Review Details","2020-06-02T17:59:20.000Z","0054S000000Ms6RQAS","2020-06-02T17:59:20.000Z","0054S000000Ms6RQAS","","","","a2G4S0000006UOfUAM","false","false","false","false","false","10.0","slide","true","false","false","false","","false","","a2I4S000000CeELUA0","MappedSObjectScreenResource","","a2F4S0000008dbkUAA","LLC_BI__Review__c","","","","","","","false","false",""
"a2F4S0000008dblUAA","","Relationship Summary","2020-06-02T17:59:20.000Z","0054S000000Ms6RQAS","2020-06-02T17:59:20.000Z","0054S000000Ms6RQAS","","","","a2G4S0000006UOfUAM","false","false","false","false","false","20.0","slide","true","false","false","false","","false","","a2I4S000000CeEMUA0","MappedSObjectHierarchyScreenResource","","a2F4S0000008dblUAA","LLC_BI__Review__c","","","","","","","false","false",""
"a2F4S0000008dbmUAA","","Relationship Summary Narrative","2020-06-02T17:59:20.000Z","0054S000000Ms6RQAS","2020-06-02T17:59:20.000Z","0054S000000Ms6RQAS","","","","a2G4S0000006UOfUAM","false","false","false","false","false","21.0","slide","true","false","true","false","","false","","","SObjectScreenResource","a2J4S0000008RDWUA2","a2F4S0000008dbmUAA","LLC_BI__Review__c","","","","","","","false","false",""
"a2F4S0000008dbnUAA","","Product Package Details","2020-06-02T17:59:20.000Z","0054S000000Ms6RQAS","2020-06-02T17:59:20.000Z","0054S000000Ms6RQAS","","","","a2G4S0000006UOfUAM","false","false","false","false","false","30.0","slide","true","false","false","false","","false","","a2I4S000000CeENUA0","MappedSObjectHierarchyScreenResource","","a2F4S0000008dbnUAA","LLC_BI__Review__c","","","","","","","false","false",""
"a2F4S0000008dboUAA","","Product Package Details Narrative","2020-06-02T17:59:20.000Z","0054S000000Ms6RQAS","2020-06-02T17:59:20.000Z","0054S000000Ms6RQAS","","","","a2G4S0000006UOfUAM","false","false","false","false","false","31.0","slide","true","false","true","false","","false","","","SObjectScreenResource","a2J4S0000008RDXUA2","a2F4S0000008dboUAA","LLC_BI__Review__c","","","","","","","false","false",""
"a2F4S0000008dbpUAA","","Related Relationships","2020-06-02T17:59:20.000Z","0054S000000Ms6RQAS","2020-06-02T17:59:20.000Z","0054S000000Ms6RQAS","","","","a2G4S0000006UOfUAM","false","false","false","false","false","40.0","slide","true","false","false","false","","false","","a2I4S000000CeEOUA0","MappedSObjectHierarchyScreenResource","","a2F4S0000008dbpUAA","LLC_BI__Review__c","","","","","","","false","false",""
"a2F4S0000008dbqUAA","","Loan Summary","2020-06-02T17:59:20.000Z","0054S000000Ms6RQAS","2020-06-02T17:59:20.000Z","0054S000000Ms6RQAS","","","","a2G4S0000006UOfUAM","false","false","false","false","false","50.0","slide","true","false","false","false","","false","","a2I4S000000CeEPUA0","MappedSObjectHierarchyScreenResource","","a2F4S0000008dbqUAA","LLC_BI__Review__c","","","","","","","false","false",""
"a2F4S0000008dbrUAA","","Collateral Summary","2020-06-02T17:59:20.000Z","0054S000000Ms6RQAS","2020-06-02T17:59:20.000Z","0054S000000Ms6RQAS","","","","a2G4S0000006UOfUAM","false","false","false","false","false","60.0","slide","true","false","false","false","","false","","a2I4S000000CeEQUA0","MappedSObjectHierarchyScreenResource","","a2F4S0000008dbrUAA","LLC_BI__Review__c","","","","","","","false","false",""
"a2F4S0000008dbsUAA","","Collateral Narrative","2020-06-02T17:59:20.000Z","0054S000000Ms6RQAS","2020-06-02T17:59:20.000Z","0054S000000Ms6RQAS","","","","a2G4S0000006UOfUAM","false","false","false","false","false","61.0","slide","true","false","true","false","","false","","","SObjectScreenResource","a2J4S0000008RDYUA2","a2F4S0000008dbsUAA","LLC_BI__Review__c","","","","","","","false","false",""
"a2F4S0000008dbtUAA","","Covenant Summary","2020-06-02T17:59:20.000Z","0054S000000Ms6RQAS","2020-06-02T17:59:20.000Z","0054S000000Ms6RQAS","","","","a2G4S0000006UOfUAM","false","false","false","false","false","70.0","slide","true","false","false","false","","false","","a2I4S000000CeERUA0","MappedSObjectHierarchyScreenResource","","a2F4S0000008dbtUAA","LLC_BI__Review__c","","","","","","","false","false",""
"a2F4S0000008dbuUAA","","Collateral Narrative","2020-06-02T17:59:20.000Z","0054S000000Ms6RQAS","2020-06-02T17:59:20.000Z","0054S000000Ms6RQAS","","","","a2G4S0000006UOfUAM","false","false","false","false","false","71.0","slide","true","false","true","false","","false","","","SObjectScreenResource","a2J4S0000008RDZUA2","a2F4S0000008dbuUAA","LLC_BI__Review__c","","","","","","","false","false",""
"a2F4S0000008dbvUAA","","Review Summary","2020-06-02T17:59:20.000Z","0054S000000Ms6RQAS","2020-06-02T17:59:20.000Z","0054S000000Ms6RQAS","","","","a2G4S0000006UOfUAM","false","false","false","false","false","80.0","slide","true","false","false","false","","false","","","SObjectScreenResource","a2J4S0000008RDaUAM","a2F4S0000008dbvUAA","LLC_BI__Review__c","","","","","","","false","false",""
"a2F4S0000008dbwUAA","","Product Package Team Members","2020-06-02T17:59:20.000Z","0054S000000Ms6RQAS","2020-06-02T17:59:20.000Z","0054S000000Ms6RQAS","","","","a2G4S0000006UOfUAM","false","false","false","false","false","90.0","slide","true","false","false","false","","false","","a2I4S000000CeESUA0","MappedSObjectHierarchyScreenResource","","a2F4S0000008dbwUAA","LLC_BI__Review__c","","","","","","","false","false",""
"a2F4S0000008dbxUAA","","Product Request Narrative","2020-06-02T17:59:20.000Z","0054S000000Ms6RQAS","2020-06-02T17:59:20.000Z","0054S000000Ms6RQAS","","","","a2G4S0000006UOgUAM","false","false","false","false","false","31.0","slide","true","false","true","false","","false","","","SObjectScreenResource","a2J4S0000008RDbUAM","42725193739891315","LLC_BI__Product_Package__c","","","","","","","false","false",""
"a2F4S0000008dbyUAA","","Product Package Narrative","2020-06-02T17:59:20.000Z","0054S000000Ms6RQAS","2020-06-02T17:59:20.000Z","0054S000000Ms6RQAS","","","","a2G4S0000006UOgUAM","false","false","false","false","false","21.0","slide","true","true","true","false","","true","","","SObjectScreenResource","a2J4S0000008RDcUAM","42005138910812269","LLC_BI__Product_Package__c","","","","","","","false","false",""
"a2F4S0000008dbzUAA","","Relationship Summary Narrative","2020-06-02T17:59:20.000Z","0054S000000Ms6RQAS","2020-06-02T17:59:20.000Z","0054S000000Ms6RQAS","","","","a2G4S0000006UOgUAM","false","false","false","false","false","11.0","slide","true","false","true","false","","false","","","SObjectScreenResource","a2J4S0000008RDdUAM","42714685533236662","LLC_BI__Product_Package__c","","","","","","","false","false",""
"a2F4S0000008dc0UAA","","Collateral Narrative","2020-06-02T17:59:20.000Z","0054S000000Ms6RQAS","2020-06-02T17:59:20.000Z","0054S000000Ms6RQAS","","","","a2G4S0000006UOgUAM","false","false","false","false","false","41.0","slide","true","false","true","false","","false","","","SObjectScreenResource","a2J4S0000008RDeUAM","42441445202774965","LLC_BI__Product_Package__c","","","","","","","false","false",""
"a2F4S0000008dc1UAA","","Covenant Narrative","2020-06-02T17:59:20.000Z","0054S000000Ms6RQAS","2020-06-02T17:59:20.000Z","0054S000000Ms6RQAS","","","","a2G4S0000006UOgUAM","false","false","false","false","false","51.0","slide","true","false","true","false","","false","","","SObjectScreenResource","a2J4S0000008RDfUAM","42573963288676861","LLC_BI__Product_Package__c","","","","","","","false","false",""
"a2F4S0000008dc2UAA","","Recommendation Summary","2020-06-02T17:59:20.000Z","0054S000000Ms6RQAS","2020-06-02T17:59:20.000Z","0054S000000Ms6RQAS","","","","a2G4S0000006UOgUAM","false","false","false","false","false","80.0","slide","true","false","false","false","","false","","","SObjectScreenResource","a2J4S0000008RDgUAM","42937884503672239","LLC_BI__Product_Package__c","","","","","","","false","false",""
"a2F4S0000008dc3UAA","","Adverse Action","2020-06-02T17:59:20.000Z","0054S000000Ms6RQAS","2020-06-02T17:59:20.000Z","0054S000000Ms6RQAS","","","","a2G4S0000006UQOUA2","false","false","false","true","false","1.0","slide","true","false","false","false","","true","","a2I4S000000CeEaUAK","MappedSObjectHierarchyScreenResource","","a2F4S0000008dc3UAA","LLC_BI__Loan__c","","","","","","","false","false",""
"a2F4S0000008dc4UAA","","Approval Details","2020-06-02T17:59:20.000Z","0054S000000Ms6RQAS","2020-06-02T17:59:20.000Z","0054S000000Ms6RQAS","","","","a2G4S0000006UQdUAM","false","false","false","true","false","0.0","slide","true","false","false","false","","false","","a2I4S000000CeEbUAK","MappedSObjectScreenResource","","96161585604341049","LLC_BI__Loan__c","","","","","","","false","false",""
"a2F4S0000008dc5UAA","","Attorney Info","2020-06-02T17:59:20.000Z","0054S000000Ms6RQAS","2020-06-02T17:59:20.000Z","0054S000000Ms6RQAS","","","","a2G4S0000006UQPUA2","false","false","true","true","false","1.0","slide","true","false","false","false","","true","","a2I4S000000CeEcUAK","MappedSObjectScreenResource","","a2F4S0000008dc5UAA","LLC_BI__Loan__c","","","","","","","false","false",""
"a2F4S0000008dc6UAA","","Collateral Pledged","2020-06-02T17:59:20.000Z","0054S000000Ms6RQAS","2020-06-02T17:59:20.000Z","0054S000000Ms6RQAS","","","","a2G4S0000006UQQUA2","false","false","false","true","false","1.0","slide","true","false","false","false","","true","","a2I4S000000CeEdUAK","MappedSObjectHierarchyScreenResource","","21901585604341049","LLC_BI__Loan__c","","","","","","","false","false",""
"a2F4S0000008dc7UAA","","Collateral Value","2020-06-02T17:59:20.000Z","0054S000000Ms6RQAS","2020-06-02T17:59:20.000Z","0054S000000Ms6RQAS","","","","a2G4S0000006UQRUA2","false","false","true","true","false","1.0","slide","true","false","false","false","","true","","a2I4S000000CeEeUAK","MappedSObjectHierarchyScreenResource","","22621585604341049","LLC_BI__Loan__c","","","","","","","false","false",""
"a2F4S0000008dc8UAA","","Compliance Info","2020-06-02T17:59:20.000Z","0054S000000Ms6RQAS","2020-06-02T17:59:20.000Z","0054S000000Ms6RQAS","","","","a2G4S0000006UQSUA2","false","false","true","true","false","0.0","slide","true","false","false","false","","true","","a2I4S000000CeEfUAK","MappedSObjectScreenResource","","a2F4S0000008dc8UAA","LLC_BI__Loan__c","","","","","","","false","false",""
"a2F4S0000008dc9UAA","","Construction Info","2020-06-02T17:59:20.000Z","0054S000000Ms6RQAS","2020-06-02T17:59:20.000Z","0054S000000Ms6RQAS","","","","a2G4S0000006UQTUA2","false","false","true","true","false","0.0","slide","true","false","false","false","","true","","a2I4S000000CeEgUAK","MappedSObjectScreenResource","","a2F4S0000008dc9UAA","LLC_BI__Loan__c","","","","","","","false","false",""
"a2F4S0000008dcAUAQ","","Editable","2020-06-02T17:59:20.000Z","0054S000000Ms6RQAS","2020-06-02T17:59:20.000Z","0054S000000Ms6RQAS","","","","a2G4S0000006UQAUA2","false","false","true","true","false","2.0","slide","true","false","false","false","","true","","a2I4S000000CeEhUAK","MappedSObjectScreenResource","","19341585604341051","LLC_BI__Loan__c","","","","","","","false","false",""
"a2F4S0000008dcBUAQ","","Fees","2020-06-02T17:59:20.000Z","0054S000000Ms6RQAS","2020-06-02T17:59:20.000Z","0054S000000Ms6RQAS","","","","a2G4S0000006UQhUAM","false","false","false","true","false","1.0","slide","true","false","false","false","","true","","a2I4S000000CeEiUAK","MappedSObjectHierarchyScreenResource","","a2F4S0000008dcBUAQ","LLC_BI__Loan__c","","","","","","","false","false",""
"a2F4S0000008dcCUAQ","","Participations","2020-06-02T17:59:20.000Z","0054S000000Ms6RQAS","2020-06-02T17:59:20.000Z","0054S000000Ms6RQAS","","","","a2G4S0000006UQiUAM","false","false","false","true","false","1.0","slide","true","false","false","false","","true","","a2I4S000000CeEjUAK","MappedSObjectHierarchyScreenResource","","a2F4S0000008dcCUAQ","LLC_BI__Loan__c","","","","","","","false","false",""
"a2F4S0000008dcDUAQ","","Post Closing Review","2020-06-02T17:59:20.000Z","0054S000000Ms6RQAS","2020-06-02T17:59:20.000Z","0054S000000Ms6RQAS","","","","a2G4S0000006UQWUA2","false","false","true","true","false","1.0","slide","true","false","false","false","","true","","a2I4S000000CeEkUAK","MappedSObjectScreenResource","","11651585604341049","LLC_BI__Loan__c","","","","","","","false","false",""
"a2F4S0000008dcEUAQ","","Read Only","2020-06-02T17:59:20.000Z","0054S000000Ms6RQAS","2020-06-02T17:59:20.000Z","0054S000000Ms6RQAS","","","","a2G4S0000006UQBUA2","false","false","false","true","false","1.0","slide","true","false","false","false","","false","","a2I4S000000CeElUAK","MappedSObjectScreenResource","","73851585604341051","LLC_BI__Loan__c","","","","","","","false","false",""
"a2F4S0000008dcFUAQ","","Risk Rating Review","2020-06-02T17:59:20.000Z","0054S000000Ms6RQAS","2020-06-02T17:59:20.000Z","0054S000000Ms6RQAS","","","","a2G4S0000006UQXUA2","false","false","false","true","false","1.0","slide","true","false","false","false","","true","","a2I4S000000CeEmUAK","MappedSObjectHierarchyScreenResource","","a2F4S0000008dcFUAQ","LLC_BI__Loan__c","","","","","","","false","false",""
"a2F4S0000008dcGUAQ","","Secondary Market","2020-06-02T17:59:20.000Z","0054S000000Ms6RQAS","2020-06-02T17:59:20.000Z","0054S000000Ms6RQAS","","","","a2G4S0000006UQYUA2","false","false","true","true","false","1.0","slide","true","false","false","false","","true","","a2I4S000000CeEnUAK","MappedSObjectScreenResource","","a2F4S0000008dcGUAQ","LLC_BI__Loan__c","","","","","","","false","false",""
"a2F4S0000008dcHUAQ","","Structure Info","2020-06-02T17:59:20.000Z","0054S000000Ms6RQAS","2020-06-02T17:59:20.000Z","0054S000000Ms6RQAS","","","","a2G4S0000006UQZUA2","false","false","true","true","false","1.0","slide","true","false","false","false","","true","","a2I4S000000CeEoUAK","MappedSObjectScreenResource","","a2F4S0000008dcHUAQ","LLC_BI__Loan__c","","","","","","","false","false",""
"a2F4S0000008dcIUAQ","","Third Party Reports","2020-06-02T17:59:20.000Z","0054S000000Ms6RQAS","2020-06-02T17:59:20.000Z","0054S000000Ms6RQAS","","","","a2G4S0000006UQaUAM","false","false","false","true","false","1.0","slide","true","false","false","false","","true","","a2I4S000000CeEpUAK","MappedSObjectHierarchyScreenResource","","50991585604341049","LLC_BI__Loan__c","","","","","","","false","false",""
"a2F4S0000008dcJUAQ","","Attorney Info Approved","2020-06-02T17:59:20.000Z","0054S000000Ms6RQAS","2020-06-02T17:59:20.000Z","0054S000000Ms6RQAS","","","","a2G4S0000006UQbUAM","false","false","false","true","false","1.0","slide","true","false","false","false","","false","","","MappedSObjectScreenResource","","a2F4S0000008dcJUAQ","LLC_BI__Loan__c","","","","","","","false","false",""
"a2F4S0000008dcKUAQ","","Fees Approved","2020-06-02T17:59:20.000Z","0054S000000Ms6RQAS","2020-06-02T17:59:20.000Z","0054S000000Ms6RQAS","","","","a2G4S0000006UQUUA2","false","false","false","true","false","1.0","slide","true","false","false","false","","false","","a2I4S000000CeEqUAK","MappedSObjectHierarchyScreenResource","","73131585604341049","LLC_BI__Loan__c","","","","","","","false","false",""
"a2F4S0000008dcLUAQ","","Loan Details Approved","2020-06-02T17:59:20.000Z","0054S000000Ms6RQAS","2020-06-02T17:59:20.000Z","0054S000000Ms6RQAS","","","","a2G4S0000006UQcUAM","false","false","false","true","false","1.0","slide","true","false","false","false","","false","","","MappedSObjectScreenResource","","a2F4S0000008dcLUAQ","LLC_BI__Loan__c","","","","","","","false","false",""
"a2F4S0000008dcMUAQ","","Post Closing Review Approved","2020-06-02T17:59:20.000Z","0054S000000Ms6RQAS","2020-06-02T17:59:20.000Z","0054S000000Ms6RQAS","","","","a2G4S0000006UQeUAM","false","false","false","true","false","1.0","slide","true","false","false","false","","false","","","MappedSObjectScreenResource","","a2F4S0000008dcMUAQ","LLC_BI__Loan__c","","","","","","","false","false",""
"a2F4S0000008dcNUAQ","","Secondary Market Approved","2020-06-02T17:59:20.000Z","0054S000000Ms6RQAS","2020-06-02T17:59:20.000Z","0054S000000Ms6RQAS","","","","a2G4S0000006UQfUAM","false","false","false","true","false","1.0","slide","true","false","false","false","","true","","","MappedSObjectScreenResource","","a2F4S0000008dcNUAQ","LLC_BI__Loan__c","","","","","","","false","false",""
"a2F4S0000008dcOUAQ","","Structure Info Approved","2020-06-02T17:59:20.000Z","0054S000000Ms6RQAS","2020-06-02T17:59:20.000Z","0054S000000Ms6RQAS","","","","a2G4S0000006UQgUAM","false","false","false","true","false","1.0","slide","true","false","false","false","","false","","","MappedSObjectScreenResource","","a2F4S0000008dcOUAQ","LLC_BI__Loan__c","","","","","","","false","false",""
"a2F4S0000008dcPUAQ","","Approval History Narrative","2020-06-02T17:59:20.000Z","0054S000000Ms6RQAS","2020-06-02T17:59:20.000Z","0054S000000Ms6RQAS","","","","a2G4S0000006UOhUAM","false","false","false","false","false","41.0","slide","true","false","true","false","","false","","","SObjectScreenResource","a2J4S0000008RDzUAM","42527048535146332","LLC_BI__Loan__c","","","","","","","false","false",""
"a2F4S0000008dcQUAQ","","Loan Summary Narrative","2020-06-02T17:59:20.000Z","0054S000000Ms6RQAS","2020-06-02T17:59:20.000Z","0054S000000Ms6RQAS","","","","a2G4S0000006UOhUAM","false","false","false","false","false","21.0","slide","true","false","true","false","","false","","","SObjectScreenResource","a2J4S0000008RE0UAM","42824230870207305","LLC_BI__Loan__c","","","","","","","false","false",""
"a2F4S0000008dcRUAQ","","Borrower Structure Narrative","2020-06-02T17:59:20.000Z","0054S000000Ms6RQAS","2020-06-02T17:59:20.000Z","0054S000000Ms6RQAS","","","","a2G4S0000006UOhUAM","false","false","false","false","false","32.0","slide","true","false","true","false","","false","","","SObjectScreenResource","a2J4S0000008RE1UAM","42201268601639824","LLC_BI__Loan__c","","","","","","","false","false",""
"a2F4S0000008dcSUAQ","","Collateral Narrative","2020-06-02T17:59:20.000Z","0054S000000Ms6RQAS","2020-06-02T17:59:20.000Z","0054S000000Ms6RQAS","","","","a2G4S0000006UOhUAM","false","false","false","false","false","71.0","slide","true","false","true","false","","true","","","SObjectScreenResource","a2J4S0000008RE2UAM","42027498111897625","LLC_BI__Loan__c","","","","","","","false","false",""
"a2F4S0000008dcTUAQ","","Policy Exception Narrative","2020-06-02T17:59:20.000Z","0054S000000Ms6RQAS","2020-06-02T17:59:20.000Z","0054S000000Ms6RQAS","","","","a2G4S0000006UOhUAM","false","false","false","false","false","51.0","slide","true","true","true","false","","true","","","SObjectScreenResource","a2J4S0000008RE3UAM","42678838693877409","LLC_BI__Loan__c","","","","","","","false","false",""
"a2F4S0000008dcUUAQ","","Lender Recommendation","2020-06-02T17:59:20.000Z","0054S000000Ms6RQAS","2020-06-02T17:59:20.000Z","0054S000000Ms6RQAS","","","","a2G4S0000006UOhUAM","false","false","false","false","false","160.0","slide","true","true","false","false","","true","","","SObjectScreenResource","a2J4S0000008RE4UAM","42525214042504730","LLC_BI__Loan__c","","","","","","","false","false",""
"a2F4S0000008dcVUAQ","","Fee Narrative","2020-06-02T17:59:20.000Z","0054S000000Ms6RQAS","2020-06-02T17:59:20.000Z","0054S000000Ms6RQAS","","","","a2G4S0000006UOhUAM","false","false","false","false","false","111.0","slide","true","true","true","false","","true","","","SObjectScreenResource","a2J4S0000008RE5UAM","42168445023002207","LLC_BI__Loan__c","","","","","","","false","false",""
"a2F4S0000008dcWUAQ","","Covenant Narrative","2020-06-02T17:59:20.000Z","0054S000000Ms6RQAS","2020-06-02T17:59:20.000Z","0054S000000Ms6RQAS","","","","a2G4S0000006UOhUAM","false","false","false","false","false","81.0","slide","true","true","true","false","","true","","","SObjectScreenResource","a2J4S0000008RE6UAM","42350594358425565","LLC_BI__Loan__c","","","","","","","false","false",""
"a2F4S0000008dcXUAQ","","Participation Narrative","2020-06-02T17:59:20.000Z","0054S000000Ms6RQAS","2020-06-02T17:59:20.000Z","0054S000000Ms6RQAS","","","","a2G4S0000006UOhUAM","false","false","false","false","false","121.0","slide","true","false","true","false","","true","","","SObjectScreenResource","a2J4S0000008RE7UAM","42942805047505018","LLC_BI__Loan__c","","","","","","","false","false",""
"a2F4S0000008dcYUAQ","","Financial Analysis","2020-06-02T17:59:20.000Z","0054S000000Ms6RQAS","2020-06-02T17:59:20.000Z","0054S000000Ms6RQAS","","","","a2G4S0000006UOhUAM","false","false","false","false","false","150.0","slide","true","true","false","false","","true","","","SObjectScreenResource","a2J4S0000008RE8UAM","42113036517836051","LLC_BI__Loan__c","","","","","","","false","false",""
"a2F4S0000008dcZUAQ","","Background Analysis","2020-06-02T17:59:20.000Z","0054S000000Ms6RQAS","2020-06-02T17:59:20.000Z","0054S000000Ms6RQAS","","","","a2G4S0000006UOhUAM","false","false","false","false","false","130.0","slide","true","true","false","false","","true","","","SObjectScreenResource","a2J4S0000008RE9UAM","42291586612256255","LLC_BI__Loan__c","","","","","","","false","false",""
"a2F4S0000008dcaUAA","","Loan Team Narrative","2020-06-02T17:59:20.000Z","0054S000000Ms6RQAS","2020-06-02T17:59:20.000Z","0054S000000Ms6RQAS","","","","a2G4S0000006UOhUAM","false","false","false","false","false","91.0","slide","true","false","true","false","","false","","","SObjectScreenResource","a2J4S0000008REAUA2","42616214139893525","LLC_BI__Loan__c","","","","","","","false","false",""
"a2F4S0000008dcbUAA","","Third Party Report Narrative","2020-06-02T17:59:20.000Z","0054S000000Ms6RQAS","2020-06-02T17:59:20.000Z","0054S000000Ms6RQAS","","","","a2G4S0000006UOhUAM","false","false","false","false","false","101.0","slide","true","false","true","false","","true","","","SObjectScreenResource","a2J4S0000008REBUA2","42238169820084757","LLC_BI__Loan__c","","","","","","","false","false",""
"a2F4S0000008dccUAA","","Relationship Summary Narrative","2020-06-02T17:59:20.000Z","0054S000000Ms6RQAS","2020-06-02T17:59:20.000Z","0054S000000Ms6RQAS","","","","a2G4S0000006UOhUAM","false","false","false","false","false","11.0","slide","true","false","true","false","","false","","","SObjectScreenResource","a2J4S0000008RECUA2","42731248413143256","LLC_BI__Loan__c","","","","","","","false","false",""
"a2F4S0000008dcdUAA","","Approval History Narrative","2020-06-02T17:59:20.000Z","0054S000000Ms6RQAS","2020-06-02T17:59:20.000Z","0054S000000Ms6RQAS","","","","a2G4S0000006UOiUAM","false","false","false","false","false","41.0","slide","true","false","true","false","","false","","","SObjectScreenResource","a2J4S0000008REFUA2","42988365389584356","LLC_BI__Loan__c","","","","","","","false","false",""
"a2F4S0000008dceUAA","","Loan Summary Narrative","2020-06-02T17:59:20.000Z","0054S000000Ms6RQAS","2020-06-02T17:59:20.000Z","0054S000000Ms6RQAS","","","","a2G4S0000006UOiUAM","false","false","false","false","false","21.0","slide","true","false","true","false","","false","","","SObjectScreenResource","a2J4S0000008REGUA2","42422695140661377","LLC_BI__Loan__c","","","","","","","false","false",""
"a2F4S0000008dcfUAA","","Borrower Structure Narrative","2020-06-02T17:59:20.000Z","0054S000000Ms6RQAS","2020-06-02T17:59:20.000Z","0054S000000Ms6RQAS","","","","a2G4S0000006UOiUAM","false","false","false","false","false","32.0","slide","true","false","true","false","","false","","","SObjectScreenResource","a2J4S0000008REHUA2","42074137386251621","LLC_BI__Loan__c","","","","","","","false","false",""
"a2F4S0000008dcgUAA","","Collateral Narrative","2020-06-02T17:59:20.000Z","0054S000000Ms6RQAS","2020-06-02T17:59:20.000Z","0054S000000Ms6RQAS","","","","a2G4S0000006UOiUAM","false","false","false","false","false","71.0","slide","true","false","true","false","","true","","","SObjectScreenResource","a2J4S0000008REIUA2","42305594037169869","LLC_BI__Loan__c","","","","","","","false","false",""
"a2F4S0000008dchUAA","","Policy Exception Narrative","2020-06-02T17:59:20.000Z","0054S000000Ms6RQAS","2020-06-02T17:59:20.000Z","0054S000000Ms6RQAS","","","","a2G4S0000006UOiUAM","false","false","false","false","false","51.0","slide","true","true","true","false","","true","","","SObjectScreenResource","a2J4S0000008REJUA2","42095880889055001","LLC_BI__Loan__c","","","","","","","false","false",""
"a2F4S0000008dciUAA","","Lender Recommendation","2020-06-02T17:59:20.000Z","0054S000000Ms6RQAS","2020-06-02T17:59:20.000Z","0054S000000Ms6RQAS","","","","a2G4S0000006UOiUAM","false","false","false","false","false","160.0","slide","true","true","false","false","","true","","","SObjectScreenResource","a2J4S0000008REKUA2","42413859030161242","LLC_BI__Loan__c","","","","","","","false","false",""
"a2F4S0000008dcjUAA","","Fee Narrative","2020-06-02T17:59:20.000Z","0054S000000Ms6RQAS","2020-06-02T17:59:20.000Z","0054S000000Ms6RQAS","","","","a2G4S0000006UOiUAM","false","false","false","false","false","111.0","slide","true","true","true","false","","true","","","SObjectScreenResource","a2J4S0000008RELUA2","42194108269481562","LLC_BI__Loan__c","","","","","","","false","false",""
"a2F4S0000008dckUAA","","Covenant Narrative","2020-06-02T17:59:20.000Z","0054S000000Ms6RQAS","2020-06-02T17:59:20.000Z","0054S000000Ms6RQAS","","","","a2G4S0000006UOiUAM","false","false","false","false","false","81.0","slide","true","true","true","false","","true","","","SObjectScreenResource","a2J4S0000008REMUA2","42935488464274581","LLC_BI__Loan__c","","","","","","","false","false",""
"a2F4S0000008dclUAA","","Participation Narrative","2020-06-02T17:59:20.000Z","0054S000000Ms6RQAS","2020-06-02T17:59:20.000Z","0054S000000Ms6RQAS","","","","a2G4S0000006UOiUAM","false","false","false","false","false","121.0","slide","true","false","true","false","","true","","","SObjectScreenResource","a2J4S0000008RENUA2","42431490679017639","LLC_BI__Loan__c","","","","","","","false","false",""
"a2F4S0000008dcmUAA","","Financial Analysis","2020-06-02T17:59:20.000Z","0054S000000Ms6RQAS","2020-06-02T17:59:20.000Z","0054S000000Ms6RQAS","","","","a2G4S0000006UOiUAM","false","false","false","false","false","150.0","slide","true","true","false","false","","true","","","SObjectScreenResource","a2J4S0000008REOUA2","42741954043871476","LLC_BI__Loan__c","","","","","","","false","false",""
"a2F4S0000008dcnUAA","","Background Analysis","2020-06-02T17:59:20.000Z","0054S000000Ms6RQAS","2020-06-02T17:59:20.000Z","0054S000000Ms6RQAS","","","","a2G4S0000006UOiUAM","false","false","false","false","false","130.0","slide","true","true","false","false","","true","","","SObjectScreenResource","a2J4S0000008REPUA2","42307554578277853","LLC_BI__Loan__c","","","","","","","false","false",""
"a2F4S0000008dcoUAA","","Loan Team Narrative","2020-06-02T17:59:20.000Z","0054S000000Ms6RQAS","2020-06-02T17:59:20.000Z","0054S000000Ms6RQAS","","","","a2G4S0000006UOiUAM","false","false","false","false","false","91.0","slide","true","false","true","false","","false","","","SObjectScreenResource","a2J4S0000008REQUA2","42876969618511882","LLC_BI__Loan__c","","","","","","","false","false",""
"a2F4S0000008dcpUAA","","Third Party Report Narrative","2020-06-02T17:59:20.000Z","0054S000000Ms6RQAS","2020-06-02T17:59:20.000Z","0054S000000Ms6RQAS","","","","a2G4S0000006UOiUAM","false","false","false","false","false","101.0","slide","true","false","true","false","","true","","","SObjectScreenResource","a2J4S0000008RERUA2","42414520152116166","LLC_BI__Loan__c","","","","","","","false","false",""
"a2F4S0000008dcqUAA","","Relationship Summary Narrative","2020-06-02T17:59:20.000Z","0054S000000Ms6RQAS","2020-06-02T17:59:20.000Z","0054S000000Ms6RQAS","","","","a2G4S0000006UOiUAM","false","false","false","false","false","11.0","slide","true","false","true","false","","false","","","SObjectScreenResource","a2J4S0000008RESUA2","42838771718377142","LLC_BI__Loan__c","","","","","","","false","false",""
"a2F4S0000008dcrUAA","","Compliance Info","2020-06-02T17:59:20.000Z","0054S000000Ms6RQAS","2020-06-02T17:59:20.000Z","0054S000000Ms6RQAS","","","","a2G4S0000006US7UAM","false","false","true","true","false","2.0","slide","true","false","false","false","","true","","a2I4S000000CeFUUA0","MappedSObjectScreenResource","","96621585604341048","LLC_BI__Loan__c","","","","","","","false","false",""
"a2F4S0000008dcsUAA","","Structure Info","2020-06-02T17:59:20.000Z","0054S000000Ms6RQAS","2020-06-02T17:59:20.000Z","0054S000000Ms6RQAS","","","","a2G4S0000006US7UAM","false","false","true","true","false","3.0","slide","true","false","false","false","","true","","a2I4S000000CeFVUA0","MappedSObjectScreenResource","","08301585604341048","LLC_BI__Loan__c","","","","","","","false","false",""
"a2F4S0000008dctUAA","","Risk Rating Appendix","2020-06-02T17:59:20.000Z","0054S000000Ms6RQAS","2020-06-02T17:59:20.000Z","0054S000000Ms6RQAS","","","","a2G4S0000006UOXUA2","false","false","false","false","false","210.0","slide","true","false","false","false","","false","","","MappedSObjectHierarchyScreenResource","a2J4S0000008RETUA2","42900322356230365","LLC_BI__Loan__c","","","","","","","false","false",""
"a2F4S0000008dcuUAA","","Relationship Summary","2020-06-02T17:59:20.000Z","0054S000000Ms6RQAS","2020-06-02T17:59:20.000Z","0054S000000Ms6RQAS","","","","a2G4S0000006UOkUAM","false","false","false","false","false","10.0","slide","true","false","false","false","","false","","a2I4S000000CeFWUA0","MappedSObjectHierarchyScreenResource","","42788224370578495","LLC_BI__Product_Package__c","","","","","","","false","false",""
"a2F4S0000008dcvUAA","","Relationship Summary Narrative","2020-06-02T17:59:20.000Z","0054S000000Ms6RQAS","2020-06-02T17:59:20.000Z","0054S000000Ms6RQAS","","","","a2G4S0000006UOkUAM","false","false","false","false","false","11.0","slide","true","false","true","false","","false","","","SObjectScreenResource","a2J4S0000008REUUA2","42541123450657103","LLC_BI__Product_Package__c","","","","","","","false","false",""
"a2F4S0000008dcwUAA","","Product Package Details","2020-06-02T17:59:20.000Z","0054S000000Ms6RQAS","2020-06-02T17:59:20.000Z","0054S000000Ms6RQAS","","","","a2G4S0000006UOkUAM","false","false","false","false","false","20.0","slide","true","true","false","false","","false","","a2I4S000000CeFXUA0","MappedSObjectScreenResource","","42394314582261519","LLC_BI__Product_Package__c","","","","","","","false","false",""
"a2F4S0000008dcxUAA","","Product Package Narrative","2020-06-02T17:59:20.000Z","0054S000000Ms6RQAS","2020-06-02T17:59:20.000Z","0054S000000Ms6RQAS","","","","a2G4S0000006UOkUAM","false","false","false","false","false","21.0","slide","true","true","true","false","","true","","","SObjectScreenResource","a2J4S0000008REVUA2","42977590701870676","LLC_BI__Product_Package__c","","","","","","","false","false",""
"a2F4S0000008dcyUAA","","Product Request","2020-06-02T17:59:20.000Z","0054S000000Ms6RQAS","2020-06-02T17:59:20.000Z","0054S000000Ms6RQAS","","","","a2G4S0000006UOkUAM","false","false","false","false","false","30.0","slide","true","false","false","false","","false","","a2I4S000000CeFYUA0","MappedSObjectHierarchyScreenResource","","42546850884953097","LLC_BI__Product_Package__c","","","","","","","false","false",""
"a2F4S0000008dczUAA","","Product Request Narrative","2020-06-02T17:59:20.000Z","0054S000000Ms6RQAS","2020-06-02T17:59:20.000Z","0054S000000Ms6RQAS","","","","a2G4S0000006UOkUAM","false","false","false","false","false","31.0","slide","true","false","true","false","","false","","","SObjectScreenResource","a2J4S0000008REWUA2","42731143331428995","LLC_BI__Product_Package__c","","","","","","","false","false",""
"a2F4S0000008dd0UAA","","Collateral Summary","2020-06-02T17:59:20.000Z","0054S000000Ms6RQAS","2020-06-02T17:59:20.000Z","0054S000000Ms6RQAS","","","","a2G4S0000006UOkUAM","false","false","false","false","false","40.0","slide","true","false","false","false","","false","","a2I4S000000CeFZUA0","MappedSObjectHierarchyScreenResource","","42752330422997823","LLC_BI__Product_Package__c","","","","","","","false","false",""
"a2F4S0000008dd1UAA","","Collateral Narrative","2020-06-02T17:59:20.000Z","0054S000000Ms6RQAS","2020-06-02T17:59:20.000Z","0054S000000Ms6RQAS","","","","a2G4S0000006UOkUAM","false","false","false","false","false","41.0","slide","true","false","true","false","","false","","","SObjectScreenResource","a2J4S0000008REXUA2","42941971103324877","LLC_BI__Product_Package__c","","","","","","","false","false",""
"a2F4S0000008dd2UAA","","Covenant Summary","2020-06-02T17:59:20.000Z","0054S000000Ms6RQAS","2020-06-02T17:59:20.000Z","0054S000000Ms6RQAS","","","","a2G4S0000006UOkUAM","false","false","false","false","false","50.0","slide","true","false","false","false","","false","","a2I4S000000CeFaUAK","MappedSObjectHierarchyScreenResource","","42018653342651418","LLC_BI__Product_Package__c","","","","","","","false","false",""
"a2F4S0000008dd3UAA","","Covenant Narrative","2020-06-02T17:59:20.000Z","0054S000000Ms6RQAS","2020-06-02T17:59:20.000Z","0054S000000Ms6RQAS","","","","a2G4S0000006UOkUAM","false","false","false","false","false","51.0","slide","true","false","true","false","","false","","","SObjectScreenResource","a2J4S0000008REYUA2","42876364403378051","LLC_BI__Product_Package__c","","","","","","","false","false",""
"a2F4S0000008dd4UAA","","Related Exposure","2020-06-02T17:59:20.000Z","0054S000000Ms6RQAS","2020-06-02T17:59:20.000Z","0054S000000Ms6RQAS","","","","a2G4S0000006UOkUAM","false","false","false","false","false","60.0","slide","true","false","false","false","","false","","a2I4S000000CeFbUAK","MappedSObjectHierarchyScreenResource","","42250324497769251","LLC_BI__Product_Package__c","","","","","","","false","false",""
"a2F4S0000008dd5UAA","","Product Package Team","2020-06-02T17:59:20.000Z","0054S000000Ms6RQAS","2020-06-02T17:59:20.000Z","0054S000000Ms6RQAS","","","","a2G4S0000006UOkUAM","false","false","false","false","false","70.0","slide","true","false","false","false","","false","","a2I4S000000CeFcUAK","MappedSObjectHierarchyScreenResource","","42979674269899947","LLC_BI__Product_Package__c","","","","","","","false","false",""
"a2F4S0000008dd6UAA","","Recommendation Summary","2020-06-02T17:59:20.000Z","0054S000000Ms6RQAS","2020-06-02T17:59:20.000Z","0054S000000Ms6RQAS","","","","a2G4S0000006UOkUAM","false","false","false","false","false","80.0","slide","true","false","false","false","","false","","","SObjectScreenResource","a2J4S0000008REZUA2","42026019034027144","LLC_BI__Product_Package__c","","","","","","","false","false",""
"a2F4S0000008dd7UAA","","Budget Details","2020-06-02T17:59:20.000Z","0054S000000Ms6RQAS","2020-06-02T17:59:20.000Z","0054S000000Ms6RQAS","","","","a2G4S0000006URvUAM","false","false","true","true","false","1.0","slide","true","false","false","false","","true","","a2I4S000000CeFdUAK","MappedSObjectScreenResource","","42737262622630319","LLC_BI__Loan__c","","","","","","","false","false",""
"a2F4S0000008dd8UAA","","Editable Fields","2020-06-02T17:59:20.000Z","0054S000000Ms6RQAS","2020-06-02T17:59:20.000Z","0054S000000Ms6RQAS","","","","a2G4S0000006USEUA2","false","false","true","true","false","","slide","true","false","false","false","","true","","a2I4S000000CeFeUAK","MappedSObjectScreenResource","","90351585604341048","LLC_BI__Loan__c","","","","","","","false","false",""
"a2F4S0000008dd9UAA","","Treasury Service Details","2020-06-02T17:59:20.000Z","0054S000000Ms6RQAS","2020-06-02T17:59:20.000Z","0054S000000Ms6RQAS","","","","a2G4S0000006USFUA2","false","false","true","true","false","1.0","slide","true","false","false","false","","true","","","MappedSObjectScreenResource","","42414514451905614","LLC_BI__Treasury_Service__c","","","","","","","false","false",""
"a2F4S0000008ddAUAQ","","Booked Details","2020-06-02T17:59:20.000Z","0054S000000Ms6RQAS","2020-06-02T17:59:20.000Z","0054S000000Ms6RQAS","","","","a2G4S0000006USGUA2","false","false","false","true","false","1.0","slide","true","false","false","false","","false","","a2I4S000000CeFfUAK","MappedSObjectScreenResource","","68261585604341048","LLC_BI__Loan__c","","","","","","","false","false",""
"a2F4S0000008ddBUAQ","","Balance Details","2020-06-02T17:59:20.000Z","0054S000000Ms6RQAS","2020-06-02T17:59:20.000Z","0054S000000Ms6RQAS","","","","a2G4S0000006USDUA2","false","false","false","true","false","1.0","slide","true","false","false","false","","false","","a2I4S000000CeFgUAK","MappedSObjectScreenResource","","57871585604341048","LLC_BI__Loan__c","","","","","","","false","false",""
"a2F4S0000008ddCUAQ","","Narrative","2020-06-02T17:59:20.000Z","0054S000000Ms6RQAS","2020-06-02T17:59:20.000Z","0054S000000Ms6RQAS","","","","a2G4S0000006USBUA2","false","false","false","true","false","1.0","slide","true","false","false","false","","false","","a2I4S000000CeFhUAK","MappedSObjectScreenResource","","27881585604341048","LLC_BI__Loan__c","","","","","","","false","false",""
"a2F4S0000008ddDUAQ","","Booked Information","2020-06-02T17:59:20.000Z","0054S000000Ms6RQAS","2020-06-02T17:59:20.000Z","0054S000000Ms6RQAS","","","","a2G4S0000006USCUA2","false","false","false","true","false","1.0","slide","true","false","false","false","","false","","a2I4S000000CeFiUAK","MappedSObjectScreenResource","","10361585604341048","LLC_BI__Loan__c","","","","","","","false","false",""
"a2F4S0000008ddEUAQ","","Memos","2020-06-02T17:59:20.000Z","0054S000000Ms6RQAS","2020-06-02T17:59:20.000Z","0054S000000Ms6RQAS","","","","a2G4S0000006USHUA2","false","false","false","true","false","1.0","slide","true","false","false","false","","false","","a2I4S000000CeFjUAK","MappedSObjectHierarchyScreenResource","","95551585604341048","LLC_BI__Loan__c","","","","","","","false","false",""
"a2F4S0000008ddFUAQ","","Relationship Summary Narrative","2020-06-02T17:59:20.000Z","0054S000000Ms6RQAS","2020-06-02T17:59:20.000Z","0054S000000Ms6RQAS","","","","a2G4S0000006UOmUAM","false","false","false","false","false","11.0","slide","true","false","true","false","","false","","","SObjectScreenResource","a2J4S0000008REaUAM","42426387900170911","LLC_BI__Product_Package__c","","","","","","","false","false",""
"a2F4S0000008ddGUAQ","","Product Package Narrative","2020-06-02T17:59:20.000Z","0054S000000Ms6RQAS","2020-06-02T17:59:20.000Z","0054S000000Ms6RQAS","","","","a2G4S0000006UOmUAM","false","false","false","false","false","21.0","slide","true","true","true","false","","true","","","SObjectScreenResource","a2J4S0000008REbUAM","42662515518530752","LLC_BI__Product_Package__c","","","","","","","false","false",""
"a2F4S0000008ddHUAQ","","Product Request Narrative","2020-06-02T17:59:20.000Z","0054S000000Ms6RQAS","2020-06-02T17:59:20.000Z","0054S000000Ms6RQAS","","","","a2G4S0000006UOmUAM","false","false","false","false","false","31.0","slide","true","false","true","false","","false","","","SObjectScreenResource","a2J4S0000008REcUAM","42341238622085514","LLC_BI__Product_Package__c","","","","","","","false","false",""
"a2F4S0000008ddIUAQ","","Collateral Narrative","2020-06-02T17:59:20.000Z","0054S000000Ms6RQAS","2020-06-02T17:59:20.000Z","0054S000000Ms6RQAS","","","","a2G4S0000006UOmUAM","false","false","false","false","false","41.0","slide","true","false","true","false","","false","","","SObjectScreenResource","a2J4S0000008REdUAM","42731043593521002","LLC_BI__Product_Package__c","","","","","","","false","false",""
"a2F4S0000008ddJUAQ","","Covenant Narrative","2020-06-02T17:59:20.000Z","0054S000000Ms6RQAS","2020-06-02T17:59:20.000Z","0054S000000Ms6RQAS","","","","a2G4S0000006UOmUAM","false","false","false","false","false","51.0","slide","true","false","true","false","","false","","","SObjectScreenResource","a2J4S0000008REeUAM","42346927977547257","LLC_BI__Product_Package__c","","","","","","","false","false",""
"a2F4S0000008ddKUAQ","","Related Exposure","2020-06-02T17:59:20.000Z","0054S000000Ms6RQAS","2020-06-02T17:59:20.000Z","0054S000000Ms6RQAS","","","","a2G4S0000006UOmUAM","false","false","false","false","false","60.0","slide","true","false","false","false","","false","","a2I4S000000CeFpUAK","MappedSObjectHierarchyScreenResource","","42759788525682508","LLC_BI__Product_Package__c","","","","","","","false","false",""
"a2F4S0000008ddLUAQ","","Recommendation Summary","2020-06-02T17:59:20.000Z","0054S000000Ms6RQAS","2020-06-02T17:59:20.000Z","0054S000000Ms6RQAS","","","","a2G4S0000006UOmUAM","false","false","false","false","false","80.0","slide","true","false","false","false","","false","","","SObjectScreenResource","a2J4S0000008REfUAM","42823277056143109","LLC_BI__Product_Package__c","","","","","","","false","false",""
"a2F4S0000008ddMUAQ","","Product Request Narrative","2020-06-02T17:59:20.000Z","0054S000000Ms6RQAS","2020-06-02T17:59:20.000Z","0054S000000Ms6RQAS","","","","a2G4S0000006UOnUAM","false","false","false","false","false","31.0","slide","true","false","true","false","","false","","","SObjectScreenResource","a2J4S0000008REgUAM","42923559862358925","LLC_BI__Product_Package__c","","","","","","","false","false",""
"a2F4S0000008ddNUAQ","","Product Package Narrative","2020-06-02T17:59:20.000Z","0054S000000Ms6RQAS","2020-06-02T17:59:20.000Z","0054S000000Ms6RQAS","","","","a2G4S0000006UOnUAM","false","false","false","false","false","21.0","slide","true","true","true","false","","true","","","SObjectScreenResource","a2J4S0000008REhUAM","42921689990057616","LLC_BI__Product_Package__c","","","","","","","false","false",""
"a2F4S0000008ddOUAQ","","Relationship Summary Narrative","2020-06-02T17:59:20.000Z","0054S000000Ms6RQAS","2020-06-02T17:59:20.000Z","0054S000000Ms6RQAS","","","","a2G4S0000006UOnUAM","false","false","false","false","false","11.0","slide","true","false","true","false","","false","","","SObjectScreenResource","a2J4S0000008REiUAM","42532939106808988","LLC_BI__Product_Package__c","","","","","","","false","false",""
"a2F4S0000008ddPUAQ","","Collateral Narrative","2020-06-02T17:59:20.000Z","0054S000000Ms6RQAS","2020-06-02T17:59:20.000Z","0054S000000Ms6RQAS","","","","a2G4S0000006UOnUAM","false","false","false","false","false","41.0","slide","true","false","true","false","","false","","","SObjectScreenResource","a2J4S0000008REjUAM","42323660634384084","LLC_BI__Product_Package__c","","","","","","","false","false",""
"a2F4S0000008ddQUAQ","","Covenant Narrative","2020-06-02T17:59:20.000Z","0054S000000Ms6RQAS","2020-06-02T17:59:20.000Z","0054S000000Ms6RQAS","","","","a2G4S0000006UOnUAM","false","false","false","false","false","51.0","slide","true","false","true","false","","false","","","SObjectScreenResource","a2J4S0000008REkUAM","42499191484482227","LLC_BI__Product_Package__c","","","","","","","false","false",""
"a2F4S0000008ddRUAQ","","Recommendation Summary","2020-06-02T17:59:20.000Z","0054S000000Ms6RQAS","2020-06-02T17:59:20.000Z","0054S000000Ms6RQAS","","","","a2G4S0000006UOnUAM","false","false","false","false","false","80.0","slide","true","false","false","false","","false","","","SObjectScreenResource","a2J4S0000008RElUAM","42534895387505932","LLC_BI__Product_Package__c","","","","","","","false","false",""
"a2F4S0000008ddSUAQ","","Relationship Summary Narrative","2020-06-02T17:59:20.000Z","0054S000000Ms6RQAS","2020-06-02T17:59:20.000Z","0054S000000Ms6RQAS","","","","a2G4S0000006UOlUAM","false","false","false","false","false","11.0","slide","true","false","true","false","","false","","","SObjectScreenResource","a2J4S0000008REmUAM","42460191554207209","LLC_BI__Product_Package__c","","","","","","","false","false",""
"a2F4S0000008ddTUAQ","","Product Package Narrative","2020-06-02T17:59:20.000Z","0054S000000Ms6RQAS","2020-06-02T17:59:20.000Z","0054S000000Ms6RQAS","","","","a2G4S0000006UOlUAM","false","false","false","false","false","21.0","slide","true","true","true","false","","true","","","SObjectScreenResource","a2J4S0000008REnUAM","42748071746654704","LLC_BI__Product_Package__c","","","","","","","false","false",""
"a2F4S0000008ddUUAQ","","Product Request Narrative","2020-06-02T17:59:20.000Z","0054S000000Ms6RQAS","2020-06-02T17:59:20.000Z","0054S000000Ms6RQAS","","","","a2G4S0000006UOlUAM","false","false","false","false","false","31.0","slide","true","false","true","false","","false","","","SObjectScreenResource","a2J4S0000008REoUAM","42906038113295316","LLC_BI__Product_Package__c","","","","","","","false","false",""
"a2F4S0000008ddVUAQ","","Collateral Narrative","2020-06-02T17:59:20.000Z","0054S000000Ms6RQAS","2020-06-02T17:59:20.000Z","0054S000000Ms6RQAS","","","","a2G4S0000006UOlUAM","false","false","false","false","false","41.0","slide","true","false","true","false","","false","","","SObjectScreenResource","a2J4S0000008REpUAM","42883966987891251","LLC_BI__Product_Package__c","","","","","","","false","false",""
"a2F4S0000008ddWUAQ","","Covenant Narrative","2020-06-02T17:59:20.000Z","0054S000000Ms6RQAS","2020-06-02T17:59:20.000Z","0054S000000Ms6RQAS","","","","a2G4S0000006UOlUAM","false","false","false","false","false","51.0","slide","true","false","true","false","","false","","","SObjectScreenResource","a2J4S0000008REqUAM","42042930511836574","LLC_BI__Product_Package__c","","","","","","","false","false",""
"a2F4S0000008ddXUAQ","","Related Exposure","2020-06-02T17:59:20.000Z","0054S000000Ms6RQAS","2020-06-02T17:59:20.000Z","0054S000000Ms6RQAS","","","","a2G4S0000006UOlUAM","false","false","false","false","false","60.0","slide","true","false","false","false","","false","","a2I4S000000CeG3UAK","MappedSObjectHierarchyScreenResource","","42820016481171796","LLC_BI__Product_Package__c","","","","","","","false","false",""
"a2F4S0000008ddYUAQ","","Recommendation Summary","2020-06-02T17:59:20.000Z","0054S000000Ms6RQAS","2020-06-02T17:59:20.000Z","0054S000000Ms6RQAS","","","","a2G4S0000006UOlUAM","false","false","false","false","false","80.0","slide","true","false","false","false","","false","","","SObjectScreenResource","a2J4S0000008RErUAM","42160058438138487","LLC_BI__Product_Package__c","","","","","","","false","false",""
"a2F4S0000008ddZUAQ","","Product Request Narrative","2020-06-02T17:59:20.000Z","0054S000000Ms6RQAS","2020-06-02T17:59:20.000Z","0054S000000Ms6RQAS","","","","a2G4S0000006UOoUAM","false","false","false","false","false","31.0","slide","true","false","true","false","","false","","","SObjectScreenResource","a2J4S0000008REsUAM","42698626094844785","LLC_BI__Product_Package__c","","","","","","","false","false",""
"a2F4S0000008ddaUAA","","Product Package Narrative","2020-06-02T17:59:20.000Z","0054S000000Ms6RQAS","2020-06-02T17:59:20.000Z","0054S000000Ms6RQAS","","","","a2G4S0000006UOoUAM","false","false","false","false","false","21.0","slide","true","true","true","false","","true","","","SObjectScreenResource","a2J4S0000008REtUAM","42332766174126920","LLC_BI__Product_Package__c","","","","","","","false","false",""
"a2F4S0000008ddbUAA","","Relationship Summary Narrative","2020-06-02T17:59:20.000Z","0054S000000Ms6RQAS","2020-06-02T17:59:20.000Z","0054S000000Ms6RQAS","","","","a2G4S0000006UOoUAM","false","false","false","false","false","11.0","slide","true","false","true","false","","false","","","SObjectScreenResource","a2J4S0000008REuUAM","42345357133260604","LLC_BI__Product_Package__c","","","","","","","false","false",""
"a2F4S0000008ddcUAA","","Collateral Narrative","2020-06-02T17:59:20.000Z","0054S000000Ms6RQAS","2020-06-02T17:59:20.000Z","0054S000000Ms6RQAS","","","","a2G4S0000006UOoUAM","false","false","false","false","false","41.0","slide","true","false","true","false","","false","","","SObjectScreenResource","a2J4S0000008REvUAM","42741768750442695","LLC_BI__Product_Package__c","","","","","","","false","false",""
"a2F4S0000008dddUAA","","Covenant Narrative","2020-06-02T17:59:20.000Z","0054S000000Ms6RQAS","2020-06-02T17:59:20.000Z","0054S000000Ms6RQAS","","","","a2G4S0000006UOoUAM","false","false","false","false","false","51.0","slide","true","false","true","false","","false","","","SObjectScreenResource","a2J4S0000008REwUAM","42630974350970159","LLC_BI__Product_Package__c","","","","","","","false","false",""
"a2F4S0000008ddeUAA","","Recommendation Summary","2020-06-02T17:59:20.000Z","0054S000000Ms6RQAS","2020-06-02T17:59:20.000Z","0054S000000Ms6RQAS","","","","a2G4S0000006UOoUAM","false","false","false","false","false","80.0","slide","true","false","false","false","","false","","","SObjectScreenResource","a2J4S0000008RExUAM","42038128051077669","LLC_BI__Product_Package__c","","","","","","","false","false",""
"a2F4S0000008iu5UAA","","DEP Personal Contact (Individual)1","2020-06-16T19:09:23.000Z","0054S000000Ms6RQAS","2020-11-24T21:22:05.000Z","0054S000000Ms6RQAS","","","","a2G4S0000006cJyUAI","false","false","true","false","false","5.0","slide","true","false","false","false","","true","","a2I4S000000CmbcUAC","MappedSObjectScreenResource","","42829731024289699","Contact","","","{{IF=""A""}} {{COND=""A"" FIELD=""Contact.Is_existing_customer__c"" IS=""No""}}{{ENDIF}}","a2F4S0000008rKXUAY","","","false","false",""
"a2F4S0000008iu6UAA","","Personal Info - Editable","2020-06-16T19:09:23.000Z","0054S000000Ms6RQAS","2020-11-25T14:46:08.000Z","0054S000000Ms6RQAS","","","","a2G4S0000006cJzUAI","false","false","true","false","false","5.0","slide","true","false","false","false","","true","","a2I4S000000Cn28UAC","MappedSObjectScreenResource","","42837927679268257","Contact","","","{{IF=""A""}} {{COND=""A"" FIELD=""Contact.Is_existing_customer__c"" IS=""No""}}{{ENDIF}}","a2F4S0000008rMWUAY","","","false","false",""
"a2F4S0000008iu7UAA","","DEP Business Info- Sole Props","2020-06-16T19:09:23.000Z","0054S000000Ms6RQAS","2021-03-05T21:09:35.000Z","0054S000000Ms6RQAS","","","","a2G4S0000006cK0UAI","false","false","true","false","false","10.0","slide","true","false","false","false","","true","","","MappedSObjectScreenResource","","42762845247736982","Account","Please enter the name which you are doing business as.","If you do not have a legal business name and operate as a sole proprietor, please enter your personal name.","{{IF=""A""}}
{{COND=""A"" FIELD=""Account.Legal_Entity_Type_cm__c"" IS=""Sole Proprietorship - Business""}}
{{ENDIF}}","a2F4S0000008mXyUAI","","","false","false",""
"a2F4S0000008iu8UAA","","DEP Business Location","2020-06-16T19:09:23.000Z","0054S000000Ms6RQAS","2021-03-05T20:39:06.000Z","0054S000000Ms6RQAS","","","","a2G4S0000006cK0UAI","false","false","true","false","false","40.0","slide","true","false","false","false","","true","","","MappedSObjectScreenResource","","42511317225468948","Account","Where is your business located?","","","","","","false","false",""
"a2F4S0000008iu9UAA","","DEP Personal Role (Business)","2020-06-16T19:09:23.000Z","0054S000000Ms6RQAS","2020-06-16T19:09:23.000Z","0054S000000Ms6RQAS","","","","a2G4S0000006cK1UAI","false","false","true","false","false","0.0","slide","true","false","false","false","","true","","","MappedSObjectListScreenResource","","42971737387996764","LLC_BI__Connection__c","","","","","","","false","false",""
"a2F4S0000008iuAUAQ","","DEP Personal Contact (Business)","2020-06-16T19:09:23.000Z","0054S000000Ms6RQAS","2020-06-16T19:09:23.000Z","0054S000000Ms6RQAS","","","","a2G4S0000006cK1UAI","false","false","true","false","false","1.0","slide","true","false","false","false","","true","","","MappedSObjectListScreenResource","","42359981243693640","Contact","","","","","","","false","false",""
"a2F4S0000008iuBUAQ","","DEP Personal Contact (Additional Owner)","2020-06-16T19:09:23.000Z","0054S000000Ms6RQAS","2020-06-16T19:09:23.000Z","0054S000000Ms6RQAS","","","","a2G4S0000006cK2UAI","false","false","true","false","false","0.0","slide","true","false","false","false","","true","","","MappedSObjectListScreenResource","","42350701849869268","Contact","","","","","","","false","false",""
"a2F4S0000008ixQUAQ","","ACH Funding","2020-06-17T19:13:20.000Z","0054S000000Ms6RQAS","2020-06-17T19:14:55.000Z","0054S000000Ms6RQAS","","","","a2G4S0000006ckVUAQ","false","false","false","false","false","10.0","slide","true","false","false","false","","true","","","MappedSObjectScreenResource","","42748778629426548","LLC_BI__Funding_Method__c","","","","","","","false","false",""
"a2F4S0000008izXUAQ","","Mailing Address","2020-06-19T01:28:28.000Z","0054S000000Ms6RQAS","2020-11-24T21:32:38.000Z","0054S000000Ms6RQAS","","","","a2G4S0000006cJyUAI","false","false","false","false","false","10.0","slide","true","false","false","false","","true","","a2I4S000000CmbhUAC","MappedSObjectScreenResource","","a2F4S0000008izXUAQ","Contact","","","{{IF=""A AND B""}}{{COND=""A"" FIELD=""Contact.cm_Mailing_Same_as_Physical__c"" IS=""No""}}{{COND=""B"" FIELD=""Contact.Is_existing_customer__c"" IS=""No""}}{{{ENDIF}}","a2F4S0000008iu5UAA","","","false","false",""
"a2F4S0000008j1JUAQ","","Questionnaire Admin Screen Section Lookup Section","2020-06-19T12:52:17.000Z","0054S000000Ms6RQAS","2020-06-19T12:52:17.000Z","0054S000000Ms6RQAS","","","","a2G4S0000006dUeUAI","false","false","true","true","false","1.0","slide","true","false","false","false","","true","","","MappedSObjectScreenResource","","42705587078468156","nFORCE__Question__c","","","","","","","false","false",""
"a2F4S0000008j7HUAQ","","Add Multiple Beneficiaries","2020-06-22T21:04:20.000Z","0054S000000Ms6RQAS","2020-11-09T18:34:26.000Z","0054S000000Ms6RQAS","","","","a2G4S0000006eL0UAI","false","false","true","true","false","0.0","slide","true","false","false","false","","true","","","MappedSObjectScreenResource","","42588736368023338","LLC_BI__Beneficiary__c","Beneficiary Information","","","","","","false","false",""
"a2F4S0000008j98UAA","","Loan","2020-06-23T14:00:47.000Z","0054S000000NfYhQAK","2020-06-23T14:00:47.000Z","0054S000000NfYhQAK","","","","a2G4S0000006ePYUAY","false","false","false","true","false","0.0","slide","true","false","false","false","","false","","","MappedSObjectScreenResource","","06391F7F_4769_4416_BF24_6D6C4F1C552B","LLC_BI__Loan__c","","","","","6.0","","false","false",""
"a2F4S0000008j99UAA","","Entity Involvement","2020-06-23T14:00:47.000Z","0054S000000NfYhQAK","2020-06-23T14:00:47.000Z","0054S000000NfYhQAK","","","","a2G4S0000006ePYUAY","false","false","false","true","false","0.0","slide","true","false","false","false","","false","","","MappedSObjectHierarchyScreenResource","","4650565C_212B_4D2E_9208_1417012E0965","LLC_BI__Loan__c","","","","","6.0","","false","false",""
"a2F4S0000008j9AUAQ","","Fee","2020-06-23T14:00:47.000Z","0054S000000NfYhQAK","2020-06-23T14:00:47.000Z","0054S000000NfYhQAK","","","","a2G4S0000006ePYUAY","false","false","false","true","false","0.0","slide","true","false","false","false","","false","","","MappedSObjectHierarchyScreenResource","","39304662_2E4E_4773_9E38_0B5F565C5032","LLC_BI__Loan__c","","","","","6.0","","false","false",""
"a2F4S0000008j9BUAQ","","Collateral Pledged","2020-06-23T14:00:47.000Z","0054S000000NfYhQAK","2020-06-23T14:00:47.000Z","0054S000000NfYhQAK","","","","a2G4S0000006ePYUAY","false","false","false","true","false","0.0","slide","true","false","false","false","","false","","","MappedSObjectHierarchyScreenResource","","735C3F42_3C58_436E_8D1A_697845631319","LLC_BI__Loan__c","","","","","6.0","","false","false",""
"a2F4S0000008j9CUAQ","","Loan Covenant","2020-06-23T14:00:47.000Z","0054S000000NfYhQAK","2020-06-23T14:00:47.000Z","0054S000000NfYhQAK","","","","a2G4S0000006ePYUAY","false","false","false","true","false","0.0","slide","true","false","false","false","","false","","","MappedSObjectHierarchyScreenResource","","52333824_1053_4B4D_9C19_546E017A7766","LLC_BI__Loan__c","","","","","6.0","","false","false",""
"a2F4S0000008j9DUAQ","","Loan Team Member","2020-06-23T14:00:47.000Z","0054S000000NfYhQAK","2020-06-23T14:00:47.000Z","0054S000000NfYhQAK","","","","a2G4S0000006ePYUAY","false","false","false","true","false","0.0","slide","true","false","false","false","","false","","","MappedSObjectHierarchyScreenResource","","6A2D6C53_303D_4A6B_AC3A_532936151F3B","LLC_BI__Loan__c","","","","","6.0","","false","false",""
"a2F4S0000008j9EUAQ","","Loan Pricing Information","2020-06-23T14:00:47.000Z","0054S000000NfYhQAK","2020-06-23T14:00:47.000Z","0054S000000NfYhQAK","","","","a2G4S0000006ePYUAY","false","false","false","true","false","0.0","slide","true","false","false","false","","false","","","MappedSObjectScreenResource","","5432377F_7332_433B_9515_580844072758","LLC_BI__Loan__c","","","","","6.0","","false","false",""
"a2F4S0000008j9FUAQ","","Deposit","2020-06-23T14:00:47.000Z","0054S000000NfYhQAK","2020-06-23T14:00:47.000Z","0054S000000NfYhQAK","","","","a2G4S0000006ePZUAY","false","false","false","true","false","0.0","slide","true","false","false","false","","false","","","MappedSObjectScreenResource","","2A20000D_3F0D_413F_AA0D_723C1B126E7D","LLC_BI__Deposit__c","","","","","6.0","","false","false",""
"a2F4S0000008j9GUAQ","","Entity Involvement","2020-06-23T14:00:48.000Z","0054S000000NfYhQAK","2020-06-23T14:00:48.000Z","0054S000000NfYhQAK","","","","a2G4S0000006ePZUAY","false","false","false","true","false","0.0","slide","true","false","false","false","","false","","","MappedSObjectHierarchyScreenResource","","4D322D11_1C40_491C_9D20_137215395E31","LLC_BI__Deposit__c","","","","","6.0","","false","false",""
"a2F4S0000008j9HUAQ","","Analyzed Account","2020-06-23T14:00:48.000Z","0054S000000NfYhQAK","2020-06-23T14:00:48.000Z","0054S000000NfYhQAK","","","","a2G4S0000006ePZUAY","false","false","false","true","false","0.0","slide","true","false","false","false","","false","","","MappedSObjectHierarchyScreenResource","","7C7E761A_2050_400D_AA39_08670022766D","LLC_BI__Deposit__c","","","","","6.0","","false","false",""
"a2F4S0000008j9IUAQ","","Beneficiary","2020-06-23T14:00:48.000Z","0054S000000NfYhQAK","2020-06-23T14:00:48.000Z","0054S000000NfYhQAK","","","","a2G4S0000006ePZUAY","false","false","false","true","false","0.0","slide","true","false","false","false","","false","","","MappedSObjectHierarchyScreenResource","","69361070_2F2F_4A02_B56E_4E0C51022E3E","LLC_BI__Deposit__c","","","","","6.0","","false","false",""
"a2F4S0000008j9SUAQ","","DEP Primary Identification","2020-06-23T15:35:29.000Z","0054S000000Ms6RQAS","2020-06-23T15:38:16.000Z","0054S000000Ms6RQAS","","","","a2G4S0000006cJyUAI","false","false","false","false","false","30.0","slide","true","false","false","false","","true","","a2I4S000000ClrfUAC","MappedSObjectScreenResource","","42549983309659789","Contact","Primary ID Details","Please enter or confirm your Primary ID information","","","","","false","false",""
"a2F4S0000008jF1UAI","","Interest Disposition","2020-06-24T20:52:33.000Z","0054S000000Ms6RQAS","2020-06-24T20:52:33.000Z","0054S000000Ms6RQAS","","","","a2G4S0000006fB1UAI","false","false","true","false","false","0.0","slide","true","false","false","false","","true","","","MappedSObjectScreenResource","","42195739363852861","LLC_BI__Deposit__c","","","","","","","false","false",""
"a2F4S0000008jF6UAI","","ACH Interest Information","2020-06-24T20:54:33.000Z","0054S000000Ms6RQAS","2020-06-24T20:54:33.000Z","0054S000000Ms6RQAS","","","","a2G4S0000006fB1UAI","false","false","false","false","false","5.0","slide","true","false","false","false","","true","","","MappedSObjectScreenResource","","42210563823841615","LLC_BI__Deposit__c","","","{{IF=""A""}}{{COND=""A"" FIELD=""LLC_BI__Deposit__c.LLC_BI__Interest_Payment_Method_Type__c"" IS=""Automatic Transfer (ACH)""}}{{ENDIF}}","a2F4S0000008jF1UAI","","","false","false",""
"a2F4S0000008jhoUAA","","Co Owner Mailing Address- Editable","2020-07-01T13:47:51.000Z","0054S000000Ms6RQAS","2020-11-25T14:40:13.000Z","0054S000000Ms6RQAS","","","","a2G4S0000006cJzUAI","false","false","true","true","false","10.0","slide","true","false","false","false","","true","","","MappedSObjectScreenResource","","42252305205159265","Contact","","","{{IF=""A AND B""}}{{COND=""A"" FIELD=""Contact.cm_Mailing_Same_as_Physical__c"" IS=""No""}}{{COND=""B"" FIELD=""Contact.Is_existing_customer__c"" IS=""No""}}{{{ENDIF}}","a2F4S0000008iu6UAA","","","false","false",""
"a2F4S0000008jhtUAA","","DEP Primary Identification (Owner)","2020-07-01T13:51:36.000Z","0054S000000Ms6RQAS","2020-11-25T14:41:31.000Z","0054S000000Ms6RQAS","","","","a2G4S0000006cJzUAI","false","false","false","false","false","30.0","slide","true","false","false","false","","true","","a2I4S000000Cn2IUAS","MappedSObjectScreenResource","","42645675975612420","Contact","Primary ID Details","Please enter or confirm your Primary ID information","","","","","false","false",""
"a2F4S0000008mXyUAI","","Dep- Business Entity Typ","2020-08-25T16:09:01.000Z","0054S000000Ms6RQAS","2020-08-25T16:14:40.000Z","0054S000000Ms6RQAS","","","","a2G4S0000006cK0UAI","false","false","false","false","false","0.0","slide","true","false","false","false","","true","","a2I4S000000CmHDUA0","MappedSObjectScreenResource","","42908954744327789","Account","","","","","","","false","false",""
"a2F4S0000008mYDUAY","","DEP Business Mailing Address","2020-08-25T18:35:42.000Z","0054S000000Ms6RQAS","2020-08-25T18:40:48.000Z","0054S000000Ms6RQAS","","","","a2G4S0000006cK0UAI","false","false","true","false","false","45.0","slide","true","false","false","false","","true","","a2I4S000000CmHIUA0","MappedSObjectScreenResource","","42996889976689548","Account","","","{{IF=""A""}}
{{COND=""A"" FIELD=""Account.Business_Mailing_Address_Same_as_Physica__c"" IS=""No""}}
{{ENDIF}}","a2F4S0000008iu8UAA","","","false","false",""
"a2F4S0000008mYIUAY","","DEP Personal Contact info (Business)","2020-08-25T18:55:27.000Z","0054S000000Ms6RQAS","2020-08-25T19:19:21.000Z","0054S000000Ms6RQAS","","","","a2G4S000000syBuUAI","false","false","true","false","false","0.0","slide","true","false","false","false","","true","","a2I4S000000CmHSUA0","MappedSObjectScreenResource","","26731598381727799","Contact","","","","","","","false","false",""
"a2F4S0000008mYKUAY","","DEP Primary Identification","2020-08-25T18:55:27.000Z","0054S000000Ms6RQAS","2020-08-25T18:55:27.000Z","0054S000000Ms6RQAS","","","","a2G4S000000syBuUAI","false","false","false","false","false","30.0","slide","true","false","false","false","","true","","a2I4S000000CmHNUA0","MappedSObjectScreenResource","","51571598381727799","Contact","Primary ID Details","Please enter or confirm your Primary ID information","","","","","false","false",""
"a2F4S0000008mYLUAY","","DEP Personal Contact Mailing Address","2020-08-25T18:55:27.000Z","0054S000000Ms6RQAS","2020-09-10T17:43:56.000Z","0054S000000Ms6RQAS","","","","a2G4S000000syBuUAI","false","false","true","true","false","0.0","slide","true","false","false","false","","true","","","MappedSObjectScreenResource","","64381598381727800","Contact","","","{{IF=""A""}} {{COND=""A"" FIELD=""Contact.cm_Mailing_Same_as_Physical__c"" IS=""No""}} {{ENDIF}}","a2F4S0000008mYIUAY","","","false","false",""
"a2F4S0000008mYNUAY","","Dep-Personal info- Connection Role","2020-08-25T19:24:26.000Z","0054S000000Ms6RQAS","2020-08-27T18:00:29.000Z","0054S000000Ms6RQAS","","","","a2G4S000000syBuUAI","false","false","false","false","false","10.0","slide","true","false","false","false","","true","","a2I4S000000CmHXUA0","MappedSObjectScreenResource","","42284196610042086","LLC_BI__Connection__c","Tell us how you are associated to this business","Beneficial owners are those with more than 25% ownership in the company.","","","","","false","false",""
"a2F4S0000008ma9UAA","","OA - Overdraft Opt-In Acknowledgement","2020-08-26T15:10:25.000Z","0054S000000Ms6RQAS","2020-12-15T18:44:59.000Z","0054S000000Ms6RQAS","","","","a2G4S000000syC4UAI","false","false","true","true","false","0.0","slide","true","false","false","false","","true","","a2I4S000000CmHcUAK","MappedSObjectScreenResource","","42777569637981581","LLC_BI__Treasury_Service__c","Opt-In Acknowledgement","By choosing 'Opt-In' below, I agree to have Demo Bank authorize and pay overdrafts on my ATM and everyday debit card transactions.","","","","","false","false",""
"a2F4S0000008masUAA","","DEP Business Info- Non Sole Prop","2020-08-26T19:14:14.000Z","0054S000000Ms6RQAS","2021-03-05T21:09:43.000Z","0054S000000Ms6RQAS","","","","a2G4S0000006cK0UAI","false","false","true","false","false","10.0","slide","true","false","false","false","","true","","a2I4S000000CmIQUA0","MappedSObjectScreenResource","","42403585101966532","Account","","","{{IF=""A""}}
{{COND=""A"" FIELD=""Account.Legal_Entity_Type_cm__c"" NOT=""Sole Proprietorship - Business""}}
{{ENDIF}}","a2F4S0000008mXyUAI","","","false","false",""
"a2F4S0000008mfMUAQ","","Dep-Personal info- Ownership Percent","2020-08-27T17:57:55.000Z","0054S000000Ms6RQAS","2020-08-27T18:00:12.000Z","0054S000000Ms6RQAS","","","","a2G4S000000syBuUAI","false","false","false","false","false","11.0","slide","true","false","false","false","","true","","a2I4S000000CmMdUAK","MappedSObjectScreenResource","","42113012111374632","LLC_BI__Connection__c","","","{{IF=""A""}}{{COND=""A"" FIELD=""LLC_BI__Connection__c.Role_cm__c"" IS=""Beneficial Owner""}}{{ENDIF}}","a2F4S0000008mYNUAY","","","false","false",""
"a2F4S0000008mfWUAQ","","DEP Personal Contact info (Business)","2020-08-27T18:35:23.000Z","0054S000000Ms6RQAS","2020-08-27T18:35:24.000Z","0054S000000Ms6RQAS","","","","a2G4S000000syKDUAY","false","false","true","false","false","0.0","slide","true","false","false","false","","true","","a2I4S000000CmMjUAK","MappedSObjectScreenResource","","83411598553323930","Contact","","","","","","","false","false",""
"a2F4S0000008mfXUAQ","","DEP Primary Identification","2020-08-27T18:35:23.000Z","0054S000000Ms6RQAS","2020-08-27T18:35:24.000Z","0054S000000Ms6RQAS","","","","a2G4S000000syKDUAY","false","false","false","false","false","30.0","slide","true","false","false","false","","true","","a2I4S000000CmMiUAK","MappedSObjectScreenResource","","20271598553323930","Contact","Primary ID Details","Please enter or confirm your Primary ID information","","","","","false","false",""
"a2F4S0000008mfbUAA","","DEP Personal Contact Mailing Address","2020-08-27T18:35:23.000Z","0054S000000Ms6RQAS","2020-09-10T17:43:56.000Z","0054S000000Ms6RQAS","","","","a2G4S000000syKDUAY","false","false","true","true","false","0.0","slide","true","false","false","false","","true","","","MappedSObjectScreenResource","","11051598553323932","Contact","","","{{IF=""A""}} {{COND=""A"" FIELD=""Contact.cm_Mailing_Same_as_Physical__c"" IS=""No""}} {{ENDIF}}","a2F4S0000008mfWUAQ","","","false","false",""
"a2F4S0000008n0WUAQ","","DAO Consumer CD (Interest Bearing) - Product Information","2020-09-01T19:12:24.000Z","0054S000000Ms6RQAS","2020-09-01T20:04:22.000Z","0054S000000Ms6RQAS","","","","a2G4S000000syOUUAY","false","false","true","false","false","10.0","slide","true","false","false","false","","true","","a2I4S000000CmNCUA0","MappedSObjectScreenResource","","42527695580362186","LLC_BI__Deposit__c","","","","","","","false","false",""
"a2F4S0000008n0XUAQ","","DAO Consumer Checking (Non-Int. Bearing) - Product Information","2020-09-01T19:12:56.000Z","0054S000000Ms6RQAS","2020-09-03T01:48:00.000Z","0054S000000Ms6RQAS","","","","a2G4S000000syOUUAY","false","false","false","false","false","10.0","slide","true","false","false","false","","true","","a2I4S000000CmN7UAK","MappedSObjectScreenResource","","42443015058535654","LLC_BI__Deposit__c","","","","","","","false","false",""
"a2F4S0000008n0bUAA","","DAO Consumer Savings (Interest Bearing) - Product Information","2020-09-01T19:13:23.000Z","0054S000000Ms6RQAS","2020-09-03T01:46:55.000Z","0054S000000Ms6RQAS","","","","a2G4S000000syOUUAY","false","false","true","false","false","10.0","slide","true","false","false","false","","true","","a2I4S000000CmN2UAK","MappedSObjectScreenResource","","42614826030555607","LLC_BI__Deposit__c","","","","","","","false","false",""
"a2F4S0000008n0lUAA","","DAO Business Savings (Interest Bearing) - Product Information","2020-09-01T20:05:03.000Z","0054S000000Ms6RQAS","2020-09-01T20:05:24.000Z","0054S000000Ms6RQAS","","","","a2G4S000000syOUUAY","false","false","true","false","false","10.0","slide","true","false","false","false","","true","","a2I4S000000CmNHUA0","MappedSObjectScreenResource","","42198073587141909","LLC_BI__Deposit__c","","","","","","","false","false",""
"a2F4S0000008n0qUAA","","DAO Business Checking (Non-Int. Bearing) - Product Information","2020-09-01T20:06:46.000Z","0054S000000Ms6RQAS","2020-09-01T20:09:53.000Z","0054S000000Ms6RQAS","","","","a2G4S000000syOUUAY","false","false","true","false","false","10.0","slide","true","false","false","false","","true","","a2I4S000000CmNMUA0","MappedSObjectScreenResource","","42906626838207927","LLC_BI__Deposit__c","","","","","","","false","false",""
"a2F4S0000008n0vUAA","","DAO Business Checking (Interest Bearing) - Product Information","2020-09-01T20:10:52.000Z","0054S000000Ms6RQAS","2020-09-01T20:11:07.000Z","0054S000000Ms6RQAS","","","","a2G4S000000syOUUAY","false","false","true","false","false","10.0","slide","true","false","false","false","","true","","a2I4S000000CmNRUA0","MappedSObjectScreenResource","","42686713689490837","LLC_BI__Deposit__c","","","","","","","false","false",""
"a2F4S0000008n10UAA","","DAO In-Branch - Online Banking","2020-09-01T20:19:14.000Z","0054S000000Ms6RQAS","2020-09-01T21:26:17.000Z","0054S000000Ms6RQAS","","","","a2G4S000000syOeUAI","false","false","true","false","false","10.0","slide","true","false","false","false","","true","","a2I4S000000CmNWUA0","MappedSObjectScreenResource","","42583079958029319","LLC_BI__Treasury_Service__c","","","","","","","false","false",""
"a2F4S0000008n15UAA","","DAO In-Branch - Debit Card","2020-09-01T21:27:30.000Z","0054S000000Ms6RQAS","2020-09-01T21:30:03.000Z","0054S000000Ms6RQAS","","","","a2G4S000000syOeUAI","false","false","true","false","false","10.0","slide","true","false","false","false","","true","","a2I4S000000CmNbUAK","MappedSObjectScreenResource","","42981664887189962","LLC_BI__Treasury_Service__c","","","","","","","false","false",""
"a2F4S0000008n1FUAQ","","Deposit Maintenance Delta","2020-09-01T21:34:09.000Z","0054S000000Ms6RQAS","2020-09-01T21:34:09.000Z","0054S000000Ms6RQAS","","","","a2G4S000000syOjUAI","false","false","true","true","false","0.0","slide","true","false","false","false","","true","","","ComparableScreenResource","","42763229787733045","LLC_BI__Deposit__c","","","","","","","false","false",""
"a2F4S0000008nA0UAI","","Statement Mailing Address","2020-09-04T16:10:47.000Z","0054S000000Ms6RQAS","2020-10-28T15:20:28.000Z","0054S000000Ms6RQAS","","","","a2G4S000000sySqUAI","false","false","true","true","false","10.0","slide","true","false","false","false","","true","","a2I4S000000CmNlUAK","MappedSObjectScreenResource","","42612080125480832","LLC_BI__Deposit__c","","","","","","","false","false",""
"a2F4S0000008nA5UAI","","If statement address is different from mailing","2020-09-04T16:19:25.000Z","0054S000000Ms6RQAS","2021-02-19T14:47:04.000Z","0054S000000Ms6RQAS","","","","a2G4S000000t4L8UAI","false","false","false","false","false","20.0","slide","true","false","false","false","","true","","a2I4S000000CmNqUAK","MappedSObjectScreenResource","","42620350754320116","LLC_BI__Deposit__c","","","{{IF=""A""}}
{{COND=""A"" FIELD=""LLC_BI__Deposit__c.Statement_address_same_as_mailing__c"" IS=""No""}}
{{ENDIF}}","a2F4S0000008nA0UAI","","","false","false",""
"a2F4S0000008nAAUAY","","Cash/Credit/Debit Funding","2020-09-04T16:41:46.000Z","0054S000000Ms6RQAS","2020-09-04T16:42:02.000Z","0054S000000Ms6RQAS","","","","a2G4S0000006ckVUAQ","false","false","false","false","false","10.0","slide","true","false","false","false","","false","","a2I4S000000CmNvUAK","MappedSObjectScreenResource","","42189362094176471","LLC_BI__Funding_Method__c","","","","","","","false","false",""
"a2F4S0000008nAUUAY","","DAO Consumer Tax Favored Account - Product Information","2020-09-04T20:34:46.000Z","0054S000000Ms6RQAS","2020-09-04T20:35:06.000Z","0054S000000Ms6RQAS","","","","a2G4S000000syOUUAY","false","false","true","false","false","10.0","slide","true","false","false","false","","true","","a2I4S000000CmO5UAK","MappedSObjectScreenResource","","42708741573802134","LLC_BI__Deposit__c","","","","","","","false","false",""
"a2F4S0000008nAZUAY","","DAO Consumer IRA - Product Information","2020-09-04T20:40:56.000Z","0054S000000Ms6RQAS","2020-09-04T20:41:18.000Z","0054S000000Ms6RQAS","","","","a2G4S000000syOUUAY","false","false","true","false","false","10.0","slide","true","false","false","false","","true","","a2I4S000000CmOAUA0","MappedSObjectScreenResource","","42222882086840696","LLC_BI__Deposit__c","","","","","","","false","false",""
"a2F4S0000008nGmUAI","","EO - Permanent Resident Details","2020-09-08T14:08:10.000Z","0054S000000Ms6RQAS","2020-09-10T17:10:25.000Z","0054S000000Ms6RQAS","","","","a2G4S000000sySvUAI","false","false","true","false","false","5.0","slide","true","false","false","false","","true","","","MappedSObjectScreenResource","","42864984114920971","Contact","","","{{IF=""A""}}{{COND=""A"" FIELD=""Contact.LLC_BI__US_Citizen__c"" IS=""No""}}{{ENDIF}}","a2F4S0000008nO7UAI","","","false","false",""
"a2F4S0000008nHVUAY","","EO - Mailing Address Fields","2020-09-08T16:52:03.000Z","0054S000000Ms6RQAS","2020-09-10T17:43:56.000Z","0054S000000Ms6RQAS","","","","a2G4S000000sySvUAI","false","false","true","false","false","3.0","slide","true","false","false","false","","true","","a2I4S000000CmOFUA0","MappedSObjectScreenResource","","42989309710367394","Contact","","","{{IF=""A""}} {{COND=""A"" FIELD=""Contact.cm_Mailing_Same_as_Physical__c"" IS=""No""}} {{ENDIF}}","a2F4S0000008db0UAA","","","false","false",""
"a2F4S0000008nJvUAI","","EO - Business Mailing Address Fields","2020-09-09T16:51:15.000Z","0054S000000Ms6RQAS","2020-09-09T16:51:15.000Z","0054S000000Ms6RQAS","","","","a2G4S000000sySvUAI","false","false","true","false","false","5.0","slide","true","false","false","false","","true","","","MappedSObjectScreenResource","","42600091620572627","Account","","","{{IF=""A""}}
{{COND=""A"" FIELD=""Account.Business_Mailing_Address_Same_as_Physica__c"" IS=""No""}}
{{ENDIF}}","a2F4S0000008dayUAA","","","false","false",""
"a2F4S0000008nO7UAI","","Details  - EO Part 2 -Citizenship/Residency","2020-09-10T17:04:43.000Z","0054S000000Ms6RQAS","2020-11-03T21:48:41.000Z","0054S000000Ms6RQAS","","","","a2G4S0000006UQLUA2","false","false","true","true","false","2.0","slide","true","false","false","false","","true","","a2I4S000000CmOZUA0","MappedSObjectScreenResource","","42926671799872871","Contact","","","","","","","false","false",""
"a2F4S0000008nQIUAY","","Details- business eo","2020-09-11T13:27:31.000Z","0054S000000Ms6RQAS","2021-02-24T20:46:15.000Z","0054S000000Ms6RQAS","","","","a2G4S0000006UQKUA2","false","false","true","true","false","1.0","slide","true","false","false","false","","true","","a2I4S000000CmP8UAK","MappedSObjectScreenResource","","42776490295674158","Contact","","","","","","","false","false",""
"a2F4S0000008nQNUAY","","Details  - Business EO Part 2 -Citizenship/Residency","2020-09-11T13:28:26.000Z","0054S000000Ms6RQAS","2021-02-24T20:46:11.000Z","0054S000000Ms6RQAS","","","","a2G4S0000006UQKUA2","false","false","true","true","false","3.0","slide","true","false","false","false","","true","","a2I4S000000CmOtUAK","MappedSObjectScreenResource","","42703083729219026","Contact","","","","","","","false","false",""
"a2F4S0000008nQSUAY","","EO - Permanent Resident Details","2020-09-11T13:29:26.000Z","0054S000000Ms6RQAS","2020-09-11T13:29:45.000Z","0054S000000Ms6RQAS","","","","a2G4S000000sySvUAI","false","false","true","false","false","5.0","slide","true","false","false","false","","true","","a2I4S000000CmOyUAK","MappedSObjectScreenResource","","42562838609166961","Contact","","","{{IF=""A""}}{{COND=""A"" FIELD=""Contact.LLC_BI__US_Citizen__c"" IS=""No""}}{{ENDIF}}","a2F4S0000008nQNUAY","","","false","false",""
"a2F4S0000008nQTUAY","","EO - business Mailing Address Fields","2020-09-11T13:31:24.000Z","0054S000000Ms6RQAS","2021-02-24T20:38:02.000Z","0054S000000Ms6RQAS","","","","a2G4S000000sySvUAI","false","false","true","true","false","3.0","slide","true","false","false","false","","true","","a2I4S000000CmP3UAK","MappedSObjectScreenResource","","42769758017032363","Contact","","","{{IF=""A""}} {{COND=""A"" FIELD=""Contact.cm_Mailing_Same_as_Physical__c"" IS=""No""}} {{ENDIF}}","a2F4S0000008nQIUAY","","","false","false",""
"a2F4S0000008nYhUAI","","Owner Info","2020-09-15T18:47:46.000Z","0054S000000Ms6RQAS","2020-09-16T18:18:58.000Z","0054S000000Ms6RQAS","","","","a2G4S000000syhqUAA","false","false","true","false","false","10.0","slide","true","false","false","false","","true","","a2I4S000000CmPXUA0","MappedSObjectScreenResource","","42311378189821295","Beneficial_Owner__c","","","","","","","false","false",""
"a2F4S0000008nbWUAQ","","Secured SBL Eligibility Loan - Test PDI","2020-09-16T15:32:01.000Z","0054S000000Ms6RQAS","2020-09-16T15:32:01.000Z","0054S000000Ms6RQAS","","","","a2G4S000000syhvUAA","false","false","false","false","false","0.0","slide","true","false","false","false","","true","","","MappedSObjectListScreenResource","","42320816752955197","LLC_BI__Loan__c","","","","","","","false","false",""
"a2F4S0000008nm7UAA","","Applicants","2020-09-21T20:14:23.000Z","0054S000000Ms6RQAS","2020-09-21T20:14:23.000Z","0054S000000Ms6RQAS","","","","a2G4S000000syiAUAQ","false","false","true","true","false","0.0","slide","true","false","false","false","","true","","","MappedSObjectScreenResource","","42253520317469195","LLC_BI__Legal_Entities__c","","","","","","","false","false",""
"a2F4S0000008nm8UAA","","Application Details","2020-09-21T20:14:23.000Z","0054S000000Ms6RQAS","2020-09-21T20:14:23.000Z","0054S000000Ms6RQAS","","","","a2G4S000000syiAUAQ","false","false","true","true","false","10.0","slide","true","false","false","false","","true","","","MappedSObjectScreenResource","","42991742860473877","LLC_BI__Loan__c","","","","","","","false","false",""
"a2F4S0000008nm9UAA","","Employer Info","2020-09-21T20:14:23.000Z","0054S000000Ms6RQAS","2020-09-21T20:14:23.000Z","0054S000000Ms6RQAS","","","","a2G4S000000syiAUAQ","false","false","true","true","false","20.0","slide","true","false","true","false","","true","","","MappedSObjectScreenResource","","42460375090430563","Contact","","","","","","","false","false",""
"a2F4S0000008nmAUAQ","","Address","2020-09-21T20:14:23.000Z","0054S000000Ms6RQAS","2020-09-21T20:14:23.000Z","0054S000000Ms6RQAS","","","","a2G4S000000syiAUAQ","false","false","true","true","false","30.0","slide","true","false","false","false","","true","","","MappedSObjectScreenResource","","42154755042456344","Contact","","","","","","","false","false",""
"a2F4S0000008nmBUAQ","","Previous Address","2020-09-21T20:14:23.000Z","0054S000000Ms6RQAS","2020-09-21T20:14:23.000Z","0054S000000Ms6RQAS","","","","a2G4S000000syiAUAQ","false","false","true","true","false","40.0","slide","true","false","false","false","","true","","","MappedSObjectHierarchyScreenResource","","42135179756614841","Contact","","","","","","","false","false",""
"a2F4S0000008nmCUAQ","","Marital Status & Dependents","2020-09-21T20:14:23.000Z","0054S000000Ms6RQAS","2020-09-21T20:14:23.000Z","0054S000000Ms6RQAS","","","","a2G4S000000syiAUAQ","false","false","true","true","false","50.0","slide","true","false","false","false","","true","","","MappedSObjectScreenResource","","42497932975307159","Contact","","","","","","","false","false",""
"a2F4S0000008nmDUAQ","","UI Collateral Summary","2020-09-21T20:14:23.000Z","0054S000000Ms6RQAS","2020-09-21T20:14:23.000Z","0054S000000Ms6RQAS","","","","a2G4S000000syiBUAQ","false","false","true","true","false","0.0","slide","true","false","false","false","","true","","","MappedSObjectScreenResource","","42292709381574055","LLC_BI__Loan__c","","","","","","","false","false",""
"a2F4S0000008nmEUAQ","","UI Collateral Record Schedule","2020-09-21T20:14:23.000Z","0054S000000Ms6RQAS","2020-09-21T20:14:23.000Z","0054S000000Ms6RQAS","","","","a2G4S000000syiBUAQ","false","false","true","true","false","10.0","slide","true","false","false","false","","true","","","MappedSObjectScreenResource","","42789210101779601","LLC_BI__Loan_Collateral2__c","","","","","","","false","false",""
"a2F4S0000008nmFUAQ","","UI Related Pledged Collateral Schedule","2020-09-21T20:14:23.000Z","0054S000000Ms6RQAS","2020-09-21T20:14:23.000Z","0054S000000Ms6RQAS","","","","a2G4S000000syiBUAQ","false","false","true","true","false","20.0","slide","true","false","false","false","","true","","","MappedSObjectScreenResource","","42556140071431249","LLC_BI__Loan_Collateral2__c","","","","","","","false","false",""
"a2F4S0000008nmGUAQ","","Enhanced Fees Management","2020-09-21T20:14:23.000Z","0054S000000Ms6RQAS","2020-09-21T20:14:23.000Z","0054S000000Ms6RQAS","","","","a2G4S000000syiCUAQ","false","false","true","true","false","0.0","slide","true","false","false","false","","true","","","MappedSObjectHierarchyScreenResource","","42020121122563778","LLC_BI__Loan__c","","","","","","","false","false",""
"a2F4S0000008nmHUAQ","","Add Non Standard Fee","2020-09-21T20:14:23.000Z","0054S000000Ms6RQAS","2020-09-21T20:14:23.000Z","0054S000000Ms6RQAS","","","","a2G4S000000syiCUAQ","false","false","true","true","false","10.0","slide","true","false","false","false","","true","","","MappedSObjectScreenResource","","42777708168801391","LLC_BI__Fee__c","","","","","","","false","false",""
"a2F4S0000008nmIUAQ","","Enhanced Fee Loan Aggregate Summary","2020-09-21T20:14:23.000Z","0054S000000Ms6RQAS","2020-09-21T20:14:23.000Z","0054S000000Ms6RQAS","","","","a2G4S000000syiCUAQ","false","false","true","true","false","20.0","slide","true","false","false","false","","true","","","MappedSObjectScreenResource","","42979231587859659","LLC_BI__Fee_Loan_Aggregate__c","","","","","","","false","false",""
"a2F4S0000008nmJUAQ","","Third Party Management","2020-09-21T20:14:23.000Z","0054S000000Ms6RQAS","2020-09-21T20:14:23.000Z","0054S000000Ms6RQAS","","","","a2G4S000000syiDUAQ","false","false","true","true","false","0.0","slide","true","false","false","false","","true","","","MappedSObjectHierarchyScreenResource","","42434999880342811","LLC_BI__Loan__c","","","","","","","false","false",""
"a2F4S0000008nmKUAQ","","Debt Schedule","2020-09-21T20:14:23.000Z","0054S000000Ms6RQAS","2020-09-21T20:14:23.000Z","0054S000000Ms6RQAS","","","","a2G4S000000syiEUAQ","false","false","true","true","false","0.0","slide","true","false","false","false","","true","","","MappedSObjectScreenResource","","42446421916550818","LLC_BI__Debt__c","","","","","","","false","false",""
"a2F4S0000008nmLUAQ","","Asset Schedule","2020-09-21T20:14:23.000Z","0054S000000Ms6RQAS","2020-09-21T20:14:23.000Z","0054S000000Ms6RQAS","","","","a2G4S000000syiEUAQ","false","false","true","true","false","10.0","slide","true","false","false","false","","true","","","MappedSObjectScreenResource","","42002117713489971","nRetail__Asset__c","","","","","","","false","false",""
"a2F4S0000008nmMUAQ","","Income Schedule","2020-09-21T20:14:23.000Z","0054S000000Ms6RQAS","2020-09-21T20:14:23.000Z","0054S000000Ms6RQAS","","","","a2G4S000000syiEUAQ","false","false","true","true","false","20.0","slide","true","false","false","false","","true","","","MappedSObjectScreenResource","","42557618313456387","LLC_BI__Income__c","","","","","","","false","false",""
"a2F4S0000008nmNUAQ","","Add Debt","2020-09-21T20:14:23.000Z","0054S000000Ms6RQAS","2020-09-21T20:14:23.000Z","0054S000000Ms6RQAS","","","","a2G4S000000syiEUAQ","false","false","true","true","false","30.0","slide","true","false","false","false","","true","","","MappedSObjectScreenResource","","42951786447749042","LLC_BI__Debt__c","","","","","","","false","false",""
"a2F4S0000008nmOUAQ","","Add Asset","2020-09-21T20:14:23.000Z","0054S000000Ms6RQAS","2020-09-21T20:14:23.000Z","0054S000000Ms6RQAS","","","","a2G4S000000syiEUAQ","false","false","true","true","false","40.0","slide","true","false","false","false","","true","","","MappedSObjectScreenResource","","42193487529003493","nRetail__Asset__c","","","","","","","false","false",""
"a2F4S0000008nmPUAQ","","Add Income","2020-09-21T20:14:23.000Z","0054S000000Ms6RQAS","2020-09-21T20:14:23.000Z","0054S000000Ms6RQAS","","","","a2G4S000000syiEUAQ","false","false","true","true","false","50.0","slide","true","false","false","false","","true","","","MappedSObjectScreenResource","","42636439520290860","LLC_BI__Income__c","","","","","","","false","false",""
"a2F4S0000008nmQUAQ","","Underwriting_Overview","2020-09-21T20:14:23.000Z","0054S000000Ms6RQAS","2020-09-21T20:14:23.000Z","0054S000000Ms6RQAS","","","","a2G4S000000syiEUAQ","false","false","true","true","false","60.0","slide","true","false","false","false","","true","","","MappedSObjectScreenResource","","42857867772889594","LLC_BI__Loan__c","","","","","","","false","false",""
"a2F4S0000008nmRUAQ","","Decision_Overview","2020-09-21T20:14:23.000Z","0054S000000Ms6RQAS","2020-09-21T20:14:23.000Z","0054S000000Ms6RQAS","","","","a2G4S000000syiEUAQ","false","false","true","true","false","70.0","slide","true","false","false","false","","true","","","MappedSObjectScreenResource","","42061500075785994","LLC_BI__Loan__c","","","","","","","false","false",""
"a2F4S0000008nmSUAQ","","HMDA","2020-09-21T20:14:23.000Z","0054S000000Ms6RQAS","2020-09-21T20:14:23.000Z","0054S000000Ms6RQAS","","","","a2G4S000000syiFUAQ","false","false","true","true","false","0.0","slide","true","false","false","false","","true","","","MappedSObjectHierarchyScreenResource","","42554313440808762","LLC_BI__Loan__c","","","","","","","false","false",""
"a2F4S0000008nmTUAQ","","Applicants","2020-09-21T20:31:08.000Z","0054S000000Ms6RQAS","2020-09-21T20:31:08.000Z","0054S000000Ms6RQAS","","","","a2G4S000000syiGUAQ","false","false","true","true","false","0.0","slide","true","false","false","false","","true","","","MappedSObjectScreenResource","","45141600720268019","LLC_BI__Legal_Entities__c","","","","","","","false","false",""
"a2F4S0000008nmUUAQ","","Application Details","2020-09-21T20:31:08.000Z","0054S000000Ms6RQAS","2020-09-21T20:31:08.000Z","0054S000000Ms6RQAS","","","","a2G4S000000syiGUAQ","false","false","true","true","false","10.0","slide","true","false","false","false","","true","","","MappedSObjectScreenResource","","57661600720268020","LLC_BI__Loan__c","","","","","","","false","false",""
"a2F4S0000008nmVUAQ","","Applicant Details","2020-09-21T20:31:08.000Z","0054S000000Ms6RQAS","2020-10-05T21:53:14.000Z","0054S000000Ms6RQAS","","","","a2G4S000000syiGUAQ","false","false","true","true","false","20.0","slide","true","false","true","false","","true","","a2I4S000000CmR4UAK","MappedSObjectScreenResource","","51611600720268020","Contact","","","","","","","false","false",""
"a2F4S0000008nmXUAQ","","Previous Address","2020-09-21T20:31:08.000Z","0054S000000Ms6RQAS","2020-09-21T20:31:08.000Z","0054S000000Ms6RQAS","","","","a2G4S000000syiGUAQ","false","false","true","true","false","40.0","slide","true","false","false","false","","true","","","MappedSObjectHierarchyScreenResource","","27281600720268021","Contact","","","","","","","false","false",""
"a2F4S0000008nmZUAQ","","UI Collateral Summary","2020-09-21T20:31:08.000Z","0054S000000Ms6RQAS","2020-09-21T20:31:08.000Z","0054S000000Ms6RQAS","","","","a2G4S000000syiHUAQ","false","false","true","true","false","0.0","slide","true","false","false","false","","true","","","MappedSObjectScreenResource","","47271600720268022","LLC_BI__Loan__c","","","","","","","false","false",""
"a2F4S0000008nmaUAA","","UI Collateral Record Schedule","2020-09-21T20:31:08.000Z","0054S000000Ms6RQAS","2020-09-21T20:31:08.000Z","0054S000000Ms6RQAS","","","","a2G4S000000syiHUAQ","false","false","true","true","false","10.0","slide","true","false","false","false","","true","","","MappedSObjectScreenResource","","60261600720268022","LLC_BI__Loan_Collateral2__c","","","","","","","false","false",""
"a2F4S0000008nmbUAA","","UI Related Pledged Collateral Schedule","2020-09-21T20:31:08.000Z","0054S000000Ms6RQAS","2020-09-21T20:31:08.000Z","0054S000000Ms6RQAS","","","","a2G4S000000syiHUAQ","false","false","true","true","false","20.0","slide","true","false","false","false","","true","","","MappedSObjectScreenResource","","03141600720268022","LLC_BI__Loan_Collateral2__c","","","","","","","false","false",""
"a2F4S0000008nmcUAA","","Enhanced Fees Management","2020-09-21T20:31:08.000Z","0054S000000Ms6RQAS","2020-09-21T20:31:08.000Z","0054S000000Ms6RQAS","","","","a2G4S000000syiIUAQ","false","false","true","true","false","0.0","slide","true","false","false","false","","true","","","MappedSObjectHierarchyScreenResource","","41921600720268023","LLC_BI__Loan__c","","","","","","","false","false",""
"a2F4S0000008nmdUAA","","Add Non Standard Fee","2020-09-21T20:31:08.000Z","0054S000000Ms6RQAS","2020-09-21T20:31:08.000Z","0054S000000Ms6RQAS","","","","a2G4S000000syiIUAQ","false","false","true","true","false","10.0","slide","true","false","false","false","","true","","","MappedSObjectScreenResource","","40021600720268023","LLC_BI__Fee__c","","","","","","","false","false",""
"a2F4S0000008nmeUAA","","Enhanced Fee Loan Aggregate Summary","2020-09-21T20:31:08.000Z","0054S000000Ms6RQAS","2020-09-21T20:31:08.000Z","0054S000000Ms6RQAS","","","","a2G4S000000syiIUAQ","false","false","true","true","false","20.0","slide","true","false","false","false","","true","","","MappedSObjectScreenResource","","41631600720268023","LLC_BI__Fee_Loan_Aggregate__c","","","","","","","false","false",""
"a2F4S0000008nmfUAA","","Third Party Management","2020-09-21T20:31:08.000Z","0054S000000Ms6RQAS","2020-09-21T20:31:08.000Z","0054S000000Ms6RQAS","","","","a2G4S000000syiJUAQ","false","false","true","true","false","0.0","slide","true","false","false","false","","true","","","MappedSObjectHierarchyScreenResource","","77391600720268024","LLC_BI__Loan__c","","","","","","","false","false",""
"a2F4S0000008nmgUAA","","Debt Schedule","2020-09-21T20:31:08.000Z","0054S000000Ms6RQAS","2020-09-21T20:31:08.000Z","0054S000000Ms6RQAS","","","","a2G4S000000syiKUAQ","false","false","true","true","false","0.0","slide","true","false","false","false","","true","","","MappedSObjectScreenResource","","85001600720268024","LLC_BI__Debt__c","","","","","","","false","false",""
"a2F4S0000008nmhUAA","","Asset Schedule","2020-09-21T20:31:08.000Z","0054S000000Ms6RQAS","2020-09-21T20:31:08.000Z","0054S000000Ms6RQAS","","","","a2G4S000000syiKUAQ","false","false","true","true","false","10.0","slide","true","false","false","false","","true","","","MappedSObjectScreenResource","","26601600720268024","nRetail__Asset__c","","","","","","","false","false",""
"a2F4S0000008nmiUAA","","Income Schedule","2020-09-21T20:31:08.000Z","0054S000000Ms6RQAS","2020-09-21T20:31:08.000Z","0054S000000Ms6RQAS","","","","a2G4S000000syiKUAQ","false","false","true","true","false","20.0","slide","true","false","false","false","","true","","","MappedSObjectScreenResource","","89291600720268025","LLC_BI__Income__c","","","","","","","false","false",""
"a2F4S0000008nmjUAA","","Add Debt","2020-09-21T20:31:08.000Z","0054S000000Ms6RQAS","2020-09-21T20:31:08.000Z","0054S000000Ms6RQAS","","","","a2G4S000000syiKUAQ","false","false","true","true","false","30.0","slide","true","false","false","false","","true","","","MappedSObjectScreenResource","","08701600720268025","LLC_BI__Debt__c","","","","","","","false","false",""
"a2F4S0000008nmkUAA","","Add Asset","2020-09-21T20:31:08.000Z","0054S000000Ms6RQAS","2020-09-21T20:31:08.000Z","0054S000000Ms6RQAS","","","","a2G4S000000syiKUAQ","false","false","true","true","false","40.0","slide","true","false","false","false","","true","","","MappedSObjectScreenResource","","25841600720268025","nRetail__Asset__c","","","","","","","false","false",""
"a2F4S0000008nmlUAA","","Add Income","2020-09-21T20:31:08.000Z","0054S000000Ms6RQAS","2020-09-21T20:31:08.000Z","0054S000000Ms6RQAS","","","","a2G4S000000syiKUAQ","false","false","true","true","false","50.0","slide","true","false","false","false","","true","","","MappedSObjectScreenResource","","36791600720268026","LLC_BI__Income__c","","","","","","","false","false",""
"a2F4S0000008nmmUAA","","Underwriting_Overview","2020-09-21T20:31:08.000Z","0054S000000Ms6RQAS","2020-09-21T20:31:08.000Z","0054S000000Ms6RQAS","","","","a2G4S000000syiKUAQ","false","false","true","true","false","60.0","slide","true","false","false","false","","true","","","MappedSObjectScreenResource","","54641600720268026","LLC_BI__Loan__c","","","","","","","false","false",""
"a2F4S0000008nmnUAA","","Decision_Overview","2020-09-21T20:31:08.000Z","0054S000000Ms6RQAS","2020-09-21T20:31:08.000Z","0054S000000Ms6RQAS","","","","a2G4S000000syiKUAQ","false","false","true","true","false","70.0","slide","true","false","false","false","","true","","","MappedSObjectScreenResource","","85831600720268026","LLC_BI__Loan__c","","","","","","","false","false",""
"a2F4S0000008nmoUAA","","HMDA","2020-09-21T20:31:08.000Z","0054S000000Ms6RQAS","2020-09-21T20:31:08.000Z","0054S000000Ms6RQAS","","","","a2G4S000000syiLUAQ","false","false","true","true","false","0.0","slide","true","false","false","false","","true","","","MappedSObjectHierarchyScreenResource","","95851600720268027","LLC_BI__Loan__c","","","","","","","false","false",""
"a2F4S0000008nmpUAA","","Applicants","2020-09-21T20:32:21.000Z","0054S000000Ms6RQAS","2020-09-21T20:32:21.000Z","0054S000000Ms6RQAS","","","","a2G4S000000syiMUAQ","false","false","true","true","false","0.0","slide","true","false","false","false","","true","","","MappedSObjectScreenResource","","80221600720341644","LLC_BI__Legal_Entities__c","","","","","","","false","false",""
"a2F4S0000008nmqUAA","","Application Details","2020-09-21T20:32:21.000Z","0054S000000Ms6RQAS","2020-09-21T20:32:21.000Z","0054S000000Ms6RQAS","","","","a2G4S000000syiMUAQ","false","false","true","true","false","10.0","slide","true","false","false","false","","true","","","MappedSObjectScreenResource","","34841600720341645","LLC_BI__Loan__c","","","","","","","false","false",""
"a2F4S0000008nmrUAA","","Employer Info","2020-09-21T20:32:21.000Z","0054S000000Ms6RQAS","2020-09-21T20:32:21.000Z","0054S000000Ms6RQAS","","","","a2G4S000000syiMUAQ","false","false","true","true","false","20.0","slide","true","false","true","false","","true","","","MappedSObjectScreenResource","","00351600720341645","Contact","","","","","","","false","false",""
"a2F4S0000008nmsUAA","","Address","2020-09-21T20:32:21.000Z","0054S000000Ms6RQAS","2020-09-21T20:32:21.000Z","0054S000000Ms6RQAS","","","","a2G4S000000syiMUAQ","false","false","true","true","false","30.0","slide","true","false","false","false","","true","","","MappedSObjectScreenResource","","54851600720341646","Contact","","","","","","","false","false",""
"a2F4S0000008nmtUAA","","Previous Address","2020-09-21T20:32:21.000Z","0054S000000Ms6RQAS","2020-09-21T20:32:21.000Z","0054S000000Ms6RQAS","","","","a2G4S000000syiMUAQ","false","false","true","true","false","40.0","slide","true","false","false","false","","true","","","MappedSObjectHierarchyScreenResource","","11281600720341646","Contact","","","","","","","false","false",""
"a2F4S0000008nmuUAA","","Marital Status & Dependents","2020-09-21T20:32:21.000Z","0054S000000Ms6RQAS","2020-09-21T20:32:21.000Z","0054S000000Ms6RQAS","","","","a2G4S000000syiMUAQ","false","false","true","true","false","50.0","slide","true","false","false","false","","true","","","MappedSObjectScreenResource","","48311600720341646","Contact","","","","","","","false","false",""
"a2F4S0000008nmvUAA","","UI Collateral Summary","2020-09-21T20:32:21.000Z","0054S000000Ms6RQAS","2020-09-21T20:32:21.000Z","0054S000000Ms6RQAS","","","","a2G4S000000syiNUAQ","false","false","true","true","false","0.0","slide","true","false","false","false","","true","","","MappedSObjectScreenResource","","70921600720341647","LLC_BI__Loan__c","","","","","","","false","false",""
"a2F4S0000008nmwUAA","","UI Collateral Record Schedule","2020-09-21T20:32:21.000Z","0054S000000Ms6RQAS","2020-09-21T20:32:21.000Z","0054S000000Ms6RQAS","","","","a2G4S000000syiNUAQ","false","false","true","true","false","10.0","slide","true","false","false","false","","true","","","MappedSObjectScreenResource","","73141600720341647","LLC_BI__Loan_Collateral2__c","","","","","","","false","false",""
"a2F4S0000008nmxUAA","","UI Related Pledged Collateral Schedule","2020-09-21T20:32:21.000Z","0054S000000Ms6RQAS","2020-09-21T20:32:21.000Z","0054S000000Ms6RQAS","","","","a2G4S000000syiNUAQ","false","false","true","true","false","20.0","slide","true","false","false","false","","true","","","MappedSObjectScreenResource","","97111600720341647","LLC_BI__Loan_Collateral2__c","","","","","","","false","false",""
"a2F4S0000008nmyUAA","","Enhanced Fees Management","2020-09-21T20:32:21.000Z","0054S000000Ms6RQAS","2020-09-21T20:32:21.000Z","0054S000000Ms6RQAS","","","","a2G4S000000syiOUAQ","false","false","true","true","false","0.0","slide","true","false","false","false","","true","","","MappedSObjectHierarchyScreenResource","","82901600720341648","LLC_BI__Loan__c","","","","","","","false","false",""
"a2F4S0000008nmzUAA","","Add Non Standard Fee","2020-09-21T20:32:21.000Z","0054S000000Ms6RQAS","2020-09-21T20:32:21.000Z","0054S000000Ms6RQAS","","","","a2G4S000000syiOUAQ","false","false","true","true","false","10.0","slide","true","false","false","false","","true","","","MappedSObjectScreenResource","","58491600720341649","LLC_BI__Fee__c","","","","","","","false","false",""
"a2F4S0000008nn0UAA","","Enhanced Fee Loan Aggregate Summary","2020-09-21T20:32:21.000Z","0054S000000Ms6RQAS","2020-09-21T20:32:21.000Z","0054S000000Ms6RQAS","","","","a2G4S000000syiOUAQ","false","false","true","true","false","20.0","slide","true","false","false","false","","true","","","MappedSObjectScreenResource","","76771600720341649","LLC_BI__Fee_Loan_Aggregate__c","","","","","","","false","false",""
"a2F4S0000008nn1UAA","","Third Party Management","2020-09-21T20:32:21.000Z","0054S000000Ms6RQAS","2020-09-21T20:32:21.000Z","0054S000000Ms6RQAS","","","","a2G4S000000syiPUAQ","false","false","true","true","false","0.0","slide","true","false","false","false","","true","","","MappedSObjectHierarchyScreenResource","","61441600720341649","LLC_BI__Loan__c","","","","","","","false","false",""
"a2F4S0000008nn2UAA","","Debt Schedule","2020-09-21T20:32:21.000Z","0054S000000Ms6RQAS","2020-09-21T20:32:21.000Z","0054S000000Ms6RQAS","","","","a2G4S000000syiQUAQ","false","false","true","true","false","0.0","slide","true","false","false","false","","true","","","MappedSObjectScreenResource","","28231600720341650","LLC_BI__Debt__c","","","","","","","false","false",""
"a2F4S0000008nn3UAA","","Asset Schedule","2020-09-21T20:32:21.000Z","0054S000000Ms6RQAS","2020-09-21T20:32:21.000Z","0054S000000Ms6RQAS","","","","a2G4S000000syiQUAQ","false","false","true","true","false","10.0","slide","true","false","false","false","","true","","","MappedSObjectScreenResource","","67791600720341650","nRetail__Asset__c","","","","","","","false","false",""
"a2F4S0000008nn4UAA","","Income Schedule","2020-09-21T20:32:21.000Z","0054S000000Ms6RQAS","2020-09-21T20:32:21.000Z","0054S000000Ms6RQAS","","","","a2G4S000000syiQUAQ","false","false","true","true","false","20.0","slide","true","false","false","false","","true","","","MappedSObjectScreenResource","","28281600720341650","LLC_BI__Income__c","","","","","","","false","false",""
"a2F4S0000008nn5UAA","","Add Debt","2020-09-21T20:32:21.000Z","0054S000000Ms6RQAS","2020-09-21T20:32:21.000Z","0054S000000Ms6RQAS","","","","a2G4S000000syiQUAQ","false","false","true","true","false","30.0","slide","true","false","false","false","","true","","","MappedSObjectScreenResource","","39171600720341650","LLC_BI__Debt__c","","","","","","","false","false",""
"a2F4S0000008nn6UAA","","Add Asset","2020-09-21T20:32:21.000Z","0054S000000Ms6RQAS","2020-09-21T20:32:21.000Z","0054S000000Ms6RQAS","","","","a2G4S000000syiQUAQ","false","false","true","true","false","40.0","slide","true","false","false","false","","true","","","MappedSObjectScreenResource","","72321600720341651","nRetail__Asset__c","","","","","","","false","false",""
"a2F4S0000008nn7UAA","","Add Income","2020-09-21T20:32:21.000Z","0054S000000Ms6RQAS","2020-09-21T20:32:21.000Z","0054S000000Ms6RQAS","","","","a2G4S000000syiQUAQ","false","false","true","true","false","50.0","slide","true","false","false","false","","true","","","MappedSObjectScreenResource","","79481600720341651","LLC_BI__Income__c","","","","","","","false","false",""
"a2F4S0000008nn8UAA","","Underwriting_Overview","2020-09-21T20:32:21.000Z","0054S000000Ms6RQAS","2020-09-21T20:32:21.000Z","0054S000000Ms6RQAS","","","","a2G4S000000syiQUAQ","false","false","true","true","false","60.0","slide","true","false","false","false","","true","","","MappedSObjectScreenResource","","14141600720341651","LLC_BI__Loan__c","","","","","","","false","false",""
"a2F4S0000008nn9UAA","","Decision_Overview","2020-09-21T20:32:21.000Z","0054S000000Ms6RQAS","2020-09-21T20:32:21.000Z","0054S000000Ms6RQAS","","","","a2G4S000000syiQUAQ","false","false","true","true","false","70.0","slide","true","false","false","false","","true","","","MappedSObjectScreenResource","","51521600720341652","LLC_BI__Loan__c","","","","","","","false","false",""
"a2F4S0000008nnAUAQ","","HMDA","2020-09-21T20:32:21.000Z","0054S000000Ms6RQAS","2020-09-21T20:32:21.000Z","0054S000000Ms6RQAS","","","","a2G4S000000syiRUAQ","false","false","true","true","false","0.0","slide","true","false","false","false","","true","","","MappedSObjectHierarchyScreenResource","","22171600720341652","LLC_BI__Loan__c","","","","","","","false","false",""
"a2F4S0000008npqUAA","","Applicant Details","2020-09-22T17:34:11.000Z","0054S000000Ms6RQAS","2020-09-22T17:34:38.000Z","0054S000000Ms6RQAS","","","","a2G4S000000syiMUAQ","false","false","false","false","false","10.0","slide","true","false","false","false","","true","","a2I4S000000CmPrUAK","MappedSObjectScreenResource","","42796679344859081","Account","","","","","","","false","false",""
"a2F4S0000008nv5UAA","","Credit Authorization/Joint Intent","2020-09-24T12:38:46.000Z","0054S000000Ms6RQAS","2020-09-24T12:44:20.000Z","0054S000000Ms6RQAS","","","","a2G4S000000symZUAQ","false","false","false","false","false","10.0","slide","true","false","false","false","","true","","a2I4S000000CmQ1UAK","MappedSObjectHierarchyScreenResource","","42801907679328248","LLC_BI__Loan__c","","","","","","","false","false",""
"a2F4S0000008nwrUAA","","Credit Authorization","2020-09-24T16:16:20.000Z","0054S000000Ms6RQAS","2020-09-24T16:16:20.000Z","0054S000000Ms6RQAS","","","","a2G4S000000symeUAA","false","false","true","false","false","10.0","slide","true","false","false","false","","true","","","MappedSObjectHierarchyScreenResource","","42206549676634288","LLC_BI__Loan__c","","","","","","","false","false",""
"a2F4S0000008ocZUAQ","","Next Steps","2020-10-05T22:07:55.000Z","0054S000000Ms6RQAS","2020-10-05T22:10:50.000Z","0054S000000Ms6RQAS","","","","a2G4S000000syvRUAQ","false","false","true","false","false","10.0","slide","true","false","false","false","","true","","a2I4S000000CmR9UAK","MappedSObjectScreenResource","","42026387749655120","LLC_BI__Loan__c","","","","","","","false","false",""
"a2F4S0000008ocoUAA","","Manual Underwriting","2020-10-05T22:18:15.000Z","0054S000000Ms6RQAS","2020-10-05T22:23:24.000Z","0054S000000Ms6RQAS","","","","a2G4S000000syvWUAQ","false","false","true","false","false","10.0","slide","true","false","false","false","","true","","a2I4S000000CmREUA0","MappedSObjectScreenResource","","42436132863705865","LLC_BI__Loan__c","","","","","","","false","false",""
"a2F4S0000008octUAA","","Exposure Confirmation","2020-10-05T22:31:40.000Z","0054S000000Ms6RQAS","2020-10-05T22:36:38.000Z","0054S000000Ms6RQAS","","","","a2G4S000000syvbUAA","false","false","true","false","false","10.0","slide","true","false","false","false","","true","","a2I4S000000CmRJUA0","MappedSObjectScreenResource","","42642258741948996","LLC_BI__Loan__c","","","","","","","false","false",""
"a2F4S0000008ocuUAA","","Approver 2 Details","2020-10-05T22:42:34.000Z","0054S000000Ms6RQAS","2020-10-08T14:03:02.000Z","0054S000000Ms6RQAS","","","","a2G4S000000syvbUAA","false","false","true","false","false","30.0","slide","true","false","false","false","","true","","a2I4S000000CmRsUAK","MappedSObjectScreenResource","","42690346092289065","LLC_BI__Loan__c","","","","","","","false","false",""
"a2F4S0000008ocyUAA","","Approver 1 Details","2020-10-05T22:42:13.000Z","0054S000000Ms6RQAS","2020-10-08T14:02:23.000Z","0054S000000Ms6RQAS","","","","a2G4S000000syvbUAA","false","false","true","false","false","20.0","slide","true","false","false","false","","true","","a2I4S000000CmRnUAK","MappedSObjectScreenResource","","42845144351141664","LLC_BI__Loan__c","","","","","","","false","false",""
"a2F4S0000008od8UAA","","Entity Scorecard details","2020-10-06T01:38:13.000Z","0054S000000Ms6RQAS","2020-10-06T01:41:34.000Z","0054S000000Ms6RQAS","","","","a2G4S000000syvgUAA","false","false","false","false","false","10.0","slide","true","false","false","false","","false","","a2I4S000000CmROUA0","MappedSObjectHierarchyScreenResource","","42240982978415229","LLC_BI__Loan__c","","","","","","","false","false",""
"a2F4S0000008odIUAQ","","ScoreCard","2020-10-06T01:47:42.000Z","0054S000000Ms6RQAS","2020-10-06T01:48:14.000Z","0054S000000Ms6RQAS","","","","a2G4S000000syvgUAA","false","false","false","false","false","40.0","slide","true","false","false","false","","false","","a2I4S000000CmRYUA0","MappedSObjectHierarchyScreenResource","","42519541433018038","LLC_BI__Loan__c","","","","","","","false","false",""
"a2F4S0000008oiPUAQ","","Secured RL Eligibility Loan","2020-10-07T13:35:22.000Z","0054S000000Ms6RQAS","2020-10-07T13:35:22.000Z","0054S000000Ms6RQAS","","","","a2G4S000000syvlUAA","false","false","true","false","false","0.0","slide","true","false","false","false","","true","","","MappedSObjectListScreenResource","","42124333522309869","LLC_BI__Loan__c","","","","","","","false","false",""
"a2F4S0000008oiQUAQ","","RL Personal SSN","2020-10-07T13:35:22.000Z","0054S000000Ms6RQAS","2020-10-07T13:35:22.000Z","0054S000000Ms6RQAS","","","","a2G4S000000syvmUAA","false","false","true","false","false","1.0","slide","true","false","false","false","","true","","","MappedSObjectListScreenResource","","42319593300838665","Contact","","","","","","","false","false",""
"a2F4S0000008oiRUAQ","","RL Personal Contact","2020-10-07T13:35:22.000Z","0054S000000Ms6RQAS","2020-10-07T13:35:22.000Z","0054S000000Ms6RQAS","","","","a2G4S000000syvmUAA","false","false","true","false","false","2.0","slide","true","false","false","false","","true","","","MappedSObjectListScreenResource","","42983032709375576","Contact","Contact Information","","","","","","false","false",""
"a2F4S0000008oiSUAQ","","Secured RL Personal SSN (Individual Other Involved)","2020-10-07T13:35:22.000Z","0054S000000Ms6RQAS","2020-10-07T13:35:22.000Z","0054S000000Ms6RQAS","","","","a2G4S000000syvnUAA","false","false","true","false","false","0.0","slide","true","false","false","false","","true","","","MappedSObjectListScreenResource","","42255337437025156","Contact","","","","","","","false","false",""
"a2F4S0000008oiTUAQ","","Secured RL Personal Contact (Individual Other Involved)","2020-10-07T13:35:22.000Z","0054S000000Ms6RQAS","2020-10-07T13:35:22.000Z","0054S000000Ms6RQAS","","","","a2G4S000000syvnUAA","false","false","true","false","false","1.0","slide","true","false","false","false","","true","","","MappedSObjectListScreenResource","","42596237118365561","Contact","Contact Information","","","","","","false","false",""
"a2F4S0000008oiUUAQ","","Secured RL Eligibility Loan","2020-10-07T13:44:11.000Z","0054S000000Ms6RQAS","2020-10-07T13:44:11.000Z","0054S000000Ms6RQAS","","","","a2G4S000000syvqUAA","false","false","true","false","false","0.0","slide","true","false","false","false","","true","","","MappedSObjectListScreenResource","","21701602078251511","LLC_BI__Loan__c","","","","","","","false","false",""
"a2F4S0000008oiVUAQ","","RL Personal SSN","2020-10-07T13:44:11.000Z","0054S000000Ms6RQAS","2020-10-07T13:44:11.000Z","0054S000000Ms6RQAS","","","","a2G4S000000syvrUAA","false","false","true","false","false","1.0","slide","true","false","false","false","","true","","","MappedSObjectListScreenResource","","63051602078251514","Contact","","","","","","","false","false",""
"a2F4S0000008oiWUAQ","","RL Personal Contact","2020-10-07T13:44:11.000Z","0054S000000Ms6RQAS","2020-10-07T13:44:11.000Z","0054S000000Ms6RQAS","","","","a2G4S000000syvrUAA","false","false","true","false","false","2.0","slide","true","false","false","false","","true","","","MappedSObjectListScreenResource","","94831602078251516","Contact","Contact Information","","","","","","false","false",""
"a2F4S0000008omCUAQ","","Online Income Information","2020-10-08T15:12:53.000Z","0054S000000Ms6RQAS","2020-10-08T15:12:53.000Z","0054S000000Ms6RQAS","","","","a2G4S000000syw0UAA","false","false","true","true","false","0.0","slide","true","false","false","false","","true","","","MappedSObjectScreenResource","","42951341567006027","LLC_BI__Income__c","Income Information","","","","","","false","false",""
"a2F4S0000008otLUAQ","","Employment Information","2020-10-12T16:28:48.000Z","0054S000000Ms6RQAS","2020-11-19T21:36:22.000Z","0054S000000Ms6RQAS","","","","a2G4S000000syw0UAA","false","false","false","false","false","5.0","slide","true","false","false","false","","true","","a2I4S000000Cmb3UAC","MappedSObjectScreenResource","","42803243285654300","LLC_BI__Income__c","Employment Information","","{{IF=""A OR B""}}
{{COND=""A"" FIELD=""LLC_BI__Income__c.LLC_BI__Income_Type__c"" IS=""Gross Annual Income""}}
{{COND=""B"" FIELD=""LLC_BI__Income__c.LLC_BI__Income_Type__c"" IS=""Other Income""}}
{{ENDIF}}","a2F4S0000008omCUAQ","","","false","false",""
"a2F4S0000008ouxUAA","","OARL Personal Contact (Individual)","2020-10-12T20:48:32.000Z","0054S000000Ms6RQAS","2021-01-19T15:02:53.000Z","0054S000000Ms6RQAS","","","","a2G4S000000sz0CUAQ","false","false","true","false","false","0.0","slide","true","false","false","false","","true","","a2I4S000000CoWQUA0","MappedSObjectScreenResource","","42091334483326552","Contact","","","","","","","false","false",""
"a2F4S0000008owHUAQ","","OARL Personal Contact Mailing Address","2020-10-13T14:23:39.000Z","0054S000000Ms6RQAS","2020-10-20T19:37:40.000Z","0054S000000Ms6RQAS","","","","a2G4S000000sz0CUAQ","false","false","true","true","false","5.0","slide","true","false","false","false","","true","","","MappedSObjectListScreenResource","","42881971439017351","Contact","","","{{IF=""A""}} {{COND=""A"" FIELD=""Contact.cm_Mailing_Same_as_Physical__c"" IS=""No""}} {{ENDIF}}","a2F4S0000008ouxUAA","","","false","false",""
"a2F4S0000008owMUAQ","","OARL Primary Identification","2020-10-13T14:26:49.000Z","0054S000000Ms6RQAS","2020-10-13T14:26:49.000Z","0054S000000Ms6RQAS","","","","a2G4S000000sz0CUAQ","false","false","false","false","false","30.0","slide","true","false","false","false","","true","","","MappedSObjectScreenResource","","42089895662657270","Contact","Primary ID Details","Please enter or confirm your Primary ID information","","","","","false","false",""
"a2F4S0000008owlUAA","","OA Retail Personal Contact (Individual Other Involved)","2020-10-13T15:30:21.000Z","0054S000000Ms6RQAS","2020-10-19T15:11:20.000Z","0054S000000Ms6RQAS","","","","a2G4S000000sz0RUAQ","false","false","true","false","false","0.0","slide","true","false","false","false","","true","","a2I4S000000CmbDUAS","MappedSObjectScreenResource","","36661602603021302","Contact","","","","","","","false","false",""
"a2F4S0000008owmUAA","","OA Retail - Mailing Address Info (Individual Other Involved)","2020-10-13T15:30:21.000Z","0054S000000Ms6RQAS","2020-10-19T15:12:15.000Z","0054S000000Ms6RQAS","","","","a2G4S000000sz0RUAQ","false","false","true","false","false","1.0","slide","true","false","false","false","","true","","a2I4S000000Cmb8UAC","MappedSObjectScreenResource","","67731602603021303","Contact","","","{{IF=""A""}} {{COND=""A"" FIELD=""Contact.cm_Mailing_Same_as_Physical__c"" IS=""No""}} {{ENDIF}}","a2F4S0000008owlUAA","","","false","false",""
"a2F4S0000008oxpUAA","","Rental Expense","2020-10-13T20:22:07.000Z","0054S000000Ms6RQAS","2020-10-13T20:25:50.000Z","0054S000000Ms6RQAS","","","","a2G4S000000sz57UAA","false","false","true","false","false","10.0","slide","true","false","false","false","","true","","a2I4S000000CmaDUAS","MappedSObjectScreenResource","","42743285209030347","LLC_BI__Debt__c","","","","","","","false","false",""
"a2F4S0000008p3UUAQ","","Applicants","2020-10-15T12:23:51.000Z","0054S000000Ms6RQAS","2020-10-15T12:23:52.000Z","0054S000000Ms6RQAS","","","","a2G4S000000sz9iUAA","false","false","true","true","false","0.0","slide","true","false","false","false","","true","","","MappedSObjectScreenResource","","20261602764631663","LLC_BI__Legal_Entities__c","","","","","","","false","false",""
"a2F4S0000008p3VUAQ","","Application Details","2020-10-15T12:23:51.000Z","0054S000000Ms6RQAS","2020-10-15T12:23:52.000Z","0054S000000Ms6RQAS","","","","a2G4S000000sz9iUAA","false","false","true","true","false","10.0","slide","true","false","false","false","","true","","","MappedSObjectScreenResource","","65441602764631664","LLC_BI__Loan__c","","","","","","","false","false",""
"a2F4S0000008p3WUAQ","","Applicant Details","2020-10-15T12:23:51.000Z","0054S000000Ms6RQAS","2020-10-15T12:23:52.000Z","0054S000000Ms6RQAS","","","","a2G4S000000sz9iUAA","false","false","true","true","false","20.0","slide","true","false","true","false","","true","","a2I4S000000CmaJUAS","MappedSObjectScreenResource","","31241602764631664","Contact","","","","","","","false","false",""
"a2F4S0000008p3XUAQ","","Previous Address","2020-10-15T12:23:51.000Z","0054S000000Ms6RQAS","2020-10-15T12:23:52.000Z","0054S000000Ms6RQAS","","","","a2G4S000000sz9iUAA","false","false","true","true","false","40.0","slide","true","false","false","false","","true","","","MappedSObjectHierarchyScreenResource","","94021602764631665","Contact","","","","","","","false","false",""
"a2F4S0000008p3YUAQ","","UI Collateral Summary","2020-10-15T12:23:51.000Z","0054S000000Ms6RQAS","2020-10-15T12:23:52.000Z","0054S000000Ms6RQAS","","","","a2G4S000000sz9jUAA","false","false","true","true","false","0.0","slide","true","false","false","false","","true","","","MappedSObjectScreenResource","","71091602764631665","LLC_BI__Loan__c","","","","","","","false","false",""
"a2F4S0000008p3ZUAQ","","UI Collateral Record Schedule","2020-10-15T12:23:51.000Z","0054S000000Ms6RQAS","2020-10-15T12:23:52.000Z","0054S000000Ms6RQAS","","","","a2G4S000000sz9jUAA","false","false","true","true","false","10.0","slide","true","false","false","false","","true","","","MappedSObjectScreenResource","","28301602764631666","LLC_BI__Loan_Collateral2__c","","","","","","","false","false",""
"a2F4S0000008p3aUAA","","UI Related Pledged Collateral Schedule","2020-10-15T12:23:51.000Z","0054S000000Ms6RQAS","2020-10-15T12:23:52.000Z","0054S000000Ms6RQAS","","","","a2G4S000000sz9jUAA","false","false","true","true","false","20.0","slide","true","false","false","false","","true","","","MappedSObjectScreenResource","","67181602764631666","LLC_BI__Loan_Collateral2__c","","","","","","","false","false",""
"a2F4S0000008p3bUAA","","Enhanced Fees Management","2020-10-15T12:23:51.000Z","0054S000000Ms6RQAS","2020-10-15T12:23:52.000Z","0054S000000Ms6RQAS","","","","a2G4S000000sz9kUAA","false","false","true","true","false","0.0","slide","true","false","false","false","","true","","","MappedSObjectHierarchyScreenResource","","05171602764631666","LLC_BI__Loan__c","","","","","","","false","false",""
"a2F4S0000008p3cUAA","","Add Non Standard Fee","2020-10-15T12:23:51.000Z","0054S000000Ms6RQAS","2020-10-15T12:23:52.000Z","0054S000000Ms6RQAS","","","","a2G4S000000sz9kUAA","false","false","true","true","false","10.0","slide","true","false","false","false","","true","","","MappedSObjectScreenResource","","06371602764631667","LLC_BI__Fee__c","","","","","","","false","false",""
"a2F4S0000008p3dUAA","","Enhanced Fee Loan Aggregate Summary","2020-10-15T12:23:51.000Z","0054S000000Ms6RQAS","2020-10-15T12:23:52.000Z","0054S000000Ms6RQAS","","","","a2G4S000000sz9kUAA","false","false","true","true","false","20.0","slide","true","false","false","false","","true","","","MappedSObjectScreenResource","","12321602764631667","LLC_BI__Fee_Loan_Aggregate__c","","","","","","","false","false",""
"a2F4S0000008p3eUAA","","Third Party Management","2020-10-15T12:23:51.000Z","0054S000000Ms6RQAS","2020-10-15T12:23:52.000Z","0054S000000Ms6RQAS","","","","a2G4S000000sz9lUAA","false","false","true","true","false","0.0","slide","true","false","false","false","","true","","","MappedSObjectHierarchyScreenResource","","12291602764631667","LLC_BI__Loan__c","","","","","","","false","false",""
"a2F4S0000008p3fUAA","","Debt Schedule","2020-10-15T12:23:51.000Z","0054S000000Ms6RQAS","2020-11-10T14:22:17.000Z","0054S000000Ms6RQAS","","","","a2G4S000000sz9mUAA","false","false","false","true","false","0.0","slide","false","false","false","false","","false","","","MappedSObjectScreenResource","","23511602764631668","LLC_BI__Debt__c","","","","","","","false","false",""
"a2F4S0000008p3gUAA","","Asset Schedule","2020-10-15T12:23:51.000Z","0054S000000Ms6RQAS","2020-10-15T12:23:52.000Z","0054S000000Ms6RQAS","","","","a2G4S000000sz9mUAA","false","false","true","true","false","10.0","slide","true","false","false","false","","true","","","MappedSObjectScreenResource","","03341602764631668","nRetail__Asset__c","","","","","","","false","false",""
"a2F4S0000008p3hUAA","","Income Schedule","2020-10-15T12:23:51.000Z","0054S000000Ms6RQAS","2020-10-15T12:23:52.000Z","0054S000000Ms6RQAS","","","","a2G4S000000sz9mUAA","false","false","true","true","false","20.0","slide","true","false","false","false","","true","","","MappedSObjectScreenResource","","74581602764631669","LLC_BI__Income__c","","","","","","","false","false",""
"a2F4S0000008p3iUAA","","Add Debt","2020-10-15T12:23:51.000Z","0054S000000Ms6RQAS","2020-11-10T14:21:14.000Z","0054S000000Ms6RQAS","","","","a2G4S000000sz9mUAA","false","false","false","true","false","30.0","slide","true","false","false","false","","false","","","MappedSObjectScreenResource","","47501602764631669","LLC_BI__Debt__c","","","","","","","false","false",""
"a2F4S0000008p3jUAA","","Add Asset","2020-10-15T12:23:51.000Z","0054S000000Ms6RQAS","2020-10-15T12:23:52.000Z","0054S000000Ms6RQAS","","","","a2G4S000000sz9mUAA","false","false","true","true","false","40.0","slide","true","false","false","false","","true","","","MappedSObjectScreenResource","","70551602764631669","nRetail__Asset__c","","","","","","","false","false",""
"a2F4S0000008p3kUAA","","Add Income","2020-10-15T12:23:51.000Z","0054S000000Ms6RQAS","2020-10-15T12:23:52.000Z","0054S000000Ms6RQAS","","","","a2G4S000000sz9mUAA","false","false","true","true","false","50.0","slide","true","false","false","false","","true","","","MappedSObjectScreenResource","","60431602764631670","LLC_BI__Income__c","","","","","","","false","false",""
"a2F4S0000008p3lUAA","","Underwriting_Overview","2020-10-15T12:23:51.000Z","0054S000000Ms6RQAS","2020-10-15T12:23:52.000Z","0054S000000Ms6RQAS","","","","a2G4S000000sz9mUAA","false","false","true","true","false","60.0","slide","true","false","false","false","","true","","","MappedSObjectScreenResource","","40901602764631670","LLC_BI__Loan__c","","","","","","","false","false",""
"a2F4S0000008p3mUAA","","Decision_Overview","2020-10-15T12:23:51.000Z","0054S000000Ms6RQAS","2020-10-15T12:23:52.000Z","0054S000000Ms6RQAS","","","","a2G4S000000sz9mUAA","false","false","true","true","false","70.0","slide","true","false","false","false","","true","","","MappedSObjectScreenResource","","44321602764631671","LLC_BI__Loan__c","","","","","","","false","false",""
"a2F4S0000008p3nUAA","","HMDA","2020-10-15T12:23:51.000Z","0054S000000Ms6RQAS","2020-10-15T12:23:52.000Z","0054S000000Ms6RQAS","","","","a2G4S000000sz9nUAA","false","false","true","true","false","0.0","slide","true","false","false","false","","true","","","MappedSObjectHierarchyScreenResource","","69931602764631671","LLC_BI__Loan__c","","","","","","","false","false",""
"a2F4S0000008p3oUAA","","Borrowing Structure","2020-10-15T12:23:51.000Z","0054S000000Ms6RQAS","2020-10-15T12:57:25.000Z","0054S000000Ms6RQAS","","","","a2G4S000000sz9oUAA","false","false","false","false","false","10.0","slide","true","false","false","false","","true","","a2I4S000000CmaIUAS","MappedSObjectHierarchyScreenResource","","42381602764631671","LLC_BI__Loan__c","","","","","","","false","false",""
"a2F4S0000008p3pUAA","","Next Steps","2020-10-15T12:23:51.000Z","0054S000000Ms6RQAS","2020-10-15T12:23:52.000Z","0054S000000Ms6RQAS","","","","a2G4S000000sz9pUAA","false","false","true","false","false","10.0","slide","true","false","false","false","","true","","a2I4S000000CmaKUAS","MappedSObjectScreenResource","","04911602764631672","LLC_BI__Loan__c","","","","","","","false","false",""
"a2F4S0000008p3qUAA","","Manual Underwriting","2020-10-15T12:23:51.000Z","0054S000000Ms6RQAS","2020-10-15T12:23:52.000Z","0054S000000Ms6RQAS","","","","a2G4S000000sz9qUAA","false","false","true","false","false","10.0","slide","true","false","false","false","","true","","a2I4S000000CmaLUAS","MappedSObjectScreenResource","","52991602764631672","LLC_BI__Loan__c","","","","","","","false","false",""
"a2F4S0000008p3rUAA","","Exposure Confirmation","2020-10-15T12:23:51.000Z","0054S000000Ms6RQAS","2020-10-15T12:23:52.000Z","0054S000000Ms6RQAS","","","","a2G4S000000sz9rUAA","false","false","true","false","false","10.0","slide","true","false","false","false","","true","","a2I4S000000CmaMUAS","MappedSObjectScreenResource","","09811602764631672","LLC_BI__Loan__c","","","","","","","false","false",""
"a2F4S0000008p3sUAA","","Approver 2 Details","2020-10-15T12:23:51.000Z","0054S000000Ms6RQAS","2020-10-15T12:23:52.000Z","0054S000000Ms6RQAS","","","","a2G4S000000sz9rUAA","false","false","true","false","false","30.0","slide","true","false","false","false","","true","","a2I4S000000CmaOUAS","MappedSObjectScreenResource","","51031602764631673","LLC_BI__Loan__c","","","","","","","false","false",""
"a2F4S0000008p3tUAA","","Approver 1 Details","2020-10-15T12:23:51.000Z","0054S000000Ms6RQAS","2020-10-15T12:23:52.000Z","0054S000000Ms6RQAS","","","","a2G4S000000sz9rUAA","false","false","true","false","false","20.0","slide","true","false","false","false","","true","","a2I4S000000CmaNUAS","MappedSObjectScreenResource","","23201602764631673","LLC_BI__Loan__c","","","","","","","false","false",""
"a2F4S0000008p3uUAA","","Application Details","2020-10-15T12:32:10.000Z","0054S000000Ms6RQAS","2020-10-15T12:47:18.000Z","0054S000000Ms6RQAS","","","","a2G4S000000sz9sUAA","false","false","false","false","false","10.0","slide","true","false","false","false","","false","","a2I4S000000CmaPUAS","MappedSObjectScreenResource","","42767612614932431","LLC_BI__Loan__c","","","","","","","false","false",""
"a2F4S0000008p3zUAA","","Loan Team Members","2020-10-15T12:43:48.000Z","0054S000000Ms6RQAS","2020-10-15T12:44:20.000Z","0054S000000Ms6RQAS","","","","a2G4S000000sz9xUAA","false","false","false","false","false","10.0","slide","true","false","false","false","","true","","a2I4S000000CmaUUAS","MappedSObjectHierarchyScreenResource","","42612953565472471","LLC_BI__Loan__c","","","","","","","false","false",""
"a2F4S0000008p44UAA","","Pricing Details","2020-10-15T12:54:30.000Z","0054S000000Ms6RQAS","2020-10-15T12:54:53.000Z","0054S000000Ms6RQAS","","","","a2G4S000000sz9sUAA","false","false","false","false","false","20.0","slide","true","false","false","false","","false","","a2I4S000000CmaZUAS","MappedSObjectScreenResource","","42585988789327085","LLC_BI__Loan__c","","","","","","","false","false",""
"a2F4S0000008p4JUAQ","","Collateral Summary","2020-10-15T13:49:33.000Z","0054S000000Ms6RQAS","2020-10-15T13:53:06.000Z","0054S000000Ms6RQAS","","","","a2G4S000000szA7UAI","false","false","false","false","false","10.0","slide","true","false","false","false","","false","","a2I4S000000CmaeUAC","MappedSObjectHierarchyScreenResource","","42846165560699435","LLC_BI__Loan__c","","","","","","","false","false",""
"a2F4S0000008p4OUAQ","","Editable Details","2020-10-15T14:00:12.000Z","0054S000000Ms6RQAS","2020-10-15T14:13:03.000Z","0054S000000Ms6RQAS","","","","a2G4S000000szACUAY","false","false","true","false","false","10.0","slide","true","false","false","false","","true","","a2I4S000000CmaoUAC","MappedSObjectScreenResource","","42043050201201829","LLC_BI__Loan__c","","","","","","","false","false",""
"a2F4S0000008p6oUAA","","OA Collateral Vehicle","2020-10-15T18:23:43.000Z","0054S000000Ms6RQAS","2020-10-19T20:34:40.000Z","0054S000000Ms6RQAS","","","","a2G4S000000szEJUAY","false","false","true","false","false","10.0","slide","true","false","false","false","","true","","a2I4S000000CmbSUAS","MappedSObjectScreenResource","","42097046311236497","LLC_BI__Collateral__c","","","","","","","false","false",""
"a2F4S0000008pFuUAI","","OA- Retail Loan Primary Identification (individual Other Involved)","2020-10-19T15:12:59.000Z","0054S000000Ms6RQAS","2020-10-19T15:13:17.000Z","0054S000000Ms6RQAS","","","","a2G4S000000sz0RUAQ","false","false","false","false","false","20.0","slide","true","false","false","false","","true","","a2I4S000000CmbIUAS","MappedSObjectScreenResource","","42468691720765814","Contact","","","","","","","false","false",""
"a2F4S0000008pGiUAI","","Secured RL Eligibility Loan","2020-10-19T17:51:37.000Z","0054S000000Ms6RQAS","2021-01-15T21:20:20.000Z","0054S000000Ms6RQAS","","","","a2G4S000000szVKUAY","false","false","true","false","false","0.0","slide","true","false","false","false","","true","","a2I4S000000CoPtUAK","MappedSObjectScreenResource","","57981603129897154","LLC_BI__Loan__c","","","","","","","false","false",""
"a2F4S0000008pH2UAI","","Rental Expense","2020-10-19T20:42:59.000Z","0054S000000Ms6RQAS","2020-10-19T20:44:24.000Z","0054S000000Ms6RQAS","","","","a2G4S000000szVUUAY","false","false","false","false","false","10.0","slide","true","false","false","false","","true","","a2I4S000000CmbXUAS","MappedSObjectScreenResource","","42437107615963589","LLC_BI__Debt__c","","","","","","","false","false",""
"a2F4S0000008pKfUAI","","OA - Retail Additional Personal Info","2020-10-20T19:31:35.000Z","0054S000000Ms6RQAS","2020-10-20T19:37:45.000Z","0054S000000Ms6RQAS","","","","a2G4S000000sz0CUAQ","false","false","true","false","false","10.0","slide","true","false","false","false","","true","","a2I4S000000CmbmUAC","MappedSObjectScreenResource","","42502012207070733","Contact","","","","","","","false","false",""
"a2F4S0000008qM9UAI","","Document Details","2020-11-05T18:32:46.000Z","0054S000000SW2ZQAW","2020-11-05T18:32:46.000Z","0054S000000SW2ZQAW","","","","a2G4S000000t0P8UAI","false","false","false","true","false","0.01","slide","true","false","false","false","","true","","","MappedSObjectScreenResource","","42904564333541332","LLC_BI__AccountDocument__c","","","","","","","false","false",""
"a2F4S0000008qMAUAY","","Document Details","2020-11-05T18:32:46.000Z","0054S000000SW2ZQAW","2020-11-05T18:32:46.000Z","0054S000000SW2ZQAW","","","","a2G4S000000t0P9UAI","false","false","false","true","false","0.01","slide","true","false","false","false","","true","","","MappedSObjectScreenResource","","42261699263393803","LLC_BI__LLC_LoanDocument__c","","","","","","","false","false",""
"a2F4S0000008qMBUAY","","Document Details","2020-11-05T18:32:46.000Z","0054S000000SW2ZQAW","2020-11-05T18:32:46.000Z","0054S000000SW2ZQAW","","","","a2G4S000000t0PAUAY","false","false","false","true","false","0.01","slide","true","false","false","false","","true","","","MappedSObjectScreenResource","","42472076033440551","LLC_BI__Document_Placeholder__c","","","","","","","false","false",""
"a2F4S0000008qMCUAY","","Document Details","2020-11-05T18:32:46.000Z","0054S000000SW2ZQAW","2020-11-05T18:32:46.000Z","0054S000000SW2ZQAW","","","","a2G4S000000t0PBUAY","false","false","false","true","false","0.01","slide","true","false","false","false","","true","","","MappedSObjectScreenResource","","42995949513184683","LLC_BI__AccountDocument__c","","","","","","","false","false",""
"a2F4S0000008qMDUAY","","Document Details","2020-11-05T18:32:46.000Z","0054S000000SW2ZQAW","2020-11-05T18:32:46.000Z","0054S000000SW2ZQAW","","","","a2G4S000000t0PCUAY","false","false","false","true","false","0.01","slide","true","false","false","false","","true","","","MappedSObjectScreenResource","","42801807792313384","LLC_BI__LLC_LoanDocument__c","","","","","","","false","false",""
"a2F4S0000008qMEUAY","","Document Details","2020-11-05T18:32:47.000Z","0054S000000SW2ZQAW","2020-11-05T18:32:47.000Z","0054S000000SW2ZQAW","","","","a2G4S000000t0PDUAY","false","false","false","true","false","0.01","slide","true","false","false","false","","true","","","MappedSObjectScreenResource","","42798647528082200","LLC_BI__Document_Placeholder__c","","","","","","","false","false",""
"a2F4S0000008qq3UAA","","Contact for Owners MRF","2020-11-09T18:28:04.000Z","0054S000000Ms6RQAS","2021-01-22T19:05:51.000Z","0054S000000Ms6RQAS","","","","a2G4S000000t0c2UAA","false","false","false","false","false","0.0","slide","true","false","false","false","","true","","a2I4S000000CogWUAS","MappedSObjectScreenResource","","42898616682147688","Contact","","","","","","","false","false",""
"a2F4S0000008qq4UAA","","Connection for Owners MRF","2020-11-09T18:28:05.000Z","0054S000000Ms6RQAS","2020-12-08T20:02:14.000Z","0054S000000Ms6RQAS","","","","a2G4S000000t0c2UAA","false","false","false","false","false","1.0","slide","true","false","false","false","","true","","a2I4S000000CnJYUA0","MappedSObjectScreenResource","","42469028204987190","LLC_BI__Connection__c","","","","","","","false","false",""
"a2F4S0000008qq5UAA","","Contact for Owners MRF","2020-11-09T18:28:05.000Z","0054S000000Ms6RQAS","2020-11-09T18:28:05.000Z","0054S000000Ms6RQAS","","","","a2G4S000000t0c3UAA","false","false","false","false","false","0.0","slide","true","false","false","false","","true","","","MappedSObjectScreenResource","","42978270572628511","Contact","","","","","","","false","false",""
"a2F4S0000008qq6UAA","","Connection for Owners MRF","2020-11-09T18:28:05.000Z","0054S000000Ms6RQAS","2020-12-08T20:18:33.000Z","0054S000000Ms6RQAS","","","","a2G4S000000t0c3UAA","false","false","false","false","false","1.0","slide","true","false","false","false","","true","","a2I4S000000CnJiUAK","MappedSObjectScreenResource","","42008631851784830","LLC_BI__Connection__c","","","","","","","false","false",""
"a2F4S0000008qq7UAA","","Contact for Others Involved MRF","2020-11-09T18:28:06.000Z","0054S000000Ms6RQAS","2020-11-09T18:28:06.000Z","0054S000000Ms6RQAS","","","","a2G4S000000t0c4UAA","false","false","false","false","false","0.0","slide","true","false","false","false","","true","","","MappedSObjectScreenResource","","42055505763515539","Contact","","","","","","","false","false",""
"a2F4S0000008qq8UAA","","Entity Involvement for Others Involved MRF","2020-11-09T18:28:06.000Z","0054S000000Ms6RQAS","2020-11-09T18:28:06.000Z","0054S000000Ms6RQAS","","","","a2G4S000000t0c4UAA","false","false","false","false","false","1.0","slide","true","false","false","false","","true","","","MappedSObjectScreenResource","","42764413431186450","LLC_BI__Legal_Entities__c","","","","","","","false","false",""
"a2F4S0000008qq9UAA","","Connection for Others Involved MRF","2020-11-09T18:28:06.000Z","0054S000000Ms6RQAS","2020-11-09T18:28:06.000Z","0054S000000Ms6RQAS","","","","a2G4S000000t0c4UAA","false","false","false","false","false","2.0","slide","true","false","false","false","","true","","","MappedSObjectScreenResource","","42196349756218043","LLC_BI__Connection__c","","","","","","","false","false",""
"a2F4S0000008qqAUAQ","","Contact for Others Involved MRF","2020-11-09T18:28:06.000Z","0054S000000Ms6RQAS","2020-11-09T18:28:06.000Z","0054S000000Ms6RQAS","","","","a2G4S000000t0c5UAA","false","false","false","false","false","0.0","slide","true","false","false","false","","true","","","MappedSObjectScreenResource","","42455162132059093","Contact","","","","","","","false","false",""
"a2F4S0000008qqBUAQ","","Entity Involvement for Others Involved MRF","2020-11-09T18:28:06.000Z","0054S000000Ms6RQAS","2020-11-09T18:28:06.000Z","0054S000000Ms6RQAS","","","","a2G4S000000t0c5UAA","false","false","false","false","false","1.0","slide","true","false","false","false","","true","","","MappedSObjectScreenResource","","42591569509314758","LLC_BI__Legal_Entities__c","","","","","","","false","false",""
"a2F4S0000008qqCUAQ","","Connection for Others Involved MRF","2020-11-09T18:28:06.000Z","0054S000000Ms6RQAS","2020-11-09T18:28:06.000Z","0054S000000Ms6RQAS","","","","a2G4S000000t0c5UAA","false","false","false","false","false","2.0","slide","true","false","false","false","","true","","","MappedSObjectScreenResource","","42146652305146599","LLC_BI__Connection__c","","","","","","","false","false",""
"a2F4S0000008qqIUAQ","","Contact for Others Involved MRF","2020-11-09T18:28:08.000Z","0054S000000Ms6RQAS","2020-11-09T18:28:08.000Z","0054S000000Ms6RQAS","","","","a2G4S000000t0c6UAA","false","false","false","false","false","0.0","slide","true","false","false","false","","true","","","MappedSObjectScreenResource","","42515521321715951","Contact","","","","","","","false","false",""
"a2F4S0000008qqJUAQ","","Entity Involvement for Others Involved MRF","2020-11-09T18:28:08.000Z","0054S000000Ms6RQAS","2020-11-09T18:28:08.000Z","0054S000000Ms6RQAS","","","","a2G4S000000t0c6UAA","false","false","false","false","false","1.0","slide","true","false","false","false","","true","","","MappedSObjectScreenResource","","42883777081521302","LLC_BI__Legal_Entities__c","","","","","","","false","false",""
"a2F4S0000008qqKUAQ","","Connection for Others Involved MRF","2020-11-09T18:28:08.000Z","0054S000000Ms6RQAS","2020-11-09T18:28:08.000Z","0054S000000Ms6RQAS","","","","a2G4S000000t0c6UAA","false","false","false","false","false","2.0","slide","true","false","false","false","","true","","","MappedSObjectScreenResource","","42336461599359764","LLC_BI__Connection__c","","","","","","","false","false",""
"a2F4S0000008qqLUAQ","","Contact for Others Involved MRF","2020-11-09T18:28:09.000Z","0054S000000Ms6RQAS","2020-11-09T18:28:09.000Z","0054S000000Ms6RQAS","","","","a2G4S000000t0cCUAQ","false","false","false","false","false","0.0","slide","true","false","false","false","","true","","","MappedSObjectScreenResource","","42190299371120616","Contact","","","","","","","false","false",""
"a2F4S0000008qqMUAQ","","Entity Involvement for Others Involved MRF","2020-11-09T18:28:09.000Z","0054S000000Ms6RQAS","2020-11-09T18:28:09.000Z","0054S000000Ms6RQAS","","","","a2G4S000000t0cCUAQ","false","false","false","false","false","1.0","slide","true","false","false","false","","true","","","MappedSObjectScreenResource","","42563313807549057","LLC_BI__Legal_Entities__c","","","","","","","false","false",""
"a2F4S0000008qqSUAQ","","Connection for Others Involved MRF","2020-11-09T18:28:09.000Z","0054S000000Ms6RQAS","2020-11-09T18:28:09.000Z","0054S000000Ms6RQAS","","","","a2G4S000000t0cCUAQ","false","false","false","false","false","2.0","slide","true","false","false","false","","true","","","MappedSObjectScreenResource","","42204291696112783","LLC_BI__Connection__c","","","","","","","false","false",""
"a2F4S0000008qqhUAA","","Material Changes- Please Select 'Request Material Changes' to revert stage.","2020-11-09T19:14:05.000Z","0054S000000Ms6RQAS","2020-11-09T19:15:57.000Z","0054S000000Ms6RQAS","","","","a2G4S000000t0cMUAQ","false","false","true","false","false","10.0","slide","true","false","false","false","","true","","a2I4S000000CmtQUAS","MappedSObjectScreenResource","","42123440541860705","LLC_BI__Loan__c","","","","","","","false","false",""
"a2F4S0000008rKSUAY","","Personal Info - Locked","2020-11-24T18:31:22.000Z","0054S000000Ms6RQAS","2020-12-03T17:49:25.000Z","0054S000000Ms6RQAS","","","","a2G4S0000006cJyUAI","false","false","false","false","false","1.0","slide","true","false","false","false","","false","","a2I4S000000CmbcUAC","MappedSObjectScreenResource","","42997378937782244","Contact","Please navigate to your online banking to update existing information.","","{{IF=""A""}} {{COND=""A"" FIELD=""Contact.Is_existing_customer__c"" IS=""Yes""}}{{ENDIF}}","a2F4S0000008rKXUAY","","","false","false",""
"a2F4S0000008rKXUAY","","Existing Customer? Hidden (Primary Applicant)","2020-11-24T18:33:54.000Z","0054S000000Ms6RQAS","2020-11-25T14:27:29.000Z","0054S000000Ms6RQAS","","","","a2G4S0000006cJyUAI","false","false","true","false","false","0.0","slide","true","false","false","false","","true","","a2I4S000000Cn1KUAS","MappedSObjectScreenResource","","42909313017056921","Contact","","","","","","","false","false",""
"a2F4S0000008rKhUAI","","Mailing Address - Locked","2020-11-24T21:29:00.000Z","0054S000000Ms6RQAS","2020-11-24T21:31:52.000Z","0054S000000Ms6RQAS","","","","a2G4S0000006cJyUAI","false","false","false","false","false","11.0","slide","true","false","false","false","","false","","a2I4S000000CmbhUAC","MappedSObjectScreenResource","","42876227488752121","Contact","","","{{IF=""A AND B""}}{{COND=""A"" FIELD=""Contact.Is_existing_customer__c"" IS=""Yes""}}{{COND=""B"" FIELD=""Contact.cm_Mailing_Same_as_Physical__c"" IS=""No""}}{{ENDIF}}","a2F4S0000008iu5UAA","","","false","false",""
"a2F4S0000008rMWUAY","","Existing Customer? Hidden","2020-11-25T14:25:35.000Z","0054S000000Ms6RQAS","2020-11-25T14:37:37.000Z","0054S000000Ms6RQAS","","","","a2G4S0000006cJzUAI","false","false","true","false","false","0.0","slide","true","false","false","false","","true","","a2I4S000000Cn1yUAC","MappedSObjectScreenResource","","42596566270777091","Contact","","","","","","","false","false",""
"a2F4S0000008rMbUAI","","Personal Info- Locked","2020-11-25T14:26:53.000Z","0054S000000Ms6RQAS","2020-11-25T14:46:45.000Z","0054S000000Ms6RQAS","","","","a2G4S0000006cJzUAI","false","false","false","false","false","1.0","slide","true","false","false","false","","false","","a2I4S000000Cn23UAC","MappedSObjectScreenResource","","42956104356690565","Contact","","","{{IF=""A""}} {{COND=""A"" FIELD=""Contact.Is_existing_customer__c"" IS=""Yes""}}{{ENDIF}}","a2F4S0000008rMWUAY","","","false","false",""
"a2F4S0000008rMlUAI","","Co Owner Mailing Address- Locked","2020-11-25T14:40:37.000Z","0054S000000Ms6RQAS","2020-11-25T14:53:23.000Z","0054S000000Ms6RQAS","","","","a2G4S0000006cJzUAI","false","false","false","true","false","11.0","slide","true","false","false","false","","false","","a2I4S000000Cn2DUAS","MappedSObjectScreenResource","","42390661367363766","Contact","","","{{IF=""A AND B""}}{{COND=""A"" FIELD=""Contact.Is_existing_customer__c"" IS=""Yes""}}{{COND=""B"" FIELD=""Contact.cm_Mailing_Same_as_Physical__c"" IS=""No""}}{{ENDIF}}","a2F4S0000008iu6UAA","","","false","false",""
"a2F4S0000008t59UAA","","EO-Connected-Biz Mailing Address Fields","2021-01-07T17:19:39.000Z","0054S000000Ms6RQAS","2021-01-07T17:20:21.000Z","0054S000000Ms6RQAS","","","","a2G4S000000sySvUAI","false","false","true","true","false","25.0","slide","true","false","false","false","","true","","a2I4S000000CoBDUA0","MappedSObjectScreenResource","","42600670919590249","Account","","","{{IF=""A""}}
{{COND=""A"" FIELD=""Account.Business_Mailing_Address_Same_as_Physica__c"" IS=""No""}}
{{ENDIF}}","a2F4S0000008db1UAA","","","false","false",""
"a2F4S0000008tDDUAY","","Adverse Actions/Counter Offers","2021-01-12T18:12:16.000Z","0054S000000Ms6RQAS","2021-01-12T18:13:08.000Z","0054S000000Ms6RQAS","","","","a2G4S000000t2VaUAI","false","false","true","false","false","5.0","slide","true","false","false","false","","true","","a2I4S000000CoL8UAK","MappedSObjectHierarchyScreenResource","","42872505570890938","LLC_BI__Loan__c","","","","","","","false","false",""
"a2F4S0000008v2oUAA","","Eo-BO Connection","2021-02-05T16:27:55.000Z","0054S000000Ms6RQAS","2021-02-05T16:30:13.000Z","0054S000000Ms6RQAS","","","","a2G4S000000sySvUAI","false","false","true","true","false","10.0","slide","true","false","false","false","","true","","a2I4S000000CpBKUA0","MappedSObjectScreenResource","","4299634161759518","LLC_BI__Connection__c","","","","","","","false","false",""
"a2F4S0000008vngUAA","","Details - EO - Summary Screen","2021-02-24T19:40:29.000Z","0054S000000Ms6RQAS","2021-02-24T19:44:45.000Z","0054S000000Ms6RQAS","","","","a2G4S000000t4UZUAY","false","false","true","true","false","0.0","slide","true","false","false","false","","true","","a2I4S000000CpwXUAS","MappedSObjectScreenResource","","42024746215121369","Contact","","","","","","","false","false",""
"a2F4S0000008vnlUAA","","Details - EO - Business Summary","2021-02-24T20:15:38.000Z","0054S000000Ms6RQAS","2021-02-24T20:16:18.000Z","0054S000000Ms6RQAS","","","","a2G4S000000t4UZUAY","false","false","false","false","false","10.0","slide","true","false","false","false","","false","","a2I4S000000CpwhUAC","MappedSObjectScreenResource","","42545462510268748","Account","","","","","","","false","false",""
"a2F4S0000008vvjUAA","","DAO Consumer CD (Interest Bearing) - Interest Pay Credit Account","2021-03-01T20:39:37.000Z","0054S000000Ms6RQAS","2021-03-03T14:55:15.000Z","0054S000000Ms6RQAS","","","","a2G4S000000t4L8UAI","false","false","true","true","false","10.0","slide","true","false","false","false","","true","","a2I4S000000Cq7QUAS","MappedSObjectScreenResource","","42519396946515118","LLC_BI__Deposit__c","","","{{IF=""A""}}{{COND=""A"" FIELD=""LLC_BI__Deposit__c.LLC_BI__Interest_Payment_Method_Type__c"" IS=""Credit Account""}}{{ENDIF}}","a2F4S0000008n0WUAQ","","","false","false",""
"a2F4S0000008w9JUAQ","","DAO Consumer CD (Interest Bearing) - Interest Pay Credit Ext. Account","2021-03-03T14:57:14.000Z","0054S000000Ms6RQAS","2021-03-03T14:57:35.000Z","0054S000000Ms6RQAS","","","","a2G4S000000t4L8UAI","false","false","true","true","false","20.0","slide","true","false","false","false","","true","","a2I4S000000CqEIUA0","MappedSObjectScreenResource","","42995181347008046","LLC_BI__Deposit__c","","","{{IF=""A""}}{{COND=""A"" FIELD=""LLC_BI__Deposit__c.LLC_BI__Interest_Payment_Method_Type__c"" IS=""Credit Account at other financial institution""}}{{ENDIF}}","a2F4S0000008n0WUAQ","","","false","false",""
"a2F4S0000009EbIUAU","","DEP Primary Identification- Driver License or State ID","2021-07-22T16:28:39.000Z","0054S000000Ms6RQAS","2021-07-22T16:29:45.000Z","0054S000000Ms6RQAS","","","","a2G4S0000006cJyUAI","false","false","false","false","false","35.0","slide","true","false","false","false","","true","","a2I4S000000CyVBUA0","MappedSObjectScreenResource","","42979426795959135","Contact","","","{{IF=""A OR B""}}{{COND=""A"" FIELD=""Contact.cs_Primary_ID_Type__c"" IS=""Driver License""}}{{COND=""B"" FIELD=""Contact.cs_Primary_ID_Type__c"" IS=""State ID""}}{{ENDIF}}","a2F4S0000008j9SUAQ","","","false","false",""
"a2F4S0000009EbNUAU","","DEP Primary Identification- Passport","2021-07-22T16:29:27.000Z","0054S000000Ms6RQAS","2021-07-22T17:50:59.000Z","0054S000000Ms6RQAS","","","","a2G4S0000006cJyUAI","false","false","false","false","false","35.0","slide","true","false","false","false","","true","","a2I4S000000CyVVUA0","MappedSObjectScreenResource","","42921319449214013","Contact","","","{{IF=""A""}}{{COND=""A"" FIELD=""Contact.cs_Primary_ID_Type__c"" IS=""Passport""}}{{ENDIF}}","a2F4S0000008j9SUAQ","","","false","false",""
"a2F4S0000009Ec6UAE","","OARL Primary Identification- Driver License or State ID","2021-07-22T18:00:37.000Z","0054S000000Ms6RQAS","2021-07-22T18:02:28.000Z","0054S000000Ms6RQAS","","","","a2G4S000000sz0CUAQ","false","false","false","false","false","35.0","slide","true","false","false","false","","true","","a2I4S000000CyVfUAK","MappedSObjectScreenResource","","42505198442758894","Contact","","","{{IF=""A OR B""}}{{COND=""A"" FIELD=""Contact.cs_Primary_ID_Type__c"" IS=""Driver License""}}{{COND=""B"" FIELD=""Contact.cs_Primary_ID_Type__c"" IS=""State ID""}}{{ENDIF}}","a2F4S0000008owMUAQ","","","false","false",""
"a2F4S0000009EcGUAU","","OARL Primary Identification- Passport","2021-07-22T18:01:50.000Z","0054S000000Ms6RQAS","2021-07-22T18:02:20.000Z","0054S000000Ms6RQAS","","","","a2G4S000000sz0CUAQ","false","false","false","false","false","35.0","slide","true","false","false","false","","true","","a2I4S000000CyVaUAK","MappedSObjectScreenResource","","42879914738380140","Contact","","","{{IF=""A""}}{{COND=""A"" FIELD=""Contact.cs_Primary_ID_Type__c"" IS=""Passport""}}{{ENDIF}}","a2F4S0000008owMUAQ","","","false","false",""
"a2F4S0000009GbPUAU","","Dep - Bypass IDology","2021-09-29T16:24:35.000Z","0054S000000Ms6RQAS","2021-09-29T16:24:35.000Z","0054S000000Ms6RQAS","","","","a2G4S000000tCwzUAE","false","false","false","false","false","40.0","slide","true","false","false","false","","true","","a2I4S000000D1nQUAS","MappedSObjectScreenResource","","42294963655528028","Contact","Select 'Pass"" if you would like to bypass the IDology integration. Leave Blank if you are testing with an IDology Test Case.","","","","","","false","false",""
"a2F4S0000008dRRUAY","","Underwriting_Overview","2020-06-02T17:59:20.000Z","0054S000000SW29QAG","2020-06-02T17:59:20.000Z","0054S000000SW29QAG","","","","a2G4S0000006UPbUAM","false","false","true","true","false","5.0","slide","true","false","false","false","","true","","","MappedSObjectScreenResource","","42794792125497229","LLC_BI__Loan__c","","","","","","","false","false",""
"a2F4S0000008dRSUAY","","Decision_Overview","2020-06-02T17:59:20.000Z","0054S000000SW29QAG","2020-06-02T17:59:20.000Z","0054S000000SW29QAG","","","","a2G4S0000006UPbUAM","false","false","true","true","false","6.0","slide","true","false","false","false","","true","","","MappedSObjectScreenResource","","42075682705283847","LLC_BI__Loan__c","","","","","","","false","false",""
"a2F4S0000008dRTUAY","","Applicants","2020-06-02T17:59:20.000Z","0054S000000SW29QAG","2020-06-02T17:59:20.000Z","0054S000000SW29QAG","","","","a2G4S0000006UPcUAM","false","false","true","true","false","0.0","slide","true","false","false","false","","true","","","MappedSObjectScreenResource","","42704245439344521","LLC_BI__Legal_Entities__c","","","","","","","false","false",""
"a2F4S0000008dRUUAY","","Application Details","2020-06-02T17:59:20.000Z","0054S000000SW29QAG","2020-06-02T17:59:20.000Z","0054S000000SW29QAG","","","","a2G4S0000006UPcUAM","false","false","true","true","false","1.0","slide","true","false","false","false","","true","","","MappedSObjectScreenResource","","42027502146142949","LLC_BI__Loan__c","","","","","","","false","false",""
"a2F4S0000008dRVUAY","","Applicant Details","2020-06-02T17:59:20.000Z","0054S000000SW29QAG","2020-06-02T17:59:20.000Z","0054S000000SW29QAG","","","","a2G4S0000006UPcUAM","false","false","true","true","false","2.0","slide","true","false","true","false","","true","","","MappedSObjectScreenResource","","42125220348533994","Contact","","","","","","","false","false",""
"a2F4S0000008dRWUAY","","Debt Schedule","2020-06-02T17:59:20.000Z","0054S000000SW29QAG","2020-06-02T17:59:20.000Z","0054S000000SW29QAG","","","","a2G4S0000006UPdUAM","false","false","true","true","false","0.0","slide","true","false","false","false","","true","","","MappedSObjectScreenResource","","42377092525854162","LLC_BI__Debt__c","","","","","","","false","false",""
"a2F4S0000008dRXUAY","","Asset Schedule","2020-06-02T17:59:20.000Z","0054S000000SW29QAG","2020-06-02T17:59:20.000Z","0054S000000SW29QAG","","","","a2G4S0000006UPdUAM","false","false","true","true","false","1.0","slide","true","false","false","false","","true","","","MappedSObjectScreenResource","","42995770780407934","nRetail__Asset__c","","","","","","","false","false",""
"a2F4S0000008dRYUAY","","Income Schedule","2020-06-02T17:59:20.000Z","0054S000000SW29QAG","2020-06-02T17:59:20.000Z","0054S000000SW29QAG","","","","a2G4S0000006UPdUAM","false","false","true","true","false","2.0","slide","true","false","false","false","","true","","","MappedSObjectScreenResource","","42471495799567136","LLC_BI__Income__c","","","","","","","false","false",""
"a2F4S0000008dRZUAY","","Add Debt","2020-06-02T17:59:20.000Z","0054S000000SW29QAG","2020-06-02T17:59:20.000Z","0054S000000SW29QAG","","","","a2G4S0000006UPdUAM","false","false","true","true","false","3.0","slide","true","false","false","false","","true","","","MappedSObjectScreenResource","","42456647562900645","LLC_BI__Debt__c","","","","","","","false","false",""
"a2F4S0000008dRaUAI","","Add Asset","2020-06-02T17:59:20.000Z","0054S000000SW29QAG","2020-06-02T17:59:20.000Z","0054S000000SW29QAG","","","","a2G4S0000006UPdUAM","false","false","true","true","false","4.0","slide","true","false","false","false","","true","","","MappedSObjectScreenResource","","42817964623608171","nRetail__Asset__c","","","","","","","false","false",""
"a2F4S0000008dRbUAI","","Add Income","2020-06-02T17:59:20.000Z","0054S000000SW29QAG","2020-06-02T17:59:20.000Z","0054S000000SW29QAG","","","","a2G4S0000006UPdUAM","false","false","true","true","false","4.0","slide","true","false","false","false","","true","","","MappedSObjectScreenResource","","42408592525519792","LLC_BI__Income__c","","","","","","","false","false",""
"a2F4S0000008dRcUAI","","Underwriting_Overview","2020-06-02T17:59:20.000Z","0054S000000SW29QAG","2020-06-02T17:59:20.000Z","0054S000000SW29QAG","","","","a2G4S0000006UPdUAM","false","false","true","true","false","5.0","slide","true","false","false","false","","true","","","MappedSObjectScreenResource","","42954601595892611","LLC_BI__Loan__c","","","","","","","false","false",""
"a2F4S0000008dRdUAI","","Decision_Overview","2020-06-02T17:59:20.000Z","0054S000000SW29QAG","2020-06-02T17:59:20.000Z","0054S000000SW29QAG","","","","a2G4S0000006UPdUAM","false","false","true","true","false","6.0","slide","true","false","false","false","","true","","","MappedSObjectScreenResource","","42158490578970086","LLC_BI__Loan__c","","","","","","","false","false",""
"a2F4S0000008dReUAI","","Applicants","2020-06-02T17:59:20.000Z","0054S000000SW29QAG","2020-06-02T17:59:20.000Z","0054S000000SW29QAG","","","","a2G4S0000006UPeUAM","false","false","true","true","false","0.0","slide","true","false","false","false","","true","","","MappedSObjectScreenResource","","42485022875704828","LLC_BI__Legal_Entities__c","","","","","","","false","false",""
"a2F4S0000008dRfUAI","","Application Details","2020-06-02T17:59:20.000Z","0054S000000SW29QAG","2020-06-02T17:59:20.000Z","0054S000000SW29QAG","","","","a2G4S0000006UPeUAM","false","false","true","true","false","1.0","slide","true","false","false","false","","true","","","MappedSObjectScreenResource","","42984145605524153","LLC_BI__Loan__c","","","","","","","false","false",""
"a2F4S0000008dRgUAI","","Applicant Details","2020-06-02T17:59:20.000Z","0054S000000SW29QAG","2020-06-02T17:59:20.000Z","0054S000000SW29QAG","","","","a2G4S0000006UPeUAM","false","false","true","true","false","2.0","slide","true","false","true","false","","true","","","MappedSObjectScreenResource","","42629465227706594","Contact","","","","","","","false","false",""
"a2F4S0000008dRhUAI","","Third Party Management","2020-06-02T17:59:20.000Z","0054S000000SW29QAG","2020-06-02T17:59:20.000Z","0054S000000SW29QAG","","","","a2G4S0000006UPgUAM","false","false","true","true","false","0.0","slide","true","false","false","false","","true","","","MappedSObjectHierarchyScreenResource","","42969190375597378","LLC_BI__Loan__c","","","","","","","false","false",""
"a2F4S0000008dRiUAI","","Debt Schedule","2020-06-02T17:59:20.000Z","0054S000000SW29QAG","2020-06-02T17:59:20.000Z","0054S000000SW29QAG","","","","a2G4S0000006UPfUAM","false","false","true","true","false","0.0","slide","true","false","false","false","","true","","","MappedSObjectScreenResource","","42275402000638546","LLC_BI__Debt__c","","","","","","","false","false",""
"a2F4S0000008dRjUAI","","Asset Schedule","2020-06-02T17:59:20.000Z","0054S000000SW29QAG","2020-06-02T17:59:20.000Z","0054S000000SW29QAG","","","","a2G4S0000006UPfUAM","false","false","true","true","false","1.0","slide","true","false","false","false","","true","","","MappedSObjectScreenResource","","42474063635519569","nRetail__Asset__c","","","","","","","false","false",""
"a2F4S0000008dRkUAI","","Income Schedule","2020-06-02T17:59:20.000Z","0054S000000SW29QAG","2020-06-02T17:59:20.000Z","0054S000000SW29QAG","","","","a2G4S0000006UPfUAM","false","false","true","true","false","2.0","slide","true","false","false","false","","true","","","MappedSObjectScreenResource","","42316064706246032","LLC_BI__Income__c","","","","","","","false","false",""
"a2F4S0000008dRlUAI","","Add Debt","2020-06-02T17:59:20.000Z","0054S000000SW29QAG","2020-06-02T17:59:20.000Z","0054S000000SW29QAG","","","","a2G4S0000006UPfUAM","false","false","true","true","false","3.0","slide","true","false","false","false","","true","","","MappedSObjectScreenResource","","42953950420117635","LLC_BI__Debt__c","","","","","","","false","false",""
"a2F4S0000008dRmUAI","","Add Asset","2020-06-02T17:59:20.000Z","0054S000000SW29QAG","2020-06-02T17:59:20.000Z","0054S000000SW29QAG","","","","a2G4S0000006UPfUAM","false","false","true","true","false","4.0","slide","true","false","false","false","","true","","","MappedSObjectScreenResource","","42375483916534892","nRetail__Asset__c","","","","","","","false","false",""
"a2F4S0000008dRnUAI","","Add Income","2020-06-02T17:59:20.000Z","0054S000000SW29QAG","2020-06-02T17:59:20.000Z","0054S000000SW29QAG","","","","a2G4S0000006UPfUAM","false","false","true","true","false","5.0","slide","true","false","false","false","","true","","","MappedSObjectScreenResource","","4272402514198693","LLC_BI__Income__c","","","","","","","false","false",""
"a2F4S0000008dRoUAI","","Underwriting_Overview","2020-06-02T17:59:20.000Z","0054S000000SW29QAG","2020-06-02T17:59:20.000Z","0054S000000SW29QAG","","","","a2G4S0000006UPfUAM","false","false","true","true","false","6.0","slide","true","false","false","false","","true","","","MappedSObjectScreenResource","","42242310132138820","LLC_BI__Loan__c","","","","","","","false","false",""
"a2F4S0000008dRpUAI","","Decision_Overview","2020-06-02T17:59:20.000Z","0054S000000SW29QAG","2020-06-02T17:59:20.000Z","0054S000000SW29QAG","","","","a2G4S0000006UPfUAM","false","false","true","true","false","7.0","slide","true","false","false","false","","true","","","MappedSObjectScreenResource","","42095481766146436","LLC_BI__Loan__c","","","","","","","false","false",""
"a2F4S0000008dRqUAI","","Applicants","2020-06-02T17:59:20.000Z","0054S000000SW29QAG","2020-06-02T17:59:20.000Z","0054S000000SW29QAG","","","","a2G4S0000006UPkUAM","false","false","true","true","false","0.0","slide","true","false","false","false","","true","","","MappedSObjectScreenResource","","42421851877564462","LLC_BI__Legal_Entities__c","","","","","","","false","false",""
"a2F4S0000008dRrUAI","","Application Details","2020-06-02T17:59:20.000Z","0054S000000SW29QAG","2020-06-02T17:59:20.000Z","0054S000000SW29QAG","","","","a2G4S0000006UPkUAM","false","false","true","true","false","1.0","slide","true","false","false","false","","true","","","MappedSObjectScreenResource","","42796924069615646","LLC_BI__Loan__c","","","","","","","false","false",""
"a2F4S0000008dRsUAI","","Applicant Details","2020-06-02T17:59:20.000Z","0054S000000SW29QAG","2020-06-02T17:59:20.000Z","0054S000000SW29QAG","","","","a2G4S0000006UPkUAM","false","false","true","true","false","2.0","slide","true","false","true","false","","true","","","MappedSObjectScreenResource","","42260323747595343","Contact","","","","","","","false","false",""
"a2F4S0000008dRtUAI","","Applicant Details","2020-06-02T17:59:20.000Z","0054S000000SW29QAG","2020-06-02T17:59:20.000Z","0054S000000SW29QAG","","","","a2G4S0000006UPkUAM","false","false","true","true","false","3.0","slide","true","false","true","false","","true","","","MappedSObjectScreenResource","","42394310512680615","Account","","","","","","","false","false",""
"a2F4S0000008dRuUAI","","Debt Schedule","2020-06-02T17:59:20.000Z","0054S000000SW29QAG","2020-06-02T17:59:20.000Z","0054S000000SW29QAG","","","","a2G4S0000006UPjUAM","false","false","true","true","false","0.0","slide","true","false","false","false","","true","","","MappedSObjectScreenResource","","42938992628976136","LLC_BI__Debt__c","","","","","","","false","false",""
"a2F4S0000008dRvUAI","","Asset Schedule","2020-06-02T17:59:20.000Z","0054S000000SW29QAG","2020-06-02T17:59:20.000Z","0054S000000SW29QAG","","","","a2G4S0000006UPjUAM","false","false","true","true","false","1.0","slide","true","false","false","false","","true","","","MappedSObjectScreenResource","","42168779986426002","nRetail__Asset__c","","","","","","","false","false",""
"a2F4S0000008dRwUAI","","Income Schedule","2020-06-02T17:59:20.000Z","0054S000000SW29QAG","2020-06-02T17:59:20.000Z","0054S000000SW29QAG","","","","a2G4S0000006UPjUAM","false","false","true","true","false","2.0","slide","true","false","false","false","","true","","","MappedSObjectScreenResource","","42926344984929280","LLC_BI__Income__c","","","","","","","false","false",""
"a2F4S0000008dRxUAI","","Add Debt","2020-06-02T17:59:20.000Z","0054S000000SW29QAG","2020-06-02T17:59:20.000Z","0054S000000SW29QAG","","","","a2G4S0000006UPjUAM","false","false","true","true","false","3.0","slide","true","false","false","false","","true","","","MappedSObjectScreenResource","","42929792296271645","LLC_BI__Debt__c","","","","","","","false","false",""
"a2F4S0000008dYfUAI","","SBA Form 1920","2020-06-02T17:59:20.000Z","0054S000000Ms6RQAS","2020-06-02T17:59:20.000Z","0054S000000Ms6RQAS","","","","a2G4S0000006URSUA2","false","false","true","true","false","7.0","slide","true","false","false","false","","true","","","MappedSObjectScreenResource","","a2F4S0000008dYfUAI","LLC_BI__Loan__c","","","","","","","false","false",""
"a2F4S0000008dYgUAI","","SBA Form 1920Contacts","2020-06-02T17:59:20.000Z","0054S000000Ms6RQAS","2020-06-02T17:59:20.000Z","0054S000000Ms6RQAS","","","","a2G4S0000006UT8UAM","false","false","true","true","false","0.0","slide","true","false","false","false","","true","","","MappedSObjectHierarchyScreenResource","","a2F4S0000008dYgUAI","LLC_BI__Loan__c","","","","","","","false","false",""
"a2F4S0000008dYhUAI","","SBA Form 912","2020-06-02T17:59:20.000Z","0054S000000Ms6RQAS","2020-06-02T17:59:20.000Z","0054S000000Ms6RQAS","","","","a2G4S0000006URHUA2","false","false","true","true","false","5.0","slide","true","false","false","false","","true","","","MappedSObjectScreenResource","","a2F4S0000008dYhUAI","LLC_BI__Loan__c","","","","","","","false","false",""
"a2F4S0000008dYiUAI","","Service Requests","2020-06-02T17:59:20.000Z","0054S000000Ms6RQAS","2020-06-02T17:59:20.000Z","0054S000000Ms6RQAS","","","","a2G4S0000006URDUA2","false","false","false","true","false","1.0","slide","true","false","false","false","","true","","","MappedSObjectHierarchyScreenResource","","a2F4S0000008dYiUAI","Account","","","","","","","false","false",""
"a2F4S0000008dYjUAI","","Site Visits","2020-06-02T17:59:20.000Z","0054S000000Ms6RQAS","2020-06-02T17:59:20.000Z","0054S000000Ms6RQAS","","","","a2G4S0000006UREUA2","false","false","false","true","false","1.0","slide","true","false","false","false","","true","","","MappedSObjectHierarchyScreenResource","","a2F4S0000008dYjUAI","Account","","","","","","","false","false",""
"a2F4S0000008dYkUAI","","Special Programs","2020-06-02T17:59:20.000Z","0054S000000Ms6RQAS","2020-06-02T17:59:20.000Z","0054S000000Ms6RQAS","","","","a2G4S0000006URYUA2","false","false","true","true","false","13.0","slide","true","false","false","false","","true","","","MappedSObjectScreenResource","","a2F4S0000008dYkUAI","LLC_BI__Loan__c","","","","","","","false","false",""
"a2F4S0000008dYlUAI","","Stage History","2020-06-02T17:59:20.000Z","0054S000000Ms6RQAS","2020-06-02T17:59:20.000Z","0054S000000Ms6RQAS","","","","a2G4S0000006URjUAM","false","false","false","true","false","0.0","slide","true","false","false","false","","false","","","MappedSObjectHierarchyScreenResource","","87991585604341051","LLC_BI__Loan__c","","","","","","","false","false",""
"a2F4S0000008dYmUAI","","Tasks","2020-06-02T17:59:20.000Z","0054S000000Ms6RQAS","2020-06-02T17:59:20.000Z","0054S000000Ms6RQAS","","","","a2G4S0000006UQqUAM","false","false","false","true","false","1.0","slide","true","false","false","false","","true","","","MappedSObjectHierarchyScreenResource","","a2F4S0000008dYmUAI","LLC_BI__Loan__c","","","","","","","false","false",""
"a2F4S0000008dYnUAI","","Tasks","2020-06-02T17:59:20.000Z","0054S000000Ms6RQAS","2020-06-02T17:59:20.000Z","0054S000000Ms6RQAS","","","","a2G4S0000006URoUAM","false","false","false","true","false","1.0","slide","true","false","false","true","","true","","","MappedSObjectHierarchyScreenResource","","81021585604341050","LLC_BI__Loan__c","","","","","","","false","false",""
"a2F4S0000008dYoUAI","","Treasury","2020-06-02T17:59:20.000Z","0054S000000Ms6RQAS","2020-06-02T17:59:20.000Z","0054S000000Ms6RQAS","","","","a2G4S0000006URFUA2","false","false","false","false","false","","slide","true","false","false","false","","false","","","ReferenceFilteredHierarchyScreenResource","","a2F4S0000008dYoUAI","Account","","","","","","","false","false",""
"a2F4S0000008dYpUAI","","Type of Business","2020-06-02T17:59:20.000Z","0054S000000Ms6RQAS","2020-06-02T17:59:20.000Z","0054S000000Ms6RQAS","","","","a2G4S0000006UROUA2","false","false","true","true","false","0.0","slide","true","false","false","false","","true","","","MappedSObjectScreenResource","","a2F4S0000008dYpUAI","LLC_BI__Loan__c","","","","","","","false","false",""
"a2F4S0000008dYqUAI","","Use of Proceeds","2020-06-02T17:59:20.000Z","0054S000000Ms6RQAS","2020-06-02T17:59:20.000Z","0054S000000Ms6RQAS","","","","a2G4S0000006URiUAM","false","false","false","true","false","0.0","slide","true","false","false","false","","false","","","MappedSObjectHierarchyScreenResource","","a2F4S0000008dYqUAI","LLC_BI__Loan__c","","","","","","","false","false",""
"a2F4S0000008dOnUAI","","Related Exposure","2020-06-02T17:59:20.000Z","0054S000000Ms6RQAS","2020-06-02T17:59:20.000Z","0054S000000Ms6RQAS","","","","a2G4S0000006UOpUAM","false","false","false","false","false","60.0","slide","true","false","false","false","","false","","a2I4S000000CeCjUAK","MappedSObjectHierarchyScreenResource","","42380880755071758","LLC_BI__Product_Package__c","","","","","","","false","false",""
"a2F4S0000008dOoUAI","","Product Request","2020-06-02T17:59:20.000Z","0054S000000Ms6RQAS","2020-06-02T17:59:20.000Z","0054S000000Ms6RQAS","","","","a2G4S0000006UOpUAM","false","false","false","false","false","30.0","slide","true","false","false","false","","false","","a2I4S000000CeCkUAK","MappedSObjectHierarchyScreenResource","","42094861262859508","LLC_BI__Product_Package__c","","","","","","","false","false",""
"a2F4S0000008dYrUAI","","Product Request Narrative","2020-06-02T17:59:20.000Z","0054S000000Ms6RQAS","2020-06-02T17:59:20.000Z","0054S000000Ms6RQAS","","","","a2G4S0000006UOpUAM","false","false","false","false","false","31.0","slide","true","false","true","false","","false","","","SObjectScreenResource","a2J4S0000008RBwUAM","42531224465998466","LLC_BI__Product_Package__c","","","","","","","false","false",""
"a2F4S0000008dYsUAI","","Product Package Narrative","2020-06-02T17:59:20.000Z","0054S000000Ms6RQAS","2020-06-02T17:59:20.000Z","0054S000000Ms6RQAS","","","","a2G4S0000006UOpUAM","false","false","false","false","false","21.0","slide","true","true","true","false","","true","","","SObjectScreenResource","a2J4S0000008RBxUAM","42587458686430319","LLC_BI__Product_Package__c","","","","","","","false","false",""
"a2F4S0000008dOpUAI","","Product Package Details","2020-06-02T17:59:20.000Z","0054S000000Ms6RQAS","2020-06-02T17:59:20.000Z","0054S000000Ms6RQAS","","","","a2G4S0000006UOpUAM","false","false","false","false","false","20.0","slide","true","true","false","false","","false","","a2I4S000000CeClUAK","MappedSObjectScreenResource","","42956385440484517","LLC_BI__Product_Package__c","","","","","","","false","false",""
"a2F4S0000008dOqUAI","","Relationship Summary","2020-06-02T17:59:20.000Z","0054S000000Ms6RQAS","2020-06-02T17:59:20.000Z","0054S000000Ms6RQAS","","","","a2G4S0000006UOpUAM","false","false","false","false","false","10.0","slide","true","false","false","false","","false","","a2I4S000000CeCmUAK","MappedSObjectHierarchyScreenResource","","42125039472676088","LLC_BI__Product_Package__c","","","","","","","false","false",""
"a2F4S0000008dYtUAI","","Relationship Summary Narrative","2020-06-02T17:59:20.000Z","0054S000000Ms6RQAS","2020-06-02T17:59:20.000Z","0054S000000Ms6RQAS","","","","a2G4S0000006UOpUAM","false","false","false","false","false","11.0","slide","true","false","true","false","","false","","","SObjectScreenResource","a2J4S0000008RByUAM","42504792048933201","LLC_BI__Product_Package__c","","","","","","","false","false",""
"a2F4S0000008dOrUAI","","Product Package Team","2020-06-02T17:59:20.000Z","0054S000000Ms6RQAS","2020-06-02T17:59:20.000Z","0054S000000Ms6RQAS","","","","a2G4S0000006UOpUAM","false","false","false","false","false","70.0","slide","true","false","false","false","","false","","a2I4S000000CeCnUAK","MappedSObjectHierarchyScreenResource","","42929609021344628","LLC_BI__Product_Package__c","","","","","","","false","false",""
"a2F4S0000008dOsUAI","","Collateral Summary","2020-06-02T17:59:20.000Z","0054S000000Ms6RQAS","2020-06-02T17:59:20.000Z","0054S000000Ms6RQAS","","","","a2G4S0000006UOpUAM","false","false","false","false","false","40.0","slide","true","false","false","false","","false","","a2I4S000000CeCoUAK","MappedSObjectHierarchyScreenResource","","42272204664501551","LLC_BI__Product_Package__c","","","","","","","false","false",""
"a2F4S0000008dOtUAI","","Covenant Summary","2020-06-02T17:59:20.000Z","0054S000000Ms6RQAS","2020-06-02T17:59:20.000Z","0054S000000Ms6RQAS","","","","a2G4S0000006UOpUAM","false","false","false","false","false","50.0","slide","true","false","false","false","","false","","a2I4S000000CeCpUAK","MappedSObjectHierarchyScreenResource","","42306081987399309","LLC_BI__Product_Package__c","","","","","","","false","false",""
"a2F4S0000008dYuUAI","","Collateral Narrative","2020-06-02T17:59:20.000Z","0054S000000Ms6RQAS","2020-06-02T17:59:20.000Z","0054S000000Ms6RQAS","","","","a2G4S0000006UOpUAM","false","false","false","false","false","41.0","slide","true","false","true","false","","false","","","SObjectScreenResource","a2J4S0000008RBzUAM","42055452606458510","LLC_BI__Product_Package__c","","","","","","","false","false",""
"a2F4S0000008dYvUAI","","Covenant Narrative","2020-06-02T17:59:20.000Z","0054S000000Ms6RQAS","2020-06-02T17:59:20.000Z","0054S000000Ms6RQAS","","","","a2G4S0000006UOpUAM","false","false","false","false","false","51.0","slide","true","false","true","false","","false","","","SObjectScreenResource","a2J4S0000008RC0UAM","42030418201506235","LLC_BI__Product_Package__c","","","","","","","false","false",""
"a2F4S0000008dYwUAI","","Recommendation Summary","2020-06-02T17:59:20.000Z","0054S000000Ms6RQAS","2020-06-02T17:59:20.000Z","0054S000000Ms6RQAS","","","","a2G4S0000006UOpUAM","false","false","false","false","false","80.0","slide","true","false","false","false","","false","","","SObjectScreenResource","a2J4S0000008RC1UAM","42596030490052092","LLC_BI__Product_Package__c","","","","","","","false","false",""
"a2F4S0000008dYxUAI","","Collateral Summary","2020-06-02T17:59:20.000Z","0054S000000Ms6RQAS","2020-06-02T17:59:20.000Z","0054S000000Ms6RQAS","","","","a2G4S0000006UOXUA2","false","false","false","false","false","56.0","slide","true","false","false","false","","false","","a2I4S000000CeCqUAK","MappedSObjectHierarchyScreenResource","","a024S000000fWCXQA2","LLC_BI__Loan__c","","","","","","","false","false",""
"a2F4S0000008dYyUAI","","Collateral Description","2020-06-02T17:59:20.000Z","0054S000000Ms6RQAS","2020-06-02T17:59:20.000Z","0054S000000Ms6RQAS","","","","a2G4S0000006UOXUA2","false","false","false","false","false","57.0","slide","true","false","false","false","","false","","a2I4S000000CeCrUAK","MappedSObjectHierarchyScreenResource","","a024S000000fWCYQA2","LLC_BI__Loan__c","","","","","","","false","false",""
"a2F4S0000008dYzUAI","","Background Analysis","2020-06-02T17:59:20.000Z","0054S000000Ms6RQAS","2020-06-02T17:59:20.000Z","0054S000000Ms6RQAS","","","","a2G4S0000006UOXUA2","false","false","false","false","false","60.0","slide","true","false","false","false","","false","","","SObjectScreenResource","a2J4S0000008RC2UAM","a024S000000fWCZQA2","LLC_BI__Loan__c","","","","","","","false","false",""
"a2F4S0000008dZ0UAI","","Authorized Signers","2020-06-02T17:59:20.000Z","0054S000000Ms6RQAS","2020-06-02T17:59:20.000Z","0054S000000Ms6RQAS","","","","a2G4S0000006UOXUA2","false","false","false","false","false","40.0","slide","true","false","true","false","","false","","a2I4S000000CeCsUAK","SignersFScreenResource","","a024S000000fWCaQAM","LLC_BI__Loan__c","","","","","","","false","false",""
"a2F4S0000008dZ1UAI","","Financial Analysis","2020-06-02T17:59:20.000Z","0054S000000Ms6RQAS","2020-06-02T17:59:20.000Z","0054S000000Ms6RQAS","","","","a2G4S0000006UOXUA2","false","false","false","false","false","70.0","slide","true","false","false","false","","false","","","SObjectScreenResource","a2J4S0000008RC3UAM","a024S000000fWCbQAM","LLC_BI__Loan__c","","","","","","","false","false",""
"a2F4S0000008dZ2UAI","","Loan Pricing Narrative","2020-06-02T17:59:20.000Z","0054S000000Ms6RQAS","2020-06-02T17:59:20.000Z","0054S000000Ms6RQAS","","","","a2G4S0000006UOXUA2","false","false","false","false","false","25.0","slide","true","false","true","false","","false","","","SObjectScreenResource","a2J4S0000008RC4UAM","a024S000000fWCcQAM","LLC_BI__Loan__c","","","","","","","false","false",""
"a2F4S0000008dZ3UAI","","Lender Recommendation","2020-06-02T17:59:20.000Z","0054S000000Ms6RQAS","2020-06-02T17:59:20.000Z","0054S000000Ms6RQAS","","","","a2G4S0000006UOXUA2","false","false","false","false","false","100.0","slide","true","false","false","false","","false","","","SObjectScreenResource","a2J4S0000008RC5UAM","a024S000000fWCdQAM","LLC_BI__Loan__c","","","","","","","false","false",""
"a2F4S0000008dRyUAI","","Add Asset","2020-06-02T17:59:20.000Z","0054S000000SW29QAG","2020-06-02T17:59:20.000Z","0054S000000SW29QAG","","","","a2G4S0000006UPjUAM","false","false","true","true","false","4.0","slide","true","false","false","false","","true","","","MappedSObjectScreenResource","","42007676331968214","nRetail__Asset__c","","","","","","","false","false",""
"a2F4S0000008dRzUAI","","Add Income","2020-06-02T17:59:20.000Z","0054S000000SW29QAG","2020-06-02T17:59:20.000Z","0054S000000SW29QAG","","","","a2G4S0000006UPjUAM","false","false","true","true","false","5.0","slide","true","false","false","false","","true","","","MappedSObjectScreenResource","","42828266122509061","LLC_BI__Income__c","","","","","","","false","false",""
"a2F4S0000008dS0UAI","","Underwriting_Overview","2020-06-02T17:59:20.000Z","0054S000000SW29QAG","2020-06-02T17:59:20.000Z","0054S000000SW29QAG","","","","a2G4S0000006UPjUAM","false","false","true","true","false","6.0","slide","true","false","false","false","","true","","","MappedSObjectScreenResource","","42037508342641902","LLC_BI__Loan__c","","","","","","","false","false",""
"a2F4S0000008dS1UAI","","Decision_Overview","2020-06-02T17:59:20.000Z","0054S000000SW29QAG","2020-06-02T17:59:20.000Z","0054S000000SW29QAG","","","","a2G4S0000006UPjUAM","false","false","true","true","false","7.0","slide","true","false","false","false","","true","","","MappedSObjectScreenResource","","42792170939295486","LLC_BI__Loan__c","","","","","","","false","false",""
"a2F4S0000008dS2UAI","","Applicants","2020-06-02T17:59:20.000Z","0054S000000SW29QAG","2020-06-02T17:59:20.000Z","0054S000000SW29QAG","","","","a2G4S0000006UPlUAM","false","false","true","true","false","0.0","slide","true","false","false","false","","true","","","MappedSObjectScreenResource","","42795918269083899","LLC_BI__Legal_Entities__c","","","","","","","false","false",""
"a2F4S0000008dS3UAI","","Application Details","2020-06-02T17:59:20.000Z","0054S000000SW29QAG","2020-06-02T17:59:20.000Z","0054S000000SW29QAG","","","","a2G4S0000006UPlUAM","false","false","true","true","false","1.0","slide","true","false","false","false","","true","","","MappedSObjectScreenResource","","42689113716536398","LLC_BI__Loan__c","","","","","","","false","false",""
"a2F4S0000008dS4UAI","","Applicant Details","2020-06-02T17:59:20.000Z","0054S000000SW29QAG","2020-06-02T17:59:20.000Z","0054S000000SW29QAG","","","","a2G4S0000006UPlUAM","false","false","true","true","false","2.0","slide","true","false","true","false","","true","","","MappedSObjectScreenResource","","42617609105801517","Contact","","","","","","","false","false",""
"a2F4S0000008dS5UAI","","Applicant Details","2020-06-02T17:59:20.000Z","0054S000000SW29QAG","2020-06-02T17:59:20.000Z","0054S000000SW29QAG","","","","a2G4S0000006UPlUAM","false","false","true","true","false","3.0","slide","true","false","true","false","","true","","","MappedSObjectScreenResource","","42736002867927777","Account","","","","","","","false","false",""
"a2F4S0000008dS6UAI","","Debt Schedule","2020-06-02T17:59:20.000Z","0054S000000SW29QAG","2020-06-02T17:59:20.000Z","0054S000000SW29QAG","","","","a2G4S0000006UPmUAM","false","false","true","true","false","0.0","slide","true","false","false","false","","true","","","MappedSObjectScreenResource","","42513466898064539","LLC_BI__Debt__c","","","","","","","false","false",""
"a2F4S0000008dS7UAI","","Asset Schedule","2020-06-02T17:59:20.000Z","0054S000000SW29QAG","2020-06-02T17:59:20.000Z","0054S000000SW29QAG","","","","a2G4S0000006UPmUAM","false","false","true","true","false","1.0","slide","true","false","false","false","","true","","","MappedSObjectScreenResource","","42501287580049982","nRetail__Asset__c","","","","","","","false","false",""
"a2F4S0000008dS8UAI","","Income Schedule","2020-06-02T17:59:20.000Z","0054S000000SW29QAG","2020-06-02T17:59:20.000Z","0054S000000SW29QAG","","","","a2G4S0000006UPmUAM","false","false","true","true","false","2.0","slide","true","false","false","false","","true","","","MappedSObjectScreenResource","","42822852880111798","LLC_BI__Income__c","","","","","","","false","false",""
"a2F4S0000008dS9UAI","","Add Debt","2020-06-02T17:59:20.000Z","0054S000000SW29QAG","2020-06-02T17:59:20.000Z","0054S000000SW29QAG","","","","a2G4S0000006UPmUAM","false","false","true","true","false","3.0","slide","true","false","false","false","","true","","","MappedSObjectScreenResource","","42110675208361723","LLC_BI__Debt__c","","","","","","","false","false",""
"a2F4S0000008dSAUAY","","Add Asset","2020-06-02T17:59:20.000Z","0054S000000SW29QAG","2020-06-02T17:59:20.000Z","0054S000000SW29QAG","","","","a2G4S0000006UPmUAM","false","false","true","true","false","4.0","slide","true","false","false","false","","true","","","MappedSObjectScreenResource","","42119197028041714","nRetail__Asset__c","","","","","","","false","false",""
"a2F4S0000008dSBUAY","","Add Income","2020-06-02T17:59:20.000Z","0054S000000SW29QAG","2020-06-02T17:59:20.000Z","0054S000000SW29QAG","","","","a2G4S0000006UPmUAM","false","false","true","true","false","5.0","slide","true","false","false","false","","true","","","MappedSObjectScreenResource","","42028778523809076","LLC_BI__Income__c","","","","","","","false","false",""
"a2F4S0000008dSCUAY","","Underwriting_Overview","2020-06-02T17:59:20.000Z","0054S000000SW29QAG","2020-06-02T17:59:20.000Z","0054S000000SW29QAG","","","","a2G4S0000006UPmUAM","false","false","true","true","false","6.0","slide","true","false","false","false","","true","","","MappedSObjectScreenResource","","42056629551218406","LLC_BI__Loan__c","","","","","","","false","false",""
"a2F4S0000008dSDUAY","","Decision_Overview","2020-06-02T17:59:20.000Z","0054S000000SW29QAG","2020-06-02T17:59:20.000Z","0054S000000SW29QAG","","","","a2G4S0000006UPmUAM","false","false","true","true","false","7.0","slide","true","false","false","false","","true","","","MappedSObjectScreenResource","","42667886517547516","LLC_BI__Loan__c","","","","","","","false","false",""
"a2F4S0000008dSEUAY","","Loan Details","2020-06-02T17:59:20.000Z","0054S000000Ms6RQAS","2020-06-02T17:59:20.000Z","0054S000000Ms6RQAS","","","","a2G4S0000006UPhUAM","false","false","false","false","false","1.0","slide","true","false","false","false","","true","","a2I4S000000CeB6UAK","MappedSObjectScreenResource","","6541256776526236","LLC_BI__Loan__c","","","","","","","false","false",""
"a2F4S0000008dSFUAY","","Debt Schedule","2020-06-02T17:59:20.000Z","0054S000000Ms6RQAS","2020-06-02T17:59:20.000Z","0054S000000Ms6RQAS","","","","a2G4S0000006UPsUAM","false","false","true","true","false","0.0","slide","true","false","false","false","","true","","","MappedSObjectScreenResource","","78121560278867252","LLC_BI__Debt__c","","","","","","","false","false",""
"a2F4S0000008dSGUAY","","Asset Schedule","2020-06-02T17:59:20.000Z","0054S000000Ms6RQAS","2020-06-02T17:59:20.000Z","0054S000000Ms6RQAS","","","","a2G4S0000006UPsUAM","false","false","true","true","false","1.0","slide","true","false","false","false","","true","","","MappedSObjectScreenResource","","71751560278867252","nRetail__Asset__c","","","","","","","false","false",""
"a2F4S0000008dSHUAY","","Income Schedule","2020-06-02T17:59:20.000Z","0054S000000Ms6RQAS","2020-06-02T17:59:20.000Z","0054S000000Ms6RQAS","","","","a2G4S0000006UPsUAM","false","false","true","true","false","2.0","slide","true","false","false","false","","true","","","MappedSObjectScreenResource","","83131560278867253","LLC_BI__Income__c","","","","","","","false","false",""
"a2F4S0000008dSIUAY","","Add Debt","2020-06-02T17:59:20.000Z","0054S000000Ms6RQAS","2020-06-02T17:59:20.000Z","0054S000000Ms6RQAS","","","","a2G4S0000006UPsUAM","false","false","true","true","false","3.0","slide","true","false","false","false","","true","","","MappedSObjectScreenResource","","08171560278867254","LLC_BI__Debt__c","","","","","","","false","false",""
"a2F4S0000008dSJUAY","","Add Asset","2020-06-02T17:59:20.000Z","0054S000000Ms6RQAS","2020-06-02T17:59:20.000Z","0054S000000Ms6RQAS","","","","a2G4S0000006UPsUAM","false","false","true","true","false","4.0","slide","true","false","false","false","","true","","","MappedSObjectScreenResource","","25181560278867254","nRetail__Asset__c","","","","","","","false","false",""
"a2F4S0000008dSKUAY","","Add Income","2020-06-02T17:59:20.000Z","0054S000000Ms6RQAS","2020-06-02T17:59:20.000Z","0054S000000Ms6RQAS","","","","a2G4S0000006UPsUAM","false","false","true","true","false","5.0","slide","true","false","false","false","","true","","","MappedSObjectScreenResource","","43231560278867255","LLC_BI__Income__c","","","","","","","false","false",""
"a2F4S0000008dSLUAY","","Underwriting_Overview","2020-06-02T17:59:20.000Z","0054S000000Ms6RQAS","2020-06-02T17:59:20.000Z","0054S000000Ms6RQAS","","","","a2G4S0000006UPsUAM","false","false","true","true","false","6.0","slide","true","false","false","false","","true","","","MappedSObjectScreenResource","","11151560278867256","LLC_BI__Loan__c","","","","","","","false","false",""
"a2F4S0000008dSMUAY","","Decision_Overview","2020-06-02T17:59:20.000Z","0054S000000Ms6RQAS","2020-06-02T17:59:20.000Z","0054S000000Ms6RQAS","","","","a2G4S0000006UPsUAM","false","false","true","true","false","7.0","slide","true","false","false","false","","true","","","MappedSObjectScreenResource","","23261560278867256","LLC_BI__Loan__c","","","","","","","false","false",""
"a2F4S0000008dSNUAY","","Loan Details","2020-06-02T17:59:20.000Z","0054S000000Ms6RQAS","2020-06-02T17:59:20.000Z","0054S000000Ms6RQAS","","","","a2G4S0000006UPpUAM","false","false","false","false","false","1.0","slide","true","false","false","false","","true","","a2I4S000000CeB7UAK","MappedSObjectScreenResource","","11841560278867257","LLC_BI__Loan__c","","","","","","","false","false",""
"a2F4S0000008dSOUAY","","Change Memo","2020-06-02T17:59:20.000Z","0054S000000Ms6RQAS","2020-11-09T19:34:29.000Z","0054S000000Ms6RQAS","","","","a2G4S0000006UPnUAM","false","false","false","true","false","0.0","slide","true","false","false","false","","false","","","MappedSObjectHierarchyScreenResource","","51931560278867306","LLC_BI__Loan__c","","","","","","","false","false",""
"a2F4S0000008dSPUAY","","Fees Summary","2020-06-02T17:59:20.000Z","0054S000000Ms6RQAS","2020-06-02T17:59:20.000Z","0054S000000Ms6RQAS","","","","a2G4S0000006UPoUAM","false","false","false","true","false","0.0","slide","true","false","false","false","","false","","","MappedSObjectScreenResource","","99401560278867307","LLC_BI__Loan__c","","","","","","","false","false",""
"a2F4S0000008dSQUAY","","UI Collateral Summary","2020-06-02T17:59:20.000Z","0054S000000Ms6RQAS","2020-06-02T17:59:20.000Z","0054S000000Ms6RQAS","","","","a2G4S0000006UPrUAM","false","false","false","false","false","","slide","true","false","false","false","","true","","","MappedSObjectScreenResource","","64791560278867307","LLC_BI__Loan__c","","","","","","","false","false",""
"a2F4S0000008dSRUAY","","UI Collateral Record Schedule","2020-06-02T17:59:20.000Z","0054S000000Ms6RQAS","2020-06-02T17:59:20.000Z","0054S000000Ms6RQAS","","","","a2G4S0000006UPrUAM","false","false","false","false","false","","slide","true","false","false","false","","true","","","MappedSObjectScreenResource","","24131560278867308","LLC_BI__Loan_Collateral2__c","","","","","","","false","false",""
"a2F4S0000008dSSUAY","","UI Related Pledged Collateral Schedule","2020-06-02T17:59:20.000Z","0054S000000Ms6RQAS","2020-06-02T17:59:20.000Z","0054S000000Ms6RQAS","","","","a2G4S0000006UPrUAM","false","false","false","false","false","","slide","true","false","false","false","","true","","","MappedSObjectScreenResource","","27411560278867309","LLC_BI__Loan_Collateral2__c","","","","","","","false","false",""
"a2F4S0000008dSTUAY","","Authorized Signers","2020-06-02T17:59:20.000Z","0054S000000Ms6RQAS","2020-06-02T17:59:20.000Z","0054S000000Ms6RQAS","","","","a2G4S0000006UPqUAM","false","false","false","false","false","1.0","slide","true","false","false","false","","false","","a2I4S000000CeB8UAK","GrandchildScreenResource","","74241560278867310","LLC_BI__Loan__c","","","","","","","false","false",""
"a2F4S0000008dSUUAY","","Borrowing Structure","2020-06-02T17:59:20.000Z","0054S000000Ms6RQAS","2020-11-23T19:23:29.000Z","0054S000000Ms6RQAS","","","","a2G4S0000006UPqUAM","false","false","false","true","false","0.0","slide","true","false","false","false","","false","","","MappedSObjectHierarchyScreenResource","","09601560278867311","LLC_BI__Loan__c","","","","","","","false","false",""
"a2F4S0000008dZ4UAI","","Covenants (Old)","2020-06-02T17:59:20.000Z","0054S000000Ms6RQAS","2020-06-02T17:59:20.000Z","0054S000000Ms6RQAS","","","","a2G4S0000006UOXUA2","false","false","false","false","false","110.0","slide","true","false","false","false","","false","","a2I4S000000CeCtUAK","CovenantFScreenResource","","a024S000000fWCeQAM","LLC_BI__Loan__c","","","","","","","false","false",""
"a2F4S0000008dZ5UAI","","Borrower Structure Narrative","2020-06-02T17:59:20.000Z","0054S000000Ms6RQAS","2020-06-02T17:59:20.000Z","0054S000000Ms6RQAS","","","","a2G4S0000006UOXUA2","false","false","false","false","false","45.0","slide","true","false","true","false","","false","","","SObjectScreenResource","a2J4S0000008RC6UAM","a024S000000fWCfQAM","LLC_BI__Loan__c","","","","","","","false","false",""
"a2F4S0000008dZ6UAI","","Loan Covenants Narrative","2020-06-02T17:59:20.000Z","0054S000000Ms6RQAS","2020-06-02T17:59:20.000Z","0054S000000Ms6RQAS","","","","a2G4S0000006UOXUA2","false","false","false","false","false","115.0","slide","true","false","true","false","","false","","","SObjectScreenResource","a2J4S0000008RC7UAM","a024S000000fWCgQAM","LLC_BI__Loan__c","","","","","","","false","false",""
"a2F4S0000008dZ7UAI","","Loan Collateral (Old)","2020-06-02T17:59:20.000Z","0054S000000Ms6RQAS","2020-06-02T17:59:20.000Z","0054S000000Ms6RQAS","","","","a2G4S0000006UOXUA2","false","false","false","false","false","50.0","slide","true","false","false","false","","false","","a2I4S000000CeCuUAK","CollateralFScreenResource","","a024S000000fWChQAM","LLC_BI__Loan__c","","","","","","","false","false",""
"a2F4S0000008dZ8UAI","","Loan Collateral Narrative","2020-06-02T17:59:20.000Z","0054S000000Ms6RQAS","2020-06-02T17:59:20.000Z","0054S000000Ms6RQAS","","","","a2G4S0000006UOXUA2","false","false","false","false","false","55.0","slide","true","false","true","false","","false","","","SObjectScreenResource","a2J4S0000008RC8UAM","a024S000000fWCiQAM","LLC_BI__Loan__c","","","","","","","false","false",""
"a2F4S0000008dZ9UAI","","Policy/Underwriting Exceptions","2020-06-02T17:59:20.000Z","0054S000000Ms6RQAS","2020-06-02T17:59:20.000Z","0054S000000Ms6RQAS","","","","a2G4S0000006UOXUA2","false","false","false","false","false","90.0","slide","true","false","false","false","","false","","","SObjectScreenResource","a2J4S0000008RC9UAM","a024S000000fWCjQAM","LLC_BI__Loan__c","","","","","","","false","false",""
"a2F4S0000008dZAUAY","","Loan Renewals","2020-06-02T17:59:20.000Z","0054S000000Ms6RQAS","2020-06-02T17:59:20.000Z","0054S000000Ms6RQAS","","","","a2G4S0000006UOXUA2","false","false","false","false","false","20.0","slide","true","false","true","false","","false","","a2I4S000000CeCvUAK","LoanRenewalFScreenResource","","a024S000000fWCkQAM","LLC_BI__Loan__c","","","","","","","false","false",""
"a2F4S0000008dZBUAY","","Debt Schedule","2020-06-02T17:59:20.000Z","0054S000000Ms6RQAS","2020-06-02T17:59:20.000Z","0054S000000Ms6RQAS","","","","a2G4S0000006UOXUA2","false","false","false","true","false","2000.0","slide","true","false","true","false","","false","","","SObjectScreenResource","a2J4S0000008RCAUA2","a024S000000fWClQAM","LLC_BI__Loan__c","","","","","","","false","false",""
"a2F4S0000008dZCUAY","","Global Analysis","2020-06-02T17:59:20.000Z","0054S000000Ms6RQAS","2020-06-02T17:59:20.000Z","0054S000000Ms6RQAS","","","","a2G4S0000006UOXUA2","false","false","false","false","false","250.0","slide","false","false","true","false","","false","","","MappedSObjectHierarchyScreenResource","a2J4S0000008RCBUA2","a024S000000fWCmQAM","LLC_BI__Loan__c","","","","","","","false","false",""
"a2F4S0000008dZDUAY","","Fees","2020-06-02T17:59:20.000Z","0054S000000Ms6RQAS","2020-06-02T17:59:20.000Z","0054S000000Ms6RQAS","","","","a2G4S0000006UOXUA2","false","false","false","false","false","27.0","slide","true","false","false","false","","false","","a2I4S000000CeCwUAK","MappedSObjectHierarchyScreenResource","","a024S000000fWCnQAM","LLC_BI__Loan__c","","","","","","","false","false",""
"a2F4S0000008dZEUAY","","Approval History","2020-06-02T17:59:20.000Z","0054S000000Ms6RQAS","2020-06-02T17:59:20.000Z","0054S000000Ms6RQAS","","","","a2G4S0000006UOXUA2","false","false","false","false","false","120.0","slide","true","false","false","false","","false","","","SObjectScreenResource","a2J4S0000008RCCUA2","a024S000000fWCoQAM","LLC_BI__Loan__c","","","","","","","false","false",""
"a2F4S0000008dZFUAY","","Spreads Appendix","2020-06-02T17:59:20.000Z","0054S000000Ms6RQAS","2020-06-02T17:59:20.000Z","0054S000000Ms6RQAS","","","","a2G4S0000006UOYUA2","false","false","false","false","false","170.0","slide","true","false","false","false","","false","","a2I4S000000CeCxUAK","MappedSObjectHierarchyScreenResource","a2J4S0000008RCDUA2","a024S000000fWCpQAM","LLC_BI__Loan__c","","","","","","","false","false",""
"a2F4S0000008dZGUAY","","Related Exposure","2020-06-02T17:59:20.000Z","0054S000000Ms6RQAS","2020-06-02T17:59:20.000Z","0054S000000Ms6RQAS","","","","a2G4S0000006UOXUA2","false","false","false","false","false","46.0","slide","true","false","false","false","","false","","a2I4S000000CeCyUAK","RelatedLoanListFScreenResource","","a024S000000fWCqQAM","LLC_BI__Loan__c","","","","","","","false","false",""
"a2F4S0000008dZHUAY","","Related Deposits","2020-06-02T17:59:20.000Z","0054S000000Ms6RQAS","2020-06-02T17:59:20.000Z","0054S000000Ms6RQAS","","","","a2G4S0000006UOXUA2","false","false","false","false","false","47.0","slide","true","false","true","false","","false","","a2I4S000000CeCzUAK","DepositFScreenResource","","a024S000000fWCrQAM","LLC_BI__Loan__c","","","","","","","false","false",""
"a2F4S0000008dZIUAY","","Related Exposure Narrative","2020-06-02T17:59:20.000Z","0054S000000Ms6RQAS","2020-06-02T17:59:20.000Z","0054S000000Ms6RQAS","","","","a2G4S0000006UOXUA2","false","false","false","false","false","48.0","slide","true","false","true","false","","false","","","SObjectScreenResource","a2J4S0000008RCEUA2","a024S000000fWCsQAM","LLC_BI__Loan__c","","","","","","","false","false",""
"a2F4S0000008dZJUAY","","Loan Pricing","2020-06-02T17:59:20.000Z","0054S000000Ms6RQAS","2020-06-02T17:59:20.000Z","0054S000000Ms6RQAS","","","","a2G4S0000006UOXUA2","false","false","false","false","false","10.0","slide","true","false","false","false","","false","","a2I4S000000CeD0UAK","LoanPricingFScreenResource","","a024S000000fWCtQAM","LLC_BI__Loan__c","","","","","","","false","false",""
"a2F4S0000008dZKUAY","","Borrower Structure","2020-06-02T17:59:20.000Z","0054S000000Ms6RQAS","2020-06-02T17:59:20.000Z","0054S000000Ms6RQAS","","","","a2G4S0000006UOXUA2","false","false","false","false","false","30.0","slide","true","false","false","false","","false","","a2I4S000000CeD1UAK","InvolvementsFScreenResource","","a024S000000fWCuQAM","LLC_BI__Loan__c","","","","","","","false","false",""
"a2F4S0000008dZLUAY","","Covenants","2020-06-02T17:59:20.000Z","0054S000000Ms6RQAS","2020-06-02T17:59:20.000Z","0054S000000Ms6RQAS","","","","a2G4S0000006UOXUA2","false","false","false","false","false","110.0","slide","true","false","false","false","","false","","a2I4S000000CeD2UAK","Covenant2FScreenResource","","a024S000000fWCvQAM","LLC_BI__Loan__c","","","","","","","false","false",""
"a2F4S0000008dNgUAI","","Related Exposure","2020-06-02T17:59:20.000Z","0054S000000Ms6RQAS","2020-06-02T17:59:20.000Z","0054S000000Ms6RQAS","","","","a2G4S0000006UOZUA2","false","false","false","false","false","60.0","slide","true","false","false","false","","false","","a2I4S000000CeD3UAK","MappedSObjectHierarchyScreenResource","","a024S000000fWCwQAM","LLC_BI__Product_Package__c","","","","","","","false","false",""
"a2F4S0000008dNhUAI","","Product Request","2020-06-02T17:59:20.000Z","0054S000000Ms6RQAS","2020-06-02T17:59:20.000Z","0054S000000Ms6RQAS","","","","a2G4S0000006UOZUA2","false","false","false","false","false","30.0","slide","true","false","false","false","","false","","a2I4S000000CeD4UAK","MappedSObjectHierarchyScreenResource","","a024S000000fWCxQAM","LLC_BI__Product_Package__c","","","","","","","false","false",""
"a2F4S0000008dZMUAY","","Product Request Narrative","2020-06-02T17:59:20.000Z","0054S000000Ms6RQAS","2020-06-02T17:59:20.000Z","0054S000000Ms6RQAS","","","","a2G4S0000006UOZUA2","false","false","false","false","false","31.0","slide","true","false","true","false","","false","","","SObjectScreenResource","a2J4S0000008RCFUA2","a024S000000fWCyQAM","LLC_BI__Product_Package__c","","","","","","","false","false",""
"a2F4S0000008dN5UAI","","Summary","2020-06-02T17:59:20.000Z","0054S000000Ms6RQAS","2020-06-02T17:59:20.000Z","0054S000000Ms6RQAS","","","","a2G4S0000006UOeUAM","false","false","false","false","false","10.0","slide","true","true","false","false","","false","","a2I4S000000CeD5UAK","MappedSObjectHierarchyScreenResource","","a024S000000fWCzQAM","LLC_BI__Loan__c","","","","","","","false","false",""
"a2F4S0000008dZNUAY","","Spreads Appendix","2020-06-02T17:59:20.000Z","0054S000000Ms6RQAS","2020-06-02T17:59:20.000Z","0054S000000Ms6RQAS","","","","a2G4S0000006UOeUAM","false","false","false","false","false","150.0","slide","true","false","false","false","","false","","a2I4S000000CeD6UAK","MappedSObjectHierarchyScreenResource","a2J4S0000008RCGUA2","a024S000000fWD0QAM","LLC_BI__Loan__c","","","","","","","false","false",""
"a2F4S0000008dN6UAI","","Pricing Summary","2020-06-02T17:59:20.000Z","0054S000000Ms6RQAS","2020-06-02T17:59:20.000Z","0054S000000Ms6RQAS","","","","a2G4S0000006UOeUAM","false","false","false","false","false","12.0","slide","true","true","true","false","","false","","a2I4S000000CeD7UAK","MappedSObjectScreenResource","","a024S000000fWD1QAM","LLC_BI__Loan__c","","","","","","","false","false",""
"a2F4S0000008dN7UAI","","Approval History","2020-06-02T17:59:20.000Z","0054S000000Ms6RQAS","2020-06-02T17:59:20.000Z","0054S000000Ms6RQAS","","","","a2G4S0000006UOeUAM","false","false","false","false","false","30.0","slide","true","false","false","false","","false","","","SObjectScreenResource","a2J4S0000008RCHUA2","a024S000000fWD2QAM","LLC_BI__Loan__c","","","","","","","false","false",""
"a2F4S0000008dN8UAI","","Related Exposure","2020-06-02T17:59:20.000Z","0054S000000Ms6RQAS","2020-06-02T17:59:20.000Z","0054S000000Ms6RQAS","","","","a2G4S0000006UOeUAM","false","false","false","false","false","40.0","slide","true","false","false","false","","false","","a2I4S000000CeD8UAK","MappedSObjectHierarchyScreenResource","","a024S000000fWD3QAM","LLC_BI__Loan__c","","","","","","","false","false",""
"a2F4S0000008dZOUAY","","Approval History Narrative","2020-06-02T17:59:20.000Z","0054S000000Ms6RQAS","2020-06-02T17:59:20.000Z","0054S000000Ms6RQAS","","","","a2G4S0000006UOeUAM","false","false","false","false","false","31.0","slide","true","false","true","false","","false","","","SObjectScreenResource","a2J4S0000008RCIUA2","a024S000000fWD4QAM","LLC_BI__Loan__c","","","","","","","false","false",""
"a2F4S0000008dZPUAY","","Summary Narrative","2020-06-02T17:59:20.000Z","0054S000000Ms6RQAS","2020-06-02T17:59:20.000Z","0054S000000Ms6RQAS","","","","a2G4S0000006UOeUAM","false","false","false","false","false","14.0","slide","true","false","true","false","","false","","","SObjectScreenResource","a2J4S0000008RCJUA2","a024S000000fWD5QAM","LLC_BI__Loan__c","","","","","","","false","false",""
"a2F4S0000008dN9UAI","","Authorized Signer","2020-06-02T17:59:20.000Z","0054S000000Ms6RQAS","2020-06-02T17:59:20.000Z","0054S000000Ms6RQAS","","","","a2G4S0000006UOeUAM","false","false","false","false","false","21.0","slide","true","false","true","false","","false","","a2I4S000000CeD9UAK","MappedSObjectHierarchyScreenResource","","a024S000000fWD6QAM","LLC_BI__Loan__c","","","","","","","false","false",""
"a2F4S0000008dNAUAY","","Borrower Structure","2020-06-02T17:59:20.000Z","0054S000000Ms6RQAS","2020-06-02T17:59:20.000Z","0054S000000Ms6RQAS","","","","a2G4S0000006UOeUAM","false","false","false","false","false","20.0","slide","true","false","false","false","","false","","a2I4S000000CeDAUA0","MappedSObjectHierarchyScreenResource","","a024S000000fWD7QAM","LLC_BI__Loan__c","","","","","","","false","false",""
"a2F4S0000008dNBUAY","","Product Summary","2020-06-02T17:59:20.000Z","0054S000000Ms6RQAS","2020-06-02T17:59:20.000Z","0054S000000Ms6RQAS","","","","a2G4S0000006UOeUAM","false","false","false","false","false","11.0","slide","true","true","true","false","","false","","a2I4S000000CeDBUA0","MappedSObjectScreenResource","","a024S000000fWD8QAM","LLC_BI__Loan__c","","","","","","","false","false",""
"a2F4S0000008dSVUAY","","Fees","2020-06-02T17:59:20.000Z","0054S000000Ms6RQAS","2020-06-02T17:59:20.000Z","0054S000000Ms6RQAS","","","","a2G4S0000006UPtUAM","false","false","true","true","false","0.0","slide","true","false","false","false","","true","","","MappedSObjectHierarchyScreenResource","","47911560278867311","LLC_BI__Loan__c","","","","","","","false","false",""
"a2F4S0000008dSWUAY","","Applicants","2020-06-02T17:59:20.000Z","0054S000000Ms6RQAS","2020-06-02T17:59:20.000Z","0054S000000Ms6RQAS","","","","a2G4S0000006UPuUAM","false","false","true","true","false","0.0","slide","true","false","false","false","","true","","","MappedSObjectScreenResource","","478352657672562365562","LLC_BI__Legal_Entities__c","","","","","","","false","false",""
"a2F4S0000008dSXUAY","","Application Details","2020-06-02T17:59:20.000Z","0054S000000Ms6RQAS","2020-06-02T17:59:20.000Z","0054S000000Ms6RQAS","","","","a2G4S0000006UPuUAM","false","false","true","true","false","1.0","slide","true","false","false","false","","true","","","MappedSObjectScreenResource","","829469024678925537","LLC_BI__Loan__c","","","","","","","false","false",""
"a2F4S0000008dSYUAY","","Applicant Details","2020-06-02T17:59:20.000Z","0054S000000Ms6RQAS","2020-06-02T17:59:20.000Z","0054S000000SW29QAG","","","","a2G4S0000006UPuUAM","false","false","true","true","false","2.0","slide","true","false","true","false","","true","","","MappedSObjectScreenResource","","73456283745736725656","Contact","","","","","","","false","false",""
"a2F4S0000008dN4UAI","","Spreads Appendix","2020-06-02T17:59:20.000Z","0054S000000Ms6RQAS","2020-06-02T17:59:20.000Z","0054S000000Ms6RQAS","","","","a2G4S0000006UOWUA2","false","false","false","false","false","170.0","slide","true","false","false","false","","false","","a2I4S000000CeB9UAK","MappedSObjectHierarchyScreenResource","a2J4S0000008R9uUAE","42954476421650902","LLC_BI__Loan__c","","","","","","","false","false",""
"a2F4S0000008dMvUAI","","Approval History","2020-06-02T17:59:20.000Z","0054S000000Ms6RQAS","2020-06-02T17:59:20.000Z","0054S000000Ms6RQAS","","","","a2G4S0000006UOWUA2","false","false","false","false","false","40.0","slide","true","false","false","false","","false","","","SObjectScreenResource","a2J4S0000008R9vUAE","42464141417706923","LLC_BI__Loan__c","","","","","","","false","false",""
"a2F4S0000008dMwUAI","","Related Exposure","2020-06-02T17:59:20.000Z","0054S000000Ms6RQAS","2020-06-02T17:59:20.000Z","0054S000000Ms6RQAS","","","","a2G4S0000006UOWUA2","false","false","false","false","false","60.0","slide","true","false","false","false","","false","","a2I4S000000CeBAUA0","MappedSObjectHierarchyScreenResource","","42574991002308206","LLC_BI__Loan__c","","","","","","","false","false",""
"a2F4S0000008dSZUAY","","Approval History Narrative","2020-06-02T17:59:20.000Z","0054S000000Ms6RQAS","2020-06-02T17:59:20.000Z","0054S000000Ms6RQAS","","","","a2G4S0000006UOWUA2","false","false","false","false","false","41.0","slide","true","false","true","false","","false","","","SObjectScreenResource","a2J4S0000008R9wUAE","42720247197291431","LLC_BI__Loan__c","","","","","","","false","false",""
"a2F4S0000008dSaUAI","","Loan Summary Narrative","2020-06-02T17:59:20.000Z","0054S000000Ms6RQAS","2020-06-02T17:59:20.000Z","0054S000000Ms6RQAS","","","","a2G4S0000006UOWUA2","false","false","false","false","false","21.0","slide","true","false","true","false","","false","","","SObjectScreenResource","a2J4S0000008R9xUAE","42336335274413477","LLC_BI__Loan__c","","","","","","","false","false",""
"a2F4S0000008dMrUAI","","Authorized Signer","2020-06-02T17:59:20.000Z","0054S000000Ms6RQAS","2020-06-02T17:59:20.000Z","0054S000000Ms6RQAS","","","","a2G4S0000006UOWUA2","false","false","false","false","false","31.0","slide","true","false","true","false","","false","","a2I4S000000CeBBUA0","MappedSObjectHierarchyScreenResource","","42027721379872395","LLC_BI__Loan__c","","","","","","","false","false",""
"a2F4S0000008dMxUAI","","Borrower Structure","2020-06-02T17:59:20.000Z","0054S000000Ms6RQAS","2020-06-02T17:59:20.000Z","0054S000000Ms6RQAS","","","","a2G4S0000006UOWUA2","false","false","false","false","false","30.0","slide","true","false","false","false","","false","","a2I4S000000CeBCUA0","MappedSObjectHierarchyScreenResource","","42177218810258185","LLC_BI__Loan__c","","","","","","","false","false",""
"a2F4S0000008dMtUAI","","Loan Summary","2020-06-02T17:59:20.000Z","0054S000000Ms6RQAS","2020-06-02T17:59:20.000Z","0054S000000Ms6RQAS","","","","a2G4S0000006UOWUA2","false","false","false","false","false","20.0","slide","true","true","false","false","","false","","a2I4S000000CeBDUA0","MappedSObjectScreenResource","","42545291378580155","LLC_BI__Loan__c","","","","","","","false","false",""
"a2F4S0000008dSbUAI","","Borrower Structure Narrative","2020-06-02T17:59:20.000Z","0054S000000Ms6RQAS","2020-06-02T17:59:20.000Z","0054S000000Ms6RQAS","","","","a2G4S0000006UOWUA2","false","false","false","false","false","32.0","slide","true","false","true","false","","false","","","SObjectScreenResource","a2J4S0000008R9yUAE","42272654457892115","LLC_BI__Loan__c","","","","","","","false","false",""
"a2F4S0000008dMyUAI","","Collateral Summary","2020-06-02T17:59:20.000Z","0054S000000Ms6RQAS","2020-06-02T17:59:20.000Z","0054S000000Ms6RQAS","","","","a2G4S0000006UOWUA2","false","false","false","false","false","70.0","slide","true","true","false","false","","false","","a2I4S000000CeBEUA0","MappedSObjectHierarchyScreenResource","","42740809875103508","LLC_BI__Loan__c","","","","","","","false","false",""
"a2F4S0000008dScUAI","","Collateral Narrative","2020-06-02T17:59:20.000Z","0054S000000Ms6RQAS","2020-06-02T17:59:20.000Z","0054S000000Ms6RQAS","","","","a2G4S0000006UOWUA2","false","false","false","false","false","71.0","slide","true","false","true","false","","true","","","SObjectScreenResource","a2J4S0000008R9zUAE","42343863316595262","LLC_BI__Loan__c","","","","","","","false","false",""
"a2F4S0000008dN3UAI","","Participations","2020-06-02T17:59:20.000Z","0054S000000Ms6RQAS","2020-06-02T17:59:20.000Z","0054S000000Ms6RQAS","","","","a2G4S0000006UOWUA2","false","false","false","false","false","120.0","slide","true","true","false","false","","false","","a2I4S000000CeBFUA0","MappedSObjectHierarchyScreenResource","","4271949971284044","LLC_BI__Loan__c","","","","","","","false","false",""
"a2F4S0000008dSdUAI","","Policy Exception Narrative","2020-06-02T17:59:20.000Z","0054S000000Ms6RQAS","2020-06-02T17:59:20.000Z","0054S000000Ms6RQAS","","","","a2G4S0000006UOWUA2","false","false","false","false","false","51.0","slide","true","true","true","false","","true","","","SObjectScreenResource","a2J4S0000008RA0UAM","42381229827077955","LLC_BI__Loan__c","","","","","","","false","false",""
"a2F4S0000008dN0UAI","","Covenants Summary","2020-06-02T17:59:20.000Z","0054S000000Ms6RQAS","2020-06-02T17:59:20.000Z","0054S000000Ms6RQAS","","","","a2G4S0000006UOWUA2","false","false","false","false","false","80.0","slide","true","true","false","false","","false","","a2I4S000000CeBGUA0","MappedSObjectHierarchyScreenResource","","42164062362545791","LLC_BI__Loan__c","","","","","","","false","false",""
"a2F4S0000008dN1UAI","","Third Party Reports","2020-06-02T17:59:20.000Z","0054S000000Ms6RQAS","2020-06-02T17:59:20.000Z","0054S000000Ms6RQAS","","","","a2G4S0000006UOWUA2","false","false","false","false","false","100.0","slide","true","true","false","false","","false","","a2I4S000000CeBHUA0","MappedSObjectHierarchyScreenResource","","42894538487195645","LLC_BI__Loan__c","","","","","","","false","false",""
"a2F4S0000008dSeUAI","","Lender Recommendation","2020-06-02T17:59:20.000Z","0054S000000Ms6RQAS","2020-06-02T17:59:20.000Z","0054S000000Ms6RQAS","","","","a2G4S0000006UOWUA2","false","false","false","false","false","160.0","slide","true","true","false","false","","true","","","SObjectScreenResource","a2J4S0000008RA1UAM","42286075348552167","LLC_BI__Loan__c","","","","","","","false","false",""
"a2F4S0000008dSfUAI","","Fee Narrative","2020-06-02T17:59:20.000Z","0054S000000Ms6RQAS","2020-06-02T17:59:20.000Z","0054S000000Ms6RQAS","","","","a2G4S0000006UOWUA2","false","false","false","false","false","111.0","slide","true","true","true","false","","true","","","SObjectScreenResource","a2J4S0000008RA2UAM","42249531926519432","LLC_BI__Loan__c","","","","","","","false","false",""
"a2F4S0000008dSgUAI","","Covenant Narrative","2020-06-02T17:59:20.000Z","0054S000000Ms6RQAS","2020-06-02T17:59:20.000Z","0054S000000Ms6RQAS","","","","a2G4S0000006UOWUA2","false","false","false","false","false","81.0","slide","true","true","true","false","","true","","","SObjectScreenResource","a2J4S0000008RA3UAM","42354464980614503","LLC_BI__Loan__c","","","","","","","false","false",""
"a2F4S0000008dShUAI","","Participation Narrative","2020-06-02T17:59:20.000Z","0054S000000Ms6RQAS","2020-06-02T17:59:20.000Z","0054S000000Ms6RQAS","","","","a2G4S0000006UOWUA2","false","false","false","false","false","121.0","slide","true","false","true","false","","true","","","SObjectScreenResource","a2J4S0000008RA4UAM","42535167464825787","LLC_BI__Loan__c","","","","","","","false","false",""
"a2F4S0000008dMsUAI","","Loan Team","2020-06-02T17:59:20.000Z","0054S000000Ms6RQAS","2020-06-02T17:59:20.000Z","0054S000000Ms6RQAS","","","","a2G4S0000006UOWUA2","false","false","false","false","false","90.0","slide","true","true","false","false","","false","","a2I4S000000CeBIUA0","MappedSObjectHierarchyScreenResource","","42173504620836123","LLC_BI__Loan__c","","","","","","","false","false",""
"a2F4S0000008dSiUAI","","Financial Analysis","2020-06-02T17:59:20.000Z","0054S000000Ms6RQAS","2020-06-02T17:59:20.000Z","0054S000000Ms6RQAS","","","","a2G4S0000006UOWUA2","false","false","false","false","false","150.0","slide","true","true","false","false","","true","","","SObjectScreenResource","a2J4S0000008RA5UAM","42425482105332778","LLC_BI__Loan__c","","","","","","","false","false",""
"a2F4S0000008dSjUAI","","Background Analysis","2020-06-02T17:59:20.000Z","0054S000000Ms6RQAS","2020-06-02T17:59:20.000Z","0054S000000Ms6RQAS","","","","a2G4S0000006UOWUA2","false","false","false","false","false","130.0","slide","true","true","false","false","","true","","","SObjectScreenResource","a2J4S0000008RA6UAM","42468812494064624","LLC_BI__Loan__c","","","","","","","false","false",""
"a2F4S0000008dSkUAI","","Loan Team Narrative","2020-06-02T17:59:20.000Z","0054S000000Ms6RQAS","2020-06-02T17:59:20.000Z","0054S000000Ms6RQAS","","","","a2G4S0000006UOWUA2","false","false","false","false","false","91.0","slide","true","false","true","false","","false","","","SObjectScreenResource","a2J4S0000008RA7UAM","42218688818370270","LLC_BI__Loan__c","","","","","","","false","false",""
"a2F4S0000008dN2UAI","","Fees","2020-06-02T17:59:20.000Z","0054S000000Ms6RQAS","2020-06-02T17:59:20.000Z","0054S000000Ms6RQAS","","","","a2G4S0000006UOWUA2","false","false","false","false","false","110.0","slide","true","true","false","false","","false","","a2I4S000000CeBJUA0","MappedSObjectHierarchyScreenResource","","42443076721790631","LLC_BI__Loan__c","","","","","","","false","false",""
"a2F4S0000008dSlUAI","","Third Party Report Narrative","2020-06-02T17:59:20.000Z","0054S000000Ms6RQAS","2020-06-02T17:59:20.000Z","0054S000000Ms6RQAS","","","","a2G4S0000006UOWUA2","false","false","false","false","false","101.0","slide","true","false","true","false","","true","","","SObjectScreenResource","a2J4S0000008RA8UAM","42614273558250880","LLC_BI__Loan__c","","","","","","","false","false",""
"a2F4S0000008dMuUAI","","Relationship Summary","2020-06-02T17:59:20.000Z","0054S000000Ms6RQAS","2020-06-02T17:59:20.000Z","0054S000000Ms6RQAS","","","","a2G4S0000006UOWUA2","false","false","false","false","false","10.0","slide","true","false","false","false","","false","","a2I4S000000CeBKUA0","MappedSObjectHierarchyScreenResource","","42343868621932517","LLC_BI__Loan__c","","","","","","","false","false",""
"a2F4S0000008dSmUAI","","Relationship Summary Narrative","2020-06-02T17:59:20.000Z","0054S000000Ms6RQAS","2020-06-02T17:59:20.000Z","0054S000000Ms6RQAS","","","","a2G4S0000006UOWUA2","false","false","false","false","false","11.0","slide","true","false","true","false","","false","","","SObjectScreenResource","a2J4S0000008RA9UAM","42781098983560049","LLC_BI__Loan__c","","","","","","","false","false",""
"a2F4S0000008dZQUAY","","Related Exposure Narrative","2020-06-02T17:59:20.000Z","0054S000000Ms6RQAS","2020-06-02T17:59:20.000Z","0054S000000Ms6RQAS","","","","a2G4S0000006UOeUAM","false","false","false","false","false","42.0","slide","true","true","true","false","","false","","","SObjectScreenResource","a2J4S0000008RCKUA2","a024S000000fWD9QAM","LLC_BI__Loan__c","","","","","","","false","false",""
"a2F4S0000008dNCUAY","","Deposits","2020-06-02T17:59:20.000Z","0054S000000Ms6RQAS","2020-06-02T17:59:20.000Z","0054S000000Ms6RQAS","","","","a2G4S0000006UOeUAM","false","false","false","false","false","41.0","slide","true","true","true","false","","false","","a2I4S000000CeDCUA0","MappedSObjectHierarchyScreenResource","","a024S000000fWDAQA2","LLC_BI__Loan__c","","","","","","","false","false",""
"a2F4S0000008dNDUAY","","Collateral Summary","2020-06-02T17:59:20.000Z","0054S000000Ms6RQAS","2020-06-02T17:59:20.000Z","0054S000000Ms6RQAS","","","","a2G4S0000006UOeUAM","false","false","false","false","false","50.0","slide","true","true","false","false","","false","","a2I4S000000CeDDUA0","MappedSObjectHierarchyScreenResource","","a024S000000fWDBQA2","LLC_BI__Loan__c","","","","","","","false","false",""
"a2F4S0000008dZRUAY","","Borrower Structure Narrative","2020-06-02T17:59:20.000Z","0054S000000Ms6RQAS","2020-06-02T17:59:20.000Z","0054S000000Ms6RQAS","","","","a2G4S0000006UOeUAM","false","false","false","false","false","22.0","slide","true","false","true","false","","false","","","SObjectScreenResource","a2J4S0000008RCLUA2","a024S000000fWDCQA2","LLC_BI__Loan__c","","","","","","","false","false",""
"a2F4S0000008dNEUAY","","Collateral Detail","2020-06-02T17:59:20.000Z","0054S000000Ms6RQAS","2020-06-02T17:59:20.000Z","0054S000000Ms6RQAS","","","","a2G4S0000006UOeUAM","false","false","false","false","false","51.0","slide","true","true","true","false","","false","","a2I4S000000CeDEUA0","MappedSObjectHierarchyScreenResource","","a024S000000fWDDQA2","LLC_BI__Loan__c","","","","","","","false","false",""
"a2F4S0000008dZSUAY","","Collateral Narrative","2020-06-02T17:59:20.000Z","0054S000000Ms6RQAS","2020-06-02T17:59:20.000Z","0054S000000Ms6RQAS","","","","a2G4S0000006UOeUAM","false","false","false","false","false","54.0","slide","true","false","true","false","","true","","","SObjectScreenResource","a2J4S0000008RCMUA2","a024S000000fWDEQA2","LLC_BI__Loan__c","","","","","","","false","false",""
"a2F4S0000008dNFUAY","","Participations","2020-06-02T17:59:20.000Z","0054S000000Ms6RQAS","2020-06-02T17:59:20.000Z","0054S000000Ms6RQAS","","","","a2G4S0000006UOeUAM","false","false","false","false","false","100.0","slide","true","true","false","false","","false","","a2I4S000000CeDFUA0","MappedSObjectHierarchyScreenResource","","a024S000000fWDFQA2","LLC_BI__Loan__c","","","","","","","false","false",""
"a2F4S0000008dZTUAY","","Policy/Underwriting Exception Narrative","2020-06-02T17:59:20.000Z","0054S000000Ms6RQAS","2020-06-02T17:59:20.000Z","0054S000000Ms6RQAS","","","","a2G4S0000006UOeUAM","false","false","false","false","false","130.0","slide","true","true","false","false","","true","","","SObjectScreenResource","a2J4S0000008RCNUA2","a024S000000fWDGQA2","LLC_BI__Loan__c","","","","","","","false","false",""
"a2F4S0000008dNGUAY","","Covenants","2020-06-02T17:59:20.000Z","0054S000000Ms6RQAS","2020-06-02T17:59:20.000Z","0054S000000Ms6RQAS","","","","a2G4S0000006UOeUAM","false","false","false","false","false","60.0","slide","true","true","false","false","","false","","a2I4S000000CeDGUA0","MappedSObjectHierarchyScreenResource","","a024S000000fWDHQA2","LLC_BI__Loan__c","","","","","","","false","false",""
"a2F4S0000008dNHUAY","","Third Party Reports","2020-06-02T17:59:20.000Z","0054S000000Ms6RQAS","2020-06-02T17:59:20.000Z","0054S000000Ms6RQAS","","","","a2G4S0000006UOeUAM","false","false","false","false","false","80.0","slide","true","true","false","false","","false","","a2I4S000000CeDHUA0","MappedSObjectHierarchyScreenResource","","a024S000000fWDIQA2","LLC_BI__Loan__c","","","","","","","false","false",""
"a2F4S0000008dZUUAY","","Lender Recommendation","2020-06-02T17:59:20.000Z","0054S000000Ms6RQAS","2020-06-02T17:59:20.000Z","0054S000000Ms6RQAS","","","","a2G4S0000006UOeUAM","false","false","false","false","false","140.0","slide","true","true","false","false","","true","","","SObjectScreenResource","a2J4S0000008RCOUA2","a024S000000fWDJQA2","LLC_BI__Loan__c","","","","","","","false","false",""
"a2F4S0000008dZVUAY","","Fee Narrative","2020-06-02T17:59:20.000Z","0054S000000Ms6RQAS","2020-06-02T17:59:20.000Z","0054S000000Ms6RQAS","","","","a2G4S0000006UOeUAM","false","false","false","false","false","91.0","slide","true","true","true","false","","true","","","SObjectScreenResource","a2J4S0000008RCPUA2","a024S000000fWDKQA2","LLC_BI__Loan__c","","","","","","","false","false",""
"a2F4S0000008dZWUAY","","Covenant Narrative","2020-06-02T17:59:20.000Z","0054S000000Ms6RQAS","2020-06-02T17:59:20.000Z","0054S000000Ms6RQAS","","","","a2G4S0000006UOeUAM","false","false","false","false","false","61.0","slide","true","true","true","false","","true","","","SObjectScreenResource","a2J4S0000008RCQUA2","a024S000000fWDLQA2","LLC_BI__Loan__c","","","","","","","false","false",""
"a2F4S0000008dZXUAY","","Participation Narrative","2020-06-02T17:59:20.000Z","0054S000000Ms6RQAS","2020-06-02T17:59:20.000Z","0054S000000Ms6RQAS","","","","a2G4S0000006UOeUAM","false","false","false","false","false","101.0","slide","true","false","true","false","","true","","","SObjectScreenResource","a2J4S0000008RCRUA2","a024S000000fWDMQA2","LLC_BI__Loan__c","","","","","","","false","false",""
"a2F4S0000008dNIUAY","","Loan Team","2020-06-02T17:59:20.000Z","0054S000000Ms6RQAS","2020-06-02T17:59:20.000Z","0054S000000Ms6RQAS","","","","a2G4S0000006UOeUAM","false","false","false","false","false","70.0","slide","true","true","false","false","","false","","a2I4S000000CeDIUA0","MappedSObjectHierarchyScreenResource","","a024S000000fWDNQA2","LLC_BI__Loan__c","","","","","","","false","false",""
"a2F4S0000008dZYUAY","","Financial Analysis","2020-06-02T17:59:20.000Z","0054S000000Ms6RQAS","2020-06-02T17:59:20.000Z","0054S000000Ms6RQAS","","","","a2G4S0000006UOeUAM","false","false","false","false","false","120.0","slide","true","true","false","false","","true","","","SObjectScreenResource","a2J4S0000008RCSUA2","a024S000000fWDOQA2","LLC_BI__Loan__c","","","","","","","false","false",""
"a2F4S0000008dNJUAY","","Rate Summary","2020-06-02T17:59:20.000Z","0054S000000Ms6RQAS","2020-06-02T17:59:20.000Z","0054S000000Ms6RQAS","","","","a2G4S0000006UOeUAM","false","false","false","false","false","13.0","slide","true","true","true","false","","false","","a2I4S000000CeDJUA0","MappedSObjectScreenResource","","a024S000000fWDPQA2","LLC_BI__Loan__c","","","","","","","false","false",""
"a2F4S0000008dZZUAY","","Background Analysis","2020-06-02T17:59:20.000Z","0054S000000Ms6RQAS","2020-06-02T17:59:20.000Z","0054S000000Ms6RQAS","","","","a2G4S0000006UOeUAM","false","false","false","false","false","110.0","slide","true","true","false","false","","true","","","SObjectScreenResource","a2J4S0000008RCTUA2","a024S000000fWDQQA2","LLC_BI__Loan__c","","","","","","","false","false",""
"a2F4S0000008dZaUAI","","Loan Team Narrative","2020-06-02T17:59:20.000Z","0054S000000Ms6RQAS","2020-06-02T17:59:20.000Z","0054S000000Ms6RQAS","","","","a2G4S0000006UOeUAM","false","false","false","false","false","71.0","slide","true","false","true","false","","false","","","SObjectScreenResource","a2J4S0000008RCUUA2","a024S000000fWDRQA2","LLC_BI__Loan__c","","","","","","","false","false",""
"a2F4S0000008dNKUAY","","Fees","2020-06-02T17:59:20.000Z","0054S000000Ms6RQAS","2020-06-02T17:59:20.000Z","0054S000000Ms6RQAS","","","","a2G4S0000006UOeUAM","false","false","false","false","false","90.0","slide","true","true","false","false","","false","","a2I4S000000CeDKUA0","MappedSObjectHierarchyScreenResource","","a024S000000fWDSQA2","LLC_BI__Loan__c","","","","","","","false","false",""
"a2F4S0000008dZbUAI","","Third Party Report Narrative","2020-06-02T17:59:20.000Z","0054S000000Ms6RQAS","2020-06-02T17:59:20.000Z","0054S000000Ms6RQAS","","","","a2G4S0000006UOeUAM","false","false","false","false","false","81.0","slide","true","false","true","false","","true","","","SObjectScreenResource","a2J4S0000008RCVUA2","a024S000000fWDTQA2","LLC_BI__Loan__c","","","","","","","false","false",""
"a2F4S0000008dNLUAY","","Summary","2020-06-02T17:59:20.000Z","0054S000000Ms6RQAS","2020-06-02T17:59:20.000Z","0054S000000Ms6RQAS","","","","a2G4S0000006UOcUAM","false","false","false","false","false","10.0","slide","true","true","false","false","","false","","a2I4S000000CeDLUA0","MappedSObjectHierarchyScreenResource","","a024S000000fWDUQA2","LLC_BI__Loan__c","","","","","","","false","false",""
"a2F4S0000008dZcUAI","","Spreads Appendix","2020-06-02T17:59:20.000Z","0054S000000Ms6RQAS","2020-06-02T17:59:20.000Z","0054S000000Ms6RQAS","","","","a2G4S0000006UOcUAM","false","false","false","false","false","150.0","slide","true","false","false","false","","false","","a2I4S000000CeDMUA0","MappedSObjectHierarchyScreenResource","a2J4S0000008RCWUA2","a024S000000fWDVQA2","LLC_BI__Loan__c","","","","","","","false","false",""
"a2F4S0000008dNMUAY","","Pricing Summary","2020-06-02T17:59:20.000Z","0054S000000Ms6RQAS","2020-06-02T17:59:20.000Z","0054S000000Ms6RQAS","","","","a2G4S0000006UOcUAM","false","false","false","false","false","12.0","slide","true","true","true","false","","false","","a2I4S000000CeDNUA0","MappedSObjectScreenResource","","a024S000000fWDWQA2","LLC_BI__Loan__c","","","","","","","false","false",""
"a2F4S0000008dNNUAY","","Approval History","2020-06-02T17:59:20.000Z","0054S000000Ms6RQAS","2020-06-02T17:59:20.000Z","0054S000000Ms6RQAS","","","","a2G4S0000006UOcUAM","false","false","false","false","false","30.0","slide","true","false","false","false","","false","","","SObjectScreenResource","a2J4S0000008RCXUA2","a024S000000fWDXQA2","LLC_BI__Loan__c","","","","","","","false","false",""
"a2F4S0000008dNOUAY","","Related Exposure","2020-06-02T17:59:20.000Z","0054S000000Ms6RQAS","2020-06-02T17:59:20.000Z","0054S000000Ms6RQAS","","","","a2G4S0000006UOcUAM","false","false","false","false","false","40.0","slide","true","false","false","false","","false","","a2I4S000000CeDOUA0","MappedSObjectHierarchyScreenResource","","a024S000000fWDYQA2","LLC_BI__Loan__c","","","","","","","false","false",""
"a2F4S0000008dZdUAI","","Approval History Narrative","2020-06-02T17:59:20.000Z","0054S000000Ms6RQAS","2020-06-02T17:59:20.000Z","0054S000000Ms6RQAS","","","","a2G4S0000006UOcUAM","false","false","false","false","false","31.0","slide","true","false","true","false","","false","","","SObjectScreenResource","a2J4S0000008RCYUA2","a024S000000fWDZQA2","LLC_BI__Loan__c","","","","","","","false","false",""
"a2F4S0000008dZeUAI","","Summary Narrative","2020-06-02T17:59:20.000Z","0054S000000Ms6RQAS","2020-06-02T17:59:20.000Z","0054S000000Ms6RQAS","","","","a2G4S0000006UOcUAM","false","false","false","false","false","14.0","slide","true","false","true","false","","false","","","SObjectScreenResource","a2J4S0000008RCZUA2","a024S000000fWDaQAM","LLC_BI__Loan__c","","","","","","","false","false",""
"a2F4S0000008dNPUAY","","Authorized Signer","2020-06-02T17:59:20.000Z","0054S000000Ms6RQAS","2020-06-02T17:59:20.000Z","0054S000000Ms6RQAS","","","","a2G4S0000006UOcUAM","false","false","false","false","false","21.0","slide","true","false","true","false","","false","","a2I4S000000CeDPUA0","MappedSObjectHierarchyScreenResource","","a024S000000fWDbQAM","LLC_BI__Loan__c","","","","","","","false","false",""
"a2F4S0000008dNQUAY","","Borrower Structure","2020-06-02T17:59:20.000Z","0054S000000Ms6RQAS","2020-06-02T17:59:20.000Z","0054S000000Ms6RQAS","","","","a2G4S0000006UOcUAM","false","false","false","false","false","20.0","slide","true","false","false","false","","false","","a2I4S000000CeDQUA0","MappedSObjectHierarchyScreenResource","","a024S000000fWDcQAM","LLC_BI__Loan__c","","","","","","","false","false",""
"a2F4S0000008dNRUAY","","Product Summary","2020-06-02T17:59:20.000Z","0054S000000Ms6RQAS","2020-06-02T17:59:20.000Z","0054S000000Ms6RQAS","","","","a2G4S0000006UOcUAM","false","false","false","false","false","11.0","slide","true","true","true","false","","false","","a2I4S000000CeDRUA0","MappedSObjectScreenResource","","a024S000000fWDdQAM","LLC_BI__Loan__c","","","","","","","false","false",""
"a2F4S0000008dMzUAI","","Policy Exceptions","2020-06-02T17:59:20.000Z","0054S000000Ms6RQAS","2020-06-02T17:59:20.000Z","0054S000000Ms6RQAS","","","","a2G4S0000006UOWUA2","false","false","false","false","false","50.0","slide","true","false","false","false","","false","","a2I4S000000CeBLUA0","MappedSObjectHierarchyScreenResource","","42418219770206741","LLC_BI__Loan__c","","","","","","","false","false",""
"a2F4S0000008dSnUAI","","Enhanced Fees Management","2020-06-02T17:59:20.000Z","0054S000000Ms6RQAS","2020-06-02T17:59:20.000Z","0054S000000Ms6RQAS","","","","a2G4S0000006UPPUA2","false","false","true","true","false","0.0","slide","true","false","false","false","","true","","","MappedSObjectHierarchyScreenResource","","42959339373236524","LLC_BI__Loan__c","","","","","","","false","false",""
"a2F4S0000008dSoUAI","","Add Non Standard Fee","2020-06-02T17:59:20.000Z","0054S000000Ms6RQAS","2020-06-02T17:59:20.000Z","0054S000000Ms6RQAS","","","","a2G4S0000006UPPUA2","false","false","true","true","false","1.0","slide","true","false","false","false","","true","","","MappedSObjectScreenResource","","42390442217238179","LLC_BI__Fee__c","","","","","","","false","false",""
"a2F4S0000008dSpUAI","","Enhanced Fee Loan Aggregate Summary","2020-06-02T17:59:20.000Z","0054S000000Ms6RQAS","2020-06-02T17:59:20.000Z","0054S000000Ms6RQAS","","","","a2G4S0000006UPPUA2","false","false","false","true","false","2.0","slide","true","false","false","false","","false","","","MappedSObjectScreenResource","","42342443550777061","LLC_BI__Fee_Loan_Aggregate__c","","","","","","","false","false",""
"a2F4S0000008dSqUAI","","Relationship Add Debt","2020-06-02T17:59:20.000Z","0054S000000Ms6RQAS","2020-06-02T17:59:20.000Z","0054S000000Ms6RQAS","","","","a2G4S0000006UPvUAM","false","false","true","false","false","1.0","slide","true","false","false","false","","true","","","MappedSObjectScreenResource","","12401562008947390","LLC_BI__Debt__c","","","","","2.0","","false","false",""
"a2F4S0000008dSrUAI","","Total Exposure Summary","2020-06-02T17:59:20.000Z","0054S000000Ms6RQAS","2020-06-02T17:59:20.000Z","0054S000000Ms6RQAS","","","","a2G4S0000006UPvUAM","false","false","false","true","false","0.0","slide","true","false","false","false","","false","","","MappedSObjectScreenResource","","15191562008947390","Account","","","","","6.0","","false","false",""
"a2F4S0000008dSsUAI","","Add Debt","2020-06-02T17:59:20.000Z","0054S000000Ms6RQAS","2020-06-02T17:59:20.000Z","0054S000000Ms6RQAS","","","","a2G4S0000006UPvUAM","false","false","true","false","false","1.0","slide","true","false","false","false","","true","","","MappedSObjectScreenResource","","42821562008947391","LLC_BI__Debt__c","","","","","2.0","","false","false",""
"a2F4S0000008dStUAI","","Exposure Exclusion Enable","2020-06-02T17:59:20.000Z","0054S000000Ms6RQAS","2020-06-02T17:59:20.000Z","0054S000000Ms6RQAS","","","","a2G4S0000006UPvUAM","false","false","true","false","false","2.0","slide","true","false","false","false","","true","","","MappedSObjectScreenResource","","77251562008947392","LLC_BI__Excluded_Exposure__c","","","","","2.0","","false","false",""
"a2F4S0000008dSuUAI","","Exposure Exclusion Disable","2020-06-02T17:59:20.000Z","0054S000000Ms6RQAS","2020-06-02T17:59:20.000Z","0054S000000Ms6RQAS","","","","a2G4S0000006UPvUAM","false","false","true","false","false","3.0","slide","true","false","false","false","","true","","","MappedSObjectScreenResource","","90391562008947393","LLC_BI__Excluded_Exposure__c","","","","","2.0","","false","false",""
"a2F4S0000008dSvUAI","","Expand Loan Relationship","2020-06-02T17:59:20.000Z","0054S000000Ms6RQAS","2020-06-02T17:59:20.000Z","0054S000000Ms6RQAS","","","","a2G4S0000006UPvUAM","false","false","false","false","false","4.0","slide","true","false","false","false","","false","","","MappedSObjectScreenResource","","64341562008947394","LLC_BI__Legal_Entities__c","","","","","6.0","","false","false",""
"a2F4S0000008dSwUAI","","Expand Debt Relationship","2020-06-02T17:59:20.000Z","0054S000000Ms6RQAS","2020-06-02T17:59:20.000Z","0054S000000Ms6RQAS","","","","a2G4S0000006UPvUAM","false","false","false","false","false","5.0","slide","true","false","false","false","","false","","","MappedSObjectScreenResource","","74521562008947394","LLC_BI__Debt__c","","","","","6.0","","false","false",""
"a2F4S0000008dSxUAI","","Loan Products","2020-06-02T17:59:20.000Z","0054S000000Ms6RQAS","2020-06-02T17:59:20.000Z","0054S000000Ms6RQAS","","","","a2G4S0000006UPwUAM","false","false","false","true","false","1.0","slide","true","false","false","false","","false","","","ReferenceFilteredHierarchyScreenResource","","37491562008947395","Account","","","","","","","false","false",""
"a2F4S0000008dSyUAI","","Deposit Products","2020-06-02T17:59:20.000Z","0054S000000Ms6RQAS","2020-06-02T17:59:20.000Z","0054S000000Ms6RQAS","","","","a2G4S0000006UPxUAM","false","false","false","true","false","1.0","slide","true","false","false","false","","false","","a2I4S000000CeBMUA0","ReferenceFilteredHierarchyScreenResource","","76921562008947396","Account","","","","","","","false","false",""
"a2F4S0000008dSzUAI","","Appraisal Fee Screen Section","2020-06-02T17:59:20.000Z","0054S000000Ms6RQAS","2020-06-02T17:59:20.000Z","0054S000000Ms6RQAS","","","","a2G4S0000006USSUA2","false","false","true","false","false","1.0","slide","true","false","false","false","","true","","a2I4S000000CeBNUA0","MappedSObjectScreenResource","","84573261478456345231","LLC_BI__Fee__c","","","","","","","false","false",""
"a2F4S0000008dT0UAI","","Total Exposure Summary","2020-06-02T17:59:20.000Z","0054S000000Ms6RQAS","2020-06-02T17:59:20.000Z","0054S000000Ms6RQAS","","","","a2G4S0000006UP4UAM","false","false","false","true","false","0.0","slide","true","false","false","false","","false","","","MappedSObjectScreenResource","","42325804179564549","Account","","","","","6.0","","false","false",""
"a2F4S0000008dT1UAI","","Add Debt","2020-06-02T17:59:20.000Z","0054S000000Ms6RQAS","2020-06-02T17:59:20.000Z","0054S000000Ms6RQAS","","","","a2G4S0000006UP4UAM","false","false","true","false","false","1.0","slide","true","false","false","false","","true","","","MappedSObjectScreenResource","","42093383861198265","LLC_BI__Debt__c","","","","","2.0","","false","false",""
"a2F4S0000008dT2UAI","","Exposure Exclusion Enable","2020-06-02T17:59:20.000Z","0054S000000Ms6RQAS","2020-06-02T17:59:20.000Z","0054S000000Ms6RQAS","","","","a2G4S0000006UP4UAM","false","false","true","false","false","2.0","slide","true","false","false","false","","true","","","MappedSObjectScreenResource","","42375661365488418","LLC_BI__Excluded_Exposure__c","","","","","2.0","","false","false",""
"a2F4S0000008dT3UAI","","Exposure Exclusion Disable","2020-06-02T17:59:20.000Z","0054S000000Ms6RQAS","2020-06-02T17:59:20.000Z","0054S000000Ms6RQAS","","","","a2G4S0000006UP4UAM","false","false","true","false","false","3.0","slide","true","false","false","false","","true","","","MappedSObjectScreenResource","","42853583186223876","LLC_BI__Excluded_Exposure__c","","","","","2.0","","false","false",""
"a2F4S0000008dT4UAI","","Expand Loan Relationship","2020-06-02T17:59:20.000Z","0054S000000Ms6RQAS","2020-06-02T17:59:20.000Z","0054S000000Ms6RQAS","","","","a2G4S0000006UP4UAM","false","false","false","false","false","4.0","slide","true","false","false","false","","false","","","MappedSObjectScreenResource","","42923904608254347","LLC_BI__Legal_Entities__c","","","","","6.0","","false","false",""
"a2F4S0000008dT5UAI","","Expand Debt Relationship","2020-06-02T17:59:20.000Z","0054S000000Ms6RQAS","2020-06-02T17:59:20.000Z","0054S000000Ms6RQAS","","","","a2G4S0000006UP4UAM","false","false","false","false","false","5.0","slide","true","false","false","false","","false","","","MappedSObjectScreenResource","","42431436359935756","LLC_BI__Debt__c","","","","","6.0","","false","false",""
"a2F4S0000008dT6UAI","","Participation","2020-06-02T17:59:20.000Z","0054S000000Ms6RQAS","2020-06-02T17:59:20.000Z","0054S000000Ms6RQAS","","","","a2G4S0000006UP5UAM","false","false","true","true","false","0.0","slide","true","false","false","false","","true","","","MappedSObjectScreenResource","","42627706191245153","LLC_BI__Loan__c","","","","","","","false","false",""
"a2F4S0000008dT7UAI","","participation records","2020-06-02T17:59:20.000Z","0054S000000Ms6RQAS","2020-06-02T17:59:20.000Z","0054S000000Ms6RQAS","","","","a2G4S0000006UP6UAM","false","false","false","true","false","1.0","slide","true","false","false","false","","false","","","MappedSObjectHierarchyScreenResource","","42354708571052962","LLC_BI__Loan__c","","","","","","","false","false",""
"a2F4S0000008dT8UAI","","Participations","2020-06-02T17:59:20.000Z","0054S000000Ms6RQAS","2020-06-02T17:59:20.000Z","0054S000000Ms6RQAS","","","","a2G4S0000006UP7UAM","false","false","false","true","false","1.0","slide","true","false","false","false","","false","","","MappedSObjectHierarchyScreenResource","","42189721287104315","Account","","","","","","","false","false",""
"a2F4S0000008dT9UAI","","Counterparty Report","2020-06-02T17:59:20.000Z","0054S000000Ms6RQAS","2020-06-02T17:59:20.000Z","0054S000000Ms6RQAS","","","","a2G4S0000006UOvUAM","false","false","false","true","false","1.0","slide","true","false","false","false","","false","","","MappedSObjectScreenResource","","42020381281929303","Account","","","","","","","false","false",""
"a2F4S0000008dTAUAY","","Authorized Users","2020-06-02T17:59:20.000Z","0054S000000Ms6RQAS","2020-06-02T17:59:20.000Z","0054S000000Ms6RQAS","","","","a2G4S0000006UOwUAM","false","false","false","true","false","0.0","slide","true","false","false","false","","false","","","MappedSObjectHierarchyScreenResource","","42837539421587700","LLC_BI__Treasury_Service__c","","","","","","","false","false",""
"a2F4S0000008dTBUAY","","Analyzed Accounts","2020-06-02T17:59:20.000Z","0054S000000Ms6RQAS","2020-06-02T17:59:20.000Z","0054S000000Ms6RQAS","","","","a2G4S0000006UOwUAM","false","false","false","true","false","1.0","slide","true","false","false","false","","false","","","MappedSObjectHierarchyScreenResource","","42689589434240868","LLC_BI__Treasury_Service__c","","","","","","","false","false",""
"a2F4S0000008dTCUAY","","Add to Maintenance Order","2020-06-02T17:59:20.000Z","0054S000000Ms6RQAS","2020-06-02T17:59:20.000Z","0054S000000Ms6RQAS","","","","a2G4S0000006UOwUAM","false","false","false","true","false","2.0","slide","true","false","false","false","","false","","","MappedSObjectHierarchyScreenResource","","42935727552304145","LLC_BI__Requirement__c","","","","","","","false","false",""
"a2F4S0000008dTDUAY","","Add Authorized User","2020-06-02T17:59:20.000Z","0054S000000Ms6RQAS","2020-06-02T17:59:20.000Z","0054S000000Ms6RQAS","","","","a2G4S0000006UOwUAM","false","false","false","true","false","3.0","slide","true","false","false","false","","false","","","MappedSObjectHierarchyScreenResource","","42736865211576868","LLC_BI__Authorized_User__c","","","","","","","false","false",""
"a2F4S0000008dTEUAY","","Add Analyzed Account","2020-06-02T17:59:20.000Z","0054S000000Ms6RQAS","2020-06-02T17:59:20.000Z","0054S000000Ms6RQAS","","","","a2G4S0000006UOwUAM","false","false","false","true","false","4.0","slide","true","false","false","false","","false","","","MappedSObjectHierarchyScreenResource","","42719103663981335","LLC_BI__Analyzed_Account__c","","","","","","","false","false",""
"a2F4S0000008dTFUAY","","Product Package Entity","2020-06-02T17:59:20.000Z","0054S000000Ms6RQAS","2020-06-02T17:59:20.000Z","0054S000000Ms6RQAS","","","","a2G4S0000006USTUA2","false","false","true","true","false","1.0","slide","true","false","false","false","","true","","","MappedSObjectScreenResource","","42232734370075389","LLC_BI__Legal_Entities__c","","","","","","","false","false",""
"a2F4S0000008dTGUAY","","Credit Actions New Package Details","2020-06-02T17:59:20.000Z","0054S000000Ms6RQAS","2020-06-02T17:59:20.000Z","0054S000000Ms6RQAS","","","","a2G4S0000006US6UAM","false","false","true","true","false","10.0","slide","true","false","false","false","","true","","","ConfiguredSObjectScreenResource","","42108368050431263","LLC_BI__Product_Package__c","","","","","","","false","false",""
"a2F4S0000008dTHUAY","","Product Package Total Exposure Summary","2020-06-02T17:59:20.000Z","0054S000000Ms6RQAS","2020-06-02T17:59:20.000Z","0054S000000Ms6RQAS","","","","a2G4S0000006UP8UAM","false","false","false","true","false","0.0","slide","true","false","false","false","","true","","","MappedSObjectScreenResource","","42777889548352619","LLC_BI__Product_Package__c","","","","","6.0","","false","false",""
"a2F4S0000008dZfUAI","","Related Exposure Narrative","2020-06-02T17:59:20.000Z","0054S000000Ms6RQAS","2020-06-02T17:59:20.000Z","0054S000000Ms6RQAS","","","","a2G4S0000006UOcUAM","false","false","false","false","false","42.0","slide","true","true","true","false","","false","","","SObjectScreenResource","a2J4S0000008RCaUAM","a024S000000fWDeQAM","LLC_BI__Loan__c","","","","","","","false","false",""
"a2F4S0000008dNSUAY","","Deposits","2020-06-02T17:59:20.000Z","0054S000000Ms6RQAS","2020-06-02T17:59:20.000Z","0054S000000Ms6RQAS","","","","a2G4S0000006UOcUAM","false","false","false","false","false","41.0","slide","true","true","true","false","","false","","a2I4S000000CeDSUA0","MappedSObjectHierarchyScreenResource","","a024S000000fWDfQAM","LLC_BI__Loan__c","","","","","","","false","false",""
"a2F4S0000008dNTUAY","","Collateral Summary","2020-06-02T17:59:20.000Z","0054S000000Ms6RQAS","2020-06-02T17:59:20.000Z","0054S000000Ms6RQAS","","","","a2G4S0000006UOcUAM","false","false","false","false","false","50.0","slide","true","true","false","false","","false","","a2I4S000000CeDTUA0","MappedSObjectHierarchyScreenResource","","a024S000000fWDgQAM","LLC_BI__Loan__c","","","","","","","false","false",""
"a2F4S0000008dZgUAI","","Borrower Structure Narrative","2020-06-02T17:59:20.000Z","0054S000000Ms6RQAS","2020-06-02T17:59:20.000Z","0054S000000Ms6RQAS","","","","a2G4S0000006UOcUAM","false","false","false","false","false","22.0","slide","true","false","true","false","","false","","","SObjectScreenResource","a2J4S0000008RCbUAM","a024S000000fWDhQAM","LLC_BI__Loan__c","","","","","","","false","false",""
"a2F4S0000008dNUUAY","","Collateral Detail","2020-06-02T17:59:20.000Z","0054S000000Ms6RQAS","2020-06-02T17:59:20.000Z","0054S000000Ms6RQAS","","","","a2G4S0000006UOcUAM","false","false","false","false","false","51.0","slide","true","true","true","false","","false","","a2I4S000000CeDUUA0","MappedSObjectHierarchyScreenResource","","a024S000000fWDiQAM","LLC_BI__Loan__c","","","","","","","false","false",""
"a2F4S0000008dZhUAI","","Collateral Narrative","2020-06-02T17:59:20.000Z","0054S000000Ms6RQAS","2020-06-02T17:59:20.000Z","0054S000000Ms6RQAS","","","","a2G4S0000006UOcUAM","false","false","false","false","false","54.0","slide","true","false","true","false","","true","","","SObjectScreenResource","a2J4S0000008RCcUAM","a024S000000fWDjQAM","LLC_BI__Loan__c","","","","","","","false","false",""
"a2F4S0000008dNVUAY","","Participations","2020-06-02T17:59:20.000Z","0054S000000Ms6RQAS","2020-06-02T17:59:20.000Z","0054S000000Ms6RQAS","","","","a2G4S0000006UOcUAM","false","false","false","false","false","100.0","slide","true","true","false","false","","false","","a2I4S000000CeDVUA0","MappedSObjectHierarchyScreenResource","","a024S000000fWDkQAM","LLC_BI__Loan__c","","","","","","","false","false",""
"a2F4S0000008dZiUAI","","Policy/Underwriting Exception Narrative","2020-06-02T17:59:20.000Z","0054S000000Ms6RQAS","2020-06-02T17:59:20.000Z","0054S000000Ms6RQAS","","","","a2G4S0000006UOcUAM","false","false","false","false","false","130.0","slide","true","true","false","false","","true","","","SObjectScreenResource","a2J4S0000008RCdUAM","a024S000000fWDlQAM","LLC_BI__Loan__c","","","","","","","false","false",""
"a2F4S0000008dNWUAY","","Covenants","2020-06-02T17:59:20.000Z","0054S000000Ms6RQAS","2020-06-02T17:59:20.000Z","0054S000000Ms6RQAS","","","","a2G4S0000006UOcUAM","false","false","false","false","false","60.0","slide","true","true","false","false","","false","","a2I4S000000CeDWUA0","MappedSObjectHierarchyScreenResource","","a024S000000fWDmQAM","LLC_BI__Loan__c","","","","","","","false","false",""
"a2F4S0000008dNXUAY","","Third Party Reports","2020-06-02T17:59:20.000Z","0054S000000Ms6RQAS","2020-06-02T17:59:20.000Z","0054S000000Ms6RQAS","","","","a2G4S0000006UOcUAM","false","false","false","false","false","80.0","slide","true","true","false","false","","false","","a2I4S000000CeDXUA0","MappedSObjectHierarchyScreenResource","","a024S000000fWDnQAM","LLC_BI__Loan__c","","","","","","","false","false",""
"a2F4S0000008dZjUAI","","Lender Recommendation","2020-06-02T17:59:20.000Z","0054S000000Ms6RQAS","2020-06-02T17:59:20.000Z","0054S000000Ms6RQAS","","","","a2G4S0000006UOcUAM","false","false","false","false","false","140.0","slide","true","true","false","false","","true","","","SObjectScreenResource","a2J4S0000008RCeUAM","a024S000000fWDoQAM","LLC_BI__Loan__c","","","","","","","false","false",""
"a2F4S0000008dZkUAI","","Fee Narrative","2020-06-02T17:59:20.000Z","0054S000000Ms6RQAS","2020-06-02T17:59:20.000Z","0054S000000Ms6RQAS","","","","a2G4S0000006UOcUAM","false","false","false","false","false","91.0","slide","true","true","true","false","","true","","","SObjectScreenResource","a2J4S0000008RCfUAM","a024S000000fWDpQAM","LLC_BI__Loan__c","","","","","","","false","false",""
"a2F4S0000008dZlUAI","","Covenant Narrative","2020-06-02T17:59:20.000Z","0054S000000Ms6RQAS","2020-06-02T17:59:20.000Z","0054S000000Ms6RQAS","","","","a2G4S0000006UOcUAM","false","false","false","false","false","61.0","slide","true","true","true","false","","true","","","SObjectScreenResource","a2J4S0000008RCgUAM","a024S000000fWDqQAM","LLC_BI__Loan__c","","","","","","","false","false",""
"a2F4S0000008dZmUAI","","Participation Narrative","2020-06-02T17:59:20.000Z","0054S000000Ms6RQAS","2020-06-02T17:59:20.000Z","0054S000000Ms6RQAS","","","","a2G4S0000006UOcUAM","false","false","false","false","false","101.0","slide","true","false","true","false","","true","","","SObjectScreenResource","a2J4S0000008RChUAM","a024S000000fWDrQAM","LLC_BI__Loan__c","","","","","","","false","false",""
"a2F4S0000008dNYUAY","","Loan Team","2020-06-02T17:59:20.000Z","0054S000000Ms6RQAS","2020-06-02T17:59:20.000Z","0054S000000Ms6RQAS","","","","a2G4S0000006UOcUAM","false","false","false","false","false","70.0","slide","true","true","false","false","","false","","a2I4S000000CeDYUA0","MappedSObjectHierarchyScreenResource","","a024S000000fWDsQAM","LLC_BI__Loan__c","","","","","","","false","false",""
"a2F4S0000008dNZUAY","","Rate Summary","2020-06-02T17:59:20.000Z","0054S000000Ms6RQAS","2020-06-02T17:59:20.000Z","0054S000000Ms6RQAS","","","","a2G4S0000006UOcUAM","false","false","false","false","false","13.0","slide","true","true","true","false","","false","","a2I4S000000CeDZUA0","MappedSObjectScreenResource","","a024S000000fWDuQAM","LLC_BI__Loan__c","","","","","","","false","false",""
"a2F4S0000008dNaUAI","","Fees","2020-06-02T17:59:20.000Z","0054S000000Ms6RQAS","2020-06-02T17:59:20.000Z","0054S000000Ms6RQAS","","","","a2G4S0000006UOcUAM","false","false","false","false","false","90.0","slide","true","true","false","false","","false","","a2I4S000000CeDaUAK","MappedSObjectHierarchyScreenResource","","a024S000000fWDxQAM","LLC_BI__Loan__c","","","","","","","false","false",""
"a2F4S0000008dTIUAY","","Product Package Add Debt","2020-06-02T17:59:20.000Z","0054S000000Ms6RQAS","2020-06-02T17:59:20.000Z","0054S000000Ms6RQAS","","","","a2G4S0000006UP8UAM","false","false","false","true","false","1.0","slide","true","false","false","false","","true","","","MappedSObjectScreenResource","","42058428944747903","LLC_BI__Debt__c","","","","","","","false","false",""
"a2F4S0000008dTJUAY","","Product Package Exposure Exclusion Enable","2020-06-02T17:59:20.000Z","0054S000000Ms6RQAS","2020-06-02T17:59:20.000Z","0054S000000Ms6RQAS","","","","a2G4S0000006UP8UAM","false","false","false","true","false","2.0","slide","true","false","false","false","","true","","","MappedSObjectScreenResource","","42991579135072105","LLC_BI__Excluded_Exposure__c","","","","","","","false","false",""
"a2F4S0000008dTKUAY","","Product Package Exposure Exclusion Disable","2020-06-02T17:59:20.000Z","0054S000000Ms6RQAS","2020-06-02T17:59:20.000Z","0054S000000Ms6RQAS","","","","a2G4S0000006UP8UAM","false","false","false","true","false","3.0","slide","true","false","false","false","","true","","","MappedSObjectScreenResource","","42965914109707846","LLC_BI__Excluded_Exposure__c","","","","","","","false","false",""
"a2F4S0000008dTLUAY","","Expand Loan Product Package","2020-06-02T17:59:20.000Z","0054S000000Ms6RQAS","2020-06-02T17:59:20.000Z","0054S000000Ms6RQAS","","","","a2G4S0000006UP8UAM","false","false","false","true","false","4.0","slide","true","false","false","false","","false","","","MappedSObjectScreenResource","","42096647977603814","LLC_BI__Legal_Entities__c","","","","","6.0","","false","false",""
"a2F4S0000008dTMUAY","","Expand Debt Product Package","2020-06-02T17:59:20.000Z","0054S000000Ms6RQAS","2020-06-02T17:59:20.000Z","0054S000000Ms6RQAS","","","","a2G4S0000006UP8UAM","false","false","false","true","false","5.0","slide","true","false","false","false","","false","","","MappedSObjectScreenResource","","42401935871828525","LLC_BI__Debt__c","","","","","6.0","","false","false",""
"a2F4S0000008dTNUAY","","Entity Involvement New Individual","2020-06-02T17:59:20.000Z","0054S000000Ms6RQAS","2020-09-09T19:36:50.000Z","0054S000000Ms6RQAS","","","","a2G4S0000006USUUA2","false","false","true","true","false","1.0","slide","true","false","false","false","","true","","a2I4S000000CmOUUA0","MappedSObjectScreenResource","","42658013708333510","Contact","","","","","","","false","false",""
"a2F4S0000008dTOUAY","","Entity Involvement New Business","2020-06-02T17:59:20.000Z","0054S000000Ms6RQAS","2020-06-02T17:59:20.000Z","0054S000000Ms6RQAS","","","","a2G4S0000006USUUA2","false","false","true","true","false","1.0","slide","true","false","false","false","","true","","","MappedSObjectScreenResource","","42938851504277188","Account","","","","","","","false","false",""
"a2F4S0000008dTPUAY","","Rate Structure Details Fixed","2020-06-02T17:59:20.000Z","0054S000000Ms6RQAS","2020-06-02T17:59:20.000Z","0054S000000Ms6RQAS","","","","a2G4S0000006UQDUA2","false","false","false","false","false","10.0","slide","true","false","false","false","","false","","","MappedSObjectScreenResource","","42721620155334185","LLC_BI__Pricing_Rate_Component__c","","","","","","","false","false",""
"a2F4S0000008dTQUAY","","Rate Structure Details Floating","2020-06-02T17:59:20.000Z","0054S000000Ms6RQAS","2020-06-02T17:59:20.000Z","0054S000000Ms6RQAS","","","","a2G4S0000006UQDUA2","false","false","false","false","false","20.0","slide","true","false","false","false","","false","","","MappedSObjectScreenResource","","42287729462821113","LLC_BI__Pricing_Rate_Component__c","","","","","","","false","false",""
"a2F4S0000008dTRUAY","","Payment Structure Details","2020-06-02T17:59:20.000Z","0054S000000Ms6RQAS","2020-06-02T17:59:20.000Z","0054S000000Ms6RQAS","","","","a2G4S0000006UQEUA2","false","false","false","false","false","10.0","slide","true","false","false","false","","false","","","MappedSObjectScreenResource","","42805755083993993","LLC_BI__Pricing_Payment_Component__c","","","","","","","false","false",""
"a2F4S0000008dTSUAY","","Authorized Signers","2020-06-02T17:59:20.000Z","0054S000000Ms6RQAS","2020-06-02T17:59:20.000Z","0054S000000Ms6RQAS","","","","a2G4S0000006UPiUAM","false","false","false","false","false","1.0","slide","true","false","false","false","","false","","a2I4S000000CeBOUA0","GrandchildScreenResource","","83661560278745119","LLC_BI__Loan__c","","","","","","","false","false",""
"a2F4S0000008dMpUAI","","Spreads Appendix","2020-06-02T17:59:20.000Z","0054S000000Ms6RQAS","2020-06-02T17:59:20.000Z","0054S000000Ms6RQAS","","","","a2G4S0000006UORUA2","false","false","false","false","false","170.0","slide","true","false","false","false","","false","","a2I4S000000CeBPUA0","MappedSObjectHierarchyScreenResource","a2J4S0000008RAAUA2","42412204948103429","LLC_BI__Loan__c","","","","","","","false","false",""
"a2F4S0000008dMfUAI","","Approval History","2020-06-02T17:59:20.000Z","0054S000000Ms6RQAS","2020-06-02T17:59:20.000Z","0054S000000Ms6RQAS","","","","a2G4S0000006UORUA2","false","false","false","false","false","40.0","slide","true","false","false","false","","false","","","SObjectScreenResource","a2J4S0000008RABUA2","42008187717964307","LLC_BI__Loan__c","","","","","","","false","false",""
"a2F4S0000008dMkUAI","","Related Exposure","2020-06-02T17:59:20.000Z","0054S000000Ms6RQAS","2020-06-02T17:59:20.000Z","0054S000000Ms6RQAS","","","","a2G4S0000006UORUA2","false","false","false","false","false","60.0","slide","true","false","false","false","","false","","a2I4S000000CeBQUA0","MappedSObjectHierarchyScreenResource","","42571178808415310","LLC_BI__Loan__c","","","","","","","false","false",""
"a2F4S0000008dTTUAY","","Approval History Narrative","2020-06-02T17:59:20.000Z","0054S000000Ms6RQAS","2020-06-02T17:59:20.000Z","0054S000000Ms6RQAS","","","","a2G4S0000006UORUA2","false","false","false","false","false","41.0","slide","true","false","true","false","","false","","","SObjectScreenResource","a2J4S0000008RACUA2","42406051404513686","LLC_BI__Loan__c","","","","","","","false","false",""
"a2F4S0000008dTUUAY","","Loan Summary Narrative","2020-06-02T17:59:20.000Z","0054S000000Ms6RQAS","2020-06-02T17:59:20.000Z","0054S000000Ms6RQAS","","","","a2G4S0000006UORUA2","false","false","false","false","false","21.0","slide","true","false","true","false","","false","","","SObjectScreenResource","a2J4S0000008RADUA2","42622577960813534","LLC_BI__Loan__c","","","","","","","false","false",""
"a2F4S0000008dMeUAI","","Authorized Signer","2020-06-02T17:59:20.000Z","0054S000000Ms6RQAS","2020-06-02T17:59:20.000Z","0054S000000Ms6RQAS","","","","a2G4S0000006UORUA2","true","false","false","false","false","31.0","slide","true","false","true","false","","false","","a2I4S000000CeBRUA0","MappedSObjectHierarchyScreenResource","","42290520069937894","LLC_BI__Loan__c","","","","","","","false","false",""
"a2F4S0000008dMgUAI","","Borrower Structure","2020-06-02T17:59:20.000Z","0054S000000Ms6RQAS","2020-06-02T17:59:20.000Z","0054S000000Ms6RQAS","","","","a2G4S0000006UORUA2","false","false","false","false","false","30.0","slide","true","false","false","false","","false","","a2I4S000000CeBSUA0","MappedSObjectHierarchyScreenResource","","42585382058255782","LLC_BI__Loan__c","","","","","","","false","false",""
"a2F4S0000008dMdUAI","","Loan Summary","2020-06-02T17:59:20.000Z","0054S000000Ms6RQAS","2020-06-02T17:59:20.000Z","0054S000000Ms6RQAS","","","","a2G4S0000006UORUA2","false","false","false","false","false","20.0","slide","true","true","false","false","","false","","a2I4S000000CeBTUA0","MappedSObjectScreenResource","","42450963109642604","LLC_BI__Loan__c","","","","","","","false","false",""
"a2F4S0000008dTVUAY","","Borrower Structure Narrative","2020-06-02T17:59:20.000Z","0054S000000Ms6RQAS","2020-06-02T17:59:20.000Z","0054S000000Ms6RQAS","","","","a2G4S0000006UORUA2","false","false","false","false","false","32.0","slide","true","false","true","false","","false","","","SObjectScreenResource","a2J4S0000008RAEUA2","42347861485751411","LLC_BI__Loan__c","","","","","","","false","false",""
"a2F4S0000008dMjUAI","","Collateral Summary","2020-06-02T17:59:20.000Z","0054S000000Ms6RQAS","2020-06-02T17:59:20.000Z","0054S000000Ms6RQAS","","","","a2G4S0000006UORUA2","false","false","false","false","false","70.0","slide","true","true","false","false","","false","","a2I4S000000CeBUUA0","MappedSObjectHierarchyScreenResource","","42068890530930679","LLC_BI__Loan__c","","","","","","","false","false",""
"a2F4S0000008dTWUAY","","Collateral Narrative","2020-06-02T17:59:20.000Z","0054S000000Ms6RQAS","2020-06-02T17:59:20.000Z","0054S000000Ms6RQAS","","","","a2G4S0000006UORUA2","false","false","false","false","false","71.0","slide","true","false","true","false","","true","","","SObjectScreenResource","a2J4S0000008RAFUA2","42862572288427692","LLC_BI__Loan__c","","","","","","","false","false",""
"a2F4S0000008dMqUAI","","Participations","2020-06-02T17:59:20.000Z","0054S000000Ms6RQAS","2020-06-02T17:59:20.000Z","0054S000000Ms6RQAS","","","","a2G4S0000006UORUA2","false","false","false","false","false","120.0","slide","true","true","false","false","","false","","a2I4S000000CeBVUA0","MappedSObjectHierarchyScreenResource","","42662963054450395","LLC_BI__Loan__c","","","","","","","false","false",""
"a2F4S0000008dTXUAY","","Policy Exception Narrative","2020-06-02T17:59:20.000Z","0054S000000Ms6RQAS","2020-06-02T17:59:20.000Z","0054S000000Ms6RQAS","","","","a2G4S0000006UORUA2","false","false","false","false","false","51.0","slide","true","true","true","false","","true","","","SObjectScreenResource","a2J4S0000008RAGUA2","42963696450435070","LLC_BI__Loan__c","","","","","","","false","false",""
"a2F4S0000008dMlUAI","","Covenants Summary","2020-06-02T17:59:20.000Z","0054S000000Ms6RQAS","2020-06-02T17:59:20.000Z","0054S000000Ms6RQAS","","","","a2G4S0000006UORUA2","false","false","false","false","false","80.0","slide","true","true","false","false","","false","","a2I4S000000CeBWUA0","MappedSObjectHierarchyScreenResource","","42801539245099861","LLC_BI__Loan__c","","","","","","","false","false",""
"a2F4S0000008dMoUAI","","Third Party Reports","2020-06-02T17:59:20.000Z","0054S000000Ms6RQAS","2020-06-02T17:59:20.000Z","0054S000000Ms6RQAS","","","","a2G4S0000006UORUA2","false","false","false","false","false","100.0","slide","true","true","false","false","","false","","a2I4S000000CeBXUA0","MappedSObjectHierarchyScreenResource","","42901712692693758","LLC_BI__Loan__c","","","","","","","false","false",""
"a2F4S0000008dTYUAY","","Lender Recommendation","2020-06-02T17:59:20.000Z","0054S000000Ms6RQAS","2020-06-02T17:59:20.000Z","0054S000000Ms6RQAS","","","","a2G4S0000006UORUA2","false","false","false","false","false","160.0","slide","true","true","false","false","","true","","","SObjectScreenResource","a2J4S0000008RAHUA2","42466103377331168","LLC_BI__Loan__c","","","","","","","false","false",""
"a2F4S0000008dTZUAY","","Fee Narrative","2020-06-02T17:59:20.000Z","0054S000000Ms6RQAS","2020-06-02T17:59:20.000Z","0054S000000Ms6RQAS","","","","a2G4S0000006UORUA2","false","false","false","false","false","111.0","slide","true","true","true","false","","true","","","SObjectScreenResource","a2J4S0000008RAIUA2","42528864779559367","LLC_BI__Loan__c","","","","","","","false","false",""
"a2F4S0000008dTaUAI","","Covenant Narrative","2020-06-02T17:59:20.000Z","0054S000000Ms6RQAS","2020-06-02T17:59:20.000Z","0054S000000Ms6RQAS","","","","a2G4S0000006UORUA2","false","false","false","false","false","81.0","slide","true","true","true","false","","true","","","SObjectScreenResource","a2J4S0000008RAJUA2","42949628924363009","LLC_BI__Loan__c","","","","","","","false","false",""
"a2F4S0000008dTbUAI","","Participation Narrative","2020-06-02T17:59:20.000Z","0054S000000Ms6RQAS","2020-06-02T17:59:20.000Z","0054S000000Ms6RQAS","","","","a2G4S0000006UORUA2","false","false","false","false","false","121.0","slide","true","false","true","false","","true","","","SObjectScreenResource","a2J4S0000008RAKUA2","42871129750215072","LLC_BI__Loan__c","","","","","","","false","false",""
"a2F4S0000008dMmUAI","","Loan Team","2020-06-02T17:59:20.000Z","0054S000000Ms6RQAS","2020-06-02T17:59:20.000Z","0054S000000Ms6RQAS","","","","a2G4S0000006UORUA2","false","false","false","false","false","90.0","slide","true","true","false","false","","false","","a2I4S000000CeBYUA0","MappedSObjectHierarchyScreenResource","","42873865375665255","LLC_BI__Loan__c","","","","","","","false","false",""
"a2F4S0000008dTcUAI","","Financial Analysis","2020-06-02T17:59:20.000Z","0054S000000Ms6RQAS","2020-06-02T17:59:20.000Z","0054S000000Ms6RQAS","","","","a2G4S0000006UORUA2","false","false","false","false","false","150.0","slide","true","true","false","false","","true","","","SObjectScreenResource","a2J4S0000008RALUA2","42688212505905586","LLC_BI__Loan__c","","","","","","","false","false",""
"a2F4S0000008dTdUAI","","Background Analysis","2020-06-02T17:59:20.000Z","0054S000000Ms6RQAS","2020-06-02T17:59:20.000Z","0054S000000Ms6RQAS","","","","a2G4S0000006UORUA2","false","false","false","false","false","130.0","slide","true","true","false","false","","true","","","SObjectScreenResource","a2J4S0000008RAMUA2","42382707949583583","LLC_BI__Loan__c","","","","","","","false","false",""
"a2F4S0000008dTeUAI","","Loan Team Narrative","2020-06-02T17:59:20.000Z","0054S000000Ms6RQAS","2020-06-02T17:59:20.000Z","0054S000000Ms6RQAS","","","","a2G4S0000006UORUA2","false","false","false","false","false","91.0","slide","true","false","true","false","","false","","","SObjectScreenResource","a2J4S0000008RANUA2","42924838198734953","LLC_BI__Loan__c","","","","","","","false","false",""
"a2F4S0000008dMnUAI","","Fees","2020-06-02T17:59:20.000Z","0054S000000Ms6RQAS","2020-06-02T17:59:20.000Z","0054S000000Ms6RQAS","","","","a2G4S0000006UORUA2","false","false","false","false","false","110.0","slide","true","true","false","false","","false","","a2I4S000000CeBZUA0","MappedSObjectHierarchyScreenResource","","42113591176056934","LLC_BI__Loan__c","","","","","","","false","false",""
"a2F4S0000008dTfUAI","","Third Party Report Narrative","2020-06-02T17:59:20.000Z","0054S000000Ms6RQAS","2020-06-02T17:59:20.000Z","0054S000000Ms6RQAS","","","","a2G4S0000006UORUA2","false","false","false","false","false","101.0","slide","true","false","true","false","","true","","","SObjectScreenResource","a2J4S0000008RAOUA2","42919730702895942","LLC_BI__Loan__c","","","","","","","false","false",""
"a2F4S0000008dMhUAI","","Relationship Summary","2020-06-02T17:59:20.000Z","0054S000000Ms6RQAS","2020-06-02T17:59:20.000Z","0054S000000Ms6RQAS","","","","a2G4S0000006UORUA2","false","false","false","false","false","10.0","slide","true","false","false","false","","false","","a2I4S000000CeBaUAK","MappedSObjectHierarchyScreenResource","","42352046103493302","LLC_BI__Loan__c","","","","","","","false","false",""
"a2F4S0000008dTgUAI","","Relationship Summary Narrative","2020-06-02T17:59:20.000Z","0054S000000Ms6RQAS","2020-06-02T17:59:20.000Z","0054S000000Ms6RQAS","","","","a2G4S0000006UORUA2","false","false","false","false","false","11.0","slide","true","false","true","false","","false","","","SObjectScreenResource","a2J4S0000008RAPUA2","42714575820685695","LLC_BI__Loan__c","","","","","","","false","false",""
"a2F4S0000008dMiUAI","","Policy Exceptions","2020-06-02T17:59:20.000Z","0054S000000Ms6RQAS","2020-06-02T17:59:20.000Z","0054S000000Ms6RQAS","","","","a2G4S0000006UORUA2","false","false","false","false","false","50.0","slide","true","false","false","false","","false","","a2I4S000000CeBbUAK","MappedSObjectHierarchyScreenResource","","42102589914878990","LLC_BI__Loan__c","","","","","","","false","false",""
"a2F4S0000008dThUAI","","UI Collateral Record Schedule","2020-06-02T17:59:20.000Z","0054S000000Ms6RQAS","2020-06-02T17:59:20.000Z","0054S000000Ms6RQAS","","","","a2G4S0000006UQ6UAM","false","false","false","false","false","","slide","true","false","false","false","","true","","","MappedSObjectScreenResource","","95831563816286644","LLC_BI__Loan_Collateral2__c","","","","","","","false","false",""
"a2F4S0000008dTiUAI","","UI Related Pledged Collateral Schedule","2020-06-02T17:59:20.000Z","0054S000000Ms6RQAS","2020-06-02T17:59:20.000Z","0054S000000Ms6RQAS","","","","a2G4S0000006UQ6UAM","false","false","false","false","false","","slide","true","false","false","false","","true","","","MappedSObjectScreenResource","","18431563816286645","LLC_BI__Loan_Collateral2__c","","","","","","","false","false",""
"a2F4S0000008dTjUAI","","Collateral Valuation","2020-06-02T17:59:20.000Z","0054S000000Ms6RQAS","2020-06-02T17:59:20.000Z","0054S000000Ms6RQAS","","","","a2G4S0000006USVUA2","false","false","false","false","false","10.0","slide","true","false","false","false","","false","","a2I4S000000CeBcUAK","MappedSObjectScreenResource","","a2F4S0000008dTjUAI","LLC_BI__Collateral__c","","","","","2.0","","false","false",""
"a2F4S0000008dTkUAI","","Approval Information","2020-06-02T17:59:20.000Z","0054S000000Ms6RQAS","2020-06-02T17:59:20.000Z","0054S000000Ms6RQAS","","","","a2G4S0000006US3UAM","false","false","false","true","false","30.0","slide","true","false","false","false","","true","","a2I4S000000CeBdUAK","MappedSObjectScreenResource","","63563624523452345","LLC_BI__Product_Package__c","","","","","","","false","false",""
"a2F4S0000008dTlUAI","","Authorized Users","2020-06-02T17:59:20.000Z","0054S000000Ms6RQAS","2020-06-02T17:59:20.000Z","0054S000000Ms6RQAS","","","","a2G4S0000006UOxUAM","false","false","false","false","false","","slide","true","false","false","false","","false","","","MappedSObjectHierarchyScreenResource","","42672781846789523","LLC_BI__Treasury_Service__c","","","","","2.0","","false","false",""
"a2F4S0000008dTmUAI","","Analyzed Accounts","2020-06-02T17:59:20.000Z","0054S000000Ms6RQAS","2020-06-02T17:59:20.000Z","0054S000000Ms6RQAS","","","","a2G4S0000006UOxUAM","false","false","false","false","false","","slide","true","false","false","false","","false","","","MappedSObjectHierarchyScreenResource","","42277429513218247","LLC_BI__Treasury_Service__c","","","","","2.0","","false","false",""
"a2F4S0000008dTnUAI","","Treasury Service Details","2020-06-02T17:59:20.000Z","0054S000000Ms6RQAS","2020-06-02T17:59:20.000Z","0054S000000Ms6RQAS","","","","a2G4S0000006UQ9UAM","false","false","true","true","false","1.0","slide","true","false","false","false","","true","","","MappedSObjectScreenResource","","91051567002571888","LLC_BI__Treasury_Service__c","","","","","","","false","false",""
"a2F4S0000008dToUAI","","Product Summary","2020-06-02T17:59:20.000Z","0054S000000Ms6RQAS","2020-06-02T17:59:20.000Z","0054S000000Ms6RQAS","","","","a2G4S0000006UQ8UAM","false","false","false","false","false","","slide","true","false","false","false","","false","","a2I4S000000CeBeUAK","MappedSObjectHierarchyScreenResource","","80741567002571889","LLC_BI__Treasury_Service__c","","","","","","","false","false",""
"a2F4S0000008dTpUAI","","UI Configuration Builder","2020-06-02T17:59:20.000Z","0054S000000SW2aQAG","2020-06-02T17:59:20.000Z","0054S000000SW2aQAG","","","","a2G4S0000006UP0UAM","false","false","false","true","false","100.0","slide","true","false","false","false","","true","","","MappedSObjectScreenResource","","42469607398342152","nFORCE__Group__c","","","","","","","false","false",""
"a2F4S0000008dTqUAI","","Collateral Valuation","2020-06-02T17:59:20.000Z","0054S000000SW21QAG","2020-06-02T17:59:20.000Z","0054S000000SW21QAG","","","","a2G4S0000006UOsUAM","false","false","false","false","false","","slide","true","false","false","false","","true","","","MappedSObjectScreenResource","","42967747533345043","LLC_BI__Collateral__c","","","","","","","false","false",""
"a2F4S0000008dTrUAI","","Collateral Search Results","2020-06-02T17:59:20.000Z","0054S000000SW21QAG","2020-06-02T17:59:20.000Z","0054S000000SW21QAG","","","","a2G4S0000006UOsUAM","false","false","false","false","false","","slide","true","false","false","false","","true","","","MappedSObjectScreenResource","","42050289151740779","LLC_BI__Collateral__c","","","","","","","false","false",""
"a2F4S0000008dTsUAI","","Bulk Pledge Details","2020-06-02T17:59:20.000Z","0054S000000SW21QAG","2020-06-02T17:59:20.000Z","0054S000000SW21QAG","","","","a2G4S0000006UOsUAM","false","false","false","false","false","","slide","true","false","false","false","","true","","","CustomSObjectListScreenResource","","42025930690024950","LLC_BI__Loan_Collateral2__c","","","","","","","false","false",""
"a2F4S0000008dTtUAI","","Budget Summary","2020-06-02T17:59:20.000Z","0054S000000SW21QAG","2020-06-02T17:59:20.000Z","0054S000000SW21QAG","","","","a2G4S0000006US8UAM","false","false","true","true","false","1.0","slide","true","false","false","false","","true","","","MappedSObjectScreenResource","","42826999317847749","LLC_BI__Budget__c","","","","","","","false","false",""
"a2F4S0000008dTuUAI","","Draw Overview Summary","2020-06-02T17:59:20.000Z","0054S000000SW21QAG","2020-06-02T17:59:20.000Z","0054S000000SW21QAG","","","","a2G4S0000006US9UAM","false","false","true","true","false","1.0","slide","true","false","false","false","","true","","","MappedSObjectScreenResource","","42320508793283918","LLC_BI__Budget__c","","","","","","","false","false",""
"a2F4S0000008dTvUAI","","Draw History Summary","2020-06-02T17:59:20.000Z","0054S000000SW21QAG","2020-06-02T17:59:20.000Z","0054S000000SW21QAG","","","","a2G4S0000006USAUA2","false","false","true","true","false","1.0","slide","true","false","false","false","","true","","","MappedSObjectScreenResource","","42712323861170381","LLC_BI__Budget__c","","","","","","","false","false",""
"a2F4S0000008dTwUAI","","Entity Involvement New Individual","2020-06-02T17:59:20.000Z","0054S000000SW21QAG","2020-06-02T17:59:20.000Z","0054S000000SW21QAG","","","","a2G4S0000006USWUA2","false","false","true","true","false","1.0","slide","true","false","false","false","","true","","","MappedSObjectScreenResource","","42559838663230680","Contact","","","","","","","false","false",""
"a2F4S0000008dTxUAI","","Entity Involvement New Business","2020-06-02T17:59:20.000Z","0054S000000SW21QAG","2020-06-02T17:59:20.000Z","0054S000000SW21QAG","","","","a2G4S0000006USWUA2","false","false","true","true","false","1.0","slide","true","false","false","false","","true","","","MappedSObjectScreenResource","","42211865764374887","Account","","","","","","","false","false",""
"a2F4S0000008dTyUAI","","Product Package Entity","2020-06-02T17:59:20.000Z","0054S000000SW21QAG","2020-06-02T17:59:20.000Z","0054S000000SW21QAG","","","","a2G4S0000006USXUA2","false","false","true","true","false","1.0","slide","true","false","false","false","","true","","","MappedSObjectScreenResource","","42896252355096222","LLC_BI__Legal_Entities__c","","","","","","","false","false",""
"a2F4S0000008dTzUAI","","Credit Actions New Package Details","2020-06-02T17:59:20.000Z","0054S000000SW21QAG","2020-06-02T17:59:20.000Z","0054S000000SW21QAG","","","","a2G4S0000006USYUA2","false","false","true","true","false","10.0","slide","true","false","false","false","","true","","","ConfiguredSObjectScreenResource","","42394320873247252","Credit Actions New Package Details","","","","","","","false","false",""
"a2F4S0000008dU0UAI","","Default Loan Facility Creation Fields","2020-06-02T17:59:20.000Z","0054S000000SW21QAG","2020-06-02T17:59:20.000Z","0054S000000SW21QAG","","","","a2G4S0000006USZUA2","false","false","true","true","false","1.0","slide","true","false","false","false","","true","","","MappedSObjectScreenResource","","42776459977520560","LLC_BI__Loan__c","","","","","","","false","false",""
"a2F4S0000008dU1UAI","","Project Roll-Up","2020-06-02T17:59:20.000Z","0054S000000Ms6RQAS","2020-06-02T17:59:20.000Z","0054S000000Ms6RQAS","","","","a2G4S0000006UOXUA2","false","false","false","true","false","250.0","slide","true","false","false","false","","false","","","MappedSObjectHierarchyScreenResource","a2J4S0000008RAQUA2","42117116873695290","LLC_BI__Loan__c","","","","","","","false","false",""
"a2F4S0000008dU2UAI","","Secured SBL Eligibility Loan","2020-06-02T17:59:20.000Z","0054S000000Ms6RQAS","2020-06-02T17:59:20.000Z","0054S000000Ms6RQAS","","","","a2G4S0000006UPyUAM","false","false","false","false","false","0.0","slide","true","false","false","false","","true","","","MappedSObjectListScreenResource","","42469970336568324","LLC_BI__Loan__c","","","","","","","false","false",""
"a2F4S0000008dU3UAI","","Secured SBL Eligibility Business","2020-06-02T17:59:20.000Z","0054S000000Ms6RQAS","2020-06-02T17:59:20.000Z","0054S000000Ms6RQAS","","","","a2G4S0000006UPzUAM","false","false","false","false","false","0.0","slide","true","false","false","false","","true","","","MappedSObjectListScreenResource","","42730317530165989","Account","","","","","","","false","false",""
"a2F4S0000008dU4UAI","","Secured SBL Business Info","2020-06-02T17:59:20.000Z","0054S000000Ms6RQAS","2020-06-02T17:59:20.000Z","0054S000000Ms6RQAS","","","","a2G4S0000006UPzUAM","false","false","false","false","false","1.0","slide","true","false","false","false","","true","","","MappedSObjectListScreenResource","","42300499710829673","Account","","","","","","","false","false",""
"a2F4S0000008dNfUAI","","Product Package Details","2020-06-02T17:59:20.000Z","0054S000000Ms6RQAS","2020-06-02T17:59:20.000Z","0054S000000Ms6RQAS","","","","a2G4S0000006UOZUA2","false","false","false","false","false","20.0","slide","true","true","false","false","","false","","a2I4S000000CeE4UAK","MappedSObjectScreenResource","","a024S000000fWEwQAM","LLC_BI__Product_Package__c","","","","","","","false","false",""
"a2F4S0000008dU5UAI","","Secured SBL Business Location","2020-06-02T17:59:20.000Z","0054S000000Ms6RQAS","2020-06-02T17:59:20.000Z","0054S000000Ms6RQAS","","","","a2G4S0000006UPzUAM","false","false","false","false","false","2.0","slide","true","false","false","false","","true","","","MappedSObjectListScreenResource","","42070904951702385","Account","Where is your business located?","","","","","","false","false",""
"a2F4S0000008dU6UAI","","SBL Personal Role","2020-06-02T17:59:20.000Z","0054S000000Ms6RQAS","2020-06-02T17:59:20.000Z","0054S000000Ms6RQAS","","","","a2G4S0000006UQ0UAM","false","false","false","false","false","0.0","slide","true","false","false","false","","true","","","MappedSObjectListScreenResource","","42090111542718195","LLC_BI__Connection__c","","","","","","","false","false",""
"a2F4S0000008dU7UAI","","SBL Personal SSN","2020-06-02T17:59:20.000Z","0054S000000Ms6RQAS","2020-06-02T17:59:20.000Z","0054S000000Ms6RQAS","","","","a2G4S0000006UQ0UAM","false","false","false","false","false","1.0","slide","true","false","false","false","","true","","","MappedSObjectListScreenResource","","42926577454195418","Contact","","","","","","","false","false",""
"a2F4S0000008dU8UAI","","SBL Personal Contact","2020-06-02T17:59:20.000Z","0054S000000Ms6RQAS","2020-06-02T17:59:20.000Z","0054S000000Ms6RQAS","","","","a2G4S0000006UQ0UAM","false","false","false","false","false","2.0","slide","true","false","false","false","","true","","","MappedSObjectListScreenResource","","42322291866630153","Contact","Contact Information","","","","","","false","false",""
"a2F4S0000008dU9UAI","","Secured SBL Personal SSN (Individual Other Involved)","2020-06-02T17:59:20.000Z","0054S000000Ms6RQAS","2020-06-02T17:59:20.000Z","0054S000000Ms6RQAS","","","","a2G4S0000006UQ1UAM","false","false","false","false","false","0.0","slide","true","false","false","false","","true","","","MappedSObjectListScreenResource","","42469394350924473","Contact","","","","","","","false","false",""
"a2F4S0000008dUAUAY","","Secured SBL Personal Contact (Individual Other Involved)","2020-06-02T17:59:20.000Z","0054S000000Ms6RQAS","2020-06-02T17:59:20.000Z","0054S000000Ms6RQAS","","","","a2G4S0000006UQ1UAM","false","false","false","false","false","1.0","slide","true","false","false","false","","true","","","MappedSObjectListScreenResource","","42072403551284248","Contact","Contact Information","","","","","","false","false",""
"a2F4S0000008dUBUAY","","SBL Eligibility Loan","2020-06-02T17:59:20.000Z","0054S000000Ms6RQAS","2020-06-02T17:59:20.000Z","0054S000000Ms6RQAS","","","","a2G4S0000006UQ2UAM","false","false","false","false","false","0.0","slide","true","false","false","false","","true","","","MappedSObjectListScreenResource","","42859493244126397","LLC_BI__Loan__c","","","","","","","false","false",""
"a2F4S0000008dUCUAY","","SBL Eligibility Business","2020-06-02T17:59:20.000Z","0054S000000Ms6RQAS","2020-06-02T17:59:20.000Z","0054S000000Ms6RQAS","","","","a2G4S0000006UQ3UAM","false","false","false","false","false","0.0","slide","true","false","false","false","","true","","","MappedSObjectListScreenResource","","42434058467969263","Account","","","","","","","false","false",""
"a2F4S0000008dUDUAY","","SBL Business Info","2020-06-02T17:59:20.000Z","0054S000000Ms6RQAS","2020-06-02T17:59:20.000Z","0054S000000Ms6RQAS","","","","a2G4S0000006UQ3UAM","false","false","false","false","false","1.0","slide","true","false","false","false","","true","","","MappedSObjectListScreenResource","","42110087725678596","Account","","","","","","","false","false",""
"a2F4S0000008dUEUAY","","SBL Business Location","2020-06-02T17:59:20.000Z","0054S000000Ms6RQAS","2020-06-02T17:59:20.000Z","0054S000000Ms6RQAS","","","","a2G4S0000006UQ3UAM","false","false","false","false","false","2.0","slide","true","false","false","false","","true","","","MappedSObjectListScreenResource","","42423464880672551","Account","Where is your business located?","","","","","","false","false",""
"a2F4S0000008dUFUAY","","SBL Personal SSN (Individual Other Involved)","2020-06-02T17:59:20.000Z","0054S000000Ms6RQAS","2020-06-02T17:59:20.000Z","0054S000000Ms6RQAS","","","","a2G4S0000006UQ4UAM","false","false","false","false","false","0.0","slide","true","false","false","false","","true","","","MappedSObjectListScreenResource","","42230856585823188","Contact","","","","","","","false","false",""
"a2F4S0000008dUGUAY","","SBL Personal Contact (Individual Other Involved)","2020-06-02T17:59:20.000Z","0054S000000Ms6RQAS","2020-06-02T17:59:20.000Z","0054S000000Ms6RQAS","","","","a2G4S0000006UQ4UAM","false","false","false","false","false","1.0","slide","true","false","false","false","","true","","","MappedSObjectListScreenResource","","42429527428073210","Contact","Contact Information","","","","","","false","false",""
"a2F4S0000008dUHUAY","","Pricing Fields Required","2020-06-02T17:59:20.000Z","0054S000000Ms6RQAS","2020-06-02T17:59:20.000Z","0054S000000Ms6RQAS","","","","a2G4S0000006UQ5UAM","false","false","true","true","false","1.0","slide","true","false","false","false","","true","","a2I4S000000CeBfUAK","MappedSObjectScreenResource","","pricingfieldsrequiredscreensection","LLC_BI__Loan__c","","","","","","","false","false",""
"a2F4S0000008dUIUAY","","Pricing Fields Read Only","2020-06-02T17:59:20.000Z","0054S000000Ms6RQAS","2020-06-02T17:59:20.000Z","0054S000000Ms6RQAS","","","","a2G4S0000006URsUAM","false","false","false","false","false","20.0","slide","true","false","false","false","","false","","a2I4S000000CeBgUAK","MappedSObjectScreenResource","","pricingfieldsreadonlyscreensection","LLC_BI__Loan__c","","","","","","","false","false",""
"a2F4S0000008dUJUAY","","Spreads Appendix","2020-06-02T17:59:20.000Z","0054S000000Ms6RQAS","2020-06-02T17:59:20.000Z","0054S000000Ms6RQAS","","","","a2G4S0000006UOSUA2","false","false","false","false","false","170.0","slide","true","false","false","false","","false","","a2I4S000000CeBhUAK","MappedSObjectHierarchyScreenResource","a2J4S0000008RARUA2","42615061915271954","LLC_BI__Loan__c","","","","","","","false","false",""
"a2F4S0000008dUKUAY","","Approval History","2020-06-02T17:59:20.000Z","0054S000000Ms6RQAS","2020-06-02T17:59:20.000Z","0054S000000Ms6RQAS","","","","a2G4S0000006UOSUA2","false","false","false","false","false","40.0","slide","true","false","false","false","","false","","","SObjectScreenResource","a2J4S0000008RASUA2","42564799349971194","LLC_BI__Loan__c","","","","","","","false","false",""
"a2F4S0000008dULUAY","","Related Exposure","2020-06-02T17:59:20.000Z","0054S000000Ms6RQAS","2020-06-02T17:59:20.000Z","0054S000000Ms6RQAS","","","","a2G4S0000006UOSUA2","false","false","false","false","false","60.0","slide","true","false","false","false","","false","","a2I4S000000CeBiUAK","MappedSObjectHierarchyScreenResource","","42759748086798088","LLC_BI__Loan__c","","","","","","","false","false",""
"a2F4S0000008dUMUAY","","Approval History Narrative","2020-06-02T17:59:20.000Z","0054S000000Ms6RQAS","2020-06-02T17:59:20.000Z","0054S000000Ms6RQAS","","","","a2G4S0000006UOSUA2","false","false","false","false","false","41.0","slide","true","false","true","false","","false","","","SObjectScreenResource","a2J4S0000008RATUA2","42306639078425718","LLC_BI__Loan__c","","","","","","","false","false",""
"a2F4S0000008dUNUAY","","Loan Summary Narrative","2020-06-02T17:59:20.000Z","0054S000000Ms6RQAS","2020-06-02T17:59:20.000Z","0054S000000Ms6RQAS","","","","a2G4S0000006UOSUA2","false","false","false","false","false","21.0","slide","true","false","true","false","","false","","","SObjectScreenResource","a2J4S0000008RAUUA2","42682289484192468","LLC_BI__Loan__c","","","","","","","false","false",""
"a2F4S0000008dUOUAY","","Authorized Signer","2020-06-02T17:59:20.000Z","0054S000000Ms6RQAS","2020-06-02T17:59:20.000Z","0054S000000Ms6RQAS","","","","a2G4S0000006UOSUA2","false","false","false","false","false","31.0","slide","true","false","true","false","","false","","a2I4S000000CeBjUAK","MappedSObjectHierarchyScreenResource","","42352022122377260","LLC_BI__Loan__c","","","","","","","false","false",""
"a2F4S0000008dUPUAY","","Borrower Structure","2020-06-02T17:59:20.000Z","0054S000000Ms6RQAS","2020-06-02T17:59:20.000Z","0054S000000Ms6RQAS","","","","a2G4S0000006UOSUA2","false","false","false","false","false","30.0","slide","true","false","false","false","","false","","a2I4S000000CeBkUAK","MappedSObjectHierarchyScreenResource","","42259477858577677","LLC_BI__Loan__c","","","","","","","false","false",""
"a2F4S0000008dUQUAY","","Loan Summary","2020-06-02T17:59:20.000Z","0054S000000Ms6RQAS","2020-06-02T17:59:20.000Z","0054S000000Ms6RQAS","","","","a2G4S0000006UOSUA2","false","false","false","false","false","20.0","slide","true","true","false","false","","false","","a2I4S000000CeBlUAK","MappedSObjectScreenResource","","42388446795388796","LLC_BI__Loan__c","","","","","","","false","false",""
"a2F4S0000008dURUAY","","Borrower Structure Narrative","2020-06-02T17:59:20.000Z","0054S000000Ms6RQAS","2020-06-02T17:59:20.000Z","0054S000000Ms6RQAS","","","","a2G4S0000006UOSUA2","false","false","false","false","false","32.0","slide","true","false","true","false","","false","","","SObjectScreenResource","a2J4S0000008RAVUA2","42010685930788310","LLC_BI__Loan__c","","","","","","","false","false",""
"a2F4S0000008dUSUAY","","Collateral Summary","2020-06-02T17:59:20.000Z","0054S000000Ms6RQAS","2020-06-02T17:59:20.000Z","0054S000000Ms6RQAS","","","","a2G4S0000006UOSUA2","false","false","false","false","false","70.0","slide","true","true","false","false","","false","","a2I4S000000CeBmUAK","MappedSObjectHierarchyScreenResource","","42674892155196169","LLC_BI__Loan__c","","","","","","","false","false",""
"a2F4S0000008dUTUAY","","Collateral Narrative","2020-06-02T17:59:20.000Z","0054S000000Ms6RQAS","2020-06-02T17:59:20.000Z","0054S000000Ms6RQAS","","","","a2G4S0000006UOSUA2","false","false","false","false","false","71.0","slide","true","false","true","false","","true","","","SObjectScreenResource","a2J4S0000008RAWUA2","42907859736408667","LLC_BI__Loan__c","","","","","","","false","false",""
"a2F4S0000008dUUUAY","","Participations","2020-06-02T17:59:20.000Z","0054S000000Ms6RQAS","2020-06-02T17:59:20.000Z","0054S000000Ms6RQAS","","","","a2G4S0000006UOSUA2","false","false","false","false","false","120.0","slide","true","true","false","false","","false","","a2I4S000000CeBnUAK","MappedSObjectHierarchyScreenResource","","42092924412155766","LLC_BI__Loan__c","","","","","","","false","false",""
"a2F4S0000008dUVUAY","","Policy Exception Narrative","2020-06-02T17:59:20.000Z","0054S000000Ms6RQAS","2020-06-02T17:59:20.000Z","0054S000000Ms6RQAS","","","","a2G4S0000006UOSUA2","false","false","false","false","false","51.0","slide","true","true","true","false","","true","","","SObjectScreenResource","a2J4S0000008RAXUA2","42237500435993541","LLC_BI__Loan__c","","","","","","","false","false",""
"a2F4S0000008dUWUAY","","Covenants Summary","2020-06-02T17:59:20.000Z","0054S000000Ms6RQAS","2020-06-02T17:59:20.000Z","0054S000000Ms6RQAS","","","","a2G4S0000006UOSUA2","false","false","false","false","false","80.0","slide","true","true","false","false","","false","","a2I4S000000CeBoUAK","MappedSObjectHierarchyScreenResource","","42993680541853632","LLC_BI__Loan__c","","","","","","","false","false",""
"a2F4S0000008dUXUAY","","Third Party Reports","2020-06-02T17:59:20.000Z","0054S000000Ms6RQAS","2020-06-02T17:59:20.000Z","0054S000000Ms6RQAS","","","","a2G4S0000006UOSUA2","false","false","false","false","false","100.0","slide","true","true","false","false","","false","","a2I4S000000CeBpUAK","MappedSObjectHierarchyScreenResource","","42912517065128565","LLC_BI__Loan__c","","","","","","","false","false",""
"a2F4S0000008dUYUAY","","Lender Recommendation","2020-06-02T17:59:20.000Z","0054S000000Ms6RQAS","2020-06-02T17:59:20.000Z","0054S000000Ms6RQAS","","","","a2G4S0000006UOSUA2","false","false","false","false","false","160.0","slide","true","true","false","false","","true","","","SObjectScreenResource","a2J4S0000008RAYUA2","42957849246349727","LLC_BI__Loan__c","","","","","","","false","false",""
"a2F4S0000008dUZUAY","","Fee Narrative","2020-06-02T17:59:20.000Z","0054S000000Ms6RQAS","2020-06-02T17:59:20.000Z","0054S000000Ms6RQAS","","","","a2G4S0000006UOSUA2","false","false","false","false","false","111.0","slide","true","true","true","false","","true","","","SObjectScreenResource","a2J4S0000008RAZUA2","42513120004979532","LLC_BI__Loan__c","","","","","","","false","false",""
"a2F4S0000008dNdUAI","","Related Exposure","2020-06-02T17:59:20.000Z","0054S000000Ms6RQAS","2020-06-02T17:59:20.000Z","0054S000000Ms6RQAS","","","","a2G4S0000006UOdUAM","false","false","false","false","false","40.0","slide","true","false","false","false","","false","","a2I4S000000CeE7UAK","MappedSObjectHierarchyScreenResource","","42738832193056694","LLC_BI__Product_Package__c","","","","","","","false","false",""
"a2F4S0000008dNcUAI","","Related Exposure Deposits","2020-06-02T17:59:20.000Z","0054S000000Ms6RQAS","2020-06-02T17:59:20.000Z","0054S000000Ms6RQAS","","","","a2G4S0000006UOdUAM","false","false","false","false","false","41.0","slide","true","false","true","false","","false","","a2I4S000000CeE8UAK","MappedSObjectHierarchyScreenResource","","42924532708562569","LLC_BI__Product_Package__c","","","","","","","false","false",""
"a2F4S0000008dNeUAI","","Loan Details","2020-06-02T17:59:20.000Z","0054S000000Ms6RQAS","2020-06-02T17:59:20.000Z","0054S000000Ms6RQAS","","","","a2G4S0000006UOdUAM","false","false","false","false","false","30.0","slide","true","false","false","false","","false","","a2I4S000000CeE9UAK","MappedSObjectHierarchyScreenResource","","42767801938924973","LLC_BI__Product_Package__c","","","","","","","false","false",""
"a2F4S0000008dNbUAI","","Product Package Details","2020-06-02T17:59:20.000Z","0054S000000Ms6RQAS","2020-06-02T17:59:20.000Z","0054S000000Ms6RQAS","","","","a2G4S0000006UOdUAM","false","false","false","false","false","10.0","slide","true","true","false","false","","false","","a2I4S000000CeEAUA0","MappedSObjectScreenResource","","42915374289581533","LLC_BI__Product_Package__c","","","","","","","false","false",""
"a2F4S0000008dUaUAI","","Covenant Narrative","2020-06-02T17:59:20.000Z","0054S000000Ms6RQAS","2020-06-02T17:59:20.000Z","0054S000000Ms6RQAS","","","","a2G4S0000006UOSUA2","false","false","false","false","false","81.0","slide","true","true","true","false","","true","","","SObjectScreenResource","a2J4S0000008RAaUAM","42009683160224252","LLC_BI__Loan__c","","","","","","","false","false",""
"a2F4S0000008dUbUAI","","Participation Narrative","2020-06-02T17:59:20.000Z","0054S000000Ms6RQAS","2020-06-02T17:59:20.000Z","0054S000000Ms6RQAS","","","","a2G4S0000006UOSUA2","false","false","false","false","false","121.0","slide","true","false","true","false","","true","","","SObjectScreenResource","a2J4S0000008RAbUAM","42807399732556208","LLC_BI__Loan__c","","","","","","","false","false",""
"a2F4S0000008dUcUAI","","Loan Team","2020-06-02T17:59:20.000Z","0054S000000Ms6RQAS","2020-06-02T17:59:20.000Z","0054S000000Ms6RQAS","","","","a2G4S0000006UOSUA2","false","false","false","false","false","90.0","slide","true","true","false","false","","false","","a2I4S000000CeBqUAK","MappedSObjectHierarchyScreenResource","","42646078755734267","LLC_BI__Loan__c","","","","","","","false","false",""
"a2F4S0000008dUdUAI","","Financial Analysis","2020-06-02T17:59:20.000Z","0054S000000Ms6RQAS","2020-06-02T17:59:20.000Z","0054S000000Ms6RQAS","","","","a2G4S0000006UOSUA2","false","false","false","false","false","150.0","slide","true","true","false","false","","true","","","SObjectScreenResource","a2J4S0000008RAcUAM","42568274650731663","LLC_BI__Loan__c","","","","","","","false","false",""
"a2F4S0000008dUeUAI","","Background Analysis","2020-06-02T17:59:20.000Z","0054S000000Ms6RQAS","2020-06-02T17:59:20.000Z","0054S000000Ms6RQAS","","","","a2G4S0000006UOSUA2","false","false","false","false","false","130.0","slide","true","true","false","false","","true","","","SObjectScreenResource","a2J4S0000008RAdUAM","42241576984489322","LLC_BI__Loan__c","","","","","","","false","false",""
"a2F4S0000008dUfUAI","","Loan Team Narrative","2020-06-02T17:59:20.000Z","0054S000000Ms6RQAS","2020-06-02T17:59:20.000Z","0054S000000Ms6RQAS","","","","a2G4S0000006UOSUA2","false","false","false","false","false","91.0","slide","true","false","true","false","","false","","","SObjectScreenResource","a2J4S0000008RAeUAM","42493459209884151","LLC_BI__Loan__c","","","","","","","false","false",""
"a2F4S0000008dUgUAI","","Fees","2020-06-02T17:59:20.000Z","0054S000000Ms6RQAS","2020-06-02T17:59:20.000Z","0054S000000Ms6RQAS","","","","a2G4S0000006UOSUA2","false","false","false","false","false","110.0","slide","true","true","false","false","","false","","a2I4S000000CeBrUAK","MappedSObjectHierarchyScreenResource","","42402215928739792","LLC_BI__Loan__c","","","","","","","false","false",""
"a2F4S0000008dUhUAI","","Third Party Report Narrative","2020-06-02T17:59:20.000Z","0054S000000Ms6RQAS","2020-06-02T17:59:20.000Z","0054S000000Ms6RQAS","","","","a2G4S0000006UOSUA2","false","false","false","false","false","101.0","slide","true","false","true","false","","true","","","SObjectScreenResource","a2J4S0000008RAfUAM","42861129304173248","LLC_BI__Loan__c","","","","","","","false","false",""
"a2F4S0000008dUiUAI","","Relationship Summary","2020-06-02T17:59:20.000Z","0054S000000Ms6RQAS","2020-06-02T17:59:20.000Z","0054S000000Ms6RQAS","","","","a2G4S0000006UOSUA2","false","false","false","false","false","10.0","slide","true","false","false","false","","false","","a2I4S000000CeBsUAK","MappedSObjectHierarchyScreenResource","","42580022405036976","LLC_BI__Loan__c","","","","","","","false","false",""
"a2F4S0000008dUjUAI","","Relationship Summary Narrative","2020-06-02T17:59:20.000Z","0054S000000Ms6RQAS","2020-06-02T17:59:20.000Z","0054S000000Ms6RQAS","","","","a2G4S0000006UOSUA2","false","false","false","false","false","11.0","slide","true","false","true","false","","false","","","SObjectScreenResource","a2J4S0000008RAgUAM","42619615671911204","LLC_BI__Loan__c","","","","","","","false","false",""
"a2F4S0000008dUkUAI","","Policy Exceptions","2020-06-02T17:59:20.000Z","0054S000000Ms6RQAS","2020-06-02T17:59:20.000Z","0054S000000Ms6RQAS","","","","a2G4S0000006UOSUA2","false","false","false","false","false","50.0","slide","true","false","false","false","","false","","a2I4S000000CeBtUAK","MappedSObjectHierarchyScreenResource","","42290962574064948","LLC_BI__Loan__c","","","","","","","false","false",""
"a2F4S0000008dMLUAY","","Spreads Appendix","2020-06-02T17:59:20.000Z","0054S000000Ms6RQAS","2020-06-02T17:59:20.000Z","0054S000000Ms6RQAS","","","","a2G4S0000006UOTUA2","false","false","false","false","false","170.0","slide","true","false","false","false","","false","","a2I4S000000CeBuUAK","MappedSObjectHierarchyScreenResource","a2J4S0000008RAhUAM","42174094539340901","LLC_BI__Loan__c","","","","","","","false","false",""
"a2F4S0000008dMMUAY","","Approval History","2020-06-02T17:59:20.000Z","0054S000000Ms6RQAS","2020-06-02T17:59:20.000Z","0054S000000Ms6RQAS","","","","a2G4S0000006UOTUA2","false","false","false","false","false","40.0","slide","true","false","false","false","","false","","","SObjectScreenResource","a2J4S0000008RAiUAM","42960564819142062","LLC_BI__Loan__c","","","","","","","false","false",""
"a2F4S0000008dMQUAY","","Related Exposure","2020-06-02T17:59:20.000Z","0054S000000Ms6RQAS","2020-06-02T17:59:20.000Z","0054S000000Ms6RQAS","","","","a2G4S0000006UOTUA2","false","false","false","false","false","60.0","slide","true","false","false","false","","false","","a2I4S000000CeBvUAK","MappedSObjectHierarchyScreenResource","","42424998141736717","LLC_BI__Loan__c","","","","","","","false","false",""
"a2F4S0000008dUlUAI","","Approval History Narrative","2020-06-02T17:59:20.000Z","0054S000000Ms6RQAS","2020-06-02T17:59:20.000Z","0054S000000Ms6RQAS","","","","a2G4S0000006UOTUA2","false","false","false","false","false","41.0","slide","true","false","true","false","","false","","","SObjectScreenResource","a2J4S0000008RAjUAM","42120687750585662","LLC_BI__Loan__c","","","","","","","false","false",""
"a2F4S0000008dUmUAI","","Loan Summary Narrative","2020-06-02T17:59:20.000Z","0054S000000Ms6RQAS","2020-06-02T17:59:20.000Z","0054S000000Ms6RQAS","","","","a2G4S0000006UOTUA2","false","false","false","false","false","21.0","slide","true","false","true","false","","false","","","SObjectScreenResource","a2J4S0000008RAkUAM","42599323422112621","LLC_BI__Loan__c","","","","","","","false","false",""
"a2F4S0000008dMKUAY","","Authorized Signer","2020-06-02T17:59:20.000Z","0054S000000Ms6RQAS","2020-06-02T17:59:20.000Z","0054S000000Ms6RQAS","","","","a2G4S0000006UOTUA2","false","false","false","false","false","31.0","slide","true","false","true","false","","false","","a2I4S000000CeBwUAK","MappedSObjectHierarchyScreenResource","","42764508893950365","LLC_BI__Loan__c","","","","","","","false","false",""
"a2F4S0000008dMJUAY","","Borrower Structure","2020-06-02T17:59:20.000Z","0054S000000Ms6RQAS","2020-06-02T17:59:20.000Z","0054S000000Ms6RQAS","","","","a2G4S0000006UOTUA2","false","false","false","false","false","30.0","slide","true","false","false","false","","false","","a2I4S000000CeBxUAK","MappedSObjectHierarchyScreenResource","","42255172220316847","LLC_BI__Loan__c","","","","","","","false","false",""
"a2F4S0000008dMHUAY","","Loan Summary","2020-06-02T17:59:20.000Z","0054S000000Ms6RQAS","2020-06-02T17:59:20.000Z","0054S000000Ms6RQAS","","","","a2G4S0000006UOTUA2","false","false","false","false","false","20.0","slide","true","true","false","false","","false","","a2I4S000000CeByUAK","MappedSObjectScreenResource","","42444171188928738","LLC_BI__Loan__c","","","","","","","false","false",""
"a2F4S0000008dUnUAI","","Borrower Structure Narrative","2020-06-02T17:59:20.000Z","0054S000000Ms6RQAS","2020-06-02T17:59:20.000Z","0054S000000Ms6RQAS","","","","a2G4S0000006UOTUA2","false","false","false","false","false","32.0","slide","true","false","true","false","","false","","","SObjectScreenResource","a2J4S0000008RAlUAM","42950162769048756","LLC_BI__Loan__c","","","","","","","false","false",""
"a2F4S0000008dMPUAY","","Collateral Summary","2020-06-02T17:59:20.000Z","0054S000000Ms6RQAS","2020-06-02T17:59:20.000Z","0054S000000Ms6RQAS","","","","a2G4S0000006UOTUA2","false","false","false","false","false","70.0","slide","true","true","false","false","","false","","a2I4S000000CeBzUAK","MappedSObjectHierarchyScreenResource","","42517382874986891","LLC_BI__Loan__c","","","","","","","false","false",""
"a2F4S0000008dUoUAI","","Collateral Narrative","2020-06-02T17:59:20.000Z","0054S000000Ms6RQAS","2020-06-02T17:59:20.000Z","0054S000000Ms6RQAS","","","","a2G4S0000006UOTUA2","false","false","false","false","false","71.0","slide","true","false","true","false","","true","","","SObjectScreenResource","a2J4S0000008RAmUAM","42199060819475724","LLC_BI__Loan__c","","","","","","","false","false",""
"a2F4S0000008dMUUAY","","Participations","2020-06-02T17:59:20.000Z","0054S000000Ms6RQAS","2020-06-02T17:59:20.000Z","0054S000000Ms6RQAS","","","","a2G4S0000006UOTUA2","false","false","false","false","false","120.0","slide","true","true","false","false","","false","","a2I4S000000CeC0UAK","MappedSObjectHierarchyScreenResource","","42448367131433937","LLC_BI__Loan__c","","","","","","","false","false",""
"a2F4S0000008dUpUAI","","Policy Exception Narrative","2020-06-02T17:59:20.000Z","0054S000000Ms6RQAS","2020-06-02T17:59:20.000Z","0054S000000Ms6RQAS","","","","a2G4S0000006UOTUA2","false","false","false","false","false","51.0","slide","true","true","true","false","","true","","","SObjectScreenResource","a2J4S0000008RAnUAM","42511002872054727","LLC_BI__Loan__c","","","","","","","false","false",""
"a2F4S0000008dMNUAY","","Covenants Summary","2020-06-02T17:59:20.000Z","0054S000000Ms6RQAS","2020-06-02T17:59:20.000Z","0054S000000Ms6RQAS","","","","a2G4S0000006UOTUA2","false","false","false","false","false","80.0","slide","true","true","false","false","","false","","a2I4S000000CeC1UAK","MappedSObjectHierarchyScreenResource","","42204892164088615","LLC_BI__Loan__c","","","","","","","false","false",""
"a2F4S0000008dMTUAY","","Third Party Reports","2020-06-02T17:59:20.000Z","0054S000000Ms6RQAS","2020-06-02T17:59:20.000Z","0054S000000Ms6RQAS","","","","a2G4S0000006UOTUA2","false","false","false","false","false","100.0","slide","true","true","false","false","","false","","a2I4S000000CeC2UAK","MappedSObjectHierarchyScreenResource","","42740224519386473","LLC_BI__Loan__c","","","","","","","false","false",""
"a2F4S0000008dUqUAI","","Lender Recommendation","2020-06-02T17:59:20.000Z","0054S000000Ms6RQAS","2020-06-02T17:59:20.000Z","0054S000000Ms6RQAS","","","","a2G4S0000006UOTUA2","false","false","false","false","false","160.0","slide","true","true","false","false","","true","","","SObjectScreenResource","a2J4S0000008RAoUAM","42015595648130916","LLC_BI__Loan__c","","","","","","","false","false",""
"a2F4S0000008dUrUAI","","Fee Narrative","2020-06-02T17:59:20.000Z","0054S000000Ms6RQAS","2020-06-02T17:59:20.000Z","0054S000000Ms6RQAS","","","","a2G4S0000006UOTUA2","false","false","false","false","false","111.0","slide","true","true","true","false","","true","","","SObjectScreenResource","a2J4S0000008RApUAM","42594719950735578","LLC_BI__Loan__c","","","","","","","false","false",""
"a2F4S0000008dUsUAI","","Covenant Narrative","2020-06-02T17:59:20.000Z","0054S000000Ms6RQAS","2020-06-02T17:59:20.000Z","0054S000000Ms6RQAS","","","","a2G4S0000006UOTUA2","false","false","false","false","false","81.0","slide","true","true","true","false","","true","","","SObjectScreenResource","a2J4S0000008RAqUAM","42682666279392081","LLC_BI__Loan__c","","","","","","","false","false",""
"a2F4S0000008dUtUAI","","Participation Narrative","2020-06-02T17:59:20.000Z","0054S000000Ms6RQAS","2020-06-02T17:59:20.000Z","0054S000000Ms6RQAS","","","","a2G4S0000006UOTUA2","false","false","false","false","false","121.0","slide","true","false","true","false","","true","","","SObjectScreenResource","a2J4S0000008RArUAM","42263660091147516","LLC_BI__Loan__c","","","","","","","false","false",""
"a2F4S0000008dMRUAY","","Loan Team","2020-06-02T17:59:20.000Z","0054S000000Ms6RQAS","2020-06-02T17:59:20.000Z","0054S000000Ms6RQAS","","","","a2G4S0000006UOTUA2","false","false","false","false","false","90.0","slide","true","true","false","false","","false","","a2I4S000000CeC3UAK","MappedSObjectHierarchyScreenResource","","42055324640338336","LLC_BI__Loan__c","","","","","","","false","false",""
"a2F4S0000008dUuUAI","","Financial Analysis","2020-06-02T17:59:20.000Z","0054S000000Ms6RQAS","2020-06-02T17:59:20.000Z","0054S000000Ms6RQAS","","","","a2G4S0000006UOTUA2","false","false","false","false","false","150.0","slide","true","true","false","false","","true","","","SObjectScreenResource","a2J4S0000008RAsUAM","42908500568953486","LLC_BI__Loan__c","","","","","","","false","false",""
"a2F4S0000008dNiUAI","","Relationship Summary","2020-06-02T17:59:20.000Z","0054S000000Ms6RQAS","2020-06-02T17:59:20.000Z","0054S000000Ms6RQAS","","","","a2G4S0000006UOZUA2","false","false","false","false","false","10.0","slide","true","false","false","false","","false","","a2I4S000000CeECUA0","MappedSObjectHierarchyScreenResource","","a2F4S0000008dNiUAI","LLC_BI__Product_Package__c","","","","","","","false","false",""
"a2F4S0000008dNjUAI","","Product Package Team","2020-06-02T17:59:20.000Z","0054S000000Ms6RQAS","2020-06-02T17:59:20.000Z","0054S000000Ms6RQAS","","","","a2G4S0000006UOZUA2","false","false","false","false","false","70.0","slide","true","false","false","false","","false","","a2I4S000000CeEDUA0","MappedSObjectHierarchyScreenResource","","a2F4S0000008dNjUAI","LLC_BI__Product_Package__c","","","","","","","false","false",""
"a2F4S0000008dNlUAI","","Collateral Summary","2020-06-02T17:59:20.000Z","0054S000000Ms6RQAS","2020-06-02T17:59:20.000Z","0054S000000Ms6RQAS","","","","a2G4S0000006UOZUA2","false","false","false","false","false","40.0","slide","true","false","false","false","","false","","a2I4S000000CeEEUA0","MappedSObjectHierarchyScreenResource","","a2F4S0000008dNlUAI","LLC_BI__Product_Package__c","","","","","","","false","false",""
"a2F4S0000008dNkUAI","","Covenant Summary","2020-06-02T17:59:20.000Z","0054S000000Ms6RQAS","2020-06-02T17:59:20.000Z","0054S000000Ms6RQAS","","","","a2G4S0000006UOZUA2","false","false","false","false","false","50.0","slide","true","false","false","false","","false","","a2I4S000000CeEFUA0","MappedSObjectHierarchyScreenResource","","a2F4S0000008dNkUAI","LLC_BI__Product_Package__c","","","","","","","false","false",""
"a2F4S0000008dUvUAI","","Background Analysis","2020-06-02T17:59:20.000Z","0054S000000Ms6RQAS","2020-06-02T17:59:20.000Z","0054S000000Ms6RQAS","","","","a2G4S0000006UOTUA2","false","false","false","false","false","130.0","slide","true","true","false","false","","true","","","SObjectScreenResource","a2J4S0000008RAtUAM","42273706573301110","LLC_BI__Loan__c","","","","","","","false","false",""
"a2F4S0000008dUwUAI","","Loan Team Narrative","2020-06-02T17:59:20.000Z","0054S000000Ms6RQAS","2020-06-02T17:59:20.000Z","0054S000000Ms6RQAS","","","","a2G4S0000006UOTUA2","false","false","false","false","false","91.0","slide","true","false","true","false","","false","","","SObjectScreenResource","a2J4S0000008RAuUAM","42947747524617324","LLC_BI__Loan__c","","","","","","","false","false",""
"a2F4S0000008dMSUAY","","Fees","2020-06-02T17:59:20.000Z","0054S000000Ms6RQAS","2020-06-02T17:59:20.000Z","0054S000000Ms6RQAS","","","","a2G4S0000006UOTUA2","false","false","false","false","false","110.0","slide","true","true","false","false","","false","","a2I4S000000CeC4UAK","MappedSObjectHierarchyScreenResource","","42537655731754782","LLC_BI__Loan__c","","","","","","","false","false",""
"a2F4S0000008dUxUAI","","Third Party Report Narrative","2020-06-02T17:59:20.000Z","0054S000000Ms6RQAS","2020-06-02T17:59:20.000Z","0054S000000Ms6RQAS","","","","a2G4S0000006UOTUA2","false","false","false","false","false","101.0","slide","true","false","true","false","","true","","","SObjectScreenResource","a2J4S0000008RAvUAM","42044605771793714","LLC_BI__Loan__c","","","","","","","false","false",""
"a2F4S0000008dMIUAY","","Relationship Summary","2020-06-02T17:59:20.000Z","0054S000000Ms6RQAS","2020-06-02T17:59:20.000Z","0054S000000Ms6RQAS","","","","a2G4S0000006UOTUA2","false","false","false","false","false","10.0","slide","true","false","false","false","","false","","a2I4S000000CeC5UAK","MappedSObjectHierarchyScreenResource","","42870046462136114","LLC_BI__Loan__c","","","","","","","false","false",""
"a2F4S0000008dUyUAI","","Relationship Summary Narrative","2020-06-02T17:59:20.000Z","0054S000000Ms6RQAS","2020-06-02T17:59:20.000Z","0054S000000Ms6RQAS","","","","a2G4S0000006UOTUA2","false","false","false","false","false","11.0","slide","true","false","true","false","","false","","","SObjectScreenResource","a2J4S0000008RAwUAM","42297516905074782","LLC_BI__Loan__c","","","","","","","false","false",""
"a2F4S0000008dMOUAY","","Policy Exceptions","2020-06-02T17:59:20.000Z","0054S000000Ms6RQAS","2020-06-02T17:59:20.000Z","0054S000000Ms6RQAS","","","","a2G4S0000006UOTUA2","false","false","false","false","false","50.0","slide","true","false","false","false","","false","","a2I4S000000CeC6UAK","MappedSObjectHierarchyScreenResource","","42020795219637235","LLC_BI__Loan__c","","","","","","","false","false",""
"a2F4S0000008dUzUAI","","Related Exposure","2020-06-02T17:59:20.000Z","0054S000000Ms6RQAS","2020-06-02T17:59:20.000Z","0054S000000Ms6RQAS","","","","a2G4S0000006UOUUA2","false","false","false","false","false","60.0","slide","true","false","false","false","","false","","a2I4S000000CeC7UAK","MappedSObjectHierarchyScreenResource","","42337541546396719","LLC_BI__Product_Package__c","","","","","","","false","false",""
"a2F4S0000008dV0UAI","","Product Request","2020-06-02T17:59:20.000Z","0054S000000Ms6RQAS","2020-06-02T17:59:20.000Z","0054S000000Ms6RQAS","","","","a2G4S0000006UOUUA2","false","false","false","false","false","30.0","slide","true","false","false","false","","false","","a2I4S000000CeC8UAK","MappedSObjectHierarchyScreenResource","","42060342184061082","LLC_BI__Product_Package__c","","","","","","","false","false",""
"a2F4S0000008dV1UAI","","Product Request Narrative","2020-06-02T17:59:20.000Z","0054S000000Ms6RQAS","2020-06-02T17:59:20.000Z","0054S000000Ms6RQAS","","","","a2G4S0000006UOUUA2","false","false","false","false","false","31.0","slide","true","false","true","false","","false","","","SObjectScreenResource","a2J4S0000008RAxUAM","42790233509114092","LLC_BI__Product_Package__c","","","","","","","false","false",""
"a2F4S0000008dV2UAI","","Product Package Narrative","2020-06-02T17:59:20.000Z","0054S000000Ms6RQAS","2020-06-02T17:59:20.000Z","0054S000000Ms6RQAS","","","","a2G4S0000006UOUUA2","false","false","false","false","false","21.0","slide","true","true","true","false","","true","","","SObjectScreenResource","a2J4S0000008RAyUAM","42260518660566738","LLC_BI__Product_Package__c","","","","","","","false","false",""
"a2F4S0000008dV3UAI","","Product Package Details","2020-06-02T17:59:20.000Z","0054S000000Ms6RQAS","2020-06-02T17:59:20.000Z","0054S000000Ms6RQAS","","","","a2G4S0000006UOUUA2","false","false","false","false","false","20.0","slide","true","true","false","false","","false","","a2I4S000000CeC9UAK","MappedSObjectScreenResource","","42591654498647727","LLC_BI__Product_Package__c","","","","","","","false","false",""
"a2F4S0000008dV4UAI","","Relationship Summary","2020-06-02T17:59:20.000Z","0054S000000Ms6RQAS","2020-06-02T17:59:20.000Z","0054S000000Ms6RQAS","","","","a2G4S0000006UOUUA2","false","false","false","false","false","10.0","slide","true","false","false","false","","false","","a2I4S000000CeCAUA0","MappedSObjectHierarchyScreenResource","","42250856443413089","LLC_BI__Product_Package__c","","","","","","","false","false",""
"a2F4S0000008dV5UAI","","Relationship Summary Narrative","2020-06-02T17:59:20.000Z","0054S000000Ms6RQAS","2020-06-02T17:59:20.000Z","0054S000000Ms6RQAS","","","","a2G4S0000006UOUUA2","false","false","false","false","false","11.0","slide","true","false","true","false","","false","","","SObjectScreenResource","a2J4S0000008RAzUAM","42799075634133575","LLC_BI__Product_Package__c","","","","","","","false","false",""
"a2F4S0000008dV6UAI","","Product Package Team","2020-06-02T17:59:20.000Z","0054S000000Ms6RQAS","2020-06-02T17:59:20.000Z","0054S000000Ms6RQAS","","","","a2G4S0000006UOUUA2","false","false","false","false","false","70.0","slide","true","false","false","false","","false","","a2I4S000000CeCBUA0","MappedSObjectHierarchyScreenResource","","42623640165556301","LLC_BI__Product_Package__c","","","","","","","false","false",""
"a2F4S0000008dV7UAI","","Collateral Summary","2020-06-02T17:59:20.000Z","0054S000000Ms6RQAS","2020-06-02T17:59:20.000Z","0054S000000Ms6RQAS","","","","a2G4S0000006UOUUA2","false","false","false","false","false","40.0","slide","true","false","false","false","","false","","a2I4S000000CeCCUA0","MappedSObjectHierarchyScreenResource","","42005652314061361","LLC_BI__Product_Package__c","","","","","","","false","false",""
"a2F4S0000008dV8UAI","","Covenant Summary","2020-06-02T17:59:20.000Z","0054S000000Ms6RQAS","2020-06-02T17:59:20.000Z","0054S000000Ms6RQAS","","","","a2G4S0000006UOUUA2","false","false","false","false","false","50.0","slide","true","false","false","false","","false","","a2I4S000000CeCDUA0","MappedSObjectHierarchyScreenResource","","42231822542683991","LLC_BI__Product_Package__c","","","","","","","false","false",""
"a2F4S0000008dV9UAI","","Collateral Narrative","2020-06-02T17:59:20.000Z","0054S000000Ms6RQAS","2020-06-02T17:59:20.000Z","0054S000000Ms6RQAS","","","","a2G4S0000006UOUUA2","false","false","false","false","false","41.0","slide","true","false","true","false","","false","","","SObjectScreenResource","a2J4S0000008RB0UAM","42656459759327051","LLC_BI__Product_Package__c","","","","","","","false","false",""
"a2F4S0000008dVAUAY","","Covenant Narrative","2020-06-02T17:59:20.000Z","0054S000000Ms6RQAS","2020-06-02T17:59:20.000Z","0054S000000Ms6RQAS","","","","a2G4S0000006UOUUA2","false","false","false","false","false","51.0","slide","true","false","true","false","","false","","","SObjectScreenResource","a2J4S0000008RB1UAM","42648566628937931","LLC_BI__Product_Package__c","","","","","","","false","false",""
"a2F4S0000008dVBUAY","","Recommendation Summary","2020-06-02T17:59:20.000Z","0054S000000Ms6RQAS","2020-06-02T17:59:20.000Z","0054S000000Ms6RQAS","","","","a2G4S0000006UOUUA2","false","false","false","false","false","80.0","slide","true","false","false","false","","false","","","SObjectScreenResource","a2J4S0000008RB2UAM","42354840928828947","LLC_BI__Product_Package__c","","","","","","","false","false",""
"a2F4S0000008dVCUAY","","Borrower Background and Management Analysis","2020-06-02T17:59:20.000Z","0054S000000Ms6RQAS","2020-06-02T17:59:20.000Z","0054S000000Ms6RQAS","","","","a2G4S0000006UOUUA2","false","false","false","false","false","90.0","slide","true","false","false","false","","false","","","SObjectScreenResource","a2J4S0000008RB3UAM","a2F4S0000008dVCUAY","LLC_BI__Product_Package__c","","","","","","","false","false",""
"a2F4S0000008dVDUAY","","Industry Trends and Analysis","2020-06-02T17:59:20.000Z","0054S000000Ms6RQAS","2020-06-02T17:59:20.000Z","0054S000000Ms6RQAS","","","","a2G4S0000006UOUUA2","false","false","false","false","false","100.0","slide","true","false","false","false","","false","","","SObjectScreenResource","a2J4S0000008RB4UAM","a2F4S0000008dVDUAY","LLC_BI__Product_Package__c","","","","","","","false","false",""
"a2F4S0000008dVEUAY","","Financial Development and Trends","2020-06-02T17:59:20.000Z","0054S000000Ms6RQAS","2020-06-02T17:59:20.000Z","0054S000000Ms6RQAS","","","","a2G4S0000006UOUUA2","false","false","false","false","false","110.0","slide","true","false","false","false","","false","","","SObjectScreenResource","a2J4S0000008RB5UAM","a2F4S0000008dVEUAY","LLC_BI__Product_Package__c","","","","","","","false","false",""
"a2F4S0000008dVFUAY","","Evaluation of Cash Flow/Projections","2020-06-02T17:59:20.000Z","0054S000000Ms6RQAS","2020-06-02T17:59:20.000Z","0054S000000Ms6RQAS","","","","a2G4S0000006UOUUA2","false","false","false","false","false","120.0","slide","true","false","false","false","","false","","","SObjectScreenResource","a2J4S0000008RB6UAM","a2F4S0000008dVFUAY","LLC_BI__Product_Package__c","","","","","","","false","false",""
"a2F4S0000008dVGUAY","","Guarantor(s) Analysis","2020-06-02T17:59:20.000Z","0054S000000Ms6RQAS","2020-06-02T17:59:20.000Z","0054S000000Ms6RQAS","","","","a2G4S0000006UOUUA2","false","false","false","false","false","130.0","slide","true","false","false","false","","false","","","SObjectScreenResource","a2J4S0000008RB7UAM","a2F4S0000008dVGUAY","LLC_BI__Product_Package__c","","","","","","","false","false",""
"a2F4S0000008dVHUAY","","Global Cash Flow Analysis","2020-06-02T17:59:20.000Z","0054S000000Ms6RQAS","2020-06-02T17:59:20.000Z","0054S000000Ms6RQAS","","","","a2G4S0000006UOUUA2","false","false","false","false","false","140.0","slide","true","false","false","false","","false","","","SObjectScreenResource","a2J4S0000008RB8UAM","a2F4S0000008dVHUAY","LLC_BI__Product_Package__c","","","","","","","false","false",""
"a2F4S0000008dMVUAY","","Related Exposure","2020-06-02T17:59:20.000Z","0054S000000Ms6RQAS","2020-06-02T17:59:20.000Z","0054S000000Ms6RQAS","","","","a2G4S0000006USaUAM","false","false","false","false","false","60.0","slide","true","false","false","false","","false","","a2I4S000000CeCEUA0","MappedSObjectHierarchyScreenResource","","42319606537825235","LLC_BI__Product_Package__c","","","","","","","false","false",""
"a2F4S0000008dMWUAY","","Product Request","2020-06-02T17:59:20.000Z","0054S000000Ms6RQAS","2020-06-02T17:59:20.000Z","0054S000000Ms6RQAS","","","","a2G4S0000006USaUAM","false","false","false","false","false","30.0","slide","true","false","false","false","","false","","a2I4S000000CeCFUA0","MappedSObjectHierarchyScreenResource","","42345509786281578","LLC_BI__Product_Package__c","","","","","","","false","false",""
"a2F4S0000008dVIUAY","","Product Request Narrative","2020-06-02T17:59:20.000Z","0054S000000Ms6RQAS","2020-06-02T17:59:20.000Z","0054S000000Ms6RQAS","","","","a2G4S0000006USaUAM","false","false","false","false","false","31.0","slide","true","false","true","false","","false","","","SObjectScreenResource","a2J4S0000008RB9UAM","42396729984832565","LLC_BI__Product_Package__c","","","","","","","false","false",""
"a2F4S0000008dVJUAY","","Product Package Narrative","2020-06-02T17:59:20.000Z","0054S000000Ms6RQAS","2020-06-02T17:59:20.000Z","0054S000000Ms6RQAS","","","","a2G4S0000006USaUAM","false","false","false","false","false","21.0","slide","true","true","true","false","","true","","","SObjectScreenResource","a2J4S0000008RBAUA2","42038446237098949","LLC_BI__Product_Package__c","","","","","","","false","false",""
"a2F4S0000008dMXUAY","","Product Package Details","2020-06-02T17:59:20.000Z","0054S000000Ms6RQAS","2020-06-02T17:59:20.000Z","0054S000000Ms6RQAS","","","","a2G4S0000006USaUAM","false","false","false","false","false","20.0","slide","true","true","false","false","","false","","a2I4S000000CeCGUA0","MappedSObjectScreenResource","","42183298477099231","LLC_BI__Product_Package__c","","","","","","","false","false",""
"a2F4S0000008dNmUAI","","Related Exposure","2020-06-02T17:59:20.000Z","0054S000000Ms6RQAS","2020-06-02T17:59:20.000Z","0054S000000Ms6RQAS","","","","a2G4S0000006UOgUAM","false","false","false","false","false","60.0","slide","true","false","false","false","","false","","a2I4S000000CeETUA0","MappedSObjectHierarchyScreenResource","","4270197699781358","LLC_BI__Product_Package__c","","","","","","","false","false",""
"a2F4S0000008dNnUAI","","Product Request","2020-06-02T17:59:20.000Z","0054S000000Ms6RQAS","2020-06-02T17:59:20.000Z","0054S000000Ms6RQAS","","","","a2G4S0000006UOgUAM","false","false","false","false","false","30.0","slide","true","false","false","false","","false","","a2I4S000000CeEUUA0","MappedSObjectHierarchyScreenResource","","42938954206438413","LLC_BI__Product_Package__c","","","","","","","false","false",""
"a2F4S0000008dNoUAI","","Product Package Details","2020-06-02T17:59:20.000Z","0054S000000Ms6RQAS","2020-06-02T17:59:20.000Z","0054S000000Ms6RQAS","","","","a2G4S0000006UOgUAM","false","false","false","false","false","20.0","slide","true","true","false","false","","false","","a2I4S000000CeEVUA0","MappedSObjectScreenResource","","42643964666242060","LLC_BI__Product_Package__c","","","","","","","false","false",""
"a2F4S0000008dNpUAI","","Relationship Summary","2020-06-02T17:59:20.000Z","0054S000000Ms6RQAS","2020-06-02T17:59:20.000Z","0054S000000Ms6RQAS","","","","a2G4S0000006UOgUAM","false","false","false","false","false","10.0","slide","true","false","false","false","","false","","a2I4S000000CeEWUA0","MappedSObjectHierarchyScreenResource","","42825292042184478","LLC_BI__Product_Package__c","","","","","","","false","false",""
"a2F4S0000008dNqUAI","","Product Package Team","2020-06-02T17:59:20.000Z","0054S000000Ms6RQAS","2020-06-02T17:59:20.000Z","0054S000000Ms6RQAS","","","","a2G4S0000006UOgUAM","false","false","false","false","false","70.0","slide","true","false","false","false","","false","","a2I4S000000CeEXUA0","MappedSObjectHierarchyScreenResource","","42133174641093210","LLC_BI__Product_Package__c","","","","","","","false","false",""
"a2F4S0000008dNrUAI","","Collateral Summary","2020-06-02T17:59:20.000Z","0054S000000Ms6RQAS","2020-06-02T17:59:20.000Z","0054S000000Ms6RQAS","","","","a2G4S0000006UOgUAM","false","false","false","false","false","40.0","slide","true","false","false","false","","false","","a2I4S000000CeEYUA0","MappedSObjectHierarchyScreenResource","","42093208890043296","LLC_BI__Product_Package__c","","","","","","","false","false",""
"a2F4S0000008dNsUAI","","Covenant Summary","2020-06-02T17:59:20.000Z","0054S000000Ms6RQAS","2020-06-02T17:59:20.000Z","0054S000000Ms6RQAS","","","","a2G4S0000006UOgUAM","false","false","false","false","false","50.0","slide","true","false","false","false","","false","","a2I4S000000CeEZUA0","MappedSObjectHierarchyScreenResource","","42508168173628802","LLC_BI__Product_Package__c","","","","","","","false","false",""
"a2F4S0000008dMYUAY","","Relationship Summary","2020-06-02T17:59:20.000Z","0054S000000Ms6RQAS","2020-06-02T17:59:20.000Z","0054S000000Ms6RQAS","","","","a2G4S0000006USaUAM","false","false","false","false","false","10.0","slide","true","false","false","false","","false","","a2I4S000000CeCHUA0","MappedSObjectHierarchyScreenResource","","42810072256507726","LLC_BI__Product_Package__c","","","","","","","false","false",""
"a2F4S0000008dVKUAY","","Relationship Summary Narrative","2020-06-02T17:59:20.000Z","0054S000000Ms6RQAS","2020-06-02T17:59:20.000Z","0054S000000Ms6RQAS","","","","a2G4S0000006USaUAM","false","false","false","false","false","11.0","slide","true","false","true","false","","false","","","SObjectScreenResource","a2J4S0000008RBBUA2","42215532593561127","LLC_BI__Product_Package__c","","","","","","","false","false",""
"a2F4S0000008dMZUAY","","Product Package Team","2020-06-02T17:59:20.000Z","0054S000000Ms6RQAS","2020-06-02T17:59:20.000Z","0054S000000Ms6RQAS","","","","a2G4S0000006USaUAM","false","false","false","false","false","70.0","slide","true","false","false","false","","false","","a2I4S000000CeCIUA0","MappedSObjectHierarchyScreenResource","","42887851637281061","LLC_BI__Product_Package__c","","","","","","","false","false",""
"a2F4S0000008dMaUAI","","Collateral Summary","2020-06-02T17:59:20.000Z","0054S000000Ms6RQAS","2020-06-02T17:59:20.000Z","0054S000000Ms6RQAS","","","","a2G4S0000006USaUAM","false","false","false","false","false","40.0","slide","true","false","false","false","","false","","a2I4S000000CeCJUA0","MappedSObjectHierarchyScreenResource","","42071222470996573","LLC_BI__Product_Package__c","","","","","","","false","false",""
"a2F4S0000008dMbUAI","","Covenant Summary","2020-06-02T17:59:20.000Z","0054S000000Ms6RQAS","2020-06-02T17:59:20.000Z","0054S000000Ms6RQAS","","","","a2G4S0000006USaUAM","false","false","false","false","false","50.0","slide","true","false","false","false","","false","","a2I4S000000CeCKUA0","MappedSObjectHierarchyScreenResource","","42090295721381048","LLC_BI__Product_Package__c","","","","","","","false","false",""
"a2F4S0000008dVLUAY","","Collateral Narrative","2020-06-02T17:59:20.000Z","0054S000000Ms6RQAS","2020-06-02T17:59:20.000Z","0054S000000Ms6RQAS","","","","a2G4S0000006USaUAM","false","false","false","false","false","41.0","slide","true","false","true","false","","false","","","SObjectScreenResource","a2J4S0000008RBCUA2","42727699869888433","LLC_BI__Product_Package__c","","","","","","","false","false",""
"a2F4S0000008dVMUAY","","Covenant Narrative","2020-06-02T17:59:20.000Z","0054S000000Ms6RQAS","2020-06-02T17:59:20.000Z","0054S000000Ms6RQAS","","","","a2G4S0000006USaUAM","false","false","false","false","false","51.0","slide","true","false","true","false","","false","","","SObjectScreenResource","a2J4S0000008RBDUA2","42814220210521333","LLC_BI__Product_Package__c","","","","","","","false","false",""
"a2F4S0000008dVNUAY","","Recommendation Summary","2020-06-02T17:59:20.000Z","0054S000000Ms6RQAS","2020-06-02T17:59:20.000Z","0054S000000Ms6RQAS","","","","a2G4S0000006USaUAM","false","false","false","false","false","80.0","slide","true","false","false","false","","false","","","SObjectScreenResource","a2J4S0000008RBEUA2","42230619408242660","LLC_BI__Product_Package__c","","","","","","","false","false",""
"a2F4S0000008dVOUAY","","Borrower Background and Management Analysis","2020-06-02T17:59:20.000Z","0054S000000Ms6RQAS","2020-06-02T17:59:20.000Z","0054S000000Ms6RQAS","","","","a2G4S0000006USaUAM","false","false","false","false","false","90.0","slide","true","false","false","false","","false","","","SObjectScreenResource","a2J4S0000008RBFUA2","42385352255730705","LLC_BI__Product_Package__c","","","","","","","false","false",""
"a2F4S0000008dVPUAY","","Industry Trends and Analysis","2020-06-02T17:59:20.000Z","0054S000000Ms6RQAS","2020-06-02T17:59:20.000Z","0054S000000Ms6RQAS","","","","a2G4S0000006USaUAM","false","false","false","false","false","100.0","slide","true","false","false","false","","false","","","SObjectScreenResource","a2J4S0000008RBGUA2","42022591663296417","LLC_BI__Product_Package__c","","","","","","","false","false",""
"a2F4S0000008dVQUAY","","Financial Development and Trends","2020-06-02T17:59:20.000Z","0054S000000Ms6RQAS","2020-06-02T17:59:20.000Z","0054S000000Ms6RQAS","","","","a2G4S0000006USaUAM","false","false","false","false","false","110.0","slide","true","false","false","false","","false","","","SObjectScreenResource","a2J4S0000008RBHUA2","42521879254420871","LLC_BI__Product_Package__c","","","","","","","false","false",""
"a2F4S0000008dVRUAY","","Evaluation of Cash Flow/Projections","2020-06-02T17:59:20.000Z","0054S000000Ms6RQAS","2020-06-02T17:59:20.000Z","0054S000000Ms6RQAS","","","","a2G4S0000006USaUAM","false","false","false","false","false","120.0","slide","true","false","false","false","","false","","","SObjectScreenResource","a2J4S0000008RBIUA2","42473554028263798","LLC_BI__Product_Package__c","","","","","","","false","false",""
"a2F4S0000008dVSUAY","","Guarantor(s) Analysis","2020-06-02T17:59:20.000Z","0054S000000Ms6RQAS","2020-06-02T17:59:20.000Z","0054S000000Ms6RQAS","","","","a2G4S0000006USaUAM","false","false","false","false","false","130.0","slide","true","false","false","false","","false","","","SObjectScreenResource","a2J4S0000008RBJUA2","42845541581858444","LLC_BI__Product_Package__c","","","","","","","false","false",""
"a2F4S0000008dMcUAI","","Global Cash Flow Analysis","2020-06-02T17:59:20.000Z","0054S000000Ms6RQAS","2020-06-02T17:59:20.000Z","0054S000000Ms6RQAS","","","","a2G4S0000006USaUAM","false","false","false","false","false","140.0","slide","true","false","false","false","","false","","","SObjectScreenResource","a2J4S0000008RBKUA2","42760642535926217","LLC_BI__Product_Package__c","","","","","","","false","false",""
"a2F4S0000008dVTUAY","","SBA Transaction Description (Sources & Uses)","2020-06-02T17:59:20.000Z","0054S000000Ms6RQAS","2020-06-02T17:59:20.000Z","0054S000000Ms6RQAS","","","","a2G4S0000006UOUUA2","false","false","false","false","false","150.0","slide","true","false","false","false","","false","","","SObjectScreenResource","a2J4S0000008RBLUA2","a2F4S0000008dVTUAY","LLC_BI__Product_Package__c","","","","","","","false","false",""
"a2F4S0000008dVUUAY","","SBA Construction/Leasehold Improvement Budget Detail (If Applicable)","2020-06-02T17:59:20.000Z","0054S000000Ms6RQAS","2020-06-02T17:59:20.000Z","0054S000000Ms6RQAS","","","","a2G4S0000006UOUUA2","false","false","false","false","false","160.0","slide","true","false","false","false","","false","","","SObjectScreenResource","a2J4S0000008RBMUA2","a2F4S0000008dVUUAY","LLC_BI__Product_Package__c","","","","","","","false","false",""
"a2F4S0000008dVVUAY","","SBA Affiliate(s) Analysis","2020-06-02T17:59:20.000Z","0054S000000Ms6RQAS","2020-06-02T17:59:20.000Z","0054S000000Ms6RQAS","","","","a2G4S0000006UOUUA2","false","false","false","false","false","170.0","slide","true","false","false","false","","false","","","SObjectScreenResource","a2J4S0000008RBNUA2","a2F4S0000008dVVUAY","LLC_BI__Product_Package__c","","","","","","","false","false",""
"a2F4S0000008dVWUAY","","SBA Eligibility","2020-06-02T17:59:20.000Z","0054S000000Ms6RQAS","2020-06-02T17:59:20.000Z","0054S000000Ms6RQAS","","","","a2G4S0000006UOUUA2","false","false","false","false","false","180.0","slide","true","false","false","false","","false","","","SObjectScreenResource","a2J4S0000008RBOUA2","a2F4S0000008dVWUAY","LLC_BI__Product_Package__c","","","","","","","false","false",""
"a2F4S0000008dVXUAY","","Related Exposure","2020-06-02T17:59:20.000Z","0054S000000Ms6RQAS","2020-06-02T17:59:20.000Z","0054S000000Ms6RQAS","","","","a2G4S0000006UOVUA2","false","false","false","false","false","60.0","slide","true","false","false","false","","false","","a2I4S000000CeCLUA0","MappedSObjectHierarchyScreenResource","","42054086474604802","LLC_BI__Product_Package__c","","","","","","","false","false",""
"a2F4S0000008dVYUAY","","Product Request","2020-06-02T17:59:20.000Z","0054S000000Ms6RQAS","2020-06-02T17:59:20.000Z","0054S000000Ms6RQAS","","","","a2G4S0000006UOVUA2","false","false","false","false","false","30.0","slide","true","false","false","false","","false","","a2I4S000000CeCMUA0","MappedSObjectHierarchyScreenResource","","42648521581789031","LLC_BI__Product_Package__c","","","","","","","false","false",""
"a2F4S0000008dVZUAY","","Product Request Narrative","2020-06-02T17:59:20.000Z","0054S000000Ms6RQAS","2020-06-02T17:59:20.000Z","0054S000000Ms6RQAS","","","","a2G4S0000006UOVUA2","false","false","false","false","false","31.0","slide","true","false","true","false","","false","","","SObjectScreenResource","a2J4S0000008RBPUA2","42670581757398910","LLC_BI__Product_Package__c","","","","","","","false","false",""
"a2F4S0000008dVaUAI","","Product Package Narrative","2020-06-02T17:59:20.000Z","0054S000000Ms6RQAS","2020-06-02T17:59:20.000Z","0054S000000Ms6RQAS","","","","a2G4S0000006UOVUA2","false","false","false","false","false","21.0","slide","true","true","true","false","","true","","","SObjectScreenResource","a2J4S0000008RBQUA2","42755372115522739","LLC_BI__Product_Package__c","","","","","","","false","false",""
"a2F4S0000008dVbUAI","","Product Package Details","2020-06-02T17:59:20.000Z","0054S000000Ms6RQAS","2020-06-02T17:59:20.000Z","0054S000000Ms6RQAS","","","","a2G4S0000006UOVUA2","false","false","false","false","false","20.0","slide","true","true","false","false","","false","","a2I4S000000CeCNUA0","MappedSObjectScreenResource","","42060849984916228","LLC_BI__Product_Package__c","","","","","","","false","false",""
"a2F4S0000008dVcUAI","","Relationship Summary","2020-06-02T17:59:20.000Z","0054S000000Ms6RQAS","2020-06-02T17:59:20.000Z","0054S000000Ms6RQAS","","","","a2G4S0000006UOVUA2","false","false","false","false","false","10.0","slide","true","false","false","false","","false","","a2I4S000000CeCOUA0","MappedSObjectHierarchyScreenResource","","42912744999511677","LLC_BI__Product_Package__c","","","","","","","false","false",""
"a2F4S0000008dVdUAI","","Relationship Summary Narrative","2020-06-02T17:59:20.000Z","0054S000000Ms6RQAS","2020-06-02T17:59:20.000Z","0054S000000Ms6RQAS","","","","a2G4S0000006UOVUA2","false","false","false","false","false","11.0","slide","true","false","true","false","","false","","","SObjectScreenResource","a2J4S0000008RBRUA2","42612046770973736","LLC_BI__Product_Package__c","","","","","","","false","false",""
"a2F4S0000008dVeUAI","","Product Package Team","2020-06-02T17:59:20.000Z","0054S000000Ms6RQAS","2020-06-02T17:59:20.000Z","0054S000000Ms6RQAS","","","","a2G4S0000006UOVUA2","false","false","false","false","false","70.0","slide","true","false","false","false","","false","","a2I4S000000CeCPUA0","MappedSObjectHierarchyScreenResource","","42657769599833929","LLC_BI__Product_Package__c","","","","","","","false","false",""
"a2F4S0000008dVfUAI","","Collateral Summary","2020-06-02T17:59:20.000Z","0054S000000Ms6RQAS","2020-06-02T17:59:20.000Z","0054S000000Ms6RQAS","","","","a2G4S0000006UOVUA2","false","false","false","false","false","40.0","slide","true","false","false","false","","false","","a2I4S000000CeCQUA0","MappedSObjectHierarchyScreenResource","","42953975351251620","LLC_BI__Product_Package__c","","","","","","","false","false",""
"a2F4S0000008dVgUAI","","Covenant Summary","2020-06-02T17:59:20.000Z","0054S000000Ms6RQAS","2020-06-02T17:59:20.000Z","0054S000000Ms6RQAS","","","","a2G4S0000006UOVUA2","false","false","false","false","false","50.0","slide","true","false","false","false","","false","","a2I4S000000CeCRUA0","MappedSObjectHierarchyScreenResource","","42814402966214252","LLC_BI__Product_Package__c","","","","","","","false","false",""
"a2F4S0000008dVhUAI","","Collateral Narrative","2020-06-02T17:59:20.000Z","0054S000000Ms6RQAS","2020-06-02T17:59:20.000Z","0054S000000Ms6RQAS","","","","a2G4S0000006UOVUA2","false","false","false","false","false","41.0","slide","true","false","true","false","","false","","","SObjectScreenResource","a2J4S0000008RBSUA2","42489802359878408","LLC_BI__Product_Package__c","","","","","","","false","false",""
"a2F4S0000008dViUAI","","Covenant Narrative","2020-06-02T17:59:20.000Z","0054S000000Ms6RQAS","2020-06-02T17:59:20.000Z","0054S000000Ms6RQAS","","","","a2G4S0000006UOVUA2","false","false","false","false","false","51.0","slide","true","false","true","false","","false","","","SObjectScreenResource","a2J4S0000008RBTUA2","42323129194546313","LLC_BI__Product_Package__c","","","","","","","false","false",""
"a2F4S0000008dVjUAI","","Recommendation Summary","2020-06-02T17:59:20.000Z","0054S000000Ms6RQAS","2020-06-02T17:59:20.000Z","0054S000000Ms6RQAS","","","","a2G4S0000006UOVUA2","false","false","false","false","false","80.0","slide","true","false","false","false","","false","","","SObjectScreenResource","a2J4S0000008RBUUA2","42247782175081137","LLC_BI__Product_Package__c","","","","","","","false","false",""
"a2F4S0000008dO6UAI","","Spreads Appendix","2020-06-02T17:59:20.000Z","0054S000000Ms6RQAS","2020-06-02T17:59:20.000Z","0054S000000Ms6RQAS","","","","a2G4S0000006UOjUAM","false","false","false","false","false","170.0","slide","true","false","false","false","","false","","a2I4S000000CeErUAK","MappedSObjectHierarchyScreenResource","a2J4S0000008RDhUAM","42517771869772403","LLC_BI__Loan__c","","","","","","","false","false",""
"a2F4S0000008dO5UAI","","Approval History","2020-06-02T17:59:20.000Z","0054S000000Ms6RQAS","2020-06-02T17:59:20.000Z","0054S000000Ms6RQAS","","","","a2G4S0000006UOjUAM","false","false","false","false","false","40.0","slide","true","false","false","false","","false","","","SObjectScreenResource","a2J4S0000008RDiUAM","42049756035885030","LLC_BI__Loan__c","","","","","","","false","false",""
"a2F4S0000008dNtUAI","","Related Exposure","2020-06-02T17:59:20.000Z","0054S000000Ms6RQAS","2020-06-02T17:59:20.000Z","0054S000000Ms6RQAS","","","","a2G4S0000006UOjUAM","false","false","false","false","false","60.0","slide","true","false","false","false","","false","","a2I4S000000CeEsUAK","MappedSObjectHierarchyScreenResource","","42826159748624680","LLC_BI__Loan__c","","","","","","","false","false",""
"a2F4S0000008dOBUAY","","Approval History Narrative","2020-06-02T17:59:20.000Z","0054S000000Ms6RQAS","2020-06-02T17:59:20.000Z","0054S000000Ms6RQAS","","","","a2G4S0000006UOjUAM","false","false","false","false","false","41.0","slide","true","false","true","false","","false","","","SObjectScreenResource","a2J4S0000008RDjUAM","42513761900048941","LLC_BI__Loan__c","","","","","","","false","false",""
"a2F4S0000008dO9UAI","","Loan Summary Narrative","2020-06-02T17:59:20.000Z","0054S000000Ms6RQAS","2020-06-02T17:59:20.000Z","0054S000000Ms6RQAS","","","","a2G4S0000006UOjUAM","false","false","false","false","false","21.0","slide","true","false","true","false","","false","","","SObjectScreenResource","a2J4S0000008RDkUAM","42917552756725367","LLC_BI__Loan__c","","","","","","","false","false",""
"a2F4S0000008dNuUAI","","Authorized Signer","2020-06-02T17:59:20.000Z","0054S000000Ms6RQAS","2020-06-02T17:59:20.000Z","0054S000000Ms6RQAS","","","","a2G4S0000006UOjUAM","false","false","false","false","false","31.0","slide","true","false","true","false","","false","","a2I4S000000CeEtUAK","MappedSObjectHierarchyScreenResource","","42888491663081118","LLC_BI__Loan__c","","","","","","","false","false",""
"a2F4S0000008dNvUAI","","Borrower Structure","2020-06-02T17:59:20.000Z","0054S000000Ms6RQAS","2020-06-02T17:59:20.000Z","0054S000000Ms6RQAS","","","","a2G4S0000006UOjUAM","false","false","false","false","false","30.0","slide","true","false","false","false","","false","","a2I4S000000CeEuUAK","MappedSObjectHierarchyScreenResource","","42460538820353079","LLC_BI__Loan__c","","","","","","","false","false",""
"a2F4S0000008dNwUAI","","Loan Summary","2020-06-02T17:59:20.000Z","0054S000000Ms6RQAS","2020-06-02T17:59:20.000Z","0054S000000Ms6RQAS","","","","a2G4S0000006UOjUAM","false","false","false","false","false","20.0","slide","true","true","false","false","","false","","a2I4S000000CeEvUAK","MappedSObjectScreenResource","","42458858474018097","LLC_BI__Loan__c","","","","","","","false","false",""
"a2F4S0000008dOAUAY","","Borrower Structure Narrative","2020-06-02T17:59:20.000Z","0054S000000Ms6RQAS","2020-06-02T17:59:20.000Z","0054S000000Ms6RQAS","","","","a2G4S0000006UOjUAM","false","false","false","false","false","32.0","slide","true","false","true","false","","false","","","SObjectScreenResource","a2J4S0000008RDlUAM","42047252061308998","LLC_BI__Loan__c","","","","","","","false","false",""
"a2F4S0000008dNxUAI","","Collateral Summary","2020-06-02T17:59:20.000Z","0054S000000Ms6RQAS","2020-06-02T17:59:20.000Z","0054S000000Ms6RQAS","","","","a2G4S0000006UOjUAM","false","false","false","false","false","70.0","slide","true","true","false","false","","false","","a2I4S000000CeEwUAK","MappedSObjectHierarchyScreenResource","","42604476936250305","LLC_BI__Loan__c","","","","","","","false","false",""
"a2F4S0000008dODUAY","","Collateral Narrative","2020-06-02T17:59:20.000Z","0054S000000Ms6RQAS","2020-06-02T17:59:20.000Z","0054S000000Ms6RQAS","","","","a2G4S0000006UOjUAM","false","false","false","false","false","71.0","slide","true","false","true","false","","true","","","SObjectScreenResource","a2J4S0000008RDmUAM","42191591247411395","LLC_BI__Loan__c","","","","","","","false","false",""
"a2F4S0000008dNyUAI","","Participations","2020-06-02T17:59:20.000Z","0054S000000Ms6RQAS","2020-06-02T17:59:20.000Z","0054S000000Ms6RQAS","","","","a2G4S0000006UOjUAM","false","false","false","false","false","120.0","slide","true","true","false","false","","false","","a2I4S000000CeExUAK","MappedSObjectHierarchyScreenResource","","42869803483813881","LLC_BI__Loan__c","","","","","","","false","false",""
"a2F4S0000008dOCUAY","","Policy Exception Narrative","2020-06-02T17:59:20.000Z","0054S000000Ms6RQAS","2020-06-02T17:59:20.000Z","0054S000000Ms6RQAS","","","","a2G4S0000006UOjUAM","false","false","false","false","false","51.0","slide","true","true","true","false","","true","","","SObjectScreenResource","a2J4S0000008RDnUAM","42877168049622935","LLC_BI__Loan__c","","","","","","","false","false",""
"a2F4S0000008dNzUAI","","Covenants Summary","2020-06-02T17:59:20.000Z","0054S000000Ms6RQAS","2020-06-02T17:59:20.000Z","0054S000000Ms6RQAS","","","","a2G4S0000006UOjUAM","false","false","false","false","false","80.0","slide","true","true","false","false","","false","","a2I4S000000CeEyUAK","MappedSObjectHierarchyScreenResource","","42773282820902474","LLC_BI__Loan__c","","","","","","","false","false",""
"a2F4S0000008dO0UAI","","Third Party Reports","2020-06-02T17:59:20.000Z","0054S000000Ms6RQAS","2020-06-02T17:59:20.000Z","0054S000000Ms6RQAS","","","","a2G4S0000006UOjUAM","false","false","false","false","false","100.0","slide","true","true","false","false","","false","","a2I4S000000CeEzUAK","MappedSObjectHierarchyScreenResource","","42761082629888205","LLC_BI__Loan__c","","","","","","","false","false",""
"a2F4S0000008dOKUAY","","Lender Recommendation","2020-06-02T17:59:20.000Z","0054S000000Ms6RQAS","2020-06-02T17:59:20.000Z","0054S000000Ms6RQAS","","","","a2G4S0000006UOjUAM","false","false","false","false","false","160.0","slide","true","true","false","false","","true","","","SObjectScreenResource","a2J4S0000008RDoUAM","42093584608012697","LLC_BI__Loan__c","","","","","","","false","false",""
"a2F4S0000008dOHUAY","","Fee Narrative","2020-06-02T17:59:20.000Z","0054S000000Ms6RQAS","2020-06-02T17:59:20.000Z","0054S000000Ms6RQAS","","","","a2G4S0000006UOjUAM","false","false","false","false","false","111.0","slide","true","true","true","false","","true","","","SObjectScreenResource","a2J4S0000008RDpUAM","42696559478896797","LLC_BI__Loan__c","","","","","","","false","false",""
"a2F4S0000008dOEUAY","","Covenant Narrative","2020-06-02T17:59:20.000Z","0054S000000Ms6RQAS","2020-06-02T17:59:20.000Z","0054S000000Ms6RQAS","","","","a2G4S0000006UOjUAM","false","false","false","false","false","81.0","slide","true","true","true","false","","true","","","SObjectScreenResource","a2J4S0000008RDqUAM","42174107906681681","LLC_BI__Loan__c","","","","","","","false","false",""
"a2F4S0000008dOIUAY","","Participation Narrative","2020-06-02T17:59:20.000Z","0054S000000Ms6RQAS","2020-06-02T17:59:20.000Z","0054S000000Ms6RQAS","","","","a2G4S0000006UOjUAM","false","false","false","false","false","121.0","slide","true","false","true","false","","true","","","SObjectScreenResource","a2J4S0000008RDrUAM","42245366738349550","LLC_BI__Loan__c","","","","","","","false","false",""
"a2F4S0000008dO1UAI","","Loan Team","2020-06-02T17:59:20.000Z","0054S000000Ms6RQAS","2020-06-02T17:59:20.000Z","0054S000000Ms6RQAS","","","","a2G4S0000006UOjUAM","false","false","false","false","false","90.0","slide","true","true","false","false","","false","","a2I4S000000CeF0UAK","MappedSObjectHierarchyScreenResource","","42832765078749842","LLC_BI__Loan__c","","","","","","","false","false",""
"a2F4S0000008dOJUAY","","Financial Analysis","2020-06-02T17:59:20.000Z","0054S000000Ms6RQAS","2020-06-02T17:59:20.000Z","0054S000000Ms6RQAS","","","","a2G4S0000006UOjUAM","false","false","false","false","false","150.0","slide","true","true","false","false","","true","","","SObjectScreenResource","a2J4S0000008RDsUAM","42230582546853192","LLC_BI__Loan__c","","","","","","","false","false",""
"a2F4S0000008dO7UAI","","Background Analysis","2020-06-02T17:59:20.000Z","0054S000000Ms6RQAS","2020-06-02T17:59:20.000Z","0054S000000Ms6RQAS","","","","a2G4S0000006UOjUAM","false","false","false","false","false","130.0","slide","true","true","false","false","","true","","","SObjectScreenResource","a2J4S0000008RDtUAM","42222415532260924","LLC_BI__Loan__c","","","","","","","false","false",""
"a2F4S0000008dOFUAY","","Loan Team Narrative","2020-06-02T17:59:20.000Z","0054S000000Ms6RQAS","2020-06-02T17:59:20.000Z","0054S000000Ms6RQAS","","","","a2G4S0000006UOjUAM","false","false","false","false","false","91.0","slide","true","false","true","false","","false","","","SObjectScreenResource","a2J4S0000008RDuUAM","42505482482317701","LLC_BI__Loan__c","","","","","","","false","false",""
"a2F4S0000008dO2UAI","","Fees","2020-06-02T17:59:20.000Z","0054S000000Ms6RQAS","2020-06-02T17:59:20.000Z","0054S000000Ms6RQAS","","","","a2G4S0000006UOjUAM","false","false","false","false","false","110.0","slide","true","true","false","false","","false","","a2I4S000000CeF1UAK","MappedSObjectHierarchyScreenResource","","42771486505464028","LLC_BI__Loan__c","","","","","","","false","false",""
"a2F4S0000008dOGUAY","","Third Party Report Narrative","2020-06-02T17:59:20.000Z","0054S000000Ms6RQAS","2020-06-02T17:59:20.000Z","0054S000000Ms6RQAS","","","","a2G4S0000006UOjUAM","false","false","false","false","false","101.0","slide","true","false","true","false","","true","","","SObjectScreenResource","a2J4S0000008RDvUAM","42151913173421317","LLC_BI__Loan__c","","","","","","","false","false",""
"a2F4S0000008dO3UAI","","Relationship Summary","2020-06-02T17:59:20.000Z","0054S000000Ms6RQAS","2020-06-02T17:59:20.000Z","0054S000000Ms6RQAS","","","","a2G4S0000006UOjUAM","false","false","false","false","false","10.0","slide","true","false","false","false","","false","","a2I4S000000CeF2UAK","MappedSObjectHierarchyScreenResource","","42392522268321215","LLC_BI__Loan__c","","","","","","","false","false",""
"a2F4S0000008dVkUAI","","Borrower Background and Management Analysis","2020-06-02T17:59:20.000Z","0054S000000Ms6RQAS","2020-06-02T17:59:20.000Z","0054S000000Ms6RQAS","","","","a2G4S0000006UOVUA2","false","false","false","false","false","90.0","slide","true","false","false","false","","false","","","SObjectScreenResource","a2J4S0000008RBVUA2","42369257524515152","LLC_BI__Product_Package__c","","","","","","","false","false",""
"a2F4S0000008dVlUAI","","Industry Trends and Analysis","2020-06-02T17:59:20.000Z","0054S000000Ms6RQAS","2020-06-02T17:59:20.000Z","0054S000000Ms6RQAS","","","","a2G4S0000006UOVUA2","false","false","false","false","false","100.0","slide","true","false","false","false","","false","","","SObjectScreenResource","a2J4S0000008RBWUA2","42618752667769308","LLC_BI__Product_Package__c","","","","","","","false","false",""
"a2F4S0000008dVmUAI","","Financial Development and Trends","2020-06-02T17:59:20.000Z","0054S000000Ms6RQAS","2020-06-02T17:59:20.000Z","0054S000000Ms6RQAS","","","","a2G4S0000006UOVUA2","false","false","false","false","false","110.0","slide","true","false","false","false","","false","","","SObjectScreenResource","a2J4S0000008RBXUA2","42869237941262081","LLC_BI__Product_Package__c","","","","","","","false","false",""
"a2F4S0000008dVnUAI","","Evaluation of Cash Flow/Projections","2020-06-02T17:59:20.000Z","0054S000000Ms6RQAS","2020-06-02T17:59:20.000Z","0054S000000Ms6RQAS","","","","a2G4S0000006UOVUA2","false","false","false","false","false","120.0","slide","true","false","false","false","","false","","","SObjectScreenResource","a2J4S0000008RBYUA2","42788971118919241","LLC_BI__Product_Package__c","","","","","","","false","false",""
"a2F4S0000008dVoUAI","","Guarantor(s) Analysis","2020-06-02T17:59:20.000Z","0054S000000Ms6RQAS","2020-06-02T17:59:20.000Z","0054S000000Ms6RQAS","","","","a2G4S0000006UOVUA2","false","false","false","false","false","130.0","slide","true","false","false","false","","false","","","SObjectScreenResource","a2J4S0000008RBZUA2","42165671769041092","LLC_BI__Product_Package__c","","","","","","","false","false",""
"a2F4S0000008dVpUAI","","Global Cash Flow Analysis","2020-06-02T17:59:20.000Z","0054S000000Ms6RQAS","2020-06-02T17:59:20.000Z","0054S000000Ms6RQAS","","","","a2G4S0000006UOVUA2","false","false","false","false","false","140.0","slide","true","false","false","false","","false","","","SObjectScreenResource","a2J4S0000008RBaUAM","42268880402683680","LLC_BI__Product_Package__c","","","","","","","false","false",""
"a2F4S0000008dVqUAI","","SBA Transaction Description (Sources & Uses)","2020-06-02T17:59:20.000Z","0054S000000Ms6RQAS","2020-06-02T17:59:20.000Z","0054S000000Ms6RQAS","","","","a2G4S0000006UOVUA2","false","false","false","false","false","150.0","slide","true","false","false","false","","false","","","SObjectScreenResource","a2J4S0000008RBbUAM","42572784266765623","LLC_BI__Product_Package__c","","","","","","","false","false",""
"a2F4S0000008dVrUAI","","SBA Construction/Leasehold Improvement Budget Detail (If Applicable)","2020-06-02T17:59:20.000Z","0054S000000Ms6RQAS","2020-06-02T17:59:20.000Z","0054S000000Ms6RQAS","","","","a2G4S0000006UOVUA2","false","false","false","false","false","160.0","slide","true","false","false","false","","false","","","SObjectScreenResource","a2J4S0000008RBcUAM","42121044911941259","LLC_BI__Product_Package__c","","","","","","","false","false",""
"a2F4S0000008dVsUAI","","SBA Affiliate(s) Analysis","2020-06-02T17:59:20.000Z","0054S000000Ms6RQAS","2020-06-02T17:59:20.000Z","0054S000000Ms6RQAS","","","","a2G4S0000006UOVUA2","false","false","false","false","false","170.0","slide","true","false","false","false","","false","","","SObjectScreenResource","a2J4S0000008RBdUAM","42130850742472333","LLC_BI__Product_Package__c","","","","","","","false","false",""
"a2F4S0000008dVtUAI","","SBA Eligibility","2020-06-02T17:59:20.000Z","0054S000000Ms6RQAS","2020-06-02T17:59:20.000Z","0054S000000Ms6RQAS","","","","a2G4S0000006UOVUA2","false","false","false","false","false","180.0","slide","true","false","false","false","","false","","","SObjectScreenResource","a2J4S0000008RBeUAM","42325369042965856","LLC_BI__Product_Package__c","","","","","","","false","false",""
"a2F4S0000008dVuUAI","","Scenario_Card_Amount_Due","2020-06-02T17:59:20.000Z","0054S000000SW21QAG","2020-06-02T17:59:20.000Z","0054S000000SW21QAG","","","","a2G4S0000006USLUA2","false","false","false","true","false","40.0","slide","true","false","false","false","","false","","","MappedSObjectScreenResource","","42059895799221226","LLC_BI__Scenario__c","","","","","","","false","false",""
"a2F4S0000008dVvUAI","","Scenario_Card_Totals","2020-06-02T17:59:20.000Z","0054S000000SW21QAG","2020-06-02T17:59:20.000Z","0054S000000SW21QAG","","","","a2G4S0000006USLUA2","false","false","false","true","false","50.0","slide","true","false","false","false","","false","","","MappedSObjectScreenResource","","4286626623172364","LLC_BI__Scenario__c","","","","","","","false","false",""
"a2F4S0000008dPXUAY","","Spreads Appendix","2020-06-02T17:59:20.000Z","0054S000000Ms6RQAS","2020-06-02T17:59:20.000Z","0054S000000Ms6RQAS","","","","a2G4S0000006UOqUAM","false","false","false","false","false","170.0","slide","true","false","false","false","","false","","a2I4S000000CeCSUA0","MappedSObjectHierarchyScreenResource","a2J4S0000008RBfUAM","42851473366530891","LLC_BI__Loan__c","","","","","","","false","false",""
"a2F4S0000008dPWUAY","","Approval History","2020-06-02T17:59:20.000Z","0054S000000Ms6RQAS","2020-06-02T17:59:20.000Z","0054S000000Ms6RQAS","","","","a2G4S0000006UOqUAM","false","false","false","false","false","40.0","slide","true","false","false","false","","false","","","SObjectScreenResource","a2J4S0000008RBgUAM","42705342241437403","LLC_BI__Loan__c","","","","","","","false","false",""
"a2F4S0000008dPKUAY","","Related Exposure","2020-06-02T17:59:20.000Z","0054S000000Ms6RQAS","2020-06-02T17:59:20.000Z","0054S000000Ms6RQAS","","","","a2G4S0000006UOqUAM","false","false","false","false","false","60.0","slide","true","false","false","false","","false","","a2I4S000000CeCTUA0","MappedSObjectHierarchyScreenResource","","42103686799027299","LLC_BI__Loan__c","","","","","","","false","false",""
"a2F4S0000008dVwUAI","","Approval History Narrative","2020-06-02T17:59:20.000Z","0054S000000Ms6RQAS","2020-06-02T17:59:20.000Z","0054S000000Ms6RQAS","","","","a2G4S0000006UOqUAM","false","false","false","false","false","41.0","slide","true","false","true","false","","false","","","SObjectScreenResource","a2J4S0000008RBhUAM","42780144007879874","LLC_BI__Loan__c","","","","","","","false","false",""
"a2F4S0000008dVxUAI","","Loan Summary Narrative","2020-06-02T17:59:20.000Z","0054S000000Ms6RQAS","2020-06-02T17:59:20.000Z","0054S000000Ms6RQAS","","","","a2G4S0000006UOqUAM","false","false","false","false","false","21.0","slide","true","false","true","false","","false","","","SObjectScreenResource","a2J4S0000008RBiUAM","42936588836700323","LLC_BI__Loan__c","","","","","","","false","false",""
"a2F4S0000008dPLUAY","","Authorized Signer","2020-06-02T17:59:20.000Z","0054S000000Ms6RQAS","2020-06-02T17:59:20.000Z","0054S000000Ms6RQAS","","","","a2G4S0000006UOqUAM","false","false","false","false","false","31.0","slide","true","false","true","false","","false","","a2I4S000000CeCUUA0","MappedSObjectHierarchyScreenResource","","42588220810116631","LLC_BI__Loan__c","","","","","","","false","false",""
"a2F4S0000008dPMUAY","","Borrower Structure","2020-06-02T17:59:20.000Z","0054S000000Ms6RQAS","2020-06-02T17:59:20.000Z","0054S000000Ms6RQAS","","","","a2G4S0000006UOqUAM","false","false","false","false","false","30.0","slide","true","false","false","false","","false","","a2I4S000000CeCVUA0","MappedSObjectHierarchyScreenResource","","42359606426946165","LLC_BI__Loan__c","","","","","","","false","false",""
"a2F4S0000008dPNUAY","","Loan Summary","2020-06-02T17:59:20.000Z","0054S000000Ms6RQAS","2020-06-02T17:59:20.000Z","0054S000000Ms6RQAS","","","","a2G4S0000006UOqUAM","false","false","false","false","false","20.0","slide","true","true","false","false","","false","","a2I4S000000CeCWUA0","MappedSObjectScreenResource","","42648208331276336","LLC_BI__Loan__c","","","","","","","false","false",""
"a2F4S0000008dVyUAI","","Borrower Structure Narrative","2020-06-02T17:59:20.000Z","0054S000000Ms6RQAS","2020-06-02T17:59:20.000Z","0054S000000Ms6RQAS","","","","a2G4S0000006UOqUAM","false","false","false","false","false","32.0","slide","true","false","true","false","","false","","","SObjectScreenResource","a2J4S0000008RBjUAM","4237656844786843","LLC_BI__Loan__c","","","","","","","false","false",""
"a2F4S0000008dPOUAY","","Collateral Summary","2020-06-02T17:59:20.000Z","0054S000000Ms6RQAS","2020-06-02T17:59:20.000Z","0054S000000Ms6RQAS","","","","a2G4S0000006UOqUAM","false","false","false","false","false","70.0","slide","true","true","false","false","","false","","a2I4S000000CeCXUA0","MappedSObjectHierarchyScreenResource","","42770794690416299","LLC_BI__Loan__c","","","","","","","false","false",""
"a2F4S0000008dVzUAI","","Collateral Narrative","2020-06-02T17:59:20.000Z","0054S000000Ms6RQAS","2020-06-02T17:59:20.000Z","0054S000000Ms6RQAS","","","","a2G4S0000006UOqUAM","false","false","false","false","false","71.0","slide","true","false","true","false","","true","","","SObjectScreenResource","a2J4S0000008RBkUAM","42512943705496976","LLC_BI__Loan__c","","","","","","","false","false",""
"a2F4S0000008dPPUAY","","Participations","2020-06-02T17:59:20.000Z","0054S000000Ms6RQAS","2020-06-02T17:59:20.000Z","0054S000000Ms6RQAS","","","","a2G4S0000006UOqUAM","false","false","false","false","false","120.0","slide","true","true","false","false","","false","","a2I4S000000CeCYUA0","MappedSObjectHierarchyScreenResource","","42668492503864766","LLC_BI__Loan__c","","","","","","","false","false",""
"a2F4S0000008dW0UAI","","Policy Exception Narrative","2020-06-02T17:59:20.000Z","0054S000000Ms6RQAS","2020-06-02T17:59:20.000Z","0054S000000Ms6RQAS","","","","a2G4S0000006UOqUAM","false","false","false","false","false","51.0","slide","true","true","true","false","","true","","","SObjectScreenResource","a2J4S0000008RBlUAM","42543629179678229","LLC_BI__Loan__c","","","","","","","false","false",""
"a2F4S0000008dPQUAY","","Covenants Summary","2020-06-02T17:59:20.000Z","0054S000000Ms6RQAS","2020-06-02T17:59:20.000Z","0054S000000Ms6RQAS","","","","a2G4S0000006UOqUAM","false","false","false","false","false","80.0","slide","true","true","false","false","","false","","a2I4S000000CeCZUA0","MappedSObjectHierarchyScreenResource","","42264731612021754","LLC_BI__Loan__c","","","","","","","false","false",""
"a2F4S0000008dPRUAY","","Third Party Reports","2020-06-02T17:59:20.000Z","0054S000000Ms6RQAS","2020-06-02T17:59:20.000Z","0054S000000Ms6RQAS","","","","a2G4S0000006UOqUAM","false","false","false","false","false","100.0","slide","true","true","false","false","","false","","a2I4S000000CeCaUAK","MappedSObjectHierarchyScreenResource","","42657434884676915","LLC_BI__Loan__c","","","","","","","false","false",""
"a2F4S0000008dW1UAI","","Lender Recommendation","2020-06-02T17:59:20.000Z","0054S000000Ms6RQAS","2020-06-02T17:59:20.000Z","0054S000000Ms6RQAS","","","","a2G4S0000006UOqUAM","false","false","false","false","false","160.0","slide","true","true","false","false","","true","","","SObjectScreenResource","a2J4S0000008RBmUAM","42497847301791835","LLC_BI__Loan__c","","","","","","","false","false",""
"a2F4S0000008dW2UAI","","Fee Narrative","2020-06-02T17:59:20.000Z","0054S000000Ms6RQAS","2020-06-02T17:59:20.000Z","0054S000000Ms6RQAS","","","","a2G4S0000006UOqUAM","false","false","false","false","false","111.0","slide","true","true","true","false","","true","","","SObjectScreenResource","a2J4S0000008RBnUAM","42740077882759037","LLC_BI__Loan__c","","","","","","","false","false",""
"a2F4S0000008dW3UAI","","Covenant Narrative","2020-06-02T17:59:20.000Z","0054S000000Ms6RQAS","2020-06-02T17:59:20.000Z","0054S000000Ms6RQAS","","","","a2G4S0000006UOqUAM","false","false","false","false","false","81.0","slide","true","true","true","false","","true","","","SObjectScreenResource","a2J4S0000008RBoUAM","42700823973884492","LLC_BI__Loan__c","","","","","","","false","false",""
"a2F4S0000008dPZUAY","","Participation Narrative","2020-06-02T17:59:20.000Z","0054S000000Ms6RQAS","2020-06-02T17:59:20.000Z","0054S000000Ms6RQAS","","","","a2G4S0000006UOqUAM","false","false","false","false","false","121.0","slide","true","false","true","false","","true","","","SObjectScreenResource","a2J4S0000008RBpUAM","42864153853059544","LLC_BI__Loan__c","","","","","","","false","false",""
"a2F4S0000008dO8UAI","","Relationship Summary Narrative","2020-06-02T17:59:20.000Z","0054S000000Ms6RQAS","2020-06-02T17:59:20.000Z","0054S000000Ms6RQAS","","","","a2G4S0000006UOjUAM","false","false","false","false","false","11.0","slide","true","false","true","false","","false","","","SObjectScreenResource","a2J4S0000008RDwUAM","42201271072429005","LLC_BI__Loan__c","","","","","","","false","false",""
"a2F4S0000008dO4UAI","","Policy Exceptions","2020-06-02T17:59:20.000Z","0054S000000Ms6RQAS","2020-06-02T17:59:20.000Z","0054S000000Ms6RQAS","","","","a2G4S0000006UOjUAM","false","false","false","false","false","50.0","slide","true","false","false","false","","false","","a2I4S000000CeF3UAK","MappedSObjectHierarchyScreenResource","","42831431640358381","LLC_BI__Loan__c","","","","","","","false","false",""
"a2F4S0000008dOYUAY","","Spreads Appendix","2020-06-02T17:59:20.000Z","0054S000000Ms6RQAS","2020-06-02T17:59:20.000Z","0054S000000Ms6RQAS","","","","a2G4S0000006UOhUAM","false","false","false","false","false","170.0","slide","true","false","false","false","","false","","a2I4S000000CeF4UAK","MappedSObjectHierarchyScreenResource","a2J4S0000008RDxUAM","42853995920132959","LLC_BI__Loan__c","","","","","","","false","false",""
"a2F4S0000008dOXUAY","","Approval History","2020-06-02T17:59:20.000Z","0054S000000Ms6RQAS","2020-06-02T17:59:20.000Z","0054S000000Ms6RQAS","","","","a2G4S0000006UOhUAM","false","false","false","false","false","40.0","slide","true","false","false","false","","false","","","SObjectScreenResource","a2J4S0000008RDyUAM","42570904803078408","LLC_BI__Loan__c","","","","","","","false","false",""
"a2F4S0000008dOLUAY","","Related Exposure","2020-06-02T17:59:20.000Z","0054S000000Ms6RQAS","2020-06-02T17:59:20.000Z","0054S000000Ms6RQAS","","","","a2G4S0000006UOhUAM","false","false","false","false","false","60.0","slide","true","false","false","false","","false","","a2I4S000000CeF5UAK","MappedSObjectHierarchyScreenResource","","42864559978341394","LLC_BI__Loan__c","","","","","","","false","false",""
"a2F4S0000008dOMUAY","","Authorized Signer","2020-06-02T17:59:20.000Z","0054S000000Ms6RQAS","2020-06-02T17:59:20.000Z","0054S000000Ms6RQAS","","","","a2G4S0000006UOhUAM","false","false","false","false","false","31.0","slide","true","false","true","false","","false","","a2I4S000000CeF6UAK","MappedSObjectHierarchyScreenResource","","42058346509668941","LLC_BI__Loan__c","","","","","","","false","false",""
"a2F4S0000008dONUAY","","Borrower Structure","2020-06-02T17:59:20.000Z","0054S000000Ms6RQAS","2020-06-02T17:59:20.000Z","0054S000000Ms6RQAS","","","","a2G4S0000006UOhUAM","false","false","false","false","false","30.0","slide","true","false","false","false","","false","","a2I4S000000CeF7UAK","MappedSObjectHierarchyScreenResource","","42296494994559256","LLC_BI__Loan__c","","","","","","","false","false",""
"a2F4S0000008dOOUAY","","Loan Summary","2020-06-02T17:59:20.000Z","0054S000000Ms6RQAS","2020-06-02T17:59:20.000Z","0054S000000Ms6RQAS","","","","a2G4S0000006UOhUAM","false","false","false","false","false","20.0","slide","true","true","false","false","","false","","a2I4S000000CeF8UAK","MappedSObjectScreenResource","","42231445307457290","LLC_BI__Loan__c","","","","","","","false","false",""
"a2F4S0000008dOPUAY","","Collateral Summary","2020-06-02T17:59:20.000Z","0054S000000Ms6RQAS","2020-06-02T17:59:20.000Z","0054S000000Ms6RQAS","","","","a2G4S0000006UOhUAM","false","false","false","false","false","70.0","slide","true","true","false","false","","false","","a2I4S000000CeF9UAK","MappedSObjectHierarchyScreenResource","","42730041160087551","LLC_BI__Loan__c","","","","","","","false","false",""
"a2F4S0000008dOQUAY","","Participations","2020-06-02T17:59:20.000Z","0054S000000Ms6RQAS","2020-06-02T17:59:20.000Z","0054S000000Ms6RQAS","","","","a2G4S0000006UOhUAM","false","false","false","false","false","120.0","slide","true","true","false","false","","false","","a2I4S000000CeFAUA0","MappedSObjectHierarchyScreenResource","","42393323938755078","LLC_BI__Loan__c","","","","","","","false","false",""
"a2F4S0000008dORUAY","","Covenants Summary","2020-06-02T17:59:20.000Z","0054S000000Ms6RQAS","2020-06-02T17:59:20.000Z","0054S000000Ms6RQAS","","","","a2G4S0000006UOhUAM","false","false","false","false","false","80.0","slide","true","true","false","false","","false","","a2I4S000000CeFBUA0","MappedSObjectHierarchyScreenResource","","42709294655021983","LLC_BI__Loan__c","","","","","","","false","false",""
"a2F4S0000008dOSUAY","","Third Party Reports","2020-06-02T17:59:20.000Z","0054S000000Ms6RQAS","2020-06-02T17:59:20.000Z","0054S000000Ms6RQAS","","","","a2G4S0000006UOhUAM","false","false","false","false","false","100.0","slide","true","true","false","false","","false","","a2I4S000000CeFCUA0","MappedSObjectHierarchyScreenResource","","42568903515784264","LLC_BI__Loan__c","","","","","","","false","false",""
"a2F4S0000008dOTUAY","","Loan Team","2020-06-02T17:59:20.000Z","0054S000000Ms6RQAS","2020-06-02T17:59:20.000Z","0054S000000Ms6RQAS","","","","a2G4S0000006UOhUAM","false","false","false","false","false","90.0","slide","true","true","false","false","","false","","a2I4S000000CeFDUA0","MappedSObjectHierarchyScreenResource","","42996326131704068","LLC_BI__Loan__c","","","","","","","false","false",""
"a2F4S0000008dOUUAY","","Fees","2020-06-02T17:59:20.000Z","0054S000000Ms6RQAS","2020-06-02T17:59:20.000Z","0054S000000Ms6RQAS","","","","a2G4S0000006UOhUAM","false","false","false","false","false","110.0","slide","true","true","false","false","","false","","a2I4S000000CeFEUA0","MappedSObjectHierarchyScreenResource","","42535975368854799","LLC_BI__Loan__c","","","","","","","false","false",""
"a2F4S0000008dOVUAY","","Relationship Summary","2020-06-02T17:59:20.000Z","0054S000000Ms6RQAS","2020-06-02T17:59:20.000Z","0054S000000Ms6RQAS","","","","a2G4S0000006UOhUAM","false","false","false","false","false","10.0","slide","true","false","false","false","","false","","a2I4S000000CeFFUA0","MappedSObjectHierarchyScreenResource","","42969450851206588","LLC_BI__Loan__c","","","","","","","false","false",""
"a2F4S0000008dOWUAY","","Policy Exceptions","2020-06-02T17:59:20.000Z","0054S000000Ms6RQAS","2020-06-02T17:59:20.000Z","0054S000000Ms6RQAS","","","","a2G4S0000006UOhUAM","false","false","false","false","false","50.0","slide","true","false","false","false","","false","","a2I4S000000CeFGUA0","MappedSObjectHierarchyScreenResource","","42400661005211968","LLC_BI__Loan__c","","","","","","","false","false",""
"a2F4S0000008dOmUAI","","Spreads Appendix","2020-06-02T17:59:20.000Z","0054S000000Ms6RQAS","2020-06-02T17:59:20.000Z","0054S000000Ms6RQAS","","","","a2G4S0000006UOiUAM","false","false","false","false","false","170.0","slide","true","false","false","false","","false","","a2I4S000000CeFHUA0","MappedSObjectHierarchyScreenResource","a2J4S0000008REDUA2","42867825844338812","LLC_BI__Loan__c","","","","","","","false","false",""
"a2F4S0000008dPaUAI","","UI Configuration Builder","2020-06-02T17:59:20.000Z","0054S000000SW2aQAG","2020-06-02T17:59:20.000Z","0054S000000SW2aQAG","","","","a2G4S0000006USIUA2","false","false","false","true","false","100.0","slide","true","false","false","false","","true","","","MappedSObjectScreenResource","","42936578035218319","nFORCE__Group__c","","","","","","","false","false",""
"a2F4S0000008dPbUAI","","Collateral Summary","2020-06-02T17:59:20.000Z","0054S000000Ms6RQAS","2020-06-02T17:59:20.000Z","0054S000000Ms6RQAS","","","","a2G4S0000006UP1UAM","false","false","false","false","false","10.0","slide","true","false","false","false","","false","","a2I4S000000CeAcUAK","MappedSObjectScreenResource","","a2F4S0000008dPbUAI","LLC_BI__Loan__c","","","","","","","false","false",""
"a2F4S0000008dPcUAI","","Collateral Details","2020-06-02T17:59:20.000Z","0054S000000Ms6RQAS","2020-06-02T17:59:20.000Z","0054S000000Ms6RQAS","","","","a2G4S0000006UP2UAM","false","false","false","false","false","10.0","slide","true","false","false","true","","false","","a2I4S000000CeAdUAK","MappedSObjectHierarchyScreenResource","","a2F4S0000008dPcUAI","LLC_BI__Loan__c","","","","","","","false","false",""
"a2F4S0000008dPdUAI","","Certifications","2020-06-02T17:59:20.000Z","0054S000000Ms6RQAS","2020-06-02T17:59:20.000Z","0054S000000Ms6RQAS","","","","a2G4S0000006UP3UAM","false","false","false","false","false","0.0","slide","true","false","false","false","","true","","a2I4S000000CeAeUAK","MappedSObjectScreenResource","","a2F4S0000008dPdUAI","LLC_BI__Loan__c","","","","","","","false","false",""
"a2F4S0000008dLsUAI","","Review Details","2020-06-02T17:59:20.000Z","0054S000000Ms6RQAS","2020-06-02T17:59:20.000Z","0054S000000Ms6RQAS","","","","a2G4S0000006UOPUA2","false","false","false","false","false","10.0","slide","true","false","false","false","","false","","a2I4S000000CeAfUAK","MappedSObjectScreenResource","","42706250660829045","LLC_BI__Review__c","","","","","","","false","false",""
"a2F4S0000008dLrUAI","","Loan Summary","2020-06-02T17:59:20.000Z","0054S000000Ms6RQAS","2020-06-02T17:59:20.000Z","0054S000000Ms6RQAS","","","","a2G4S0000006UOPUA2","false","false","false","false","false","40.0","slide","true","false","false","false","","false","","a2I4S000000CeAgUAK","MappedSObjectHierarchyScreenResource","","42192487956086027","LLC_BI__Review__c","","","","","","","false","false",""
"a2F4S0000008dLtUAI","","Related Relationships","2020-06-02T17:59:20.000Z","0054S000000Ms6RQAS","2020-06-02T17:59:20.000Z","0054S000000Ms6RQAS","","","","a2G4S0000006UOPUA2","false","false","false","false","false","30.0","slide","true","false","false","false","","false","","a2I4S000000CeAhUAK","MappedSObjectHierarchyScreenResource","","42502957890552109","LLC_BI__Review__c","","","","","","","false","false",""
"a2F4S0000008dLqUAI","","Relationship Summary","2020-06-02T17:59:20.000Z","0054S000000Ms6RQAS","2020-06-02T17:59:20.000Z","0054S000000Ms6RQAS","","","","a2G4S0000006UOPUA2","false","false","false","false","false","20.0","slide","true","false","false","false","","false","","a2I4S000000CeAiUAK","MappedSObjectHierarchyScreenResource","","42277895468846752","LLC_BI__Review__c","","","","","","","false","false",""
"a2F4S0000008dPeUAI","","Relationship Summary Narrative","2020-06-02T17:59:20.000Z","0054S000000Ms6RQAS","2020-06-02T17:59:20.000Z","0054S000000Ms6RQAS","","","","a2G4S0000006UOPUA2","false","false","false","false","false","21.0","slide","true","false","true","false","","false","","","SObjectScreenResource","a2J4S0000008R9UUAU","42955734524168959","LLC_BI__Review__c","","","","","","","false","false",""
"a2F4S0000008dLuUAI","","Collateral Summary","2020-06-02T17:59:20.000Z","0054S000000Ms6RQAS","2020-06-02T17:59:20.000Z","0054S000000Ms6RQAS","","","","a2G4S0000006UOPUA2","false","false","false","false","false","50.0","slide","true","false","false","false","","false","","a2I4S000000CeAjUAK","MappedSObjectHierarchyScreenResource","","42805361597775197","LLC_BI__Review__c","","","","","","","false","false",""
"a2F4S0000008dPfUAI","","Collateral Narrative","2020-06-02T17:59:20.000Z","0054S000000Ms6RQAS","2020-06-02T17:59:20.000Z","0054S000000Ms6RQAS","","","","a2G4S0000006UOPUA2","false","false","false","false","false","51.0","slide","true","false","true","false","","false","","","SObjectScreenResource","a2J4S0000008R9VUAU","42447479573198537","LLC_BI__Review__c","","","","","","","false","false",""
"a2F4S0000008dLvUAI","","Covenant Summary","2020-06-02T17:59:20.000Z","0054S000000Ms6RQAS","2020-06-02T17:59:20.000Z","0054S000000Ms6RQAS","","","","a2G4S0000006UOPUA2","false","false","false","false","false","60.0","slide","true","false","false","false","","false","","a2I4S000000CeAkUAK","MappedSObjectHierarchyScreenResource","","42387029577793935","LLC_BI__Review__c","","","","","","","false","false",""
"a2F4S0000008dPgUAI","","Covenant Narrative","2020-06-02T17:59:20.000Z","0054S000000Ms6RQAS","2020-06-02T17:59:20.000Z","0054S000000Ms6RQAS","","","","a2G4S0000006UOPUA2","false","false","false","false","false","61.0","slide","true","false","true","false","","false","","","SObjectScreenResource","a2J4S0000008R9WUAU","42592743092541263","LLC_BI__Review__c","","","","","","","false","false",""
"a2F4S0000008dPSUAY","","Loan Team","2020-06-02T17:59:20.000Z","0054S000000Ms6RQAS","2020-06-02T17:59:20.000Z","0054S000000Ms6RQAS","","","","a2G4S0000006UOqUAM","false","false","false","false","false","90.0","slide","true","true","false","false","","false","","a2I4S000000CeCbUAK","MappedSObjectHierarchyScreenResource","","42548545219233639","LLC_BI__Loan__c","","","","","","","false","false",""
"a2F4S0000008dW4UAI","","Financial Analysis","2020-06-02T17:59:20.000Z","0054S000000Ms6RQAS","2020-06-02T17:59:20.000Z","0054S000000Ms6RQAS","","","","a2G4S0000006UOqUAM","false","false","false","false","false","150.0","slide","true","true","false","false","","true","","","SObjectScreenResource","a2J4S0000008RBqUAM","42275532865110102","LLC_BI__Loan__c","","","","","","","false","false",""
"a2F4S0000008dPYUAY","","Background Analysis","2020-06-02T17:59:20.000Z","0054S000000Ms6RQAS","2020-06-02T17:59:20.000Z","0054S000000Ms6RQAS","","","","a2G4S0000006UOqUAM","false","false","false","false","false","130.0","slide","true","true","false","false","","true","","","SObjectScreenResource","a2J4S0000008RBrUAM","42405875689713429","LLC_BI__Loan__c","","","","","","","false","false",""
"a2F4S0000008dW5UAI","","Loan Team Narrative","2020-06-02T17:59:20.000Z","0054S000000Ms6RQAS","2020-06-02T17:59:20.000Z","0054S000000Ms6RQAS","","","","a2G4S0000006UOqUAM","false","false","false","false","false","91.0","slide","true","false","true","false","","false","","","SObjectScreenResource","a2J4S0000008RBsUAM","42247966937626455","LLC_BI__Loan__c","","","","","","","false","false",""
"a2F4S0000008dPTUAY","","Fees","2020-06-02T17:59:20.000Z","0054S000000Ms6RQAS","2020-06-02T17:59:20.000Z","0054S000000Ms6RQAS","","","","a2G4S0000006UOqUAM","false","false","false","false","false","110.0","slide","true","true","false","false","","false","","a2I4S000000CeCcUAK","MappedSObjectHierarchyScreenResource","","42410578128466054","LLC_BI__Loan__c","","","","","","","false","false",""
"a2F4S0000008dW6UAI","","Third Party Report Narrative","2020-06-02T17:59:20.000Z","0054S000000Ms6RQAS","2020-06-02T17:59:20.000Z","0054S000000Ms6RQAS","","","","a2G4S0000006UOqUAM","false","false","false","false","false","101.0","slide","true","false","true","false","","true","","","SObjectScreenResource","a2J4S0000008RBtUAM","42566929542839036","LLC_BI__Loan__c","","","","","","","false","false",""
"a2F4S0000008dPUUAY","","Relationship Summary","2020-06-02T17:59:20.000Z","0054S000000Ms6RQAS","2020-06-02T17:59:20.000Z","0054S000000Ms6RQAS","","","","a2G4S0000006UOqUAM","false","false","false","false","false","10.0","slide","true","false","false","false","","false","","a2I4S000000CeCdUAK","MappedSObjectHierarchyScreenResource","","42952741137785367","LLC_BI__Loan__c","","","","","","","false","false",""
"a2F4S0000008dW7UAI","","Relationship Summary Narrative","2020-06-02T17:59:20.000Z","0054S000000Ms6RQAS","2020-06-02T17:59:20.000Z","0054S000000Ms6RQAS","","","","a2G4S0000006UOqUAM","false","false","false","false","false","11.0","slide","true","false","true","false","","false","","","SObjectScreenResource","a2J4S0000008RBuUAM","42324428330857856","LLC_BI__Loan__c","","","","","","","false","false",""
"a2F4S0000008dPVUAY","","Policy Exceptions","2020-06-02T17:59:20.000Z","0054S000000Ms6RQAS","2020-06-02T17:59:20.000Z","0054S000000Ms6RQAS","","","","a2G4S0000006UOqUAM","false","false","false","false","false","50.0","slide","true","false","false","false","","false","","a2I4S000000CeCeUAK","MappedSObjectHierarchyScreenResource","","42845217232115447","LLC_BI__Loan__c","","","","","","","false","false",""
"a2F4S0000008dW8UAI","","System Properties","2020-06-02T17:59:20.000Z","0054S000000SW2aQAG","2020-06-02T17:59:20.000Z","0054S000000SW2aQAG","","","","a2G4S0000006URwUAM","false","false","true","true","false","1.0","slide","true","false","false","false","","true","","","CustomSettingsListScreenResource","","42982998390932528","nFORCE__System_Properties__c","","","","","","","false","false",""
"a2F4S0000008dW9UAI","","UI Config Builder - Route List","2020-06-02T17:59:20.000Z","0054S000000SW2aQAG","2020-06-02T17:59:20.000Z","0054S000000SW2aQAG","","","","a2G4S0000006URxUAM","false","false","false","true","false","400.0","slide","true","false","false","false","","false","","","MappedSObjectHierarchyScreenResource","","42293642727790385","nFORCE__Group__c","","","","","","","false","false",""
"a2F4S0000008dWAUAY","","UI Configuration","2020-06-02T17:59:20.000Z","0054S000000SW2aQAG","2020-06-02T17:59:20.000Z","0054S000000SW2aQAG","","","","a2G4S0000006URxUAM","false","false","true","true","false","100.0","slide","true","false","false","false","","true","","","MappedSObjectListScreenResource","","42682678238527482","nFORCE__Group__c","","","","","","","false","false",""
"a2F4S0000008dWBUAY","","UI Config Builder - Add a New Route","2020-06-02T17:59:20.000Z","0054S000000SW2aQAG","2020-06-02T17:59:20.000Z","0054S000000SW2aQAG","","","","a2G4S0000006URxUAM","false","false","true","true","false","200.0","slide","true","false","false","false","","true","","","MappedSObjectScreenResource","","42973591549033661","nFORCE__Route__c","","","","","","","false","false",""
"a2F4S0000008dWCUAY","","UI Config Builder - Add a New Route Group","2020-06-02T17:59:20.000Z","0054S000000SW2aQAG","2020-06-02T17:59:20.000Z","0054S000000SW2aQAG","","","","a2G4S0000006URxUAM","false","false","true","true","false","300.0","slide","true","false","false","false","","true","","","MappedSObjectScreenResource","","42821053932478183","nFORCE__Route_Group__c","","","","","","","false","false",""
"a2F4S0000008dWDUAY","","UI Config Builder - Add a New Screen","2020-06-02T17:59:20.000Z","0054S000000SW2aQAG","2020-06-02T17:59:20.000Z","0054S000000SW2aQAG","","","","a2G4S0000006URxUAM","false","false","true","true","false","500.0","slide","true","false","false","false","","true","","","MappedSObjectScreenResource","","42852900255190671","nFORCE__Screen__c","","","","","","","false","false",""
"a2F4S0000008dWEUAY","","UI Config Builder - Add a New Screen Section","2020-06-02T17:59:20.000Z","0054S000000SW2aQAG","2020-06-02T17:59:20.000Z","0054S000000SW2aQAG","","","","a2G4S0000006URxUAM","false","false","true","true","false","600.0","slide","true","false","false","false","","true","","","MappedSObjectScreenResource","","42938252300420525","nFORCE__Screen_Section__c","","","","","","","false","false",""
"a2F4S0000008dWFUAY","","UI Configuration Builder","2020-06-02T17:59:20.000Z","0054S000000SW2aQAG","2020-06-02T17:59:20.000Z","0054S000000SW2aQAG","","","","a2G4S0000006USbUAM","false","false","false","true","false","100.0","slide","true","false","false","false","","true","","","MappedSObjectScreenResource","","42523200357655160","nFORCE__Group__c","","","","","","","false","false",""
"a2F4S0000008dWGUAY","","Entity Compliance","2020-06-02T17:59:20.000Z","0054S000000Ms6RQAS","2020-06-02T17:59:20.000Z","0054S000000Ms6RQAS","","","","a2G4S0000006URyUAM","false","false","false","true","false","0.0","slide","true","false","false","false","","false","","","MappedSObjectHierarchyScreenResource","","42406142539838987","LLC_BI__Loan__c","","","","","","","false","false",""
"a2F4S0000008dWHUAY","","Loan Compliances (HMDA Effective-2017)","2020-06-02T17:59:20.000Z","0054S000000Ms6RQAS","2020-06-02T17:59:20.000Z","0054S000000Ms6RQAS","","","","a2G4S0000006URzUAM","false","false","false","true","false","0.0","slide","true","false","false","false","","false","","","MappedSObjectHierarchyScreenResource","","42237458710107066","LLC_BI__Loan__c","","","","","","","false","false",""
"a2F4S0000008dWIUAY","","Entity Compliance","2020-06-02T17:59:20.000Z","0054S000000Ms6RQAS","2020-06-02T17:59:20.000Z","0054S000000Ms6RQAS","","","","a2G4S0000006US0UAM","false","false","false","true","false","0.0","slide","true","false","false","false","","false","","","MappedSObjectHierarchyScreenResource","","42011116611545357","LLC_BI__Loan__c","","","","","","","false","false",""
"a2F4S0000008dWJUAY","","Loan Compliances (HMDA Effective-2018)","2020-06-02T17:59:20.000Z","0054S000000Ms6RQAS","2020-06-02T17:59:20.000Z","0054S000000Ms6RQAS","","","","a2G4S0000006US1UAM","false","false","false","true","false","0.0","slide","true","false","false","false","","false","","","MappedSObjectHierarchyScreenResource","","42126756948018205","LLC_BI__Loan__c","","","","","","","false","false",""
"a2F4S0000008dWKUAY","","Pricing Options","2020-06-02T17:59:20.000Z","0054S000000Ms6RQAS","2020-06-02T17:59:20.000Z","0054S000000Ms6RQAS","","","","a2G4S0000006UScUAM","false","false","true","true","false","0.0","slide","true","false","false","false","","false","","","MappedSObjectScreenResource","","42417340183421700","LLC_BI__Loan__c","","","","","","","false","false",""
"a2F4S0000008dWLUAY","","Memo Details","2020-06-02T17:59:20.000Z","0054S000000Ms6RQAS","2020-06-02T17:59:20.000Z","0054S000000Ms6RQAS","","","","a2G4S0000006US2UAM","false","false","false","true","false","1.0","slide","true","false","false","false","","false","","","MappedSObjectScreenResource","","42039833168495518","LLC_BI__Credit_Memo_Modifcation__c","","","","","","","false","false",""
"a2F4S0000008dWMUAY","","Requires Approval","2020-06-02T17:59:20.000Z","0054S000000Ms6RQAS","2020-06-02T17:59:20.000Z","0054S000000Ms6RQAS","","","","a2G4S0000006US2UAM","false","false","false","true","false","2.0","slide","true","false","false","false","","false","","","MappedSObjectScreenResource","","42046523076484857","LLC_BI__Credit_Memo_Modifcation__c","","","","","","","false","false",""
"a2F4S0000008dWNUAY","","Does Not Require Approval","2020-06-02T17:59:20.000Z","0054S000000Ms6RQAS","2020-06-02T17:59:20.000Z","0054S000000Ms6RQAS","","","","a2G4S0000006US2UAM","false","false","false","true","false","3.0","slide","true","false","false","false","","false","","","MappedSObjectScreenResource","","42905596483472085","LLC_BI__Credit_Memo_Modifcation__c","","","","","","","false","false",""
"a2F4S0000008dWOUAY","","Modification Description","2020-06-02T17:59:20.000Z","0054S000000Ms6RQAS","2020-06-02T17:59:20.000Z","0054S000000Ms6RQAS","","","","a2G4S0000006US2UAM","false","false","false","true","false","4.0","slide","true","false","false","false","","false","","","MappedSObjectScreenResource","","42534487101829538","LLC_BI__Credit_Memo_Modifcation__c","","","","","","","false","false",""
"a2F4S0000008dWPUAY","","Package Information","2020-06-02T17:59:20.000Z","0054S000000Ms6RQAS","2020-06-02T17:59:20.000Z","0054S000000Ms6RQAS","","","","a2G4S0000006US3UAM","false","false","false","true","false","10.0","slide","true","false","false","false","","true","","","MappedSObjectScreenResource","","42180231544515211","LLC_BI__Product_Package__c","","","","","","","false","false",""
"a2F4S0000008dWQUAY","","Exposure","2020-06-02T17:59:20.000Z","0054S000000Ms6RQAS","2020-06-02T17:59:20.000Z","0054S000000Ms6RQAS","","","","a2G4S0000006US3UAM","false","false","false","true","false","20.0","slide","true","false","false","false","","true","","","MappedSObjectScreenResource","","42069518347320424","LLC_BI__Product_Package__c","","","","","","","false","false",""
"a2F4S0000008dWRUAY","","Review Detail","2020-06-02T17:59:20.000Z","0054S000000Ms6RQAS","2020-06-02T17:59:20.000Z","0054S000000Ms6RQAS","","","","a2G4S0000006US5UAM","false","false","false","true","false","10.0","slide","true","false","false","false","","true","","","MappedSObjectScreenResource","","42587479490410114","LLC_BI__Product_Package__c","","","","","","","false","false",""
"a2F4S0000008dWSUAY","","Loan Products","2020-06-02T17:59:20.000Z","0054S000000Ms6RQAS","2020-06-02T17:59:20.000Z","0054S000000Ms6RQAS","","","","a2G4S0000006UQjUAM","false","false","false","true","false","1.0","slide","true","false","false","false","","false","","","ReferenceFilteredHierarchyScreenResource","","42133266547680866","Account","","","","","","","false","false",""
"a2F4S0000008dWTUAY","","Deposit Products","2020-06-02T17:59:20.000Z","0054S000000Ms6RQAS","2020-06-02T17:59:20.000Z","0054S000000Ms6RQAS","","","","a2G4S0000006UQkUAM","false","false","false","true","false","1.0","slide","true","false","false","false","","false","","","ReferenceFilteredHierarchyScreenResource","","42358524196252701","Account","","","","","","","false","false",""
"a2F4S0000008dWUUAY","","Borrowing Structure","2020-06-02T17:59:20.000Z","0054S000000Ms6RQAS","2020-06-02T17:59:20.000Z","0054S000000Ms6RQAS","","","","a2G4S0000006USdUAM","false","false","false","true","false","0.0","slide","true","false","false","false","","false","","","MappedSObjectHierarchyScreenResource","","42911884061626061","LLC_BI__Loan__c","","","","","","","false","false",""
"a2F4S0000008dWVUAY","","Tasks","2020-06-02T17:59:20.000Z","0054S000000Ms6RQAS","2020-06-02T17:59:20.000Z","0054S000000Ms6RQAS","","","","a2G4S0000006USeUAM","false","false","false","true","false","1.0","slide","true","false","false","false","","false","","","MappedSObjectHierarchyScreenResource","","42355661100147723","LLC_BI__Loan__c","","","","","","","false","false",""
"a2F4S0000008dOlUAI","","Approval History","2020-06-02T17:59:20.000Z","0054S000000Ms6RQAS","2020-06-02T17:59:20.000Z","0054S000000Ms6RQAS","","","","a2G4S0000006UOiUAM","false","false","false","false","false","40.0","slide","true","false","false","false","","false","","","SObjectScreenResource","a2J4S0000008REEUA2","42431805390107120","LLC_BI__Loan__c","","","","","","","false","false",""
"a2F4S0000008dOZUAY","","Related Exposure","2020-06-02T17:59:20.000Z","0054S000000Ms6RQAS","2020-06-02T17:59:20.000Z","0054S000000Ms6RQAS","","","","a2G4S0000006UOiUAM","false","false","false","false","false","60.0","slide","true","false","false","false","","false","","a2I4S000000CeFIUA0","MappedSObjectHierarchyScreenResource","","42371711358980296","LLC_BI__Loan__c","","","","","","","false","false",""
"a2F4S0000008dOaUAI","","Authorized Signer","2020-06-02T17:59:20.000Z","0054S000000Ms6RQAS","2020-06-02T17:59:20.000Z","0054S000000Ms6RQAS","","","","a2G4S0000006UOiUAM","false","false","false","false","false","31.0","slide","true","false","true","false","","false","","a2I4S000000CeFJUA0","MappedSObjectHierarchyScreenResource","","42145513057551651","LLC_BI__Loan__c","","","","","","","false","false",""
"a2F4S0000008dObUAI","","Borrower Structure","2020-06-02T17:59:20.000Z","0054S000000Ms6RQAS","2020-06-02T17:59:20.000Z","0054S000000Ms6RQAS","","","","a2G4S0000006UOiUAM","false","false","false","false","false","30.0","slide","true","false","false","false","","false","","a2I4S000000CeFKUA0","MappedSObjectHierarchyScreenResource","","42021798646871262","LLC_BI__Loan__c","","","","","","","false","false",""
"a2F4S0000008dOcUAI","","Loan Summary","2020-06-02T17:59:20.000Z","0054S000000Ms6RQAS","2020-06-02T17:59:20.000Z","0054S000000Ms6RQAS","","","","a2G4S0000006UOiUAM","false","false","false","false","false","20.0","slide","true","true","false","false","","false","","a2I4S000000CeFLUA0","MappedSObjectScreenResource","","42321174435127402","LLC_BI__Loan__c","","","","","","","false","false",""
"a2F4S0000008dOdUAI","","Collateral Summary","2020-06-02T17:59:20.000Z","0054S000000Ms6RQAS","2020-06-02T17:59:20.000Z","0054S000000Ms6RQAS","","","","a2G4S0000006UOiUAM","false","false","false","false","false","70.0","slide","true","true","false","false","","false","","a2I4S000000CeFMUA0","MappedSObjectHierarchyScreenResource","","42535127131565298","LLC_BI__Loan__c","","","","","","","false","false",""
"a2F4S0000008dOeUAI","","Participations","2020-06-02T17:59:20.000Z","0054S000000Ms6RQAS","2020-06-02T17:59:20.000Z","0054S000000Ms6RQAS","","","","a2G4S0000006UOiUAM","false","false","false","false","false","120.0","slide","true","true","false","false","","false","","a2I4S000000CeFNUA0","MappedSObjectHierarchyScreenResource","","42667410190880973","LLC_BI__Loan__c","","","","","","","false","false",""
"a2F4S0000008dOfUAI","","Covenants Summary","2020-06-02T17:59:20.000Z","0054S000000Ms6RQAS","2020-06-02T17:59:20.000Z","0054S000000Ms6RQAS","","","","a2G4S0000006UOiUAM","false","false","false","false","false","80.0","slide","true","true","false","false","","false","","a2I4S000000CeFOUA0","MappedSObjectHierarchyScreenResource","","42874478419497780","LLC_BI__Loan__c","","","","","","","false","false",""
"a2F4S0000008dOgUAI","","Third Party Reports","2020-06-02T17:59:20.000Z","0054S000000Ms6RQAS","2020-06-02T17:59:20.000Z","0054S000000Ms6RQAS","","","","a2G4S0000006UOiUAM","false","false","false","false","false","100.0","slide","true","true","false","false","","false","","a2I4S000000CeFPUA0","MappedSObjectHierarchyScreenResource","","42268260316415140","LLC_BI__Loan__c","","","","","","","false","false",""
"a2F4S0000008dOhUAI","","Loan Team","2020-06-02T17:59:20.000Z","0054S000000Ms6RQAS","2020-06-02T17:59:20.000Z","0054S000000Ms6RQAS","","","","a2G4S0000006UOiUAM","false","false","false","false","false","90.0","slide","true","true","false","false","","false","","a2I4S000000CeFQUA0","MappedSObjectHierarchyScreenResource","","42444101818109270","LLC_BI__Loan__c","","","","","","","false","false",""
"a2F4S0000008dOiUAI","","Fees","2020-06-02T17:59:20.000Z","0054S000000Ms6RQAS","2020-06-02T17:59:20.000Z","0054S000000Ms6RQAS","","","","a2G4S0000006UOiUAM","false","false","false","false","false","110.0","slide","true","true","false","false","","false","","a2I4S000000CeFRUA0","MappedSObjectHierarchyScreenResource","","42121051538041776","LLC_BI__Loan__c","","","","","","","false","false",""
"a2F4S0000008dOjUAI","","Relationship Summary","2020-06-02T17:59:20.000Z","0054S000000Ms6RQAS","2020-06-02T17:59:20.000Z","0054S000000Ms6RQAS","","","","a2G4S0000006UOiUAM","false","false","false","false","false","10.0","slide","true","false","false","false","","false","","a2I4S000000CeFSUA0","MappedSObjectHierarchyScreenResource","","42290976237898609","LLC_BI__Loan__c","","","","","","","false","false",""
"a2F4S0000008dOkUAI","","Policy Exceptions","2020-06-02T17:59:20.000Z","0054S000000Ms6RQAS","2020-06-02T17:59:20.000Z","0054S000000Ms6RQAS","","","","a2G4S0000006UOiUAM","false","false","false","false","false","50.0","slide","true","false","false","false","","false","","a2I4S000000CeFTUA0","MappedSObjectHierarchyScreenResource","","42020977252857698","LLC_BI__Loan__c","","","","","","","false","false",""
"a2F4S0000008dPhUAI","","Review Summary","2020-06-02T17:59:20.000Z","0054S000000Ms6RQAS","2020-06-02T17:59:20.000Z","0054S000000Ms6RQAS","","","","a2G4S0000006UOPUA2","false","false","false","false","false","70.0","slide","true","false","false","false","","false","","","SObjectScreenResource","a2J4S0000008R9XUAU","42843025240708355","LLC_BI__Review__c","","","","","","","false","false",""
"a2F4S0000008dPiUAI","","UI Configuration Builder","2020-06-02T17:59:20.000Z","0054S000000SW2aQAG","2020-06-02T17:59:20.000Z","0054S000000SW2aQAG","","","","a2G4S0000006USJUA2","false","false","false","true","false","100.0","slide","true","false","false","false","","true","","","MappedSObjectScreenResource","","42889965919376462","nFORCE__Group__c","","","","","","","false","false",""
"a2F4S0000008dLwUAI","","Related Exposure","2020-06-02T17:59:20.000Z","0054S000000Ms6RQAS","2020-06-02T17:59:20.000Z","0054S000000Ms6RQAS","","","","a2G4S0000006UOQUA2","false","false","false","false","false","60.0","slide","true","false","false","false","","false","","a2I4S000000CeAlUAK","MappedSObjectHierarchyScreenResource","","42874831218827914","LLC_BI__Product_Package__c","","","","","","","false","false",""
"a2F4S0000008dLxUAI","","Product Request","2020-06-02T17:59:20.000Z","0054S000000Ms6RQAS","2020-06-02T17:59:20.000Z","0054S000000Ms6RQAS","","","","a2G4S0000006UOQUA2","false","false","false","false","false","30.0","slide","true","false","false","false","","false","","a2I4S000000CeAmUAK","MappedSObjectHierarchyScreenResource","","42549262841559988","LLC_BI__Product_Package__c","","","","","","","false","false",""
"a2F4S0000008dPjUAI","","Product Request Narrative","2020-06-02T17:59:20.000Z","0054S000000Ms6RQAS","2020-06-02T17:59:20.000Z","0054S000000Ms6RQAS","","","","a2G4S0000006UOQUA2","false","false","false","false","false","31.0","slide","true","false","true","false","","false","","","SObjectScreenResource","a2J4S0000008R9YUAU","42495421004357144","LLC_BI__Product_Package__c","","","","","","","false","false",""
"a2F4S0000008dPkUAI","","Product Package Narrative","2020-06-02T17:59:20.000Z","0054S000000Ms6RQAS","2020-06-02T17:59:20.000Z","0054S000000Ms6RQAS","","","","a2G4S0000006UOQUA2","false","false","false","false","false","21.0","slide","true","true","true","false","","true","","","SObjectScreenResource","a2J4S0000008R9ZUAU","42231243597136469","LLC_BI__Product_Package__c","","","","","","","false","false",""
"a2F4S0000008dLyUAI","","Product Package Details","2020-06-02T17:59:20.000Z","0054S000000Ms6RQAS","2020-06-02T17:59:20.000Z","0054S000000Ms6RQAS","","","","a2G4S0000006UOQUA2","false","false","false","false","false","20.0","slide","true","true","false","false","","false","","a2I4S000000CeAnUAK","MappedSObjectScreenResource","","42683992470366734","LLC_BI__Product_Package__c","","","","","","","false","false",""
"a2F4S0000008dLzUAI","","Relationship Summary","2020-06-02T17:59:20.000Z","0054S000000Ms6RQAS","2020-06-02T17:59:20.000Z","0054S000000Ms6RQAS","","","","a2G4S0000006UOQUA2","false","false","false","false","false","10.0","slide","true","false","false","false","","false","","a2I4S000000CeAoUAK","MappedSObjectHierarchyScreenResource","","42785810684238833","LLC_BI__Product_Package__c","","","","","","","false","false",""
"a2F4S0000008dPlUAI","","Relationship Summary Narrative","2020-06-02T17:59:20.000Z","0054S000000Ms6RQAS","2020-06-02T17:59:20.000Z","0054S000000Ms6RQAS","","","","a2G4S0000006UOQUA2","false","false","false","false","false","11.0","slide","true","false","true","false","","false","","","SObjectScreenResource","a2J4S0000008R9aUAE","42914951289427225","LLC_BI__Product_Package__c","","","","","","","false","false",""
"a2F4S0000008dM0UAI","","Product Package Team","2020-06-02T17:59:20.000Z","0054S000000Ms6RQAS","2020-06-02T17:59:20.000Z","0054S000000Ms6RQAS","","","","a2G4S0000006UOQUA2","false","false","false","false","false","70.0","slide","true","false","false","false","","false","","a2I4S000000CeApUAK","MappedSObjectHierarchyScreenResource","","42619827141207513","LLC_BI__Product_Package__c","","","","","","","false","false",""
"a2F4S0000008dM1UAI","","Collateral Summary","2020-06-02T17:59:20.000Z","0054S000000Ms6RQAS","2020-06-02T17:59:20.000Z","0054S000000Ms6RQAS","","","","a2G4S0000006UOQUA2","false","false","false","false","false","40.0","slide","true","false","false","false","","false","","a2I4S000000CeAqUAK","MappedSObjectHierarchyScreenResource","","42058706854631693","LLC_BI__Product_Package__c","","","","","","","false","false",""
"a2F4S0000008dM2UAI","","Covenant Summary","2020-06-02T17:59:20.000Z","0054S000000Ms6RQAS","2020-06-02T17:59:20.000Z","0054S000000Ms6RQAS","","","","a2G4S0000006UOQUA2","false","false","false","false","false","50.0","slide","true","false","false","false","","false","","a2I4S000000CeArUAK","MappedSObjectHierarchyScreenResource","","42345072843556154","LLC_BI__Product_Package__c","","","","","","","false","false",""
"a2F4S0000008dPmUAI","","Collateral Narrative","2020-06-02T17:59:20.000Z","0054S000000Ms6RQAS","2020-06-02T17:59:20.000Z","0054S000000Ms6RQAS","","","","a2G4S0000006UOQUA2","false","false","false","false","false","41.0","slide","true","false","true","false","","false","","","SObjectScreenResource","a2J4S0000008R9bUAE","42242804691379474","LLC_BI__Product_Package__c","","","","","","","false","false",""
"a2F4S0000008dPnUAI","","Covenant Narrative","2020-06-02T17:59:20.000Z","0054S000000Ms6RQAS","2020-06-02T17:59:20.000Z","0054S000000Ms6RQAS","","","","a2G4S0000006UOQUA2","false","false","false","false","false","51.0","slide","true","false","true","false","","false","","","SObjectScreenResource","a2J4S0000008R9cUAE","42837661920360168","LLC_BI__Product_Package__c","","","","","","","false","false",""
"a2F4S0000008dPoUAI","","Recommendation Summary","2020-06-02T17:59:20.000Z","0054S000000Ms6RQAS","2020-06-02T17:59:20.000Z","0054S000000Ms6RQAS","","","","a2G4S0000006UOQUA2","false","false","false","false","false","80.0","slide","true","false","false","false","","false","","","SObjectScreenResource","a2J4S0000008R9dUAE","42768412504012156","LLC_BI__Product_Package__c","","","","","","","false","false",""
"a2F4S0000008dPpUAI","","Deposits","2020-06-02T17:59:20.000Z","0054S000000Ms6RQAS","2020-06-02T17:59:20.000Z","0054S000000Ms6RQAS","","","","a2G4S0000006US4UAM","false","false","false","false","false","0.0","slide","true","false","false","false","","false","","a2I4S000000CeAsUAK","GrandchildScreenResource","","a2F4S0000008dPpUAI","LLC_BI__Product_Package__c","","","","","","","false","false",""
"a2F4S0000008dMGUAY","","Spreads Appendix","2020-06-02T17:59:20.000Z","0054S000000Ms6RQAS","2020-06-02T17:59:20.000Z","0054S000000Ms6RQAS","","","","a2G4S0000006USKUA2","false","false","false","false","false","170.0","slide","true","false","false","false","","false","","a2I4S000000CeAtUAK","MappedSObjectHierarchyScreenResource","a2J4S0000008R9eUAE","42316371110750159","LLC_BI__Loan__c","","","","","","","false","false",""
"a2F4S0000008dM3UAI","","Approval History","2020-06-02T17:59:20.000Z","0054S000000Ms6RQAS","2020-06-02T17:59:20.000Z","0054S000000Ms6RQAS","","","","a2G4S0000006USKUA2","false","false","false","false","false","40.0","slide","true","false","false","false","","false","","","SObjectScreenResource","a2J4S0000008R9fUAE","42510367881513055","LLC_BI__Loan__c","","","","","","","false","false",""
"a2F4S0000008dM4UAI","","Related Exposure","2020-06-02T17:59:20.000Z","0054S000000Ms6RQAS","2020-06-02T17:59:20.000Z","0054S000000Ms6RQAS","","","","a2G4S0000006USKUA2","false","false","false","false","false","60.0","slide","true","false","false","false","","false","","a2I4S000000CeAuUAK","MappedSObjectHierarchyScreenResource","","42534689611789792","LLC_BI__Loan__c","","","","","","","false","false",""
"a2F4S0000008dPqUAI","","Approval History Narrative","2020-06-02T17:59:20.000Z","0054S000000Ms6RQAS","2020-06-02T17:59:20.000Z","0054S000000Ms6RQAS","","","","a2G4S0000006USKUA2","false","false","false","false","false","41.0","slide","true","false","true","false","","false","","","SObjectScreenResource","a2J4S0000008R9gUAE","42892354818207751","LLC_BI__Loan__c","","","","","","","false","false",""
"a2F4S0000008dPrUAI","","Loan Summary Narrative","2020-06-02T17:59:20.000Z","0054S000000Ms6RQAS","2020-06-02T17:59:20.000Z","0054S000000Ms6RQAS","","","","a2G4S0000006USKUA2","false","false","false","false","false","21.0","slide","true","false","true","false","","false","","","SObjectScreenResource","a2J4S0000008R9hUAE","42133044980822478","LLC_BI__Loan__c","","","","","","","false","false",""
"a2F4S0000008dM5UAI","","Authorized Signer","2020-06-02T17:59:20.000Z","0054S000000Ms6RQAS","2020-06-02T17:59:20.000Z","0054S000000Ms6RQAS","","","","a2G4S0000006USKUA2","false","false","false","false","false","31.0","slide","true","false","true","false","","false","","a2I4S000000CeAvUAK","MappedSObjectHierarchyScreenResource","","42848026680050681","LLC_BI__Loan__c","","","","","","","false","false",""
"a2F4S0000008dM6UAI","","Borrower Structure","2020-06-02T17:59:20.000Z","0054S000000Ms6RQAS","2020-06-02T17:59:20.000Z","0054S000000Ms6RQAS","","","","a2G4S0000006USKUA2","false","false","false","false","false","30.0","slide","true","false","false","false","","false","","a2I4S000000CeAwUAK","MappedSObjectHierarchyScreenResource","","42741088004966298","LLC_BI__Loan__c","","","","","","","false","false",""
"a2F4S0000008dM7UAI","","Loan Summary","2020-06-02T17:59:20.000Z","0054S000000Ms6RQAS","2020-06-02T17:59:20.000Z","0054S000000Ms6RQAS","","","","a2G4S0000006USKUA2","false","false","false","false","false","20.0","slide","true","true","false","false","","false","","a2I4S000000CeAxUAK","MappedSObjectScreenResource","","42332222736151712","LLC_BI__Loan__c","","","","","","","false","false",""
"a2F4S0000008dPsUAI","","Borrower Structure Narrative","2020-06-02T17:59:20.000Z","0054S000000Ms6RQAS","2020-06-02T17:59:20.000Z","0054S000000Ms6RQAS","","","","a2G4S0000006USKUA2","false","false","false","false","false","32.0","slide","true","false","true","false","","false","","","SObjectScreenResource","a2J4S0000008R9iUAE","42183526644082873","LLC_BI__Loan__c","","","","","","","false","false",""
"a2F4S0000008dM8UAI","","Collateral Summary","2020-06-02T17:59:20.000Z","0054S000000Ms6RQAS","2020-06-02T17:59:20.000Z","0054S000000Ms6RQAS","","","","a2G4S0000006USKUA2","false","false","false","false","false","70.0","slide","true","true","false","false","","false","","a2I4S000000CeAyUAK","MappedSObjectHierarchyScreenResource","","42050032892861382","LLC_BI__Loan__c","","","","","","","false","false",""
"a2F4S0000008dPtUAI","","Collateral Narrative","2020-06-02T17:59:20.000Z","0054S000000Ms6RQAS","2020-06-02T17:59:20.000Z","0054S000000Ms6RQAS","","","","a2G4S0000006USKUA2","false","false","false","false","false","71.0","slide","true","false","true","false","","true","","","SObjectScreenResource","a2J4S0000008R9jUAE","42619313573959997","LLC_BI__Loan__c","","","","","","","false","false",""
"a2F4S0000008dM9UAI","","Participations","2020-06-02T17:59:20.000Z","0054S000000Ms6RQAS","2020-06-02T17:59:20.000Z","0054S000000Ms6RQAS","","","","a2G4S0000006USKUA2","false","false","false","false","false","120.0","slide","true","true","false","false","","false","","a2I4S000000CeAzUAK","MappedSObjectHierarchyScreenResource","","42882623895617873","LLC_BI__Loan__c","","","","","","","false","false",""
"a2F4S0000008dPuUAI","","Policy Exception Narrative","2020-06-02T17:59:20.000Z","0054S000000Ms6RQAS","2020-06-02T17:59:20.000Z","0054S000000Ms6RQAS","","","","a2G4S0000006USKUA2","false","false","false","false","false","51.0","slide","true","true","true","false","","true","","","SObjectScreenResource","a2J4S0000008R9kUAE","42398351644057113","LLC_BI__Loan__c","","","","","","","false","false",""
"a2F4S0000008dMAUAY","","Covenants Summary","2020-06-02T17:59:20.000Z","0054S000000Ms6RQAS","2020-06-02T17:59:20.000Z","0054S000000Ms6RQAS","","","","a2G4S0000006USKUA2","false","false","false","false","false","80.0","slide","true","true","false","false","","false","","a2I4S000000CeB0UAK","MappedSObjectHierarchyScreenResource","","42605137898835051","LLC_BI__Loan__c","","","","","","","false","false",""
"a2F4S0000008dMBUAY","","Third Party Reports","2020-06-02T17:59:20.000Z","0054S000000Ms6RQAS","2020-06-02T17:59:20.000Z","0054S000000Ms6RQAS","","","","a2G4S0000006USKUA2","false","false","false","false","false","100.0","slide","true","true","false","false","","false","","a2I4S000000CeB1UAK","MappedSObjectHierarchyScreenResource","","42961331128285673","LLC_BI__Loan__c","","","","","","","false","false",""
"a2F4S0000008dPvUAI","","Lender Recommendation","2020-06-02T17:59:20.000Z","0054S000000Ms6RQAS","2020-06-02T17:59:20.000Z","0054S000000Ms6RQAS","","","","a2G4S0000006USKUA2","false","false","false","false","false","160.0","slide","true","true","false","false","","true","","","SObjectScreenResource","a2J4S0000008R9lUAE","42754276293448295","LLC_BI__Loan__c","","","","","","","false","false",""
"a2F4S0000008dWWUAY","","Events","2020-06-02T17:59:20.000Z","0054S000000Ms6RQAS","2020-06-02T17:59:20.000Z","0054S000000Ms6RQAS","","","","a2G4S0000006USeUAM","false","false","false","true","false","2.0","slide","true","false","false","false","","false","","","MappedSObjectHierarchyScreenResource","","42888041941117197","LLC_BI__Loan__c","","","","","","","false","false",""
"a2F4S0000008dWXUAY","","Approval History","2020-06-02T17:59:20.000Z","0054S000000Ms6RQAS","2020-06-02T17:59:20.000Z","0054S000000Ms6RQAS","","","","a2G4S0000006USeUAM","false","false","false","true","false","3.0","slide","true","false","false","false","","false","","","MappedSObjectScreenResource","a2J4S0000008RBvUAM","42911416414129208","LLC_BI__Loan__c","","","","","","","false","false",""
"a2F4S0000008dWYUAY","","Collateral","2020-06-02T17:59:20.000Z","0054S000000Ms6RQAS","2020-06-02T17:59:20.000Z","0054S000000Ms6RQAS","","","","a2G4S0000006USfUAM","false","false","false","true","false","1.0","slide","true","false","false","false","","false","","","MappedSObjectHierarchyScreenResource","","42335293570225748","LLC_BI__Loan__c","","","","","","","false","false",""
"a2F4S0000008dWZUAY","","HMDA","2020-06-02T17:59:20.000Z","0054S000000Ms6RQAS","2020-06-02T17:59:20.000Z","0054S000000Ms6RQAS","","","","a2G4S0000006USgUAM","false","false","false","true","false","0.0","slide","true","false","false","false","","false","","","MappedSObjectHierarchyScreenResource","","42270788919550403","LLC_BI__Loan__c","","","","","","","false","false",""
"a2F4S0000008dWaUAI","","Loan Details","2020-06-02T17:59:20.000Z","0054S000000Ms6RQAS","2020-06-02T17:59:20.000Z","0054S000000Ms6RQAS","","","","a2G4S0000006UShUAM","false","false","true","true","false","0.0","slide","true","false","false","false","","true","","","MappedSObjectScreenResource","","42478272942799723","LLC_BI__Loan__c","","","","","","","false","false",""
"a2F4S0000008dWbUAI","","Pricing","2020-06-02T17:59:20.000Z","0054S000000Ms6RQAS","2020-06-02T17:59:20.000Z","0054S000000Ms6RQAS","","","","a2G4S0000006UQlUAM","false","false","false","true","false","1.0","slide","true","false","false","false","","false","","a2I4S000000CeCfUAK","MappedSObjectScreenResource","","42309338358161526","LLC_BI__Loan__c","","","","","","","false","false",""
"a2F4S0000008dWcUAI","","Referral","2020-06-02T17:59:20.000Z","0054S000000Ms6RQAS","2020-06-02T17:59:20.000Z","0054S000000Ms6RQAS","","","","a2G4S0000006USiUAM","false","false","true","true","false","2.0","slide","true","false","false","false","","true","","","MappedSObjectScreenResource","","42344194780130004","LLC_BI__Loan__c","","","","","","","false","false",""
"a2F4S0000008dWdUAI","","Balance Details","2020-06-02T17:59:20.000Z","0054S000000Ms6RQAS","2020-06-02T17:59:20.000Z","0054S000000Ms6RQAS","","","","a2G4S0000006USjUAM","false","false","true","true","false","3.0","slide","true","false","false","false","","true","","","MappedSObjectScreenResource","","42178772184416879","LLC_BI__Loan__c","","","","","","","false","false",""
"a2F4S0000008dWeUAI","","Booked Details","2020-06-02T17:59:20.000Z","0054S000000Ms6RQAS","2020-06-02T17:59:20.000Z","0054S000000Ms6RQAS","","","","a2G4S0000006USkUAM","false","false","true","true","false","4.0","slide","true","false","false","false","","true","","","MappedSObjectScreenResource","","42731933008745842","LLC_BI__Loan__c","","","","","","","false","false",""
"a2F4S0000008dWfUAI","","Loan Details","2020-06-02T17:59:20.000Z","0054S000000Ms6RQAS","2020-06-02T17:59:20.000Z","0054S000000Ms6RQAS","","","","a2G4S0000006USeUAM","false","false","false","true","false","0.0","slide","true","false","false","false","","false","","","MappedSObjectScreenResource","","42649872688747488","LLC_BI__Loan__c","","","","","","","false","false",""
"a2F4S0000008dWgUAI","","Collateral","2020-06-02T17:59:20.000Z","0054S000000Ms6RQAS","2020-06-02T17:59:20.000Z","0054S000000Ms6RQAS","","","","a2G4S0000006USfUAM","false","false","true","true","false","0.0","slide","true","false","false","false","","true","","","MappedSObjectScreenResource","","42885082006420566","LLC_BI__Loan__c","","","","","","","false","false",""
"a2F4S0000008dWhUAI","","Loan Information","2020-06-02T17:59:20.000Z","0054S000000Ms6RQAS","2020-06-02T17:59:20.000Z","0054S000000Ms6RQAS","","","","a2G4S0000006UQmUAM","false","false","true","true","false","0.0","slide","true","false","false","false","","true","","","MappedSObjectScreenResource","","42403540186019818","LLC_BI__Loan__c","","","","","","","false","false",""
"a2F4S0000008dWiUAI","","Action Taken","2020-06-02T17:59:20.000Z","0054S000000Ms6RQAS","2020-06-02T17:59:20.000Z","0054S000000Ms6RQAS","","","","a2G4S0000006UQmUAM","false","false","true","true","false","1.0","slide","true","false","false","false","","true","","","MappedSObjectScreenResource","","42058921958668226","LLC_BI__Loan__c","","","","","","","false","false",""
"a2F4S0000008dWjUAI","","Property Location","2020-06-02T17:59:20.000Z","0054S000000Ms6RQAS","2020-06-02T17:59:20.000Z","0054S000000Ms6RQAS","","","","a2G4S0000006UQmUAM","false","false","true","true","false","2.0","slide","true","false","false","false","","true","","","MappedSObjectScreenResource","","42628081480538387","LLC_BI__Loan__c","","","","","","","false","false",""
"a2F4S0000008dWkUAI","","Other","2020-06-02T17:59:20.000Z","0054S000000Ms6RQAS","2020-06-02T17:59:20.000Z","0054S000000Ms6RQAS","","","","a2G4S0000006UQmUAM","false","false","true","true","false","3.0","slide","true","false","false","false","","true","","","MappedSObjectScreenResource","","42173722568551682","LLC_BI__Loan__c","","","","","","","false","false",""
"a2F4S0000008dWlUAI","","Application or Loan Information","2020-06-02T17:59:20.000Z","0054S000000Ms6RQAS","2020-06-02T17:59:20.000Z","0054S000000Ms6RQAS","","","","a2G4S0000006UQnUAM","false","false","true","true","false","0.0","slide","true","false","false","false","","true","","","MappedSObjectScreenResource","","42218015260765282","LLC_BI__Loan__c","","","","","","","false","false",""
"a2F4S0000008dWmUAI","","Action Taken","2020-06-02T17:59:20.000Z","0054S000000Ms6RQAS","2020-06-02T17:59:20.000Z","0054S000000Ms6RQAS","","","","a2G4S0000006UQnUAM","false","false","true","true","false","1.0","slide","true","false","false","false","","true","","","MappedSObjectScreenResource","","42812609737307952","LLC_BI__Loan__c","","","","","","","false","false",""
"a2F4S0000008dWnUAI","","Property Location","2020-06-02T17:59:20.000Z","0054S000000Ms6RQAS","2020-06-02T17:59:20.000Z","0054S000000Ms6RQAS","","","","a2G4S0000006UQnUAM","false","false","true","true","false","2.0","slide","true","false","false","false","","true","","","MappedSObjectScreenResource","","42275696265785095","LLC_BI__Loan__c","","","","","","","false","false",""
"a2F4S0000008dWoUAI","","Loan Lifecycle","2020-06-02T17:59:20.000Z","0054S000000Ms6RQAS","2020-06-02T17:59:20.000Z","0054S000000Ms6RQAS","","","","a2G4S0000006UQnUAM","false","false","true","true","false","3.0","slide","true","false","false","false","","true","","","MappedSObjectScreenResource","","42871156440926612","LLC_BI__Loan__c","","","","","","","false","false",""
"a2F4S0000008dWpUAI","","Account Debt","2020-06-02T17:59:20.000Z","0054S000000Ms6RQAS","2020-06-02T17:59:20.000Z","0054S000000Ms6RQAS","","","","a2G4S0000006URaUAM","false","false","true","true","false","0.0","slide","true","false","false","false","","true","","","MappedSObjectHierarchyScreenResource","","a2F4S0000008dWpUAI","LLC_BI__Loan__c","","","","","","","false","false",""
"a2F4S0000008dWqUAI","","Account Info","2020-06-02T17:59:20.000Z","0054S000000Ms6RQAS","2020-06-02T17:59:20.000Z","0054S000000Ms6RQAS","","","","a2G4S0000006URZUA2","false","false","true","true","false","0.0","slide","true","false","false","false","","true","","","MappedSObjectHierarchyScreenResource","","a2F4S0000008dWqUAI","LLC_BI__Loan__c","","","","","","","false","false",""
"a2F4S0000008dWrUAI","","Action Taken","2020-06-02T17:59:20.000Z","0054S000000Ms6RQAS","2020-06-02T17:59:20.000Z","0054S000000Ms6RQAS","","","","a2G4S0000006URqUAM","false","false","true","true","false","1.0","slide","true","false","false","false","","true","","","MappedSObjectScreenResource","","42951585604341050","LLC_BI__Loan__c","","","","","","","false","false",""
"a2F4S0000008dWsUAI","","Action Taken","2020-06-02T17:59:20.000Z","0054S000000Ms6RQAS","2020-06-02T17:59:20.000Z","0054S000000Ms6RQAS","","","","a2G4S0000006USlUAM","false","false","true","false","false","2.0","slide","true","false","false","false","","true","","","MappedSObjectScreenResource","","a2F4S0000008dWsUAI","LLC_BI__Loan__c","","","","","","","false","false",""
"a2F4S0000008dWtUAI","","Action Taken","2020-06-02T17:59:20.000Z","0054S000000Ms6RQAS","2020-06-02T17:59:20.000Z","0054S000000Ms6RQAS","","","","a2G4S0000006URnUAM","false","false","true","true","false","1.0","slide","true","false","false","false","","true","","","MappedSObjectScreenResource","","57611585604341049","LLC_BI__Loan__c","","","","","","","false","false",""
"a2F4S0000008dWuUAI","","Action Taken","2020-06-02T17:59:20.000Z","0054S000000Ms6RQAS","2020-06-02T17:59:20.000Z","0054S000000Ms6RQAS","","","","a2G4S0000006USmUAM","false","false","true","false","false","2.0","slide","true","false","false","false","","true","","","MappedSObjectScreenResource","","a2F4S0000008dWuUAI","LLC_BI__Loan__c","","","","","","","false","false",""
"a2F4S0000008dWvUAI","","Activities","2020-06-02T17:59:20.000Z","0054S000000Ms6RQAS","2020-06-02T17:59:20.000Z","0054S000000Ms6RQAS","","","","a2G4S0000006UR0UAM","false","false","false","true","false","1.0","slide","true","false","false","false","","true","","","MappedSObjectHierarchyScreenResource","","a2F4S0000008dWvUAI","Account","","","","","","","false","false",""
"a2F4S0000008dWwUAI","","Adverse Actions","2020-06-02T17:59:20.000Z","0054S000000Ms6RQAS","2020-06-02T17:59:20.000Z","0054S000000Ms6RQAS","","","","a2G4S0000006UQoUAM","false","false","false","true","false","0.0","slide","true","false","false","false","","false","","","MappedSObjectHierarchyScreenResource","","97131585604341049","LLC_BI__Loan__c","","","","","","","false","false",""
"a2F4S0000008dWxUAI","","Agent's Agreement and Certifications","2020-06-02T17:59:20.000Z","0054S000000Ms6RQAS","2020-06-02T17:59:20.000Z","0054S000000Ms6RQAS","","","","a2G4S0000006URLUA2","false","false","true","true","false","3.0","slide","true","false","false","false","","true","","","MappedSObjectScreenResource","","a2F4S0000008dWxUAI","LLC_BI__Loan__c","","","","","","","false","false",""
"a2F4S0000008dWyUAI","","Application Information","2020-06-02T17:59:20.000Z","0054S000000Ms6RQAS","2020-06-02T17:59:20.000Z","0054S000000Ms6RQAS","","","","a2G4S0000006URIUA2","false","false","true","true","false","0.0","slide","true","false","false","false","","true","","","MappedSObjectScreenResource","","a2F4S0000008dWyUAI","LLC_BI__Loan__c","","","","","","","false","false",""
"a2F4S0000008dWzUAI","","Application or Loan Information","2020-06-02T17:59:20.000Z","0054S000000Ms6RQAS","2020-06-02T17:59:20.000Z","0054S000000Ms6RQAS","","","","a2G4S0000006URqUAM","false","false","true","true","false","0.0","slide","true","false","false","false","","true","","","MappedSObjectScreenResource","","82091585604341050","LLC_BI__Loan__c","","","","","","","false","false",""
"a2F4S0000008dX0UAI","","Application or Loan Information","2020-06-02T17:59:20.000Z","0054S000000Ms6RQAS","2020-06-02T17:59:20.000Z","0054S000000Ms6RQAS","","","","a2G4S0000006USlUAM","false","false","true","false","false","1.0","slide","true","false","false","false","","true","","","MappedSObjectScreenResource","","a2F4S0000008dX0UAI","LLC_BI__Loan__c","","","","","","","false","false",""
"a2F4S0000008dX1UAI","","Approval History","2020-06-02T17:59:20.000Z","0054S000000Ms6RQAS","2020-06-02T17:59:20.000Z","0054S000000Ms6RQAS","","","","a2G4S0000006UQqUAM","false","false","true","true","false","2.0","slide","true","false","false","false","","true","","","MappedSObjectScreenResource","","a2F4S0000008dX1UAI","LLC_BI__Loan__c","","","","","","","false","false",""
"a2F4S0000008dX2UAI","","Approval History","2020-06-02T17:59:20.000Z","0054S000000Ms6RQAS","2020-06-02T17:59:20.000Z","0054S000000Ms6RQAS","","","","a2G4S0000006URoUAM","false","false","true","true","false","2.0","slide","true","false","false","true","","true","","","MappedSObjectScreenResource","a2J4S0000008RBvUAM","99761585604341050","LLC_BI__Loan__c","","","","","","","false","false",""
"a2F4S0000008dX3UAI","","Authorized Users","2020-06-02T17:59:20.000Z","0054S000000Ms6RQAS","2020-06-02T17:59:20.000Z","0054S000000Ms6RQAS","","","","a2G4S0000006UQvUAM","false","false","false","false","false","","slide","true","false","false","false","","true","","","MappedSObjectHierarchyScreenResource","","a2F4S0000008dX3UAI","LLC_BI__Treasury_Service__c","","","","","","","false","false",""
"a2F4S0000008dOwUAI","","Relationship Summary","2020-06-02T17:59:20.000Z","0054S000000Ms6RQAS","2020-06-02T17:59:20.000Z","0054S000000Ms6RQAS","","","","a2G4S0000006UOmUAM","false","false","false","false","false","10.0","slide","true","false","false","false","","false","","a2I4S000000CeFkUAK","MappedSObjectHierarchyScreenResource","","42779600020099677","LLC_BI__Product_Package__c","","","","","","","false","false",""
"a2F4S0000008dOvUAI","","Product Package Details","2020-06-02T17:59:20.000Z","0054S000000Ms6RQAS","2020-06-02T17:59:20.000Z","0054S000000Ms6RQAS","","","","a2G4S0000006UOmUAM","false","false","false","false","false","20.0","slide","true","true","false","false","","false","","a2I4S000000CeFlUAK","MappedSObjectScreenResource","","42860145757585948","LLC_BI__Product_Package__c","","","","","","","false","false",""
"a2F4S0000008dOuUAI","","Product Request","2020-06-02T17:59:20.000Z","0054S000000Ms6RQAS","2020-06-02T17:59:20.000Z","0054S000000Ms6RQAS","","","","a2G4S0000006UOmUAM","false","false","false","false","false","30.0","slide","true","false","false","false","","false","","a2I4S000000CeFmUAK","MappedSObjectHierarchyScreenResource","","42654873075915217","LLC_BI__Product_Package__c","","","","","","","false","false",""
"a2F4S0000008dOyUAI","","Collateral Summary","2020-06-02T17:59:20.000Z","0054S000000Ms6RQAS","2020-06-02T17:59:20.000Z","0054S000000Ms6RQAS","","","","a2G4S0000006UOmUAM","false","false","false","false","false","40.0","slide","true","false","false","false","","false","","a2I4S000000CeFnUAK","MappedSObjectHierarchyScreenResource","","42923784937625947","LLC_BI__Product_Package__c","","","","","","","false","false",""
"a2F4S0000008dOxUAI","","Covenant Summary","2020-06-02T17:59:20.000Z","0054S000000Ms6RQAS","2020-06-02T17:59:20.000Z","0054S000000Ms6RQAS","","","","a2G4S0000006UOmUAM","false","false","false","false","false","50.0","slide","true","false","false","false","","false","","a2I4S000000CeFoUAK","MappedSObjectHierarchyScreenResource","","42423172376214837","LLC_BI__Product_Package__c","","","","","","","false","false",""
"a2F4S0000008dOzUAI","","Product Package Team","2020-06-02T17:59:20.000Z","0054S000000Ms6RQAS","2020-06-02T17:59:20.000Z","0054S000000Ms6RQAS","","","","a2G4S0000006UOmUAM","false","false","false","false","false","70.0","slide","true","false","false","false","","false","","a2I4S000000CeFqUAK","MappedSObjectHierarchyScreenResource","","42912347607766633","LLC_BI__Product_Package__c","","","","","","","false","false",""
"a2F4S0000008dPwUAI","","Fee Narrative","2020-06-02T17:59:20.000Z","0054S000000Ms6RQAS","2020-06-02T17:59:20.000Z","0054S000000Ms6RQAS","","","","a2G4S0000006USKUA2","false","false","false","false","false","111.0","slide","true","true","true","false","","true","","","SObjectScreenResource","a2J4S0000008R9mUAE","42046980608621702","LLC_BI__Loan__c","","","","","","","false","false",""
"a2F4S0000008dPxUAI","","Covenant Narrative","2020-06-02T17:59:20.000Z","0054S000000Ms6RQAS","2020-06-02T17:59:20.000Z","0054S000000Ms6RQAS","","","","a2G4S0000006USKUA2","false","false","false","false","false","81.0","slide","true","true","true","false","","true","","","SObjectScreenResource","a2J4S0000008R9nUAE","42732349634917594","LLC_BI__Loan__c","","","","","","","false","false",""
"a2F4S0000008dPyUAI","","Participation Narrative","2020-06-02T17:59:20.000Z","0054S000000Ms6RQAS","2020-06-02T17:59:20.000Z","0054S000000Ms6RQAS","","","","a2G4S0000006USKUA2","false","false","false","false","false","121.0","slide","true","false","true","false","","true","","","SObjectScreenResource","a2J4S0000008R9oUAE","42916136588219349","LLC_BI__Loan__c","","","","","","","false","false",""
"a2F4S0000008dMCUAY","","Loan Team","2020-06-02T17:59:20.000Z","0054S000000Ms6RQAS","2020-06-02T17:59:20.000Z","0054S000000Ms6RQAS","","","","a2G4S0000006USKUA2","false","false","false","false","false","90.0","slide","true","true","false","false","","false","","a2I4S000000CeB2UAK","MappedSObjectHierarchyScreenResource","","42271025720471464","LLC_BI__Loan__c","","","","","","","false","false",""
"a2F4S0000008dPzUAI","","Financial Analysis","2020-06-02T17:59:20.000Z","0054S000000Ms6RQAS","2020-06-02T17:59:20.000Z","0054S000000Ms6RQAS","","","","a2G4S0000006USKUA2","false","false","false","false","false","150.0","slide","true","true","false","false","","true","","","SObjectScreenResource","a2J4S0000008R9pUAE","42140409459148150","LLC_BI__Loan__c","","","","","","","false","false",""
"a2F4S0000008dQ0UAI","","Background Analysis","2020-06-02T17:59:20.000Z","0054S000000Ms6RQAS","2020-06-02T17:59:20.000Z","0054S000000Ms6RQAS","","","","a2G4S0000006USKUA2","false","false","false","false","false","130.0","slide","true","true","false","false","","true","","","SObjectScreenResource","a2J4S0000008R9qUAE","42371679704999707","LLC_BI__Loan__c","","","","","","","false","false",""
"a2F4S0000008dQ1UAI","","Loan Team Narrative","2020-06-02T17:59:20.000Z","0054S000000Ms6RQAS","2020-06-02T17:59:20.000Z","0054S000000Ms6RQAS","","","","a2G4S0000006USKUA2","false","false","false","false","false","91.0","slide","true","false","true","false","","false","","","SObjectScreenResource","a2J4S0000008R9rUAE","42364711753796815","LLC_BI__Loan__c","","","","","","","false","false",""
"a2F4S0000008dMDUAY","","Fees","2020-06-02T17:59:20.000Z","0054S000000Ms6RQAS","2020-06-02T17:59:20.000Z","0054S000000Ms6RQAS","","","","a2G4S0000006USKUA2","false","false","false","false","false","110.0","slide","true","true","false","false","","false","","a2I4S000000CeB3UAK","MappedSObjectHierarchyScreenResource","","42243063916303895","LLC_BI__Loan__c","","","","","","","false","false",""
"a2F4S0000008dQ2UAI","","Third Party Report Narrative","2020-06-02T17:59:20.000Z","0054S000000Ms6RQAS","2020-06-02T17:59:20.000Z","0054S000000Ms6RQAS","","","","a2G4S0000006USKUA2","false","false","false","false","false","101.0","slide","true","false","true","false","","true","","","SObjectScreenResource","a2J4S0000008R9sUAE","42665000555576505","LLC_BI__Loan__c","","","","","","","false","false",""
"a2F4S0000008dMEUAY","","Relationship Summary","2020-06-02T17:59:20.000Z","0054S000000Ms6RQAS","2020-06-02T17:59:20.000Z","0054S000000Ms6RQAS","","","","a2G4S0000006USKUA2","false","false","false","false","false","10.0","slide","true","false","false","false","","false","","a2I4S000000CeB4UAK","MappedSObjectHierarchyScreenResource","","42948385970556445","LLC_BI__Loan__c","","","","","","","false","false",""
"a2F4S0000008dQ3UAI","","Relationship Summary Narrative","2020-06-02T17:59:20.000Z","0054S000000Ms6RQAS","2020-06-02T17:59:20.000Z","0054S000000Ms6RQAS","","","","a2G4S0000006USKUA2","false","false","false","false","false","11.0","slide","true","false","true","false","","false","","","SObjectScreenResource","a2J4S0000008R9tUAE","42700306780926998","LLC_BI__Loan__c","","","","","","","false","false",""
"a2F4S0000008dMFUAY","","Policy Exceptions","2020-06-02T17:59:20.000Z","0054S000000Ms6RQAS","2020-06-02T17:59:20.000Z","0054S000000Ms6RQAS","","","","a2G4S0000006USKUA2","false","false","false","false","false","50.0","slide","true","false","false","false","","false","","a2I4S000000CeB5UAK","MappedSObjectHierarchyScreenResource","","42169529990944441","LLC_BI__Loan__c","","","","","","","false","false",""
"a2F4S0000008dQ4UAI","","UI Config Builder - Section List","2020-06-02T17:59:20.000Z","0054S000000SW2aQAG","2020-06-02T17:59:20.000Z","0054S000000SW2aQAG","","","","a2G4S0000006URxUAM","false","false","false","true","false","700.0","slide","true","false","false","false","","false","","","MappedSObjectHierarchyScreenResource","","42462740097777573","nFORCE__Screen__c","","","","","","","false","false",""
"a2F4S0000008dQ5UAI","","UI Config Builder - Field Configuration","2020-06-02T17:59:20.000Z","0054S000000SW2aQAG","2020-06-02T17:59:20.000Z","0054S000000SW2aQAG","","","","a2G4S0000006URxUAM","false","false","false","true","false","800.0","slide","true","false","false","false","","true","","","MappedSObjectHierarchyScreenResource","","42325303067594960","nFORCE__Field_Configuration__c","","","","","","","false","false",""
"a2F4S0000008dQ6UAI","","UI Config Builder - Add a New Conditional Screen Section","2020-06-02T17:59:20.000Z","0054S000000SW2aQAG","2020-06-02T17:59:20.000Z","0054S000000SW2aQAG","","","","a2G4S0000006URxUAM","false","false","true","true","false","900.0","slide","true","false","false","false","","true","","","MappedSObjectScreenResource","","42647477791041417","nFORCE__Screen_Section__c","","","","","","","false","false",""
"a2F4S0000008dQ7UAI","","Loan Details","2020-06-02T17:59:20.000Z","0054S000000Ms6RQAS","2020-06-02T17:59:20.000Z","0054S000000Ms6RQAS","","","","a2G4S0000006UP9UAM","false","false","true","true","false","0.0","slide","true","false","false","false","","true","","","MappedSObjectScreenResource","","42885238446218305","LLC_BI__Loan__c","","","","","","","false","false",""
"a2F4S0000008dQ8UAI","","Pricing","2020-06-02T17:59:20.000Z","0054S000000Ms6RQAS","2020-06-02T17:59:20.000Z","0054S000000Ms6RQAS","","","","a2G4S0000006UPAUA2","false","false","true","true","false","1.0","slide","true","false","false","false","","true","","","MappedSObjectScreenResource","","42695358678995837","LLC_BI__Loan__c","","","","","","","false","false",""
"a2F4S0000008dQ9UAI","","Rate Structure","2020-06-02T17:59:20.000Z","0054S000000Ms6RQAS","2020-06-02T17:59:20.000Z","0054S000000Ms6RQAS","","","","a2G4S0000006UPBUA2","false","false","true","true","false","2.0","slide","true","false","false","false","","false","","","MappedSObjectScreenResource","","42632549908986914","LLC_BI__Loan__c","","","","","","","false","false",""
"a2F4S0000008dQAUAY","","Payment Structure","2020-06-02T17:59:20.000Z","0054S000000Ms6RQAS","2020-06-02T17:59:20.000Z","0054S000000Ms6RQAS","","","","a2G4S0000006UPCUA2","false","false","true","true","false","3.0","slide","true","false","false","false","","false","","","MappedSObjectScreenResource","","42308707868520612","LLC_BI__Loan__c","","","","","","","false","false",""
"a2F4S0000008dQBUAY","","Referral","2020-06-02T17:59:20.000Z","0054S000000Ms6RQAS","2020-06-02T17:59:20.000Z","0054S000000Ms6RQAS","","","","a2G4S0000006UPDUA2","false","false","true","true","false","4.0","slide","true","false","false","false","","true","","","MappedSObjectScreenResource","","42013506331028383","LLC_BI__Loan__c","","","","","","","false","false",""
"a2F4S0000008dQCUAY","","Balance Details","2020-06-02T17:59:20.000Z","0054S000000Ms6RQAS","2020-06-02T17:59:20.000Z","0054S000000Ms6RQAS","","","","a2G4S0000006UPEUA2","false","false","true","true","false","5.0","slide","true","false","false","false","","true","","","MappedSObjectScreenResource","","42372651311222183","LLC_BI__Loan__c","","","","","","","false","false",""
"a2F4S0000008dQDUAY","","Booked Details","2020-06-02T17:59:20.000Z","0054S000000Ms6RQAS","2020-06-02T17:59:20.000Z","0054S000000Ms6RQAS","","","","a2G4S0000006UPFUA2","false","false","true","true","false","6.0","slide","true","false","false","false","","true","","","MappedSObjectScreenResource","","42926917196790253","LLC_BI__Loan__c","","","","","","","false","false",""
"a2F4S0000008dQEUAY","","Borrowing Structure","2020-06-02T17:59:20.000Z","0054S000000Ms6RQAS","2020-06-02T17:59:20.000Z","0054S000000Ms6RQAS","","","","a2G4S0000006UPGUA2","false","false","false","true","false","0.0","slide","true","false","false","false","","false","","","MappedSObjectHierarchyScreenResource","","42587232006534989","LLC_BI__Loan__c","","","","","","","false","false",""
"a2F4S0000008dQFUAY","","Loan Information","2020-06-02T17:59:20.000Z","0054S000000Ms6RQAS","2020-06-02T17:59:20.000Z","0054S000000Ms6RQAS","","","","a2G4S0000006UPHUA2","false","false","true","true","false","0.0","slide","true","false","false","false","","true","","","MappedSObjectScreenResource","","42801463920777890","LLC_BI__Loan__c","","","","","","","false","false",""
"a2F4S0000008dQGUAY","","Action Taken","2020-06-02T17:59:20.000Z","0054S000000Ms6RQAS","2020-06-02T17:59:20.000Z","0054S000000Ms6RQAS","","","","a2G4S0000006UPHUA2","false","false","true","true","false","1.0","slide","true","false","false","false","","true","","","MappedSObjectScreenResource","","42852905404439403","LLC_BI__Loan__c","","","","","","","false","false",""
"a2F4S0000008dQHUAY","","Property Location","2020-06-02T17:59:20.000Z","0054S000000Ms6RQAS","2020-06-02T17:59:20.000Z","0054S000000Ms6RQAS","","","","a2G4S0000006UPHUA2","false","false","true","true","false","2.0","slide","true","false","false","false","","true","","","MappedSObjectScreenResource","","42945510542805521","LLC_BI__Loan__c","","","","","","","false","false",""
"a2F4S0000008dQIUAY","","Other","2020-06-02T17:59:20.000Z","0054S000000Ms6RQAS","2020-06-02T17:59:20.000Z","0054S000000Ms6RQAS","","","","a2G4S0000006UPHUA2","false","false","true","true","false","3.0","slide","true","false","false","false","","true","","","MappedSObjectScreenResource","","42446717634932016","LLC_BI__Loan__c","","","","","","","false","false",""
"a2F4S0000008dQJUAY","","HMDA","2020-06-02T17:59:20.000Z","0054S000000Ms6RQAS","2020-06-02T17:59:20.000Z","0054S000000Ms6RQAS","","","","a2G4S0000006UPIUA2","false","false","false","true","false","0.0","slide","true","false","false","false","","false","","","MappedSObjectHierarchyScreenResource","","42325058450492302","LLC_BI__Loan__c","","","","","","","false","false",""
"a2F4S0000008dQKUAY","","Entity Compliance","2020-06-02T17:59:20.000Z","0054S000000Ms6RQAS","2020-06-02T17:59:20.000Z","0054S000000Ms6RQAS","","","","a2G4S0000006UPJUA2","false","false","false","true","false","0.0","slide","true","false","false","false","","false","","","MappedSObjectHierarchyScreenResource","","42770210918329890","LLC_BI__Loan__c","","","","","","","false","false",""
"a2F4S0000008dQLUAY","","Loan Compliances (HMDA Effective-2017)","2020-06-02T17:59:20.000Z","0054S000000Ms6RQAS","2020-06-02T17:59:20.000Z","0054S000000Ms6RQAS","","","","a2G4S0000006UPKUA2","false","false","false","true","false","0.0","slide","true","false","false","false","","false","","","MappedSObjectHierarchyScreenResource","","42750869020719701","LLC_BI__Loan__c","","","","","","","false","false",""
"a2F4S0000008dQMUAY","","Entity Compliance","2020-06-02T17:59:20.000Z","0054S000000Ms6RQAS","2020-06-02T17:59:20.000Z","0054S000000Ms6RQAS","","","","a2G4S0000006UPLUA2","false","false","false","true","false","0.0","slide","true","false","false","false","","false","","","MappedSObjectHierarchyScreenResource","","42069363345410374","LLC_BI__Loan__c","","","","","","","false","false",""
"a2F4S0000008dQNUAY","","Loan Compliances (HMDA Effective-2018)","2020-06-02T17:59:20.000Z","0054S000000Ms6RQAS","2020-06-02T17:59:20.000Z","0054S000000Ms6RQAS","","","","a2G4S0000006UPMUA2","false","false","false","true","false","0.0","slide","true","false","false","false","","false","","","MappedSObjectHierarchyScreenResource","","42769490542780298","LLC_BI__Loan__c","","","","","","","false","false",""
"a2F4S0000008dQOUAY","","Change Memo","2020-06-02T17:59:20.000Z","0054S000000Ms6RQAS","2020-06-02T17:59:20.000Z","0054S000000Ms6RQAS","","","","a2G4S0000006UPNUA2","false","false","false","true","false","0.0","slide","true","false","false","false","","false","","","MappedSObjectHierarchyScreenResource","","42823474164449150","LLC_BI__Loan__c","","","","","","","false","false",""
"a2F4S0000008dX4UAI","","Balance Details","2020-06-02T17:59:20.000Z","0054S000000Ms6RQAS","2020-10-15T14:34:53.000Z","0054S000000Ms6RQAS","","","","a2G4S0000006URlUAM","false","false","false","true","false","3.0","slide","true","false","false","false","","false","","a2I4S000000CmayUAC","MappedSObjectScreenResource","","01481585604341049","LLC_BI__Loan__c","","","","","","","false","false",""
"a2F4S0000008dX5UAI","","Balance Details","2020-06-02T17:59:20.000Z","0054S000000Ms6RQAS","2020-06-02T17:59:20.000Z","0054S000000Ms6RQAS","","","","a2G4S0000006USnUAM","false","false","true","true","false","3.0","slide","true","false","false","false","","true","","","MappedSObjectScreenResource","","a2F4S0000008dX5UAI","LLC_BI__Loan__c","","","","","","","false","false",""
"a2F4S0000008dX6UAI","","Balance Information","2020-06-02T17:59:20.000Z","0054S000000Ms6RQAS","2020-06-02T17:59:20.000Z","0054S000000Ms6RQAS","","","","a2G4S0000006USoUAM","false","false","true","false","false","3.0","slide","true","false","false","false","","true","","","MappedSObjectScreenResource","","a2F4S0000008dX6UAI","LLC_BI__Loan__c","","","","","","","false","false",""
"a2F4S0000008dX7UAI","","Booked Details","2020-06-02T17:59:20.000Z","0054S000000Ms6RQAS","2020-06-02T17:59:20.000Z","0054S000000Ms6RQAS","","","","a2G4S0000006USpUAM","false","false","true","true","false","4.0","slide","true","false","false","false","","true","","","MappedSObjectScreenResource","","a2F4S0000008dX7UAI","LLC_BI__Loan__c","","","","","","","false","false",""
"a2F4S0000008dX8UAI","","Booked Information","2020-06-02T17:59:20.000Z","0054S000000Ms6RQAS","2020-10-15T14:24:09.000Z","0054S000000Ms6RQAS","","","","a2G4S0000006URmUAM","false","false","false","true","false","4.0","slide","true","false","false","false","","false","","a2I4S000000CmatUAC","MappedSObjectScreenResource","","12721585604341049","LLC_BI__Loan__c","","","","","","","false","false",""
"a2F4S0000008dX9UAI","","Booked Information","2020-06-02T17:59:20.000Z","0054S000000Ms6RQAS","2020-06-02T17:59:20.000Z","0054S000000Ms6RQAS","","","","a2G4S0000006USoUAM","false","false","true","false","false","4.0","slide","true","false","false","false","","true","","","MappedSObjectScreenResource","","a2F4S0000008dX9UAI","LLC_BI__Loan__c","","","","","","","false","false",""
"a2F4S0000008dXAUAY","","Borrowing Structure","2020-06-02T17:59:20.000Z","0054S000000Ms6RQAS","2020-06-02T17:59:20.000Z","0054S000000Ms6RQAS","","","","a2G4S0000006USqUAM","false","false","false","true","false","0.0","slide","true","false","false","false","","true","","","MappedSObjectHierarchyScreenResource","","a2F4S0000008dXAUAY","LLC_BI__Loan__c","","","","","","","false","false",""
"a2F4S0000008dXBUAY","","Borrowing Structure","2020-06-02T17:59:20.000Z","0054S000000Ms6RQAS","2020-06-02T17:59:20.000Z","0054S000000Ms6RQAS","","","","a2G4S0000006UPiUAM","false","false","false","true","false","0.0","slide","true","false","false","false","","false","","","MappedSObjectHierarchyScreenResource","","84481560278745119","LLC_BI__Loan__c","","","","","","","false","false",""
"a2F4S0000008dXCUAY","","Borrowing Structure","2020-06-02T17:59:20.000Z","0054S000000Ms6RQAS","2020-06-02T17:59:20.000Z","0054S000000Ms6RQAS","","","","a2G4S0000006USrUAM","false","false","true","false","false","0.0","slide","true","false","false","false","","true","","","MappedSObjectHierarchyScreenResource","","a2F4S0000008dXCUAY","LLC_BI__Loan__c","","","","","","","false","false",""
"a2F4S0000008dXDUAY","","Business Acquisition","2020-06-02T17:59:20.000Z","0054S000000Ms6RQAS","2020-06-02T17:59:20.000Z","0054S000000Ms6RQAS","","","","a2G4S0000006URWUA2","false","false","true","true","false","11.0","slide","true","false","false","false","","true","","","MappedSObjectScreenResource","","a2F4S0000008dXDUAY","LLC_BI__Loan__c","","","","","","","false","false",""
"a2F4S0000008dXEUAY","","Business Contacts","2020-06-02T17:59:20.000Z","0054S000000Ms6RQAS","2020-06-02T17:59:20.000Z","0054S000000Ms6RQAS","","","","a2G4S0000006UR1UAM","false","false","false","true","false","1.0","slide","true","false","false","false","","true","","","MappedSObjectHierarchyScreenResource","","a2F4S0000008dXEUAY","Account","","","","","","","false","false",""
"a2F4S0000008dXFUAY","","Business Type","2020-06-02T17:59:20.000Z","0054S000000Ms6RQAS","2020-06-02T17:59:20.000Z","0054S000000Ms6RQAS","","","","a2G4S0000006URUUA2","false","false","true","true","false","9.0","slide","true","false","false","false","","true","","","MappedSObjectScreenResource","","a2F4S0000008dXFUAY","LLC_BI__Loan__c","","","","","","","false","false",""
"a2F4S0000008dXGUAY","","Change of Ownership","2020-06-02T17:59:20.000Z","0054S000000Ms6RQAS","2020-06-02T17:59:20.000Z","0054S000000Ms6RQAS","","","","a2G4S0000006URJUA2","false","false","false","true","false","0.0","slide","true","false","false","false","","false","","","MappedSObjectHierarchyScreenResource","","a2F4S0000008dXGUAY","LLC_BI__Loan__c","","","","","","","false","false",""
"a2F4S0000008dXHUAY","","Collateral","2020-06-02T17:59:20.000Z","0054S000000Ms6RQAS","2020-06-02T17:59:20.000Z","0054S000000Ms6RQAS","","","","a2G4S0000006USsUAM","false","false","false","true","false","1.0","slide","true","false","false","false","","false","","","MappedSObjectHierarchyScreenResource","","a2F4S0000008dXHUAY","LLC_BI__Loan__c","","","","","","","false","false",""
"a2F4S0000008dXIUAY","","Collateral","2020-06-02T17:59:20.000Z","0054S000000Ms6RQAS","2020-06-02T17:59:20.000Z","0054S000000Ms6RQAS","","","","a2G4S0000006USsUAM","false","false","true","true","false","0.0","slide","true","false","false","false","","true","","","MappedSObjectScreenResource","","a2F4S0000008dXIUAY","LLC_BI__Loan__c","","","","","","","false","false",""
"a2F4S0000008dXJUAY","","Collateral","2020-06-02T17:59:20.000Z","0054S000000Ms6RQAS","2020-06-02T17:59:20.000Z","0054S000000Ms6RQAS","","","","a2G4S0000006UStUAM","false","false","false","true","false","1.0","slide","true","false","false","false","","false","","","MappedSObjectHierarchyScreenResource","","a2F4S0000008dXJUAY","LLC_BI__Loan__c","","","","","","","false","false",""
"a2F4S0000008dXKUAY","","Collateral","2020-06-02T17:59:20.000Z","0054S000000Ms6RQAS","2020-06-02T17:59:20.000Z","0054S000000Ms6RQAS","","","","a2G4S0000006USuUAM","false","false","true","false","false","1.0","slide","true","false","false","false","","true","","","MappedSObjectHierarchyScreenResource","","a2F4S0000008dXKUAY","LLC_BI__Loan__c","","","","","","","false","false",""
"a2F4S0000008dXLUAY","","Collateral","2020-06-02T17:59:20.000Z","0054S000000Ms6RQAS","2020-06-02T17:59:20.000Z","0054S000000Ms6RQAS","","","","a2G4S0000006USuUAM","false","false","true","false","false","0.0","slide","true","false","false","false","","true","","","MappedSObjectScreenResource","","a2F4S0000008dXLUAY","LLC_BI__Loan__c","","","","","","","false","false",""
"a2F4S0000008dXMUAY","","Collateral Owned","2020-06-02T17:59:20.000Z","0054S000000Ms6RQAS","2020-06-02T17:59:20.000Z","0054S000000Ms6RQAS","","","","a2G4S0000006UR2UAM","false","false","false","true","false","0.0","slide","true","false","false","false","","false","","","MappedSObjectHierarchyScreenResource","","a2F4S0000008dXMUAY","Account","","","","","","","false","false",""
"a2F4S0000008dXNUAY","","Collateral Summary","2020-06-02T17:59:20.000Z","0054S000000Ms6RQAS","2020-06-02T17:59:20.000Z","0054S000000Ms6RQAS","","","","a2G4S0000006UStUAM","false","false","false","true","false","0.0","slide","true","false","false","false","","false","","","MappedSObjectScreenResource","","a2F4S0000008dXNUAY","LLC_BI__Loan__c","","","","","","","false","false",""
"a2F4S0000008dXOUAY","","Community Reinvestment Act (CRA) Reporting","2020-06-02T17:59:20.000Z","0054S000000Ms6RQAS","2020-06-02T17:59:20.000Z","0054S000000Ms6RQAS","","","","a2G4S0000006USmUAM","false","false","true","false","false","0.0","slide","true","false","false","false","","false","","","MappedSObjectScreenResource","","a2F4S0000008dXOUAY","LLC_BI__Loan__c","","","","","","","false","false",""
"a2F4S0000008dXPUAY","","Conflict of Interest","2020-06-02T17:59:20.000Z","0054S000000Ms6RQAS","2020-06-02T17:59:20.000Z","0054S000000Ms6RQAS","","","","a2G4S0000006URQUA2","false","false","true","true","false","2.0","slide","true","false","false","false","","true","","","MappedSObjectScreenResource","","a2F4S0000008dXPUAY","LLC_BI__Loan__c","","","","","","","false","false",""
"a2F4S0000008dXQUAY","","Construction Details","2020-06-02T17:59:20.000Z","0054S000000Ms6RQAS","2020-06-02T17:59:20.000Z","0054S000000Ms6RQAS","","","","a2G4S0000006UQpUAM","false","false","false","true","false","2.0","slide","true","false","false","false","","false","","","MappedSObjectScreenResource","","a2F4S0000008dXQUAY","LLC_BI__Loan__c","","","","","","","false","false",""
"a2F4S0000008dXRUAY","","Contacts","2020-06-02T17:59:20.000Z","0054S000000Ms6RQAS","2020-06-02T17:59:20.000Z","0054S000000Ms6RQAS","","","","a2G4S0000006USvUAM","false","false","true","true","false","0.0","slide","true","false","false","false","","true","","","MappedSObjectHierarchyScreenResource","","a2F4S0000008dXRUAY","LLC_BI__Loan__c","","","","","","","false","false",""
"a2F4S0000008dXSUAY","","Covenants","2020-06-02T17:59:20.000Z","0054S000000Ms6RQAS","2020-06-02T17:59:20.000Z","0054S000000Ms6RQAS","","","","a2G4S0000006UR3UAM","false","false","false","true","false","1.0","slide","true","false","false","false","","true","","","MappedSObjectHierarchyScreenResource","","a2F4S0000008dXSUAY","Account","","","","","","","false","false",""
"a2F4S0000008dXTUAY","","Deposit Products","2020-06-02T17:59:20.000Z","0054S000000Ms6RQAS","2020-06-02T17:59:20.000Z","0054S000000Ms6RQAS","","","","a2G4S0000006URuUAM","false","false","false","true","false","1.0","slide","true","false","false","false","","false","","a2I4S000000CeCgUAK","ReferenceFilteredHierarchyScreenResource","","46231562008881263","Account","","","","","","","false","false",""
"a2F4S0000008dXUUAY","","Deposit Products","2020-06-02T17:59:20.000Z","0054S000000Ms6RQAS","2020-06-02T17:59:20.000Z","0054S000000Ms6RQAS","","","","a2G4S0000006USwUAM","false","false","true","false","false","1.0","slide","true","false","false","false","","true","","","ReferenceFilteredHierarchyScreenResource","","a2F4S0000008dXUUAY","Account","","","","","","","false","false",""
"a2F4S0000008dXVUAY","","Deposits","2020-06-02T17:59:20.000Z","0054S000000Ms6RQAS","2020-06-02T17:59:20.000Z","0054S000000Ms6RQAS","","","","a2G4S0000006UR4UAM","false","false","true","true","false","1.0","slide","true","false","false","false","","true","","","ReferenceFilteredHierarchyScreenResource","","a2F4S0000008dXVUAY","Account","","","","","","","false","false",""
"a2F4S0000008dXWUAY","","Eligibility","2020-06-02T17:59:20.000Z","0054S000000Ms6RQAS","2020-06-02T17:59:20.000Z","0054S000000Ms6RQAS","","","","a2G4S0000006URTUA2","false","false","true","true","false","8.0","slide","true","false","false","false","","true","","","MappedSObjectScreenResource","","a2F4S0000008dXWUAY","LLC_BI__Loan__c","","","","","","","false","false",""
"a2F4S0000008dXXUAY","","EPCOC","2020-06-02T17:59:20.000Z","0054S000000Ms6RQAS","2020-06-02T17:59:20.000Z","0054S000000Ms6RQAS","","","","a2G4S0000006URXUA2","false","false","true","true","false","12.0","slide","true","false","false","false","","true","","","MappedSObjectScreenResource","","a2F4S0000008dXXUAY","LLC_BI__Loan__c","","","","","","","false","false",""
"a2F4S0000008dXYUAY","","Execution Date","2020-06-02T17:59:20.000Z","0054S000000Ms6RQAS","2020-06-02T17:59:20.000Z","0054S000000Ms6RQAS","","","","a2G4S0000006URbUAM","false","false","true","true","false","17.0","slide","true","false","false","false","","true","","","MappedSObjectScreenResource","","a2F4S0000008dXYUAY","LLC_BI__Loan__c","","","","","","","false","false",""
"a2F4S0000008dXZUAY","","Exposure","2020-06-02T17:59:20.000Z","0054S000000Ms6RQAS","2020-06-02T17:59:20.000Z","0054S000000Ms6RQAS","","","","a2G4S0000006UR6UAM","false","false","true","true","false","1.0","slide","true","false","false","false","","true","","","MappedSObjectHierarchyScreenResource","","a2F4S0000008dXZUAY","Account","","","","","","","false","false",""
"a2F4S0000008dXaUAI","","Fees","2020-06-02T17:59:20.000Z","0054S000000Ms6RQAS","2020-06-02T17:59:20.000Z","0054S000000Ms6RQAS","","","","a2G4S0000006UQrUAM","false","false","true","true","false","0.0","slide","true","false","false","false","","true","","","MappedSObjectHierarchyScreenResource","","83611560278745119","LLC_BI__Loan__c","","","","","","","false","false",""
"a2F4S0000008dP0UAI","","Related Exposure","2020-06-02T17:59:20.000Z","0054S000000Ms6RQAS","2020-06-02T17:59:20.000Z","0054S000000Ms6RQAS","","","","a2G4S0000006UOnUAM","false","false","false","false","false","60.0","slide","true","false","false","false","","false","","a2I4S000000CeFrUAK","MappedSObjectHierarchyScreenResource","","42118097046628818","LLC_BI__Product_Package__c","","","","","","","false","false",""
"a2F4S0000008dP1UAI","","Product Request","2020-06-02T17:59:20.000Z","0054S000000Ms6RQAS","2020-06-02T17:59:20.000Z","0054S000000Ms6RQAS","","","","a2G4S0000006UOnUAM","false","false","false","false","false","30.0","slide","true","false","false","false","","false","","a2I4S000000CeFsUAK","MappedSObjectHierarchyScreenResource","","42622719165680943","LLC_BI__Product_Package__c","","","","","","","false","false",""
"a2F4S0000008dP2UAI","","Product Package Details","2020-06-02T17:59:20.000Z","0054S000000Ms6RQAS","2020-06-02T17:59:20.000Z","0054S000000Ms6RQAS","","","","a2G4S0000006UOnUAM","false","false","false","false","false","20.0","slide","true","true","false","false","","false","","a2I4S000000CeFtUAK","MappedSObjectScreenResource","","42727274160645508","LLC_BI__Product_Package__c","","","","","","","false","false",""
"a2F4S0000008dP3UAI","","Relationship Summary","2020-06-02T17:59:20.000Z","0054S000000Ms6RQAS","2020-06-02T17:59:20.000Z","0054S000000Ms6RQAS","","","","a2G4S0000006UOnUAM","false","false","false","false","false","10.0","slide","true","false","false","false","","false","","a2I4S000000CeFuUAK","MappedSObjectHierarchyScreenResource","","42616105728397015","LLC_BI__Product_Package__c","","","","","","","false","false",""
"a2F4S0000008dP4UAI","","Product Package Team","2020-06-02T17:59:20.000Z","0054S000000Ms6RQAS","2020-06-02T17:59:20.000Z","0054S000000Ms6RQAS","","","","a2G4S0000006UOnUAM","false","false","false","false","false","70.0","slide","true","false","false","false","","false","","a2I4S000000CeFvUAK","MappedSObjectHierarchyScreenResource","","42633168456744764","LLC_BI__Product_Package__c","","","","","","","false","false",""
"a2F4S0000008dP5UAI","","Collateral Summary","2020-06-02T17:59:20.000Z","0054S000000Ms6RQAS","2020-06-02T17:59:20.000Z","0054S000000Ms6RQAS","","","","a2G4S0000006UOnUAM","false","false","false","false","false","40.0","slide","true","false","false","false","","false","","a2I4S000000CeFwUAK","MappedSObjectHierarchyScreenResource","","42159778693295498","LLC_BI__Product_Package__c","","","","","","","false","false",""
"a2F4S0000008dP6UAI","","Covenant Summary","2020-06-02T17:59:20.000Z","0054S000000Ms6RQAS","2020-06-02T17:59:20.000Z","0054S000000Ms6RQAS","","","","a2G4S0000006UOnUAM","false","false","false","false","false","50.0","slide","true","false","false","false","","false","","a2I4S000000CeFxUAK","MappedSObjectHierarchyScreenResource","","42189290726771838","LLC_BI__Product_Package__c","","","","","","","false","false",""
"a2F4S0000008dP9UAI","","Relationship Summary","2020-06-02T17:59:20.000Z","0054S000000Ms6RQAS","2020-06-02T17:59:20.000Z","0054S000000Ms6RQAS","","","","a2G4S0000006UOlUAM","false","false","false","false","false","10.0","slide","true","false","false","false","","false","","a2I4S000000CeFyUAK","MappedSObjectHierarchyScreenResource","","42606010685388030","LLC_BI__Product_Package__c","","","","","","","false","false",""
"a2F4S0000008dPAUAY","","Product Package Details","2020-06-02T17:59:20.000Z","0054S000000Ms6RQAS","2020-06-02T17:59:20.000Z","0054S000000Ms6RQAS","","","","a2G4S0000006UOlUAM","false","false","false","false","false","20.0","slide","true","true","false","false","","false","","a2I4S000000CeFzUAK","MappedSObjectScreenResource","","42678491692183893","LLC_BI__Product_Package__c","","","","","","","false","false",""
"a2F4S0000008dPCUAY","","Product Request","2020-06-02T17:59:20.000Z","0054S000000Ms6RQAS","2020-06-02T17:59:20.000Z","0054S000000Ms6RQAS","","","","a2G4S0000006UOlUAM","false","false","false","false","false","30.0","slide","true","false","false","false","","false","","a2I4S000000CeG0UAK","MappedSObjectHierarchyScreenResource","","42960062908922376","LLC_BI__Product_Package__c","","","","","","","false","false",""
"a2F4S0000008dPBUAY","","Collateral Summary","2020-06-02T17:59:20.000Z","0054S000000Ms6RQAS","2020-06-02T17:59:20.000Z","0054S000000Ms6RQAS","","","","a2G4S0000006UOlUAM","false","false","false","false","false","40.0","slide","true","false","false","false","","false","","a2I4S000000CeG1UAK","MappedSObjectHierarchyScreenResource","","42866613347332907","LLC_BI__Product_Package__c","","","","","","","false","false",""
"a2F4S0000008dP7UAI","","Covenant Summary","2020-06-02T17:59:20.000Z","0054S000000Ms6RQAS","2020-06-02T17:59:20.000Z","0054S000000Ms6RQAS","","","","a2G4S0000006UOlUAM","false","false","false","false","false","50.0","slide","true","false","false","false","","false","","a2I4S000000CeG2UAK","MappedSObjectHierarchyScreenResource","","42438105625918518","LLC_BI__Product_Package__c","","","","","","","false","false",""
"a2F4S0000008dP8UAI","","Product Package Team","2020-06-02T17:59:20.000Z","0054S000000Ms6RQAS","2020-06-02T17:59:20.000Z","0054S000000Ms6RQAS","","","","a2G4S0000006UOlUAM","false","false","false","false","false","70.0","slide","true","false","false","false","","false","","a2I4S000000CeG4UAK","MappedSObjectHierarchyScreenResource","","42530459803965337","LLC_BI__Product_Package__c","","","","","","","false","false",""
"a2F4S0000008dPDUAY","","Related Exposure","2020-06-02T17:59:20.000Z","0054S000000Ms6RQAS","2020-06-02T17:59:20.000Z","0054S000000Ms6RQAS","","","","a2G4S0000006UOoUAM","false","false","false","false","false","60.0","slide","true","false","false","false","","false","","a2I4S000000CeG5UAK","MappedSObjectHierarchyScreenResource","","42748029136516435","LLC_BI__Product_Package__c","","","","","","","false","false",""
"a2F4S0000008dPEUAY","","Product Request","2020-06-02T17:59:20.000Z","0054S000000Ms6RQAS","2020-06-02T17:59:20.000Z","0054S000000Ms6RQAS","","","","a2G4S0000006UOoUAM","false","false","false","false","false","30.0","slide","true","false","false","false","","false","","a2I4S000000CeG6UAK","MappedSObjectHierarchyScreenResource","","42570479142699254","LLC_BI__Product_Package__c","","","","","","","false","false",""
"a2F4S0000008dQPUAY","","Fees Summary","2020-06-02T17:59:20.000Z","0054S000000Ms6RQAS","2020-06-02T17:59:20.000Z","0054S000000Ms6RQAS","","","","a2G4S0000006UPOUA2","false","false","false","true","false","0.0","slide","true","false","false","false","","false","","","MappedSObjectScreenResource","","42734154178222284","LLC_BI__Loan__c","","","","","","","false","false",""
"a2F4S0000008dQQUAY","","Team Members","2020-06-02T17:59:20.000Z","0054S000000Ms6RQAS","2020-06-02T17:59:20.000Z","0054S000000Ms6RQAS","","","","a2G4S0000006UPQUA2","false","false","false","true","false","0.0","slide","true","false","false","false","","false","","","MappedSObjectHierarchyScreenResource","","42380044911954036","LLC_BI__Loan__c","","","","","","","false","false",""
"a2F4S0000008dQRUAY","","Manage Bill Points","2020-06-02T17:59:20.000Z","0054S000000Ms6RQAS","2020-06-02T17:59:20.000Z","0054S000000Ms6RQAS","","","","a2G4S0000006UPRUA2","false","false","true","true","false","0.0","slide","true","false","false","false","","true","","","MappedSObjectHierarchyScreenResource","","42506910289801500","LLC_BI__Product__c","","","","","","","false","false",""
"a2F4S0000008dQSUAY","","Loan Compliance Information Section","2020-06-02T17:59:20.000Z","0054S000000Ms6RQAS","2020-06-02T17:59:20.000Z","0054S000000Ms6RQAS","","","","a2G4S0000006UPSUA2","false","false","false","true","false","10.0","slide","true","false","false","false","","true","","","MappedSObjectScreenResource","","42998410044192082","LLC_BI__Product_Package__c","","","","","","","false","false",""
"a2F4S0000008dQTUAY","","Loan Compliance Exposure Section","2020-06-02T17:59:20.000Z","0054S000000Ms6RQAS","2020-06-02T17:59:20.000Z","0054S000000Ms6RQAS","","","","a2G4S0000006UPSUA2","false","false","false","true","false","20.0","slide","true","false","false","false","","true","","","MappedSObjectScreenResource","","42285448724779595","LLC_BI__Product_Package__c","","","","","","","false","false",""
"a2F4S0000008dQUUAY","","Review Detail","2020-06-02T17:59:20.000Z","0054S000000Ms6RQAS","2020-06-02T17:59:20.000Z","0054S000000Ms6RQAS","","","","a2G4S0000006UPUUA2","false","false","false","true","false","10.0","slide","true","false","false","false","","true","","","MappedSObjectScreenResource","","42689391096569555","LLC_BI__Product_Package__c","","","","","","","false","false",""
"a2F4S0000008dQVUAY","","Account Proforma Options","2020-06-02T17:59:20.000Z","0054S000000Ms6RQAS","2020-06-02T17:59:20.000Z","0054S000000Ms6RQAS","","","","a2G4S0000006UPVUA2","false","false","true","true","false","10.0","slide","true","false","false","false","","true","","","MappedSObjectScreenResource","","42993158429096995","Account","","","","","","","false","false",""
"a2F4S0000008dQWUAY","","Scenario Proforma Options","2020-06-02T17:59:20.000Z","0054S000000Ms6RQAS","2020-06-02T17:59:20.000Z","0054S000000Ms6RQAS","","","","a2G4S0000006UPVUA2","false","false","true","true","false","20.0","slide","true","false","false","false","","true","","","MappedSObjectScreenResource","","42484242823048594","LLC_BI__Scenario__c","","","","","","","false","false",""
"a2F4S0000008dQXUAY","","Scenario_Card_Balance","2020-06-02T17:59:20.000Z","0054S000000Ms6RQAS","2020-06-02T17:59:20.000Z","0054S000000Ms6RQAS","","","","a2G4S0000006USLUA2","false","false","false","true","false","10.0","slide","true","false","false","false","","false","","","MappedSObjectScreenResource","","42962211495187675","LLC_BI__Scenario__c","","","","","","","false","false",""
"a2F4S0000008dQYUAY","","Scenario_Card_Reserve","2020-06-02T17:59:20.000Z","0054S000000Ms6RQAS","2020-06-02T17:59:20.000Z","0054S000000Ms6RQAS","","","","a2G4S0000006USLUA2","false","false","false","true","false","20.0","slide","true","false","false","false","","false","","","MappedSObjectScreenResource","","42103360443080815","LLC_BI__Scenario__c","","","","","","","false","false",""
"a2F4S0000008dQZUAY","","Scenario_Card_Net_Investable","2020-06-02T17:59:20.000Z","0054S000000Ms6RQAS","2020-06-02T17:59:20.000Z","0054S000000Ms6RQAS","","","","a2G4S0000006USLUA2","false","false","false","true","false","30.0","slide","true","false","false","false","","false","","","MappedSObjectScreenResource","","42430375384969389","LLC_BI__Scenario__c","","","","","","","false","false",""
"a2F4S0000008dQaUAI","","Collateral Details","2020-06-02T17:59:20.000Z","0054S000000Ms6RQAS","2020-06-02T17:59:20.000Z","0054S000000Ms6RQAS","","","","a2G4S0000006UOuUAM","false","false","false","false","false","","slide","true","false","false","true","","true","","","MappedSObjectScreenResource","","42408547330158687","LLC_BI__Loan_Collateral2__c","","","","","","","false","false",""
"a2F4S0000008dQbUAI","","Collateral Valuation","2020-06-02T17:59:20.000Z","0054S000000Ms6RQAS","2020-06-02T17:59:20.000Z","0054S000000Ms6RQAS","","","","a2G4S0000006UOuUAM","false","false","false","false","false","","slide","true","false","false","false","","true","","","MappedSObjectScreenResource","","42770916055813452","LLC_BI__Collateral__c","","","","","","","false","false",""
"a2F4S0000008dQcUAI","","Pledge Details","2020-06-02T17:59:20.000Z","0054S000000Ms6RQAS","2020-06-02T17:59:20.000Z","0054S000000Ms6RQAS","","","","a2G4S0000006UOuUAM","false","false","false","false","false","","slide","true","false","false","true","","true","","","MappedSObjectScreenResource","","42837477030719818","LLC_BI__Loan_Collateral2__c","","","","","","","false","false",""
"a2F4S0000008dQdUAI","","Collateral Search Results","2020-06-02T17:59:20.000Z","0054S000000Ms6RQAS","2020-06-02T17:59:20.000Z","0054S000000Ms6RQAS","","","","a2G4S0000006UOuUAM","false","false","false","false","false","","slide","true","false","false","false","","true","","","MappedSObjectScreenResource","","42341236978633924","LLC_BI__Collateral__c","","","","","","","false","false",""
"a2F4S0000008dQeUAI","","Bulk Pledge Details","2020-06-02T17:59:20.000Z","0054S000000Ms6RQAS","2020-06-02T17:59:20.000Z","0054S000000Ms6RQAS","","","","a2G4S0000006UOuUAM","false","false","false","false","false","","slide","true","false","false","false","","true","","","CustomSObjectListScreenResource","","42922597703739427","LLC_BI__Loan_Collateral2__c","","","","","","","false","false",""
"a2F4S0000008dQfUAI","","Collateral Search Results","2020-06-02T17:59:20.000Z","0054S000000Ms6RQAS","2020-06-02T17:59:20.000Z","0054S000000Ms6RQAS","","","","a2G4S0000006USMUA2","false","false","false","false","false","","slide","true","false","false","false","","true","","","MappedSObjectScreenResource","","Default_Collateral_Search_Results_Key","LLC_BI__Collateral__c","","","","","","","false","false",""
"a2F4S0000008dQgUAI","","UI Collateral Summary","2020-06-02T17:59:20.000Z","0054S000000Ms6RQAS","2020-06-02T17:59:20.000Z","0054S000000Ms6RQAS","","","","a2G4S0000006UPYUA2","false","false","false","false","false","","slide","true","false","false","false","","true","","","MappedSObjectScreenResource","","42834708531386047","LLC_BI__Loan__c","","","","","","","false","false",""
"a2F4S0000008dQhUAI","","UI Collateral Record Schedule","2020-06-02T17:59:20.000Z","0054S000000Ms6RQAS","2020-06-02T17:59:20.000Z","0054S000000Ms6RQAS","","","","a2G4S0000006UPYUA2","false","false","false","false","false","","slide","true","false","false","false","","true","","","MappedSObjectScreenResource","","42119708870394170","LLC_BI__Loan_Collateral2__c","","","","","","","false","false",""
"a2F4S0000008dQiUAI","","UI Related Pledged Collateral Schedule","2020-06-02T17:59:20.000Z","0054S000000Ms6RQAS","2020-06-02T17:59:20.000Z","0054S000000Ms6RQAS","","","","a2G4S0000006UPYUA2","false","false","false","false","false","","slide","true","false","false","false","","true","","","MappedSObjectScreenResource","","42882367374519413","LLC_BI__Loan_Collateral2__c","","","","","","","false","false",""
"a2F4S0000008dQjUAI","","UI Collateral Record Schedule","2020-06-02T17:59:20.000Z","0054S000000Ms6RQAS","2020-06-02T17:59:20.000Z","0054S000000Ms6RQAS","","","","a2G4S0000006UPTUA2","false","false","false","false","false","","slide","true","false","false","false","","true","","","MappedSObjectScreenResource","","42151136547775130","LLC_BI__Loan_Collateral2__c","","","","","","","false","false",""
"a2F4S0000008dQkUAI","","UI Related Pledged Collateral Schedule","2020-06-02T17:59:20.000Z","0054S000000Ms6RQAS","2020-06-02T17:59:20.000Z","0054S000000Ms6RQAS","","","","a2G4S0000006UPTUA2","false","false","false","false","false","","slide","true","false","false","false","","true","","","MappedSObjectScreenResource","","42276061206063379","LLC_BI__Loan_Collateral2__c","","","","","","","false","false",""
"a2F4S0000008dQlUAI","","Collateral Creation Screen Section","2020-06-02T17:59:20.000Z","0054S000000Ms6RQAS","2020-06-02T17:59:20.000Z","0054S000000Ms6RQAS","","","","a2G4S0000006USNUA2","false","false","false","true","false","10.0","slide","true","false","false","false","","true","","","MappedSObjectScreenResource","","42396320127962582","LLC_BI__Collateral__c","","","","","","","false","false",""
"a2F4S0000008dQmUAI","","Collateral Details","2020-06-02T17:59:20.000Z","0054S000000Ms6RQAS","2020-06-02T17:59:20.000Z","0054S000000Ms6RQAS","","","","a2G4S0000006USOUA2","false","false","false","true","false","10.0","slide","true","false","false","true","","true","","","MappedSObjectScreenResource","","42314298342153956","LLC_BI__Collateral__c","","","","","","","false","false",""
"a2F4S0000008dQnUAI","","Collateral Details","2020-06-02T17:59:20.000Z","0054S000000Ms6RQAS","2020-06-02T17:59:20.000Z","0054S000000Ms6RQAS","","","","a2G4S0000006UOrUAM","false","false","false","false","false","","slide","true","false","false","true","","true","","","MappedSObjectScreenResource","","42756644578938984","LLC_BI__Loan_Collateral2__c","","","","","","","false","false",""
"a2F4S0000008dQoUAI","","Collateral Valuation","2020-06-02T17:59:20.000Z","0054S000000Ms6RQAS","2020-06-02T17:59:20.000Z","0054S000000Ms6RQAS","","","","a2G4S0000006UOrUAM","false","false","false","false","false","","slide","true","false","false","false","","true","","","MappedSObjectScreenResource","","42556818826445827","LLC_BI__Collateral__c","","","","","","","false","false",""
"a2F4S0000008dQpUAI","","Pledge Details","2020-06-02T17:59:20.000Z","0054S000000Ms6RQAS","2020-06-02T17:59:20.000Z","0054S000000Ms6RQAS","","","","a2G4S0000006UOrUAM","false","false","false","false","false","","slide","true","false","false","true","","true","","","MappedSObjectScreenResource","","42954666193102875","LLC_BI__Loan_Collateral2__c","","","","","","","false","false",""
"a2F4S0000008dQqUAI","","Collateral Search Results","2020-06-02T17:59:20.000Z","0054S000000Ms6RQAS","2020-06-02T17:59:20.000Z","0054S000000Ms6RQAS","","","","a2G4S0000006UOrUAM","false","false","false","false","false","","slide","true","false","false","false","","true","","","MappedSObjectScreenResource","","4289077711468689","LLC_BI__Collateral__c","","","","","","","false","false",""
"a2F4S0000008dQrUAI","","Bulk Pledge Details","2020-06-02T17:59:20.000Z","0054S000000Ms6RQAS","2020-06-02T17:59:20.000Z","0054S000000Ms6RQAS","","","","a2G4S0000006UOrUAM","false","false","false","false","false","","slide","true","false","false","false","","true","","","CustomSObjectListScreenResource","","42112852178994770","LLC_BI__Loan_Collateral2__c","","","","","","","false","false",""
"a2F4S0000008dQsUAI","","Collateral Details","2020-06-02T17:59:20.000Z","0054S000000Ms6RQAS","2020-06-02T17:59:20.000Z","0054S000000Ms6RQAS","","","","a2G4S0000006UOtUAM","false","false","false","false","false","","slide","true","false","false","true","","true","","","MappedSObjectScreenResource","","42056851150727842","LLC_BI__Loan_Collateral2__c","","","","","","","false","false",""
"a2F4S0000008dQtUAI","","Collateral Valuation","2020-06-02T17:59:20.000Z","0054S000000Ms6RQAS","2020-10-15T13:55:11.000Z","0054S000000Ms6RQAS","","","","a2G4S0000006UOtUAM","false","false","false","false","false","","slide","true","false","false","false","","true","","a2I4S000000CmajUAC","MappedSObjectScreenResource","","42942024594527494","LLC_BI__Collateral__c","","","","","","","false","false",""
"a2F4S0000008dQuUAI","","Pledge Details","2020-06-02T17:59:20.000Z","0054S000000Ms6RQAS","2020-06-02T17:59:20.000Z","0054S000000Ms6RQAS","","","","a2G4S0000006UOtUAM","false","false","false","false","false","","slide","true","false","false","true","","true","","","MappedSObjectScreenResource","","42560036649135156","LLC_BI__Loan_Collateral2__c","","","","","","","false","false",""
"a2F4S0000008dQvUAI","","Collateral Search Results","2020-06-02T17:59:20.000Z","0054S000000Ms6RQAS","2020-06-02T17:59:20.000Z","0054S000000Ms6RQAS","","","","a2G4S0000006UOtUAM","false","false","false","false","false","","slide","true","false","false","false","","true","","","MappedSObjectScreenResource","","42275749942731791","LLC_BI__Collateral__c","","","","","","","false","false",""
"a2F4S0000008dXbUAI","","HMDA","2020-06-02T17:59:20.000Z","0054S000000Ms6RQAS","2020-06-02T17:59:20.000Z","0054S000000Ms6RQAS","","","","a2G4S0000006URpUAM","false","false","false","true","false","0.0","slide","true","false","false","false","","true","","","MappedSObjectHierarchyScreenResource","","a2F4S0000008dXbUAI","LLC_BI__Loan__c","","","","","","","false","false",""
"a2F4S0000008dXcUAI","","HMDA","2020-06-02T17:59:20.000Z","0054S000000Ms6RQAS","2020-06-02T17:59:20.000Z","0054S000000Ms6RQAS","","","","a2G4S0000006URqUAM","false","false","true","true","false","4.0","slide","true","false","false","false","","true","","","MappedSObjectHierarchyScreenResource","","09161585604341050","LLC_BI__Loan__c","","","","","","","false","false",""
"a2F4S0000008dXdUAI","","HMDA Applicants","2020-06-02T17:59:20.000Z","0054S000000Ms6RQAS","2020-06-02T17:59:20.000Z","0054S000000Ms6RQAS","","","","a2G4S0000006USxUAM","false","false","true","false","false","1.0","slide","true","false","false","false","","true","","","MappedSObjectHierarchyScreenResource","","a2F4S0000008dXdUAI","LLC_BI__Loan__c","","","","","","","false","false",""
"a2F4S0000008dXeUAI","","HMDA Applicants","2020-06-02T17:59:20.000Z","0054S000000Ms6RQAS","2020-06-02T17:59:20.000Z","0054S000000Ms6RQAS","","","","a2G4S0000006USlUAM","false","false","true","false","false","5.0","slide","true","false","false","false","","true","","","MappedSObjectHierarchyScreenResource","","a2F4S0000008dXeUAI","LLC_BI__Loan__c","","","","","","","false","false",""
"a2F4S0000008dXfUAI","","HMDA Loan Information","2020-06-02T17:59:20.000Z","0054S000000Ms6RQAS","2020-06-02T17:59:20.000Z","0054S000000Ms6RQAS","","","","a2G4S0000006USlUAM","false","false","true","false","false","0.0","slide","true","false","false","false","","false","","","MappedSObjectScreenResource","","a2F4S0000008dXfUAI","LLC_BI__Loan__c","","","","","","","false","false",""
"a2F4S0000008dXgUAI","","Injections","2020-06-02T17:59:20.000Z","0054S000000Ms6RQAS","2020-06-02T17:59:20.000Z","0054S000000Ms6RQAS","","","","a2G4S0000006URdUAM","false","false","false","true","false","1.0","slide","true","false","false","false","","false","","","MappedSObjectHierarchyScreenResource","","a2F4S0000008dXgUAI","LLC_BI__Loan__c","","","","","","","false","false",""
"a2F4S0000008dXhUAI","","Lender's Agreement and Certifications","2020-06-02T17:59:20.000Z","0054S000000Ms6RQAS","2020-06-02T17:59:20.000Z","0054S000000Ms6RQAS","","","","a2G4S0000006URLUA2","false","false","true","true","false","4.0","slide","true","false","false","false","","true","","","MappedSObjectScreenResource","","a2F4S0000008dXhUAI","LLC_BI__Loan__c","","","","","","","false","false",""
"a2F4S0000008dXiUAI","","Liens","2020-06-02T17:59:20.000Z","0054S000000Ms6RQAS","2020-06-02T17:59:20.000Z","0054S000000Ms6RQAS","","","","a2G4S0000006UReUAM","false","false","false","true","false","1.0","slide","true","false","false","false","","true","","","MappedSObjectHierarchyScreenResource","","a2F4S0000008dXiUAI","LLC_BI__Loan__c","","","","","","","false","false",""
"a2F4S0000008dXjUAI","","Loan Details","2020-06-02T17:59:20.000Z","0054S000000Ms6RQAS","2020-06-02T17:59:20.000Z","0054S000000Ms6RQAS","","","","a2G4S0000006URoUAM","false","false","false","true","false","0.0","slide","true","false","false","false","","false","","","MappedSObjectScreenResource","","15271585604341050","LLC_BI__Loan__c","","","","","","","false","false",""
"a2F4S0000008dXkUAI","","Loan Details","2020-06-02T17:59:20.000Z","0054S000000Ms6RQAS","2020-06-02T17:59:20.000Z","0054S000000Ms6RQAS","","","","a2G4S0000006URrUAM","false","false","true","true","false","0.0","slide","true","false","false","false","","true","","","MappedSObjectScreenResource","","46001585604341050","LLC_BI__Loan__c","","","","","","","false","false",""
"a2F4S0000008dXlUAI","","Loan Information","2020-06-02T17:59:20.000Z","0054S000000Ms6RQAS","2020-06-02T17:59:20.000Z","0054S000000Ms6RQAS","","","","a2G4S0000006USxUAM","false","false","true","false","false","0.0","slide","true","false","false","false","","true","","","MappedSObjectScreenResource","","a2F4S0000008dXlUAI","LLC_BI__Loan__c","","","","","","","false","false",""
"a2F4S0000008dXmUAI","","Loan Information","2020-06-02T17:59:20.000Z","0054S000000Ms6RQAS","2020-06-02T17:59:20.000Z","0054S000000Ms6RQAS","","","","a2G4S0000006UQqUAM","false","false","false","true","false","0.0","slide","true","false","false","false","","false","","","MappedSObjectScreenResource","","a2F4S0000008dXmUAI","LLC_BI__Loan__c","","","","","","","false","false",""
"a2F4S0000008dXnUAI","","Loan Information","2020-06-02T17:59:20.000Z","0054S000000Ms6RQAS","2020-06-02T17:59:20.000Z","0054S000000Ms6RQAS","","","","a2G4S0000006USyUAM","false","false","true","false","false","0.0","slide","true","false","false","false","","false","","","MappedSObjectScreenResource","","a2F4S0000008dXnUAI","LLC_BI__Loan__c","","","","","","","false","false",""
"a2F4S0000008dXoUAI","","Loan Information","2020-06-02T17:59:20.000Z","0054S000000Ms6RQAS","2020-06-02T17:59:20.000Z","0054S000000Ms6RQAS","","","","a2G4S0000006URfUAM","false","false","true","true","false","0.0","slide","true","false","false","false","","true","","","MappedSObjectScreenResource","","a2F4S0000008dXoUAI","LLC_BI__Loan__c","","","","","","","false","false",""
"a2F4S0000008dXpUAI","","Loan Information","2020-06-02T17:59:20.000Z","0054S000000Ms6RQAS","2020-06-02T17:59:20.000Z","0054S000000Ms6RQAS","","","","a2G4S0000006USoUAM","false","false","true","false","false","0.0","slide","true","false","false","false","","true","","","MappedSObjectScreenResource","","a2F4S0000008dXpUAI","LLC_BI__Loan__c","","","","","","","false","false",""
"a2F4S0000008dXqUAI","","Loan Information","2020-06-02T17:59:20.000Z","0054S000000Ms6RQAS","2020-06-02T17:59:20.000Z","0054S000000Ms6RQAS","","","","a2G4S0000006URnUAM","false","false","true","true","false","0.0","slide","true","false","false","false","","true","","","MappedSObjectScreenResource","","95801585604341049","LLC_BI__Loan__c","","","","","","","false","false",""
"a2F4S0000008dXrUAI","","Loan Information","2020-06-02T17:59:20.000Z","0054S000000Ms6RQAS","2020-06-02T17:59:20.000Z","0054S000000Ms6RQAS","","","","a2G4S0000006USmUAM","false","false","true","false","false","1.0","slide","true","false","false","false","","true","","","MappedSObjectScreenResource","","a2F4S0000008dXrUAI","LLC_BI__Loan__c","","","","","","","false","false",""
"a2F4S0000008dXsUAI","","Loan Lifecycle","2020-06-02T17:59:20.000Z","0054S000000Ms6RQAS","2020-06-02T17:59:20.000Z","0054S000000Ms6RQAS","","","","a2G4S0000006URqUAM","false","false","true","true","false","3.0","slide","true","false","false","false","","true","","","MappedSObjectScreenResource","","59351585604341050","LLC_BI__Loan__c","","","","","","","false","false",""
"a2F4S0000008dXtUAI","","Loan Lifecycle","2020-06-02T17:59:20.000Z","0054S000000Ms6RQAS","2020-06-02T17:59:20.000Z","0054S000000Ms6RQAS","","","","a2G4S0000006USlUAM","false","false","true","false","false","4.0","slide","true","false","false","false","","true","","","MappedSObjectScreenResource","","a2F4S0000008dXtUAI","LLC_BI__Loan__c","","","","","","","false","false",""
"a2F4S0000008dXuUAI","","Loan Officer Details","2020-06-02T17:59:20.000Z","0054S000000Ms6RQAS","2020-06-02T17:59:20.000Z","0054S000000Ms6RQAS","","","","a2G4S0000006URcUAM","false","false","true","true","false","6.0","slide","true","false","false","false","","true","","","MappedSObjectScreenResource","","a2F4S0000008dXuUAI","LLC_BI__Loan__c","","","","","","","false","false",""
"a2F4S0000008dXvUAI","","Loan Packager Information","2020-06-02T17:59:20.000Z","0054S000000Ms6RQAS","2020-06-02T17:59:20.000Z","0054S000000Ms6RQAS","","","","a2G4S0000006URIUA2","false","false","true","true","false","1.0","slide","true","false","false","false","","true","","","MappedSObjectScreenResource","","a2F4S0000008dXvUAI","LLC_BI__Loan__c","","","","","","","false","false",""
"a2F4S0000008dXwUAI","","Loan Products","2020-06-02T17:59:20.000Z","0054S000000Ms6RQAS","2020-06-02T17:59:20.000Z","0054S000000Ms6RQAS","","","","a2G4S0000006USzUAM","false","false","false","true","false","1.0","slide","true","false","false","false","","false","","","ReferenceFilteredHierarchyScreenResource","","a2F4S0000008dXwUAI","Account","","","","","","","false","false",""
"a2F4S0000008dXxUAI","","Loan Products","2020-06-02T17:59:20.000Z","0054S000000Ms6RQAS","2020-06-02T17:59:20.000Z","0054S000000Ms6RQAS","","","","a2G4S0000006UT0UAM","false","false","true","false","false","1.0","slide","true","false","false","false","","true","","","ReferenceFilteredHierarchyScreenResource","","a2F4S0000008dXxUAI","Account","","","","","","","false","false",""
"a2F4S0000008dXyUAI","","Loan Team Members","2020-06-02T17:59:20.000Z","0054S000000Ms6RQAS","2020-06-02T17:59:20.000Z","0054S000000Ms6RQAS","","","","a2G4S0000006UQtUAM","false","false","false","true","false","0.0","slide","true","false","false","false","","false","","","MappedSObjectHierarchyScreenResource","","66661585604341051","LLC_BI__Loan__c","","","","","","","false","false",""
"a2F4S0000008dXzUAI","","Loans","2020-06-02T17:59:20.000Z","0054S000000Ms6RQAS","2020-06-02T17:59:20.000Z","0054S000000Ms6RQAS","","","","a2G4S0000006UR7UAM","false","false","true","true","false","1.0","slide","true","false","false","false","","true","","","ReferenceFilteredHierarchyScreenResource","","a2F4S0000008dXzUAI","Account","","","","","","","false","false",""
"a2F4S0000008dY0UAI","","Memos","2020-06-02T17:59:20.000Z","0054S000000Ms6RQAS","2020-06-02T17:59:20.000Z","0054S000000Ms6RQAS","","","","a2G4S0000006UQuUAM","false","false","false","true","false","0.0","slide","true","false","false","false","","false","","","MappedSObjectHierarchyScreenResource","","45191585604341051","LLC_BI__Loan__c","","","","","","","false","false",""
"a2F4S0000008dY1UAI","","Narrative","2020-06-02T17:59:20.000Z","0054S000000Ms6RQAS","2020-06-02T17:59:20.000Z","0054S000000Ms6RQAS","","","","a2G4S0000006UQsUAM","false","false","true","true","false","1.0","slide","true","false","false","false","","true","","","MappedSObjectScreenResource","","36391585604341051","LLC_BI__Loan__c","","","","","","","false","false",""
"a2F4S0000008dY2UAI","","Ongoing Servicing","2020-06-02T17:59:20.000Z","0054S000000Ms6RQAS","2020-06-02T17:59:20.000Z","0054S000000Ms6RQAS","","","","a2G4S0000006UT1UAM","false","false","true","true","false","1.0","slide","true","false","false","false","","true","","","MappedSObjectHierarchyScreenResource","","a2F4S0000008dY2UAI","Account","","","","","","","false","false",""
"a2F4S0000008dY3UAI","","Opportunities","2020-06-02T17:59:20.000Z","0054S000000Ms6RQAS","2020-06-02T17:59:20.000Z","0054S000000Ms6RQAS","","","","a2G4S0000006UR8UAM","false","false","false","false","false","","slide","true","false","false","false","","false","","","MappedSObjectHierarchyScreenResource","","a2F4S0000008dY3UAI","Account","","","","","","","false","false",""
"a2F4S0000008dY4UAI","","Order Entry-Remote-Deposit","2020-06-02T17:59:20.000Z","0054S000000Ms6RQAS","2020-06-02T17:59:20.000Z","0054S000000Ms6RQAS","","","","a2G4S0000006UQwUAM","false","false","false","false","false","","slide","true","false","false","false","","true","","","MappedSObjectScreenResource","","a2F4S0000008dY4UAI","LLC_BI__Treasury_Service__c","","","","","","","false","false",""
"a2F4S0000008dY5UAI","","Order Entry-Retail-Lockbox","2020-06-02T17:59:20.000Z","0054S000000Ms6RQAS","2020-06-02T17:59:20.000Z","0054S000000Ms6RQAS","","","","a2G4S0000006UQxUAM","false","false","false","false","false","","slide","true","false","false","false","","true","","","MappedSObjectScreenResource","","a2F4S0000008dY5UAI","LLC_BI__Treasury_Service__c","","","","","","","false","false",""
"a2F4S0000008dY6UAI","","Order Entry-Wire-Transfer","2020-06-02T17:59:20.000Z","0054S000000Ms6RQAS","2020-06-02T17:59:20.000Z","0054S000000Ms6RQAS","","","","a2G4S0000006UQyUAM","false","false","false","false","false","","slide","true","false","false","false","","true","","","MappedSObjectScreenResource","","a2F4S0000008dY6UAI","LLC_BI__Treasury_Service__c","","","","","","","false","false",""
"a2F4S0000008dY7UAI","","Other","2020-06-02T17:59:20.000Z","0054S000000Ms6RQAS","2020-06-02T17:59:20.000Z","0054S000000Ms6RQAS","","","","a2G4S0000006URnUAM","false","false","true","true","false","3.0","slide","true","false","false","false","","true","","","MappedSObjectScreenResource","","86481585604341050","LLC_BI__Loan__c","","","","","","","false","false",""
"a2F4S0000008dPFUAY","","Product Package Details","2020-06-02T17:59:20.000Z","0054S000000Ms6RQAS","2020-06-02T17:59:20.000Z","0054S000000Ms6RQAS","","","","a2G4S0000006UOoUAM","false","false","false","false","false","20.0","slide","true","true","false","false","","false","","a2I4S000000CeG7UAK","MappedSObjectScreenResource","","42674546064471760","LLC_BI__Product_Package__c","","","","","","","false","false",""
"a2F4S0000008dPGUAY","","Relationship Summary","2020-06-02T17:59:20.000Z","0054S000000Ms6RQAS","2020-06-02T17:59:20.000Z","0054S000000Ms6RQAS","","","","a2G4S0000006UOoUAM","false","false","false","false","false","10.0","slide","true","false","false","false","","false","","a2I4S000000CeG8UAK","MappedSObjectHierarchyScreenResource","","42925786695731964","LLC_BI__Product_Package__c","","","","","","","false","false",""
"a2F4S0000008dPHUAY","","Product Package Team","2020-06-02T17:59:20.000Z","0054S000000Ms6RQAS","2020-06-02T17:59:20.000Z","0054S000000Ms6RQAS","","","","a2G4S0000006UOoUAM","false","false","false","false","false","70.0","slide","true","false","false","false","","false","","a2I4S000000CeG9UAK","MappedSObjectHierarchyScreenResource","","42810808607645318","LLC_BI__Product_Package__c","","","","","","","false","false",""
"a2F4S0000008dPIUAY","","Collateral Summary","2020-06-02T17:59:20.000Z","0054S000000Ms6RQAS","2020-06-02T17:59:20.000Z","0054S000000Ms6RQAS","","","","a2G4S0000006UOoUAM","false","false","false","false","false","40.0","slide","true","false","false","false","","false","","a2I4S000000CeGAUA0","MappedSObjectHierarchyScreenResource","","42180650899219214","LLC_BI__Product_Package__c","","","","","","","false","false",""
"a2F4S0000008dPJUAY","","Covenant Summary","2020-06-02T17:59:20.000Z","0054S000000Ms6RQAS","2020-06-02T17:59:20.000Z","0054S000000Ms6RQAS","","","","a2G4S0000006UOoUAM","false","false","false","false","false","50.0","slide","true","false","false","false","","false","","a2I4S000000CeGBUA0","MappedSObjectHierarchyScreenResource","","4261354624042225","LLC_BI__Product_Package__c","","","","","","","false","false",""
"a2F4S0000008dQwUAI","","Bulk Pledge Details","2020-06-02T17:59:20.000Z","0054S000000Ms6RQAS","2020-06-02T17:59:20.000Z","0054S000000Ms6RQAS","","","","a2G4S0000006UOtUAM","false","false","false","false","false","","slide","true","false","false","false","","true","","","CustomSObjectListScreenResource","","42890787500455069","LLC_BI__Loan_Collateral2__c","","","","","","","false","false",""
"a2F4S0000008dQxUAI","","Entity Involvement New Individual","2020-06-02T17:59:20.000Z","0054S000000SW21QAG","2020-06-02T17:59:20.000Z","0054S000000SW21QAG","","","","a2G4S0000006USPUA2","false","false","true","true","false","1.0","slide","true","false","false","false","","true","","","MappedSObjectScreenResource","","42885437251674301","Contact","","","","","","","false","false",""
"a2F4S0000008dQyUAI","","Entity Involvement New Business","2020-06-02T17:59:20.000Z","0054S000000SW21QAG","2020-06-02T17:59:20.000Z","0054S000000SW21QAG","","","","a2G4S0000006USPUA2","false","false","true","true","false","1.0","slide","true","false","false","false","","true","","","MappedSObjectScreenResource","","42875428555717450","Account","","","","","","","false","false",""
"a2F4S0000008dQzUAI","","Relationship Add Debt","2020-06-02T17:59:20.000Z","0054S000000SW21QAG","2020-06-02T17:59:20.000Z","0054S000000SW21QAG","","","","a2G4S0000006UP4UAM","false","false","true","false","false","1.0","slide","true","false","false","false","","true","","","MappedSObjectScreenResource","","42987966774596763","LLC_BI__Debt__c","","","","","2.0","","false","false",""
"a2F4S0000008dR0UAI","","Questionnaire Admin Screen Section Lookup Section","2020-06-02T17:59:20.000Z","0054S000000SW21QAG","2020-06-02T17:59:20.000Z","0054S000000SW21QAG","","","","a2G4S0000006USQUA2","false","false","true","true","false","1.0","slide","true","false","false","false","","true","","","MappedSObjectScreenResource","","42436456698005322","nFORCE__Question__c","","","","","","","false","false",""
"a2F4S0000008dR1UAI","","Account Document Manager Bulk Update","2020-06-02T17:59:20.000Z","0054S000000SW2ZQAW","2020-06-02T17:59:20.000Z","0054S000000SW2ZQAW","","","","a2G4S0000006USRUA2","false","false","true","true","false","0.0","slide","true","false","false","false","","true","","","MappedSObjectScreenResource","","Account_docman_bulk_update_fields","LLC_BI__AccountDocument__c","","","","","6.0","","false","false","NDOC.DocManFieldValidationServiceXPkg"
"a2F4S0000008dR2UAI","","Account Document Manager Bulk Update Summary","2020-06-02T17:59:20.000Z","0054S000000SW2ZQAW","2020-06-02T17:59:20.000Z","0054S000000SW2ZQAW","","","","a2G4S0000006USRUA2","false","false","false","true","false","0.0","slide","true","false","false","false","","false","","","MappedSObjectScreenResource","","Account_docman_bulk_update_summary_fields","LLC_BI__AccountDocument__c","","","","","6.0","","false","false",""
"a2F4S0000008dR3UAI","","Loan Document Manager Bulk Update","2020-06-02T17:59:20.000Z","0054S000000SW2ZQAW","2020-06-02T17:59:20.000Z","0054S000000SW2ZQAW","","","","a2G4S0000006USRUA2","false","false","true","true","false","0.0","slide","true","false","false","false","","true","","","MappedSObjectScreenResource","","LLC_BI__Loan__c_docman_bulk_update_fields","LLC_BI__LLC_LoanDocument__c","","","","","6.0","","false","false","NDOC.DocManFieldValidationServiceXPkg"
"a2F4S0000008dR4UAI","","Loan Document Manager Bulk Update Summary","2020-06-02T17:59:20.000Z","0054S000000SW2ZQAW","2020-06-02T17:59:20.000Z","0054S000000SW2ZQAW","","","","a2G4S0000006USRUA2","false","false","false","true","false","0.0","slide","true","false","false","false","","false","","","MappedSObjectScreenResource","","LLC_BI__Loan__c_docman_bulk_update_summary_fields","LLC_BI__LLC_LoanDocument__c","","","","","6.0","","false","false",""
"a2F4S0000008dR5UAI","","Universal Document Manager Bulk Update","2020-06-02T17:59:20.000Z","0054S000000SW2ZQAW","2020-06-02T17:59:20.000Z","0054S000000SW2ZQAW","","","","a2G4S0000006USRUA2","false","false","true","true","false","0.0","slide","true","false","false","false","","true","","","MappedSObjectScreenResource","","universal_docman_bulk_update_fields","LLC_BI__Document_Placeholder__c","","","","","6.0","","false","false","NDOC.DocManFieldValidationServiceXPkg"
"a2F4S0000008dR6UAI","","Universal Document Manager Bulk Update Summary","2020-06-02T17:59:20.000Z","0054S000000SW2ZQAW","2020-06-02T17:59:20.000Z","0054S000000SW2ZQAW","","","","a2G4S0000006USRUA2","false","false","false","true","false","0.0","slide","true","false","false","false","","false","","","MappedSObjectScreenResource","","universal_docman_bulk_update_summary_fields","LLC_BI__Document_Placeholder__c","","","","","6.0","","false","false",""
"a2F4S0000008dR7UAI","","Applicants","2020-06-02T17:59:20.000Z","0054S000000SW29QAG","2020-06-02T17:59:20.000Z","0054S000000SW29QAG","","","","a2G4S0000006UPWUA2","false","false","true","true","false","0.0","slide","true","false","false","false","","true","","","MappedSObjectScreenResource","","42122234802861830","LLC_BI__Legal_Entities__c","","","","","","","false","false",""
"a2F4S0000008dR8UAI","","Application Details","2020-06-02T17:59:20.000Z","0054S000000SW29QAG","2020-06-02T17:59:20.000Z","0054S000000SW29QAG","","","","a2G4S0000006UPWUA2","false","false","true","true","false","1.0","slide","true","false","false","false","","true","","","MappedSObjectScreenResource","","42227914325179779","LLC_BI__Loan__c","","","","","","","false","false",""
"a2F4S0000008dR9UAI","","Applicant Details","2020-06-02T17:59:20.000Z","0054S000000SW29QAG","2020-06-02T17:59:20.000Z","0054S000000SW29QAG","","","","a2G4S0000006UPWUA2","false","false","true","true","false","2.0","slide","true","false","true","false","","true","","","MappedSObjectScreenResource","","42996427351647446","Contact","","","","","","","false","false",""
"a2F4S0000008dRAUAY","","Debt Schedule","2020-06-02T17:59:20.000Z","0054S000000SW29QAG","2020-06-02T17:59:20.000Z","0054S000000SW29QAG","","","","a2G4S0000006UPZUA2","false","false","true","true","false","0.0","slide","true","false","false","false","","true","","","MappedSObjectScreenResource","","42266324142004703","LLC_BI__Debt__c","","","","","","","false","false",""
"a2F4S0000008dRBUAY","","Asset Schedule","2020-06-02T17:59:20.000Z","0054S000000SW29QAG","2020-06-02T17:59:20.000Z","0054S000000SW29QAG","","","","a2G4S0000006UPZUA2","false","false","true","true","false","1.0","slide","true","false","false","false","","true","","","MappedSObjectScreenResource","","42625303025803058","nRetail__Asset__c","","","","","","","false","false",""
"a2F4S0000008dRCUAY","","Income Schedule","2020-06-02T17:59:20.000Z","0054S000000SW29QAG","2020-06-02T17:59:20.000Z","0054S000000SW29QAG","","","","a2G4S0000006UPZUA2","false","false","true","true","false","2.0","slide","true","false","false","false","","true","","","MappedSObjectScreenResource","","42457016603662885","LLC_BI__Income__c","","","","","","","false","false",""
"a2F4S0000008dRDUAY","","Add Debt","2020-06-02T17:59:20.000Z","0054S000000SW29QAG","2020-06-02T17:59:20.000Z","0054S000000SW29QAG","","","","a2G4S0000006UPZUA2","false","false","true","true","false","3.0","slide","true","false","false","false","","true","","","MappedSObjectScreenResource","","42228081408341778","LLC_BI__Debt__c","","","","","","","false","false",""
"a2F4S0000008dREUAY","","Add Asset","2020-06-02T17:59:20.000Z","0054S000000SW29QAG","2020-06-02T17:59:20.000Z","0054S000000SW29QAG","","","","a2G4S0000006UPZUA2","false","false","true","true","false","4.0","slide","true","false","false","false","","true","","","MappedSObjectScreenResource","","42476008475589851","nRetail__Asset__c","","","","","","","false","false",""
"a2F4S0000008dRFUAY","","Add Income","2020-06-02T17:59:20.000Z","0054S000000SW29QAG","2020-06-02T17:59:20.000Z","0054S000000SW29QAG","","","","a2G4S0000006UPZUA2","false","false","true","true","false","4.0","slide","true","false","false","false","","true","","","MappedSObjectScreenResource","","42617903108608703","LLC_BI__Income__c","","","","","","","false","false",""
"a2F4S0000008dRGUAY","","Underwriting_Overview","2020-06-02T17:59:20.000Z","0054S000000SW29QAG","2020-06-02T17:59:20.000Z","0054S000000SW29QAG","","","","a2G4S0000006UPZUA2","false","false","true","true","false","5.0","slide","true","false","false","false","","true","","","MappedSObjectScreenResource","","42419899813245877","LLC_BI__Loan__c","","","","","","","false","false",""
"a2F4S0000008dRHUAY","","Decision_Overview","2020-06-02T17:59:20.000Z","0054S000000SW29QAG","2020-06-02T17:59:20.000Z","0054S000000SW29QAG","","","","a2G4S0000006UPZUA2","false","false","true","true","false","6.0","slide","true","false","false","false","","true","","","MappedSObjectScreenResource","","42687423297497510","LLC_BI__Loan__c","","","","","","","false","false",""
"a2F4S0000008dRIUAY","","Applicants","2020-06-02T17:59:20.000Z","0054S000000SW29QAG","2020-06-02T17:59:20.000Z","0054S000000SW29QAG","","","","a2G4S0000006UPaUAM","false","false","true","true","false","0.0","slide","true","false","false","false","","true","","","MappedSObjectScreenResource","","42577725597388449","LLC_BI__Legal_Entities__c","","","","","","","false","false",""
"a2F4S0000008dRJUAY","","Application Details","2020-06-02T17:59:20.000Z","0054S000000SW29QAG","2020-06-02T17:59:20.000Z","0054S000000SW29QAG","","","","a2G4S0000006UPaUAM","false","false","true","true","false","1.0","slide","true","false","false","false","","true","","","MappedSObjectScreenResource","","42906821118834308","LLC_BI__Loan__c","","","","","","","false","false",""
"a2F4S0000008dRKUAY","","Applicant Details","2020-06-02T17:59:20.000Z","0054S000000SW29QAG","2020-06-02T17:59:20.000Z","0054S000000SW29QAG","","","","a2G4S0000006UPaUAM","false","false","true","true","false","2.0","slide","true","false","true","false","","true","","","MappedSObjectScreenResource","","42728246216454440","Contact","","","","","","","false","false",""
"a2F4S0000008dRLUAY","","Debt Schedule","2020-06-02T17:59:20.000Z","0054S000000SW29QAG","2020-06-02T17:59:20.000Z","0054S000000SW29QAG","","","","a2G4S0000006UPbUAM","false","false","true","true","false","0.0","slide","true","false","false","false","","true","","","MappedSObjectScreenResource","","42254618457483684","LLC_BI__Debt__c","","","","","","","false","false",""
"a2F4S0000008dRMUAY","","Asset Schedule","2020-06-02T17:59:20.000Z","0054S000000SW29QAG","2020-06-02T17:59:20.000Z","0054S000000SW29QAG","","","","a2G4S0000006UPbUAM","false","false","true","true","false","1.0","slide","true","false","false","false","","true","","","MappedSObjectScreenResource","","42058280369759756","nRetail__Asset__c","","","","","","","false","false",""
"a2F4S0000008dRNUAY","","Income Schedule","2020-06-02T17:59:20.000Z","0054S000000SW29QAG","2020-06-02T17:59:20.000Z","0054S000000SW29QAG","","","","a2G4S0000006UPbUAM","false","false","true","true","false","2.0","slide","true","false","false","false","","true","","","MappedSObjectScreenResource","","42516369211337089","LLC_BI__Income__c","","","","","","","false","false",""
"a2F4S0000008dROUAY","","Add Debt","2020-06-02T17:59:20.000Z","0054S000000SW29QAG","2020-06-02T17:59:20.000Z","0054S000000SW29QAG","","","","a2G4S0000006UPbUAM","false","false","true","true","false","3.0","slide","true","false","false","false","","true","","","MappedSObjectScreenResource","","42254622950627045","LLC_BI__Debt__c","","","","","","","false","false",""
"a2F4S0000008dRPUAY","","Add Asset","2020-06-02T17:59:20.000Z","0054S000000SW29QAG","2020-06-02T17:59:20.000Z","0054S000000SW29QAG","","","","a2G4S0000006UPbUAM","false","false","true","true","false","4.0","slide","true","false","false","false","","true","","","MappedSObjectScreenResource","","42912045205631221","nRetail__Asset__c","","","","","","","false","false",""
"a2F4S0000008dRQUAY","","Add Income","2020-06-02T17:59:20.000Z","0054S000000SW29QAG","2020-06-02T17:59:20.000Z","0054S000000SW29QAG","","","","a2G4S0000006UPbUAM","false","false","true","true","false","4.0","slide","true","false","false","false","","true","","","MappedSObjectScreenResource","","42875295924706750","LLC_BI__Income__c","","","","","","","false","false",""
"a2F4S0000008dY8UAI","","Other","2020-06-02T17:59:20.000Z","0054S000000Ms6RQAS","2020-06-02T17:59:20.000Z","0054S000000Ms6RQAS","","","","a2G4S0000006USmUAM","false","false","true","false","false","4.0","slide","true","false","false","false","","true","","","MappedSObjectScreenResource","","a2F4S0000008dY8UAI","LLC_BI__Loan__c","","","","","","","false","false",""
"a2F4S0000008dY9UAI","","Other Information","2020-06-02T17:59:20.000Z","0054S000000Ms6RQAS","2020-06-02T17:59:20.000Z","0054S000000Ms6RQAS","","","","a2G4S0000006UR9UAM","false","false","true","true","false","1.0","slide","true","false","false","false","","true","","","MappedSObjectHierarchyScreenResource","","a2F4S0000008dY9UAI","Account","","","","","","","false","false",""
"a2F4S0000008dYAUAY","","Other Information","2020-06-02T17:59:20.000Z","0054S000000Ms6RQAS","2020-06-02T17:59:20.000Z","0054S000000Ms6RQAS","","","","a2G4S0000006UT2UAM","false","false","true","true","false","1.0","slide","true","false","false","false","","true","","","MappedSObjectHierarchyScreenResource","","a2F4S0000008dYAUAY","Account","","","","","","","false","false",""
"a2F4S0000008dYBUAY","","Overview","2020-06-02T17:59:20.000Z","0054S000000Ms6RQAS","2020-06-02T17:59:20.000Z","0054S000000Ms6RQAS","","","","a2G4S0000006UR5UAM","false","false","true","true","false","1.0","slide","true","false","false","false","","true","","","MappedSObjectHierarchyScreenResource","","a2F4S0000008dYBUAY","Account","","","","","","","false","false",""
"a2F4S0000008dYCUAY","","Overview","2020-06-02T17:59:20.000Z","0054S000000Ms6RQAS","2020-06-02T17:59:20.000Z","0054S000000Ms6RQAS","","","","a2G4S0000006UT3UAM","false","false","true","true","false","1.0","slide","true","false","false","false","","true","","","MappedSObjectHierarchyScreenResource","","a2F4S0000008dYCUAY","Account","","","","","","","false","false",""
"a2F4S0000008dYDUAY","","Participations","2020-06-02T17:59:20.000Z","0054S000000Ms6RQAS","2020-06-02T17:59:20.000Z","0054S000000Ms6RQAS","","","","a2G4S0000006UQzUAM","false","false","false","true","false","0.0","slide","true","false","false","false","","false","","","MappedSObjectHierarchyScreenResource","","72921585604341051","LLC_BI__Loan__c","","","","","","","false","false",""
"a2F4S0000008dYEUAY","","Partner","2020-06-02T17:59:20.000Z","0054S000000Ms6RQAS","2020-06-02T17:59:20.000Z","0054S000000Ms6RQAS","","","","a2G4S0000006URhUAM","false","false","true","true","false","0.0","slide","true","false","false","false","","true","","","MappedSObjectHierarchyScreenResource","","a2F4S0000008dYEUAY","LLC_BI__Loan__c","","","","","","","false","false",""
"a2F4S0000008dYFUAY","","Policy Exceptions","2020-06-02T17:59:20.000Z","0054S000000Ms6RQAS","2020-06-02T17:59:20.000Z","0054S000000Ms6RQAS","","","","a2G4S0000006UT4UAM","false","false","false","true","false","0.0","slide","true","false","false","false","","false","","","MappedSObjectHierarchyScreenResource","","a2F4S0000008dYFUAY","LLC_BI__Loan__c","","","","","","","false","false",""
"a2F4S0000008dYGUAY","","Pricing","2020-06-02T17:59:20.000Z","0054S000000Ms6RQAS","2020-06-02T17:59:20.000Z","0054S000000Ms6RQAS","","","","a2G4S0000006URgUAM","false","false","true","true","false","1.0","slide","true","false","false","false","","true","","","MappedSObjectScreenResource","","a2F4S0000008dYGUAY","LLC_BI__Loan__c","","","","","","","false","false",""
"a2F4S0000008dYHUAY","","Pricing","2020-06-02T17:59:20.000Z","0054S000000Ms6RQAS","2020-06-02T17:59:20.000Z","0054S000000Ms6RQAS","","","","a2G4S0000006URsUAM","false","false","true","true","false","1.0","slide","true","false","false","false","","true","","a2I4S000000CeChUAK","MappedSObjectScreenResource","","98921585604341051","LLC_BI__Loan__c","","","","","","","false","false",""
"a2F4S0000008dYIUAY","","Pricing Information","2020-06-02T17:59:20.000Z","0054S000000Ms6RQAS","2020-06-02T17:59:20.000Z","0054S000000Ms6RQAS","","","","a2G4S0000006USoUAM","false","false","true","false","false","1.0","slide","true","false","false","false","","true","","","MappedSObjectScreenResource","","a2F4S0000008dYIUAY","LLC_BI__Loan__c","","","","","","","false","false",""
"a2F4S0000008dYJUAY","","Primary Account","2020-06-02T17:59:20.000Z","0054S000000Ms6RQAS","2020-06-02T17:59:20.000Z","0054S000000Ms6RQAS","","","","a2G4S0000006URRUA2","false","false","true","true","false","0.0","slide","true","false","false","false","","true","","","MappedSObjectHierarchyScreenResource","","a2F4S0000008dYJUAY","LLC_BI__Loan__c","","","","","","","false","false",""
"a2F4S0000008dYKUAY","","Primary Account","2020-06-02T17:59:20.000Z","0054S000000Ms6RQAS","2020-06-02T17:59:20.000Z","0054S000000Ms6RQAS","","","","a2G4S0000006URbUAM","false","false","true","true","false","16.0","slide","true","false","false","false","","true","","","MappedSObjectScreenResource","","a2F4S0000008dYKUAY","LLC_BI__Loan__c","","","","","","","false","false",""
"a2F4S0000008dYLUAY","","Primary Account","2020-06-02T17:59:20.000Z","0054S000000Ms6RQAS","2020-06-02T17:59:20.000Z","0054S000000Ms6RQAS","","","","a2G4S0000006URLUA2","false","false","true","true","false","2.0","slide","true","false","false","false","","true","","","MappedSObjectScreenResource","","a2F4S0000008dYLUAY","LLC_BI__Loan__c","","","","","","","false","false",""
"a2F4S0000008dYMUAY","","Prior Government Guaranteed Loans","2020-06-02T17:59:20.000Z","0054S000000Ms6RQAS","2020-06-02T17:59:20.000Z","0054S000000Ms6RQAS","","","","a2G4S0000006URPUA2","false","false","true","true","false","1.0","slide","true","false","false","false","","true","","","MappedSObjectScreenResource","","a2F4S0000008dYMUAY","LLC_BI__Loan__c","","","","","","","false","false",""
"a2F4S0000008dYNUAY","","Product Packages","2020-06-02T17:59:20.000Z","0054S000000Ms6RQAS","2020-06-02T17:59:20.000Z","0054S000000Ms6RQAS","","","","a2G4S0000006URAUA2","false","false","false","true","false","1.0","slide","true","false","false","false","","true","","","MappedSObjectHierarchyScreenResource","","a2F4S0000008dYNUAY","Account","","","","","","","false","false",""
"a2F4S0000008dYOUAY","","Product Summary","2020-06-02T17:59:20.000Z","0054S000000Ms6RQAS","2020-06-02T17:59:20.000Z","0054S000000Ms6RQAS","","","","a2G4S0000006URkUAM","false","false","false","false","false","","slide","true","false","false","false","","false","","a2I4S000000CeCiUAK","MappedSObjectHierarchyScreenResource","","32021567002550353","LLC_BI__Treasury_Service__c","","","","","","","false","false",""
"a2F4S0000008dYPUAY","","Product Summary","2020-06-02T17:59:20.000Z","0054S000000Ms6RQAS","2020-06-02T17:59:20.000Z","0054S000000Ms6RQAS","","","","a2G4S0000006UT5UAM","false","false","false","false","false","","slide","true","false","false","false","","false","","","MappedSObjectHierarchyScreenResource","","a2F4S0000008dYPUAY","LLC_BI__Treasury_Service__c","","","","","","","false","false",""
"a2F4S0000008dYQUAY","","Property Location","2020-06-02T17:59:20.000Z","0054S000000Ms6RQAS","2020-06-02T17:59:20.000Z","0054S000000Ms6RQAS","","","","a2G4S0000006URqUAM","false","false","true","true","false","2.0","slide","true","false","false","false","","true","","","MappedSObjectScreenResource","","24751585604341050","LLC_BI__Loan__c","","","","","","","false","false",""
"a2F4S0000008dYRUAY","","Property Location","2020-06-02T17:59:20.000Z","0054S000000Ms6RQAS","2020-06-02T17:59:20.000Z","0054S000000Ms6RQAS","","","","a2G4S0000006USlUAM","false","false","true","false","false","3.0","slide","true","false","false","false","","true","","","MappedSObjectScreenResource","","a2F4S0000008dYRUAY","LLC_BI__Loan__c","","","","","","","false","false",""
"a2F4S0000008dYSUAY","","Property Location","2020-06-02T17:59:20.000Z","0054S000000Ms6RQAS","2020-06-02T17:59:20.000Z","0054S000000Ms6RQAS","","","","a2G4S0000006URnUAM","false","false","true","true","false","2.0","slide","true","false","false","false","","true","","","MappedSObjectScreenResource","","53641585604341050","LLC_BI__Loan__c","","","","","","","false","false",""
"a2F4S0000008dYTUAY","","Property Location","2020-06-02T17:59:20.000Z","0054S000000Ms6RQAS","2020-06-02T17:59:20.000Z","0054S000000Ms6RQAS","","","","a2G4S0000006USmUAM","false","false","true","false","false","3.0","slide","true","false","false","false","","true","","","MappedSObjectScreenResource","","a2F4S0000008dYTUAY","LLC_BI__Loan__c","","","","","","","false","false",""
"a2F4S0000008dYUUAY","","Referral","2020-06-02T17:59:20.000Z","0054S000000Ms6RQAS","2020-06-02T17:59:20.000Z","0054S000000Ms6RQAS","","","","a2G4S0000006UT6UAM","false","false","true","true","false","2.0","slide","true","false","false","false","","true","","","MappedSObjectScreenResource","","a2F4S0000008dYUUAY","LLC_BI__Loan__c","","","","","","","false","false",""
"a2F4S0000008dYVUAY","","Referral","2020-06-02T17:59:20.000Z","0054S000000Ms6RQAS","2020-06-02T17:59:20.000Z","0054S000000Ms6RQAS","","","","a2G4S0000006URtUAM","false","false","true","true","false","2.0","slide","true","false","false","false","","true","","","MappedSObjectScreenResource","","94211585604341051","LLC_BI__Loan__c","","","","","","","false","false",""
"a2F4S0000008dYWUAY","","Referral Information","2020-06-02T17:59:20.000Z","0054S000000Ms6RQAS","2020-06-02T17:59:20.000Z","0054S000000Ms6RQAS","","","","a2G4S0000006USoUAM","false","false","true","false","false","2.0","slide","true","false","false","false","","true","","","MappedSObjectScreenResource","","a2F4S0000008dYWUAY","LLC_BI__Loan__c","","","","","","","false","false",""
"a2F4S0000008dYXUAY","","Referrals","2020-06-02T17:59:20.000Z","0054S000000Ms6RQAS","2020-06-02T17:59:20.000Z","0054S000000Ms6RQAS","","","","a2G4S0000006URBUA2","false","false","false","true","false","0.0","slide","true","false","false","false","","false","","","MappedSObjectHierarchyScreenResource","","a2F4S0000008dYXUAY","Account","","","","","","","false","false",""
"a2F4S0000008dYYUAY","","Refinancing Information","2020-06-02T17:59:20.000Z","0054S000000Ms6RQAS","2020-06-02T17:59:20.000Z","0054S000000Ms6RQAS","","","","a2G4S0000006URVUA2","false","false","true","true","false","10.0","slide","true","false","false","false","","true","","","MappedSObjectScreenResource","","a2F4S0000008dYYUAY","LLC_BI__Loan__c","","","","","","","false","false",""
"a2F4S0000008dYZUAY","","Relationship Summary","2020-06-02T17:59:20.000Z","0054S000000Ms6RQAS","2020-06-02T17:59:20.000Z","0054S000000Ms6RQAS","","","","a2G4S0000006UT7UAM","false","false","false","false","false","1.0","slide","true","false","false","false","","false","","","MappedSObjectHierarchyScreenResource","","a2F4S0000008dYZUAY","LLC_BI__Loan__c","","","","","","","false","false",""
"a2F4S0000008dYaUAI","","Risk Rating Reviews","2020-06-02T17:59:20.000Z","0054S000000Ms6RQAS","2020-06-02T17:59:20.000Z","0054S000000Ms6RQAS","","","","a2G4S0000006URCUA2","false","false","false","true","false","1.0","slide","true","false","false","false","","true","","","MappedSObjectHierarchyScreenResource","","a2F4S0000008dYaUAI","Account","","","","","","","false","false",""
"a2F4S0000008dYbUAI","","Risk Ratings","2020-06-02T17:59:20.000Z","0054S000000Ms6RQAS","2020-06-02T17:59:20.000Z","0054S000000Ms6RQAS","","","","a2G4S0000006URGUA2","false","false","false","true","false","0.0","slide","true","false","false","false","","false","","","MappedSObjectHierarchyScreenResource","","00601585604341051","LLC_BI__Loan__c","","","","","","","false","false",""
"a2F4S0000008dYcUAI","","SBA Form 10","2020-06-02T17:59:20.000Z","0054S000000Ms6RQAS","2020-06-02T17:59:20.000Z","0054S000000Ms6RQAS","","","","a2G4S0000006URKUA2","false","false","true","true","false","14.0","slide","true","false","false","false","","true","","","MappedSObjectScreenResource","","a2F4S0000008dYcUAI","LLC_BI__Loan__c","","","","","","","false","false",""
"a2F4S0000008dYdUAI","","SBA Form 1846","2020-06-02T17:59:20.000Z","0054S000000Ms6RQAS","2020-06-02T17:59:20.000Z","0054S000000Ms6RQAS","","","","a2G4S0000006URMUA2","false","false","true","true","false","15.0","slide","true","false","false","false","","true","","","MappedSObjectScreenResource","","a2F4S0000008dYdUAI","LLC_BI__Loan__c","","","","","","","false","false",""
"a2F4S0000008dYeUAI","","SBA Form 1919","2020-06-02T17:59:20.000Z","0054S000000Ms6RQAS","2020-06-02T17:59:20.000Z","0054S000000Ms6RQAS","","","","a2G4S0000006URNUA2","false","false","true","true","false","0.0","slide","true","false","false","false","","true","","","MappedSObjectHierarchyScreenResource","","a2F4S0000008dYeUAI","LLC_BI__Loan__c","","","","","","","false","false",""
