"Id","OwnerId","IsDeleted","Name","CreatedDate","CreatedById","LastModifiedDate","LastModifiedById","SystemModstamp","nFORCE__Generator_Class__c","nFORCE__lookupKey__c","nFORCE__Category__c","nFORCE__Layout_Description__c","nFORCE__Layout_Preview_Image__c","nFORCE__Visualforce_Page__c"
"a2C4S0000008Sr8UAE","0054S000000Ms6RQAS","","NoLayout","2020-06-02T17:59:20.000Z","0054S000000Ms6RQAS","2020-06-02T17:59:20.000Z","0054S000000Ms6RQAS","","Html.Layouts.NoLayout","42714135281062849","","","",""
"a2C4S0000008Sr9UAE","0054S000000Ms6RQAS","","NoLayout","2020-06-02T17:59:20.000Z","0054S000000Ms6RQAS","2020-06-02T17:59:20.000Z","0054S000000Ms6RQAS","","Html.Layouts.NoLayout","42866404618920943","","","",""
"a2C4S0000008SrAUAU","0054S000000Ms6RQAS","","SingleColumnGrid","2020-06-02T17:59:20.000Z","0054S000000Ms6RQAS","2020-06-02T17:59:20.000Z","0054S000000Ms6RQAS","","Html.Layouts.SingleColumnGrid","42306391941732682","","","",""
"a2C4S0000008SrBUAU","0054S000000Ms6RQAS","","NoLayout","2020-06-02T17:59:20.000Z","0054S000000Ms6RQAS","2020-06-02T17:59:20.000Z","0054S000000Ms6RQAS","","Html.Layouts.NoLayout","42052371290027108","","","",""
"a2C4S0000008SrCUAU","0054S000000Ms6RQAS","","TableLayout","2020-06-02T17:59:20.000Z","0054S000000Ms6RQAS","2020-06-02T17:59:20.000Z","0054S000000Ms6RQAS","","Html.Layouts.TableLayout","42764988132043799","","","",""
"a2C4S0000008SrDUAU","0054S000000Ms6RQAS","","NoLayout","2020-06-02T17:59:20.000Z","0054S000000Ms6RQAS","2020-06-02T17:59:20.000Z","0054S000000Ms6RQAS","","Html.Layouts.NoLayout","42381129721916467","","","",""
"a2C4S0000008SrEUAU","0054S000000Ms6RQAS","","NoLayout","2020-06-02T17:59:20.000Z","0054S000000Ms6RQAS","2020-06-02T17:59:20.000Z","0054S000000Ms6RQAS","","Html.Layouts.NoLayout","42537422353319997","","","",""
"a2C4S0000008SrFUAU","0054S000000Ms6RQAS","","NoLayout","2020-06-02T17:59:20.000Z","0054S000000Ms6RQAS","2020-06-02T17:59:20.000Z","0054S000000Ms6RQAS","","Html.Layouts.NoLayout","42427650204025589","","","",""
"a2C4S0000008SrGUAU","0054S000000Ms6RQAS","","SingleColumnGrid","2020-06-02T17:59:20.000Z","0054S000000Ms6RQAS","2020-06-02T17:59:20.000Z","0054S000000Ms6RQAS","","Html.Layouts.SingleColumnGrid","42715674480063103","","","",""
"a2C4S0000008SrHUAU","0054S000000Ms6RQAS","","NoLayout","2020-06-02T17:59:20.000Z","0054S000000Ms6RQAS","2020-06-02T17:59:20.000Z","0054S000000Ms6RQAS","","Html.Layouts.NoLayout","42882188083561938","","","",""
"a2C4S0000008SrIUAU","0054S000000Ms6RQAS","","TwoColumnGrid","2020-06-02T17:59:20.000Z","0054S000000Ms6RQAS","2020-06-02T17:59:20.000Z","0054S000000Ms6RQAS","","Html.Layouts.TwoColumnGrid","42402647887370104","","","",""
"a2C4S0000008SrJUAU","0054S000000Ms6RQAS","","TableLayout","2020-06-02T17:59:20.000Z","0054S000000Ms6RQAS","2020-06-02T17:59:20.000Z","0054S000000Ms6RQAS","","Html.Layouts.TableLayout","42813492735805893","","","",""
"a2C4S0000008SrKUAU","0054S000000Ms6RQAS","","TableLayout","2020-06-02T17:59:20.000Z","0054S000000Ms6RQAS","2020-06-02T17:59:20.000Z","0054S000000Ms6RQAS","","Html.Layouts.TableLayout","42202563658220597","","","",""
"a2C4S0000008SrLUAU","0054S000000Ms6RQAS","","TableLayout","2020-06-02T17:59:20.000Z","0054S000000Ms6RQAS","2020-06-02T17:59:20.000Z","0054S000000Ms6RQAS","","Html.Layouts.TableLayout","42162713906086861","","","",""
"a2C4S0000008SrMUAU","0054S000000Ms6RQAS","","NoLayout","2020-06-02T17:59:20.000Z","0054S000000Ms6RQAS","2020-06-02T17:59:20.000Z","0054S000000Ms6RQAS","","Html.Layouts.NoLayout","42908791106244528","","","",""
"a2C4S0000008SrNUAU","0054S000000Ms6RQAS","","NoLayout","2020-06-02T17:59:20.000Z","0054S000000Ms6RQAS","2020-06-02T17:59:20.000Z","0054S000000Ms6RQAS","","Html.Layouts.NoLayout","42774913756005541","","","",""
"a2C4S0000008SrOUAU","0054S000000Ms6RQAS","","NoLayout","2020-06-02T17:59:20.000Z","0054S000000Ms6RQAS","2020-06-02T17:59:20.000Z","0054S000000Ms6RQAS","","Html.Layouts.NoLayout","42047334767454521","","","",""
"a2C4S0000008SrPUAU","0054S000000Ms6RQAS","","SingleColumnGrid","2020-06-02T17:59:20.000Z","0054S000000Ms6RQAS","2020-06-02T17:59:20.000Z","0054S000000Ms6RQAS","","Html.Layouts.SingleColumnGrid","42806831508832050","","","",""
"a2C4S0000008SrQUAU","0054S000000Ms6RQAS","","NoLayout","2020-06-02T17:59:20.000Z","0054S000000Ms6RQAS","2020-06-02T17:59:20.000Z","0054S000000Ms6RQAS","","Html.Layouts.NoLayout","42388445478335907","","","",""
"a2C4S0000008SrRUAU","0054S000000Ms6RQAS","","TwoColumnGrid","2020-06-02T17:59:20.000Z","0054S000000Ms6RQAS","2020-06-02T17:59:20.000Z","0054S000000Ms6RQAS","","Html.Layouts.TwoColumnGrid","42181372720019188","","","",""
"a2C4S0000008SrSUAU","0054S000000Ms6RQAS","","TableLayout","2020-06-02T17:59:20.000Z","0054S000000Ms6RQAS","2020-06-02T17:59:20.000Z","0054S000000Ms6RQAS","","Html.Layouts.TableLayout","42511598442063004","","","",""
"a2C4S0000008SrTUAU","0054S000000Ms6RQAS","","TableLayout","2020-06-02T17:59:20.000Z","0054S000000Ms6RQAS","2020-06-02T17:59:20.000Z","0054S000000Ms6RQAS","","Html.Layouts.TableLayout","42513223401959593","","","",""
"a2C4S0000008SrUUAU","0054S000000Ms6RQAS","","NoLayout","2020-06-02T17:59:20.000Z","0054S000000Ms6RQAS","2020-06-02T17:59:20.000Z","0054S000000Ms6RQAS","","Html.Layouts.NoLayout","42971093879454672","","","",""
"a2C4S0000008SrVUAU","0054S000000Ms6RQAS","","NoLayout","2020-06-02T17:59:20.000Z","0054S000000Ms6RQAS","2020-06-02T17:59:20.000Z","0054S000000Ms6RQAS","","Html.Layouts.NoLayout","42069598618108231","","","",""
"a2C4S0000008SrWUAU","0054S000000Ms6RQAS","","TwoColumnGrid","2020-06-02T17:59:20.000Z","0054S000000Ms6RQAS","2020-06-02T17:59:20.000Z","0054S000000Ms6RQAS","","Html.Layouts.TwoColumnGrid","42117897071716338","","","",""
"a2C4S0000008SrXUAU","0054S000000Ms6RQAS","","TableLayout","2020-06-02T17:59:20.000Z","0054S000000Ms6RQAS","2020-06-02T17:59:20.000Z","0054S000000Ms6RQAS","","Html.Layouts.TableLayout","42681737284319718","","","",""
"a2C4S0000008SrYUAU","0054S000000Ms6RQAS","","TableLayout","2020-06-02T17:59:20.000Z","0054S000000Ms6RQAS","2020-06-02T17:59:20.000Z","0054S000000Ms6RQAS","","Html.Layouts.TableLayout","42839586061699892","","","",""
"a2C4S0000008SrZUAU","0054S000000Ms6RQAS","","TableLayout","2020-06-02T17:59:20.000Z","0054S000000Ms6RQAS","2020-06-02T17:59:20.000Z","0054S000000Ms6RQAS","","Html.Layouts.TableLayout","42378542814484626","","","",""
"a2C4S0000008SraUAE","0054S000000Ms6RQAS","","TableLayout","2020-06-02T17:59:20.000Z","0054S000000Ms6RQAS","2020-06-02T17:59:20.000Z","0054S000000Ms6RQAS","","Html.Layouts.TableLayout","42243706031696795","","","",""
"a2C4S0000008SrbUAE","0054S000000Ms6RQAS","","TableLayout","2020-06-02T17:59:20.000Z","0054S000000Ms6RQAS","2020-06-02T17:59:20.000Z","0054S000000Ms6RQAS","","Html.Layouts.TableLayout","42262800388593156","","","",""
"a2C4S0000008SrcUAE","0054S000000Ms6RQAS","","TwoColumnGrid","2020-06-02T17:59:20.000Z","0054S000000Ms6RQAS","2020-06-02T17:59:20.000Z","0054S000000Ms6RQAS","","Html.Layouts.TwoColumnGrid","42805368938020286","","","",""
"a2C4S0000008SrdUAE","0054S000000Ms6RQAS","","NoLayout","2020-06-02T17:59:20.000Z","0054S000000Ms6RQAS","2020-06-02T17:59:20.000Z","0054S000000Ms6RQAS","","Html.Layouts.NoLayout","42350219498229184","","","",""
"a2C4S0000008SreUAE","0054S000000Ms6RQAS","","TwoColumnGrid","2020-06-02T17:59:20.000Z","0054S000000Ms6RQAS","2020-06-02T17:59:20.000Z","0054S000000Ms6RQAS","","Html.Layouts.TwoColumnGrid","42964636798398516","","","",""
"a2C4S0000008SrfUAE","0054S000000Ms6RQAS","","NoLayout","2020-06-02T17:59:20.000Z","0054S000000Ms6RQAS","2020-06-02T17:59:20.000Z","0054S000000Ms6RQAS","","Html.Layouts.NoLayout","42717294650510147","","","",""
"a2C4S0000008SrgUAE","0054S000000Ms6RQAS","","TwoColumnGrid","2020-06-02T17:59:20.000Z","0054S000000Ms6RQAS","2020-06-02T17:59:20.000Z","0054S000000Ms6RQAS","","Html.Layouts.TwoColumnGrid","42932363758674597","","","",""
"a2C4S0000008SrhUAE","0054S000000Ms6RQAS","","NoLayout","2020-06-02T17:59:20.000Z","0054S000000Ms6RQAS","2020-06-02T17:59:20.000Z","0054S000000Ms6RQAS","","Html.Layouts.NoLayout","42307271262499899","","","",""
"a2C4S0000008SriUAE","0054S000000Ms6RQAS","","NoLayout","2020-06-02T17:59:20.000Z","0054S000000Ms6RQAS","2020-06-02T17:59:20.000Z","0054S000000Ms6RQAS","","Html.Layouts.NoLayout","42238709863491704","","","",""
"a2C4S0000008SrjUAE","0054S000000Ms6RQAS","","SingleColumnGrid","2020-06-02T17:59:20.000Z","0054S000000Ms6RQAS","2020-06-02T17:59:20.000Z","0054S000000Ms6RQAS","","Html.Layouts.SingleColumnGrid","42353619602845352","","","",""
"a2C4S0000008SrkUAE","0054S000000Ms6RQAS","","NoLayout","2020-06-02T17:59:20.000Z","0054S000000Ms6RQAS","2020-06-02T17:59:20.000Z","0054S000000Ms6RQAS","","Html.Layouts.NoLayout","42294646486018976","","","",""
"a2C4S0000008SrlUAE","0054S000000Ms6RQAS","","TableLayout","2020-06-02T17:59:20.000Z","0054S000000Ms6RQAS","2020-06-02T17:59:20.000Z","0054S000000Ms6RQAS","","Html.Layouts.TableLayout","42015607302669027","","","",""
"a2C4S0000008SrmUAE","0054S000000Ms6RQAS","","NoLayout","2020-06-02T17:59:20.000Z","0054S000000Ms6RQAS","2020-06-02T17:59:20.000Z","0054S000000Ms6RQAS","","Html.Layouts.NoLayout","42364604060628470","","","",""
"a2C4S0000008SrnUAE","0054S000000Ms6RQAS","","NoLayout","2020-06-02T17:59:20.000Z","0054S000000Ms6RQAS","2020-06-02T17:59:20.000Z","0054S000000Ms6RQAS","","Html.Layouts.NoLayout","42344267682415776","","","",""
"a2C4S0000008SroUAE","0054S000000Ms6RQAS","","TwoColumnGrid","2020-06-02T17:59:20.000Z","0054S000000Ms6RQAS","2020-06-02T17:59:20.000Z","0054S000000Ms6RQAS","","Html.Layouts.TwoColumnGrid","42247978183925317","","","",""
"a2C4S0000008SrpUAE","0054S000000Ms6RQAS","","TableLayout","2020-06-02T17:59:20.000Z","0054S000000Ms6RQAS","2020-06-02T17:59:20.000Z","0054S000000Ms6RQAS","","Html.Layouts.TableLayout","42688486755024510","","","",""
"a2C4S0000008SrqUAE","0054S000000Ms6RQAS","","TableLayout","2020-06-02T17:59:20.000Z","0054S000000Ms6RQAS","2020-06-02T17:59:20.000Z","0054S000000Ms6RQAS","","Html.Layouts.TableLayout","4236715170145566","","","",""
"a2C4S0000008SrrUAE","0054S000000Ms6RQAS","","TableLayout","2020-06-02T17:59:20.000Z","0054S000000Ms6RQAS","2020-06-02T17:59:20.000Z","0054S000000Ms6RQAS","","Html.Layouts.TableLayout","42323083848328404","","","",""
"a2C4S0000008SrsUAE","0054S000000Ms6RQAS","","TableLayout","2020-06-02T17:59:20.000Z","0054S000000Ms6RQAS","2020-06-02T17:59:20.000Z","0054S000000Ms6RQAS","","Html.Layouts.TableLayout","42766124938336623","","","",""
"a2C4S0000008SrtUAE","0054S000000Ms6RQAS","","TableLayout","2020-06-02T17:59:20.000Z","0054S000000Ms6RQAS","2020-06-02T17:59:20.000Z","0054S000000Ms6RQAS","","Html.Layouts.TableLayout","42537221017890037","","","",""
"a2C4S0000008SruUAE","0054S000000Ms6RQAS","","NoLayout","2020-06-02T17:59:20.000Z","0054S000000Ms6RQAS","2020-06-02T17:59:20.000Z","0054S000000Ms6RQAS","","Html.Layouts.NoLayout","42950083626633078","","","",""
"a2C4S0000008SrvUAE","0054S000000Ms6RQAS","","NoLayout","2020-06-02T17:59:20.000Z","0054S000000Ms6RQAS","2020-06-02T17:59:20.000Z","0054S000000Ms6RQAS","","Html.Layouts.NoLayout","42613575433699603","","","",""
"a2C4S0000008SrwUAE","0054S000000Ms6RQAS","","TableLayout","2020-06-02T17:59:20.000Z","0054S000000Ms6RQAS","2020-06-02T17:59:20.000Z","0054S000000Ms6RQAS","","Html.Layouts.TableLayout","42705081840033288","","","",""
"a2C4S0000008SrxUAE","0054S000000Ms6RQAS","","NoLayout","2020-06-02T17:59:20.000Z","0054S000000Ms6RQAS","2020-06-02T17:59:20.000Z","0054S000000Ms6RQAS","","Html.Layouts.NoLayout","42579247631170882","","","",""
"a2C4S0000008SryUAE","0054S000000Ms6RQAS","","NoLayout","2020-06-02T17:59:20.000Z","0054S000000Ms6RQAS","2020-06-02T17:59:20.000Z","0054S000000Ms6RQAS","","Html.Layouts.NoLayout","42933276515663298","","","",""
"a2C4S0000008SrzUAE","0054S000000Ms6RQAS","","SingleColumnGrid","2020-06-02T17:59:20.000Z","0054S000000Ms6RQAS","2020-06-02T17:59:20.000Z","0054S000000Ms6RQAS","","Html.Layouts.SingleColumnGrid","42856129081593896","","","",""
"a2C4S0000008Ss0UAE","0054S000000Ms6RQAS","","NoLayout","2020-06-02T17:59:20.000Z","0054S000000Ms6RQAS","2020-06-02T17:59:20.000Z","0054S000000Ms6RQAS","","Html.Layouts.NoLayout","42404767180392000","","","",""
"a2C4S0000008Ss1UAE","0054S000000Ms6RQAS","","TwoColumnGrid","2020-06-02T17:59:20.000Z","0054S000000Ms6RQAS","2020-06-02T17:59:20.000Z","0054S000000Ms6RQAS","","Html.Layouts.TwoColumnGrid","42392068865855975","","","",""
"a2C4S0000008Ss2UAE","0054S000000Ms6RQAS","","TableLayout","2020-06-02T17:59:20.000Z","0054S000000Ms6RQAS","2020-06-02T17:59:20.000Z","0054S000000Ms6RQAS","","Html.Layouts.TableLayout","42079413438075920","","","",""
"a2C4S0000008Ss3UAE","0054S000000Ms6RQAS","","TableLayout","2020-06-02T17:59:20.000Z","0054S000000Ms6RQAS","2020-06-02T17:59:20.000Z","0054S000000Ms6RQAS","","Html.Layouts.TableLayout","42858043187261789","","","",""
"a2C4S0000008Ss4UAE","0054S000000Ms6RQAS","","TableLayout","2020-06-02T17:59:20.000Z","0054S000000Ms6RQAS","2020-06-02T17:59:20.000Z","0054S000000Ms6RQAS","","Html.Layouts.TableLayout","42726887264487505","","","",""
"a2C4S0000008Ss5UAE","0054S000000Ms6RQAS","","NoLayout","2020-06-02T17:59:20.000Z","0054S000000Ms6RQAS","2020-06-02T17:59:20.000Z","0054S000000Ms6RQAS","","Html.Layouts.NoLayout","42503317798133399","","","",""
"a2C4S0000008Ss6UAE","0054S000000Ms6RQAS","","NoLayout","2020-06-02T17:59:20.000Z","0054S000000Ms6RQAS","2020-06-02T17:59:20.000Z","0054S000000Ms6RQAS","","Html.Layouts.NoLayout","42944097889659796","","","",""
"a2C4S0000008Ss7UAE","0054S000000Ms6RQAS","","SingleColumnGrid","2020-06-02T17:59:20.000Z","0054S000000Ms6RQAS","2020-06-02T17:59:20.000Z","0054S000000Ms6RQAS","","Html.Layouts.SingleColumnGrid","42727143296906292","","","",""
"a2C4S0000008Ss8UAE","0054S000000Ms6RQAS","","NoLayout","2020-06-02T17:59:20.000Z","0054S000000Ms6RQAS","2020-06-02T17:59:20.000Z","0054S000000Ms6RQAS","","Html.Layouts.NoLayout","42397548891872669","","","",""
"a2C4S0000008Ss9UAE","0054S000000Ms6RQAS","","TwoColumnGrid","2020-06-02T17:59:20.000Z","0054S000000Ms6RQAS","2020-06-02T17:59:20.000Z","0054S000000Ms6RQAS","","Html.Layouts.TwoColumnGrid","42350968275732040","","","",""
"a2C4S0000008SsAUAU","0054S000000Ms6RQAS","","TableLayout","2020-06-02T17:59:20.000Z","0054S000000Ms6RQAS","2020-06-02T17:59:20.000Z","0054S000000Ms6RQAS","","Html.Layouts.TableLayout","42832099940939976","","","",""
"a2C4S0000008SsBUAU","0054S000000Ms6RQAS","","TableLayout","2020-06-02T17:59:20.000Z","0054S000000Ms6RQAS","2020-06-02T17:59:20.000Z","0054S000000Ms6RQAS","","Html.Layouts.TableLayout","42639883385837868","","","",""
"a2C4S0000008SsCUAU","0054S000000Ms6RQAS","","a2C4S0000008SoY","2020-06-02T17:59:20.000Z","0054S000000Ms6RQAS","2020-06-02T17:59:20.000Z","0054S000000Ms6RQAS","","Html.Layouts.NoLayout","42927161504177566","","","",""
"a2C4S0000008SsDUAU","0054S000000Ms6RQAS","","NoLayout","2020-06-02T17:59:20.000Z","0054S000000Ms6RQAS","2020-06-02T17:59:20.000Z","0054S000000Ms6RQAS","","Html.Layouts.NoLayout","42014981741652223","","","",""
"a2C4S0000008SsEUAU","0054S000000Ms6RQAS","","NoLayout","2020-06-02T17:59:20.000Z","0054S000000Ms6RQAS","2020-06-02T17:59:20.000Z","0054S000000Ms6RQAS","","Html.Layouts.NoLayout","42885290191961931","","","",""
"a2C4S0000008SsFUAU","0054S000000Ms6RQAS","","TableLayout","2020-06-02T17:59:20.000Z","0054S000000Ms6RQAS","2020-06-02T17:59:20.000Z","0054S000000Ms6RQAS","","Html.Layouts.TableLayout","42471608629443661","","","",""
"a2C4S0000008SsGUAU","0054S000000Ms6RQAS","","TableLayout","2020-06-02T17:59:20.000Z","0054S000000Ms6RQAS","2020-06-02T17:59:20.000Z","0054S000000Ms6RQAS","","Html.Layouts.TableLayout","42214821676851732","","","",""
"a2C4S0000008SsHUAU","0054S000000Ms6RQAS","","a2C4S0000008SoX","2020-06-02T17:59:20.000Z","0054S000000Ms6RQAS","2020-06-02T17:59:20.000Z","0054S000000Ms6RQAS","","Html.Layouts.NoLayout","42969386912705880","","","",""
"a2C4S0000008SsIUAU","0054S000000Ms6RQAS","","a2C4S0000008Sod","2020-06-02T17:59:20.000Z","0054S000000Ms6RQAS","2020-06-02T17:59:20.000Z","0054S000000Ms6RQAS","","Html.Layouts.TwoColumnGrid","42851729168995621","","","",""
"a2C4S0000008SsJUAU","0054S000000Ms6RQAS","","a2C4S0000008SpF","2020-06-02T17:59:20.000Z","0054S000000Ms6RQAS","2020-06-02T17:59:20.000Z","0054S000000Ms6RQAS","","Html.Layouts.TableLayout","42778840360732144","","","",""
"a2C4S0000008SsKUAU","0054S000000Ms6RQAS","","TableLayout","2020-06-02T17:59:20.000Z","0054S000000Ms6RQAS","2020-06-02T17:59:20.000Z","0054S000000Ms6RQAS","","Html.Layouts.TableLayout","42165402745766615","","","",""
"a2C4S0000008SsLUAU","0054S000000Ms6RQAS","","TableLayout","2020-06-02T17:59:20.000Z","0054S000000Ms6RQAS","2020-06-02T17:59:20.000Z","0054S000000Ms6RQAS","","Html.Layouts.TableLayout","42213466532396762","","","",""
"a2C4S0000008SsMUAU","0054S000000Ms6RQAS","","TableLayout","2020-06-02T17:59:20.000Z","0054S000000Ms6RQAS","2020-06-02T17:59:20.000Z","0054S000000Ms6RQAS","","Html.Layouts.TableLayout","42265959792434339","","","",""
"a2C4S0000008SsNUAU","0054S000000Ms6RQAS","","TableLayout","2020-06-02T17:59:20.000Z","0054S000000Ms6RQAS","2020-06-02T17:59:20.000Z","0054S000000Ms6RQAS","","Html.Layouts.TableLayout","42587942067262283","","","",""
"a2C4S0000008SsOUAU","0054S000000Ms6RQAS","","a2C4S0000008Sne","2020-06-02T17:59:20.000Z","0054S000000Ms6RQAS","2020-06-02T17:59:20.000Z","0054S000000Ms6RQAS","","Html.Layouts.TwoColumnGrid","42663197899848396","","","",""
"a2C4S0000008SsPUAU","0054S000000Ms6RQAS","","NoLayout","2020-06-02T17:59:20.000Z","0054S000000Ms6RQAS","2020-06-02T17:59:20.000Z","0054S000000Ms6RQAS","","Html.Layouts.NoLayout","42585706353180117","","","",""
"a2C4S0000008SsQUAU","0054S000000Ms6RQAS","","TwoColumnGrid","2020-06-02T17:59:20.000Z","0054S000000Ms6RQAS","2020-06-02T17:59:20.000Z","0054S000000Ms6RQAS","","Html.Layouts.TwoColumnGrid","42151062198380985","","","",""
"a2C4S0000008SsRUAU","0054S000000Ms6RQAS","","NoLayout","2020-06-02T17:59:20.000Z","0054S000000Ms6RQAS","2020-06-02T17:59:20.000Z","0054S000000Ms6RQAS","","Html.Layouts.NoLayout","42665128571265658","","","",""
"a2C4S0000008SsSUAU","0054S000000Ms6RQAS","","TableLayout","2020-06-02T17:59:20.000Z","0054S000000Ms6RQAS","2020-06-02T17:59:20.000Z","0054S000000Ms6RQAS","","Html.Layouts.TableLayout","42268981518486403","","","",""
"a2C4S0000008SsTUAU","0054S000000Ms6RQAS","","NoLayout","2020-06-02T17:59:20.000Z","0054S000000Ms6RQAS","2020-06-02T17:59:20.000Z","0054S000000Ms6RQAS","","Html.Layouts.NoLayout","42461670961038637","","","",""
"a2C4S0000008SsUUAU","0054S000000Ms6RQAS","","NoLayout","2020-06-02T17:59:20.000Z","0054S000000Ms6RQAS","2020-06-02T17:59:20.000Z","0054S000000Ms6RQAS","","Html.Layouts.NoLayout","42873627957538810","","","",""
"a2C4S0000008SsVUAU","0054S000000Ms6RQAS","","NoLayout","2020-06-02T17:59:20.000Z","0054S000000Ms6RQAS","2020-06-02T17:59:20.000Z","0054S000000Ms6RQAS","","Html.Layouts.NoLayout","42923394700454421","","","",""
"a2C4S0000008SsWUAU","0054S000000Ms6RQAS","","TwoColumnGrid","2020-06-02T17:59:20.000Z","0054S000000Ms6RQAS","2020-06-02T17:59:20.000Z","0054S000000Ms6RQAS","","Html.Layouts.TwoColumnGrid","42233000130686515","","","",""
"a2C4S0000008SsXUAU","0054S000000Ms6RQAS","","TableLayout","2020-06-02T17:59:20.000Z","0054S000000Ms6RQAS","2020-06-02T17:59:20.000Z","0054S000000Ms6RQAS","","Html.Layouts.TableLayout","42777061607866314","","","",""
"a2C4S0000008SsYUAU","0054S000000Ms6RQAS","","TableLayout","2020-06-02T17:59:20.000Z","0054S000000Ms6RQAS","2020-06-02T17:59:20.000Z","0054S000000Ms6RQAS","","Html.Layouts.TableLayout","42944235555472875","","","",""
"a2C4S0000008SsZUAU","0054S000000Ms6RQAS","","TableLayout","2020-06-02T17:59:20.000Z","0054S000000Ms6RQAS","2020-06-02T17:59:20.000Z","0054S000000Ms6RQAS","","Html.Layouts.TableLayout","42906730286433526","","","",""
"a2C4S0000008SsaUAE","0054S000000Ms6RQAS","","NoLayout","2020-06-02T17:59:20.000Z","0054S000000Ms6RQAS","2020-06-02T17:59:20.000Z","0054S000000Ms6RQAS","","Html.Layouts.NoLayout","42062134871763141","","","",""
"a2C4S0000008SsbUAE","0054S000000Ms6RQAS","","NoLayout","2020-06-02T17:59:20.000Z","0054S000000Ms6RQAS","2020-06-02T17:59:20.000Z","0054S000000Ms6RQAS","","Html.Layouts.NoLayout","4292810380827251","","","",""
"a2C4S0000008SscUAE","0054S000000Ms6RQAS","","NoLayout","2020-06-02T17:59:20.000Z","0054S000000Ms6RQAS","2020-06-02T17:59:20.000Z","0054S000000Ms6RQAS","","Html.Layouts.NoLayout","42839667583806303","","","",""
"a2C4S0000008SsdUAE","0054S000000Ms6RQAS","","TwoColumnGrid","2020-06-02T17:59:20.000Z","0054S000000Ms6RQAS","2020-06-02T17:59:20.000Z","0054S000000Ms6RQAS","","Html.Layouts.TwoColumnGrid","42049216755449726","","","",""
"a2C4S0000008SseUAE","0054S000000Ms6RQAS","","TableLayout","2020-06-02T17:59:20.000Z","0054S000000Ms6RQAS","2020-06-02T17:59:20.000Z","0054S000000Ms6RQAS","","Html.Layouts.TableLayout","42033977155101284","","","",""
"a2C4S0000008SsfUAE","0054S000000Ms6RQAS","","TableLayout","2020-06-02T17:59:20.000Z","0054S000000Ms6RQAS","2020-06-02T17:59:20.000Z","0054S000000Ms6RQAS","","Html.Layouts.TableLayout","42877429379783892","","","",""
"a2C4S0000008SsgUAE","0054S000000Ms6RQAS","","NoLayout","2020-06-02T17:59:20.000Z","0054S000000Ms6RQAS","2020-06-02T17:59:20.000Z","0054S000000Ms6RQAS","","Html.Layouts.NoLayout","42634419345720985","","","",""
"a2C4S0000008SshUAE","0054S000000Ms6RQAS","","TableLayout","2020-06-02T17:59:20.000Z","0054S000000Ms6RQAS","2020-06-02T17:59:20.000Z","0054S000000Ms6RQAS","","Html.Layouts.TableLayout","42075625438266015","","","",""
"a2C4S0000008SsiUAE","0054S000000Ms6RQAS","","SingleRowFluidLayout","2020-06-02T17:59:20.000Z","0054S000000Ms6RQAS","2020-06-02T17:59:20.000Z","0054S000000Ms6RQAS","","Html.Layouts.SingleRowFluidLayout","42266805646721295","","","",""
"a2C4S0000008SsjUAE","0054S000000Ms6RQAS","","NoLayout","2020-06-02T17:59:20.000Z","0054S000000Ms6RQAS","2020-06-02T17:59:20.000Z","0054S000000Ms6RQAS","","Html.Layouts.NoLayout","42565951438092068","","","",""
"a2C4S0000008SskUAE","0054S000000Ms6RQAS","","TableLayout","2020-06-02T17:59:20.000Z","0054S000000Ms6RQAS","2020-06-02T17:59:20.000Z","0054S000000Ms6RQAS","","Html.Layouts.TableLayout","42752971908378809","","","",""
"a2C4S0000008SslUAE","0054S000000Ms6RQAS","","NoLayout","2020-06-02T17:59:20.000Z","0054S000000Ms6RQAS","2020-06-02T17:59:20.000Z","0054S000000Ms6RQAS","","Html.Layouts.NoLayout","42731267334142973","","","",""
"a2C4S0000008SsmUAE","0054S000000Ms6RQAS","","TwoColumnGrid","2020-06-02T17:59:20.000Z","0054S000000Ms6RQAS","2020-06-02T17:59:20.000Z","0054S000000Ms6RQAS","","Html.Layouts.TwoColumnGrid","42386943597415043","","","",""
"a2C4S0000008SsnUAE","0054S000000Ms6RQAS","","TwoColumnGrid","2020-06-02T17:59:20.000Z","0054S000000Ms6RQAS","2020-06-02T17:59:20.000Z","0054S000000Ms6RQAS","","Html.Layouts.TwoColumnGrid","42754532458351154","","","",""
"a2C4S0000008SsoUAE","0054S000000Ms6RQAS","","TwoColumnGrid","2020-06-02T17:59:20.000Z","0054S000000Ms6RQAS","2020-06-02T17:59:20.000Z","0054S000000Ms6RQAS","","Html.Layouts.TwoColumnGrid","42214384908240267","","","",""
"a2C4S0000008SspUAE","0054S000000Ms6RQAS","","NoLayout","2020-06-02T17:59:20.000Z","0054S000000Ms6RQAS","2020-06-02T17:59:20.000Z","0054S000000Ms6RQAS","","Html.Layouts.NoLayout","42017009139645992","","","",""
"a2C4S0000008SsqUAE","0054S000000Ms6RQAS","","TableLayout","2020-06-02T17:59:20.000Z","0054S000000Ms6RQAS","2020-06-02T17:59:20.000Z","0054S000000Ms6RQAS","","Html.Layouts.TableLayout","42013675635366865","","","",""
"a2C4S0000008SsrUAE","0054S000000Ms6RQAS","","TwoColumnGrid","2020-06-02T17:59:20.000Z","0054S000000Ms6RQAS","2020-06-02T17:59:20.000Z","0054S000000Ms6RQAS","","Html.Layouts.TwoColumnGrid","42620587200040948","","","",""
"a2C4S0000008SssUAE","0054S000000Ms6RQAS","","TwoColumnGrid","2020-06-02T17:59:20.000Z","0054S000000Ms6RQAS","2020-06-02T17:59:20.000Z","0054S000000Ms6RQAS","","Html.Layouts.TwoColumnGrid","42883254986396194","","","",""
"a2C4S0000008SstUAE","0054S000000Ms6RQAS","","TwoColumnGrid","2020-06-02T17:59:20.000Z","0054S000000Ms6RQAS","2020-06-02T17:59:20.000Z","0054S000000Ms6RQAS","","Html.Layouts.TwoColumnGrid","42269911071702418","","","",""
"a2C4S0000008SsuUAE","0054S000000Ms6RQAS","","NoLayout","2020-06-02T17:59:20.000Z","0054S000000Ms6RQAS","2020-06-02T17:59:20.000Z","0054S000000Ms6RQAS","","Html.Layouts.NoLayout","42997570508568923","","","",""
"a2C4S0000008SsvUAE","0054S000000Ms6RQAS","","NoLayout","2020-06-02T17:59:20.000Z","0054S000000Ms6RQAS","2020-06-02T17:59:20.000Z","0054S000000Ms6RQAS","","Html.Layouts.NoLayout","42981239309101448","","","",""
"a2C4S0000008SswUAE","0054S000000Ms6RQAS","","TableLayout","2020-06-02T17:59:20.000Z","0054S000000Ms6RQAS","2020-06-02T17:59:20.000Z","0054S000000Ms6RQAS","","Html.Layouts.TableLayout","42404695603896669","","","",""
"a2C4S0000008SsxUAE","0054S000000Ms6RQAS","","TwoColumnGrid","2020-06-02T17:59:20.000Z","0054S000000Ms6RQAS","2020-06-02T17:59:20.000Z","0054S000000Ms6RQAS","","Html.Layouts.TwoColumnGrid","42175905312711229","","","",""
"a2C4S0000008St1UAE","0054S000000Ms6RQAS","","a2C4S0000008Snc","2020-06-02T17:59:20.000Z","0054S000000Ms6RQAS","2020-06-02T17:59:20.000Z","0054S000000Ms6RQAS","","Html.Layouts.NoLayout","42790683069314782","","","",""
"a2C4S0000008SsyUAE","0054S000000Ms6RQAS","","TwoColumnGrid","2020-06-02T17:59:20.000Z","0054S000000Ms6RQAS","2020-06-02T17:59:20.000Z","0054S000000Ms6RQAS","","Html.Layouts.TwoColumnGrid","42068143843545311","","","",""
"a2C4S0000008SszUAE","0054S000000Ms6RQAS","","NoLayout","2020-06-02T17:59:20.000Z","0054S000000Ms6RQAS","2020-06-02T17:59:20.000Z","0054S000000Ms6RQAS","","Html.Layouts.NoLayout","42673310533508381","","","",""
"a2C4S0000008St0UAE","0054S000000Ms6RQAS","","TableLayout","2020-06-02T17:59:20.000Z","0054S000000Ms6RQAS","2020-06-02T17:59:20.000Z","0054S000000Ms6RQAS","","Html.Layouts.TableLayout","42285658143238721","","","",""
"a2C4S0000008St2UAE","0054S000000Ms6RQAS","","a2C4S0000008Soe","2020-06-02T17:59:20.000Z","0054S000000Ms6RQAS","2020-06-02T17:59:20.000Z","0054S000000Ms6RQAS","","Html.Layouts.NoLayout","42405031745292239","","","",""
"a2C4S0000008St3UAE","0054S000000Ms6RQAS","","a2C4S0000008SpG","2020-06-02T17:59:20.000Z","0054S000000Ms6RQAS","2020-06-02T17:59:20.000Z","0054S000000Ms6RQAS","","Html.Layouts.NoLayout","42182891064499775","","","",""
"a2C4S0000008St4UAE","0054S000000Ms6RQAS","","a2C4S0000008SpW","2020-06-02T17:59:20.000Z","0054S000000Ms6RQAS","2020-06-02T17:59:20.000Z","0054S000000Ms6RQAS","","Html.Layouts.TableLayout","42325139809346072","","","",""
"a2C4S0000008St5UAE","0054S000000Ms6RQAS","","TableLayout","2020-06-02T17:59:20.000Z","0054S000000Ms6RQAS","2020-06-02T17:59:20.000Z","0054S000000Ms6RQAS","","Html.Layouts.TableLayout","42866301285648472","","","",""
"a2C4S0000008St6UAE","0054S000000Ms6RQAS","","a2C4S0000008Snj","2020-06-02T17:59:20.000Z","0054S000000Ms6RQAS","2020-06-02T17:59:20.000Z","0054S000000Ms6RQAS","","Html.Layouts.NoLayout","42571225864750612","","","",""
"a2C4S0000008St7UAE","0054S000000Ms6RQAS","","a2C4S0000008Sov","2020-06-02T17:59:20.000Z","0054S000000Ms6RQAS","2020-06-02T17:59:20.000Z","0054S000000Ms6RQAS","","Html.Layouts.NoLayout","42296545108027577","","","",""
"a2C4S0000008St8UAE","0054S000000Ms6RQAS","","a2C4S0000008SpP","2020-06-02T17:59:20.000Z","0054S000000Ms6RQAS","2020-06-02T17:59:20.000Z","0054S000000Ms6RQAS","","Html.Layouts.TableLayout","42285784347575878","","","",""
"a2C4S0000008St9UAE","0054S000000Ms6RQAS","","a2C4S0000008Snk","2020-06-02T17:59:20.000Z","0054S000000Ms6RQAS","2020-06-02T17:59:20.000Z","0054S000000Ms6RQAS","","Html.Layouts.NoLayout","42308038918021519","","","",""
"a2C4S0000008StAUAU","0054S000000Ms6RQAS","","a2C4S0000008Sou","2020-06-02T17:59:20.000Z","0054S000000Ms6RQAS","2020-06-02T17:59:20.000Z","0054S000000Ms6RQAS","","Html.Layouts.TableLayout","42597093389560071","","","",""
"a2C4S0000008StBUAU","0054S000000Ms6RQAS","","a2C4S0000008Snl","2020-06-02T17:59:20.000Z","0054S000000Ms6RQAS","2020-06-02T17:59:20.000Z","0054S000000Ms6RQAS","","Html.Layouts.TwoColumnGrid","42287355011810596","","","",""
"a2C4S0000008StCUAU","0054S000000Ms6RQAS","","a2C4S0000008SoW","2020-06-02T17:59:20.000Z","0054S000000Ms6RQAS","2020-06-02T17:59:20.000Z","0054S000000Ms6RQAS","","Html.Layouts.NoLayout","42749949465289713","","","",""
"a2C4S0000008StDUAU","0054S000000Ms6RQAS","","a2C4S0000008Soc","2020-06-02T17:59:20.000Z","0054S000000Ms6RQAS","2020-06-02T17:59:20.000Z","0054S000000Ms6RQAS","","Html.Layouts.NoLayout","42515544701571219","","","",""
"a2C4S0000008StEUAU","0054S000000Ms6RQAS","","TwoColumnGrid","2020-06-02T17:59:20.000Z","0054S000000Ms6RQAS","2020-06-02T17:59:20.000Z","0054S000000Ms6RQAS","","Html.Layouts.TwoColumnGrid","42357431220086880","","","",""
"a2C4S0000008StFUAU","0054S000000Ms6RQAS","","TableLayout","2020-06-02T17:59:20.000Z","0054S000000Ms6RQAS","2020-06-02T17:59:20.000Z","0054S000000Ms6RQAS","","Html.Layouts.TableLayout","42216215436172343","","","",""
"a2C4S0000008StGUAU","0054S000000Ms6RQAS","","TableLayout","2020-06-02T17:59:20.000Z","0054S000000Ms6RQAS","2020-06-02T17:59:20.000Z","0054S000000Ms6RQAS","","Html.Layouts.TableLayout","42988523993045156","","","",""
"a2C4S0000008StHUAU","0054S000000Ms6RQAS","","TableLayout","2020-06-02T17:59:20.000Z","0054S000000Ms6RQAS","2020-06-02T17:59:20.000Z","0054S000000Ms6RQAS","","Html.Layouts.TableLayout","42430700203384912","","","",""
"a2C4S0000008StIUAU","0054S000000Ms6RQAS","","a2C4S0000008Snd","2020-06-02T17:59:20.000Z","0054S000000Ms6RQAS","2020-06-02T17:59:20.000Z","0054S000000Ms6RQAS","","Html.Layouts.NoLayout","42301809842975799","","","",""
"a2C4S0000008StJUAU","0054S000000Ms6RQAS","","a2C4S0000008Sp0","2020-06-02T17:59:20.000Z","0054S000000Ms6RQAS","2020-06-02T17:59:20.000Z","0054S000000Ms6RQAS","","Html.Layouts.TableLayout","42512366319919491","","","",""
"a2C4S0000008StKUAU","0054S000000Ms6RQAS","","a2C4S0000008Snh","2020-06-02T17:59:20.000Z","0054S000000Ms6RQAS","2020-06-02T17:59:20.000Z","0054S000000Ms6RQAS","","Html.Layouts.NoLayout","42348688385551752","","","",""
"a2C4S0000008StLUAU","0054S000000Ms6RQAS","","a2C4S0000008Sow","2020-06-02T17:59:20.000Z","0054S000000Ms6RQAS","2020-06-02T17:59:20.000Z","0054S000000Ms6RQAS","","Html.Layouts.NoLayout","42153743164981905","","","",""
"a2C4S0000008StMUAU","0054S000000Ms6RQAS","","TwoColumnGrid","2020-06-02T17:59:20.000Z","0054S000000Ms6RQAS","2020-06-02T17:59:20.000Z","0054S000000Ms6RQAS","","Html.Layouts.TwoColumnGrid","42146104210230306","","","",""
"a2C4S0000008StNUAU","0054S000000Ms6RQAS","","TableLayout","2020-06-02T17:59:20.000Z","0054S000000Ms6RQAS","2020-06-02T17:59:20.000Z","0054S000000Ms6RQAS","","Html.Layouts.TableLayout","42273599749395756","","","",""
"a2C4S0000008StOUAU","0054S000000Ms6RQAS","","TableLayout","2020-06-02T17:59:20.000Z","0054S000000Ms6RQAS","2020-06-02T17:59:20.000Z","0054S000000Ms6RQAS","","Html.Layouts.TableLayout","42650964534498462","","","",""
"a2C4S0000008StPUAU","0054S000000Ms6RQAS","","a2C4S0000008Snf","2020-06-02T17:59:20.000Z","0054S000000Ms6RQAS","2020-06-02T17:59:20.000Z","0054S000000Ms6RQAS","","Html.Layouts.NoLayout","42033639175008750","","","",""
"a2C4S0000008StQUAU","0054S000000Ms6RQAS","","a2C4S0000008Soy","2020-06-02T17:59:20.000Z","0054S000000Ms6RQAS","2020-06-02T17:59:20.000Z","0054S000000Ms6RQAS","","Html.Layouts.TableLayout","42125069993049005","","","",""
"a2C4S0000008StRUAU","0054S000000Ms6RQAS","","a2C4S0000008Sni","2020-06-02T17:59:20.000Z","0054S000000Ms6RQAS","2020-06-02T17:59:20.000Z","0054S000000Ms6RQAS","","Html.Layouts.NoLayout","42834549058094695","","","",""
"a2C4S0000008StSUAU","0054S000000Ms6RQAS","","a2C4S0000008Sox","2020-06-02T17:59:20.000Z","0054S000000Ms6RQAS","2020-06-02T17:59:20.000Z","0054S000000Ms6RQAS","","Html.Layouts.TableLayout","42423678218718706","","","",""
"a2C4S0000008StTUAU","0054S000000Ms6RQAS","","a2C4S0000008Sng","2020-06-02T17:59:20.000Z","0054S000000Ms6RQAS","2020-06-02T17:59:20.000Z","0054S000000Ms6RQAS","","Html.Layouts.NoLayout","42598201776970476","","","",""
"a2C4S0000008StUUAU","0054S000000Ms6RQAS","","a2C4S0000008Soz","2020-06-02T17:59:20.000Z","0054S000000Ms6RQAS","2020-06-02T17:59:20.000Z","0054S000000Ms6RQAS","","Html.Layouts.TableLayout","42837607656042633","","","",""
"a2C4S0000008StVUAU","0054S000000Ms6RQAS","","NoLayout","2020-06-02T17:59:20.000Z","0054S000000Ms6RQAS","2020-06-02T17:59:20.000Z","0054S000000Ms6RQAS","","Html.Layouts.NoLayout","42418611762152808","","","",""
"a2C4S0000008StWUAU","0054S000000Ms6RQAS","","TwoColumnGrid","2020-06-02T17:59:20.000Z","0054S000000Ms6RQAS","2020-06-02T17:59:20.000Z","0054S000000Ms6RQAS","","Html.Layouts.TwoColumnGrid","42505775784311137","","","",""
"a2C4S0000008StXUAU","0054S000000Ms6RQAS","","NoLayout","2020-06-02T17:59:20.000Z","0054S000000Ms6RQAS","2020-06-02T17:59:20.000Z","0054S000000Ms6RQAS","","Html.Layouts.NoLayout","42121925552001321","","","",""
"a2C4S0000008StYUAU","0054S000000Ms6RQAS","","TableLayout","2020-06-02T17:59:20.000Z","0054S000000Ms6RQAS","2020-06-02T17:59:20.000Z","0054S000000Ms6RQAS","","Html.Layouts.TableLayout","42202962124536390","","","",""
"a2C4S0000008anmUAA","0054S000000Ms6RQAS","","TwoColumnGrid","2020-06-23T15:35:56.000Z","0054S000000Ms6RQAS","2020-11-25T14:41:32.000Z","0054S000000Ms6RQAS","","Html.Layouts.TwoColumnGrid","42882313675641289","","","",""
"a2C4S0000008b6dUAA","0054S000000Ms6RQAS","","SingleColumnGrid","2020-08-25T16:12:48.000Z","0054S000000Ms6RQAS","2021-03-05T19:56:22.000Z","0054S000000Ms6RQAS","","Html.Layouts.SingleColumnGrid","42997312723798389","","","",""
"a2C4S0000008b6iUAA","0054S000000Ms6RQAS","","SingleColumnGrid","2020-08-25T18:39:10.000Z","0054S000000Ms6RQAS","2020-08-25T18:39:45.000Z","0054S000000Ms6RQAS","","Html.Layouts.SingleColumnGrid","42962397835796158","","","",""
"a2C4S0000008b6nUAA","0054S000000Ms6RQAS","","TwoColumnGrid","2020-08-25T18:55:28.000Z","0054S000000Ms6RQAS","2020-11-06T17:57:42.000Z","0054S000000Ms6RQAS","","Html.Layouts.TwoColumnGrid","47571598381728202","","","",""
"a2C4S0000008b6sUAA","0054S000000Ms6RQAS","","SingleColumnGrid","2020-08-25T19:19:22.000Z","0054S000000Ms6RQAS","2020-08-25T19:19:22.000Z","0054S000000Ms6RQAS","","Html.Layouts.SingleColumnGrid","42966229249038918","","","",""
"a2C4S0000008b6xUAA","0054S000000Ms6RQAS","","SingleColumnGrid","2020-08-25T19:26:12.000Z","0054S000000Ms6RQAS","2020-08-25T19:26:12.000Z","0054S000000Ms6RQAS","","Html.Layouts.SingleColumnGrid","42750473896774202","","","",""
"a2C4S0000008b72UAA","0054S000000Ms6RQAS","","SingleColumnGrid","2020-08-26T15:18:28.000Z","0054S000000Ms6RQAS","2020-09-10T00:56:31.000Z","0054S000000Ms6RQAS","","Html.Layouts.SingleColumnGrid","42712070717753875","","","",""
"a2C4S0000008b77UAA","0054S000000Ms6RQAS","","SingleColumnGrid","2020-08-26T19:16:05.000Z","0054S000000Ms6RQAS","2020-08-26T19:16:17.000Z","0054S000000Ms6RQAS","","Html.Layouts.SingleColumnGrid","42407013721641977","","","",""
"a2C4S0000008bCOUAY","0054S000000Ms6RQAS","","SingleColumnGrid","2020-08-27T17:58:16.000Z","0054S000000Ms6RQAS","2020-08-27T17:58:16.000Z","0054S000000Ms6RQAS","","Html.Layouts.SingleColumnGrid","42261557979946626","","","",""
"a2C4S0000008bCTUAY","0054S000000Ms6RQAS","","TwoColumnGrid","2020-08-27T18:35:24.000Z","0054S000000Ms6RQAS","2020-12-11T17:11:30.000Z","0054S000000Ms6RQAS","","Html.Layouts.TwoColumnGrid","54351598553324419","","","",""
"a2C4S0000008bCUUAY","0054S000000Ms6RQAS","","SingleColumnGrid","2020-08-27T18:35:24.000Z","0054S000000Ms6RQAS","2020-08-27T18:35:24.000Z","0054S000000Ms6RQAS","","Html.Layouts.SingleColumnGrid","56751598553324419","","","",""
"a2C4S0000008bCsUAI","0054S000000Ms6RQAS","","TwoColumnGrid","2020-09-01T19:14:33.000Z","0054S000000Ms6RQAS","2020-09-03T01:25:33.000Z","0054S000000Ms6RQAS","","Html.Layouts.TwoColumnGrid","42129411687004277","","","",""
"a2C4S0000008bCxUAI","0054S000000Ms6RQAS","","TwoColumnGrid","2020-09-01T19:17:11.000Z","0054S000000Ms6RQAS","2020-09-01T20:04:12.000Z","0054S000000Ms6RQAS","","Html.Layouts.TwoColumnGrid","42812079157522687","","","",""
"a2C4S0000008bD2UAI","0054S000000Ms6RQAS","","TwoColumnGrid","2020-09-01T19:17:19.000Z","0054S000000Ms6RQAS","2020-09-01T19:17:19.000Z","0054S000000Ms6RQAS","","Html.Layouts.TwoColumnGrid","42866179369330632","","","",""
"a2C4S0000008bD7UAI","0054S000000Ms6RQAS","","TwoColumnGrid","2020-09-01T20:05:24.000Z","0054S000000Ms6RQAS","2020-09-01T20:05:24.000Z","0054S000000Ms6RQAS","","Html.Layouts.TwoColumnGrid","42857326017323899","","","",""
"a2C4S0000008bDCUAY","0054S000000Ms6RQAS","","TwoColumnGrid","2020-09-01T20:09:53.000Z","0054S000000Ms6RQAS","2020-09-01T20:09:53.000Z","0054S000000Ms6RQAS","","Html.Layouts.TwoColumnGrid","42738352539184134","","","",""
"a2C4S0000008bDHUAY","0054S000000Ms6RQAS","","TwoColumnGrid","2020-09-01T20:11:08.000Z","0054S000000Ms6RQAS","2020-09-10T01:21:51.000Z","0054S000000Ms6RQAS","","Html.Layouts.TwoColumnGrid","4298199687374121","","","",""
"a2C4S0000008bDMUAY","0054S000000Ms6RQAS","","TwoColumnGrid","2020-09-01T21:26:17.000Z","0054S000000Ms6RQAS","2020-09-01T21:26:17.000Z","0054S000000Ms6RQAS","","Html.Layouts.TwoColumnGrid","42615655477580044","","","",""
"a2C4S0000008bDRUAY","0054S000000Ms6RQAS","","TwoColumnGrid","2020-09-01T21:30:04.000Z","0054S000000Ms6RQAS","2020-09-01T21:30:04.000Z","0054S000000Ms6RQAS","","Html.Layouts.TwoColumnGrid","42432920473617906","","","",""
"a2C4S0000008bDbUAI","0054S000000Ms6RQAS","","SingleColumnGrid","2020-09-04T16:17:01.000Z","0054S000000Ms6RQAS","2020-09-04T16:17:01.000Z","0054S000000Ms6RQAS","","Html.Layouts.SingleColumnGrid","42089527607520345","","","",""
"a2C4S0000008bDgUAI","0054S000000Ms6RQAS","","SingleColumnGrid","2020-09-04T16:21:52.000Z","0054S000000Ms6RQAS","2020-09-04T16:22:01.000Z","0054S000000Ms6RQAS","","Html.Layouts.SingleColumnGrid","42066251956570268","","","",""
"a2C4S0000008bDlUAI","0054S000000Ms6RQAS","","SingleColumnGrid","2020-09-04T16:42:03.000Z","0054S000000Ms6RQAS","2020-09-04T16:42:03.000Z","0054S000000Ms6RQAS","","Html.Layouts.SingleColumnGrid","42375876495288471","","","",""
"a2C4S0000008bDqUAI","0054S000000Ms6RQAS","","TwoColumnGrid","2020-09-04T20:35:07.000Z","0054S000000Ms6RQAS","2020-09-04T20:35:07.000Z","0054S000000Ms6RQAS","","Html.Layouts.TwoColumnGrid","42347211983209613","","","",""
"a2C4S0000008bDvUAI","0054S000000Ms6RQAS","","TwoColumnGrid","2020-09-04T20:41:18.000Z","0054S000000Ms6RQAS","2020-09-04T20:41:18.000Z","0054S000000Ms6RQAS","","Html.Layouts.TwoColumnGrid","42577962912249043","","","",""
"a2C4S0000008bEZUAY","0054S000000Ms6RQAS","","TwoColumnGrid","2020-09-09T19:36:50.000Z","0054S000000Ms6RQAS","2021-06-03T19:56:16.000Z","0054S000000Ms6RQAS","","Html.Layouts.TwoColumnGrid","42052261164855850","","","",""
"a2C4S0000008bEeUAI","0054S000000Ms6RQAS","","SingleColumnGrid","2020-09-10T17:05:31.000Z","0054S000000Ms6RQAS","2020-09-10T17:07:32.000Z","0054S000000Ms6RQAS","","Html.Layouts.SingleColumnGrid","42773941180182647","","","",""
"a2C4S0000008bF3UAI","0054S000000Ms6RQAS","","SingleColumnGrid","2020-09-11T13:28:50.000Z","0054S000000Ms6RQAS","2020-09-11T13:28:50.000Z","0054S000000Ms6RQAS","","Html.Layouts.SingleColumnGrid","42506614757794195","","","",""
"a2C4S0000008bF8UAI","0054S000000Ms6RQAS","","SingleColumnGrid","2020-09-11T13:29:45.000Z","0054S000000Ms6RQAS","2020-09-11T13:29:45.000Z","0054S000000Ms6RQAS","","Html.Layouts.SingleColumnGrid","42535870003792533","","","",""
"a2C4S0000008bFDUAY","0054S000000Ms6RQAS","","SingleColumnGrid","2020-09-11T13:31:38.000Z","0054S000000Ms6RQAS","2021-02-24T20:30:00.000Z","0054S000000Ms6RQAS","","Html.Layouts.SingleColumnGrid","42530141315795855","","","",""
"a2C4S0000008bFIUAY","0054S000000Ms6RQAS","","TwoColumnGrid","2020-09-11T13:32:46.000Z","0054S000000Ms6RQAS","2021-05-12T13:45:17.000Z","0054S000000Ms6RQAS","","Html.Layouts.TwoColumnGrid","42953705509884091","","","",""
"a2C4S0000008bFhUAI","0054S000000Ms6RQAS","","TwoColumnGrid","2020-09-16T18:18:59.000Z","0054S000000Ms6RQAS","2020-09-16T18:18:59.000Z","0054S000000Ms6RQAS","","Html.Layouts.TwoColumnGrid","42596215981133376","","","",""
"a2C4S0000008bGBUAY","0054S000000Ms6RQAS","","TwoColumnGrid","2020-09-22T17:34:39.000Z","0054S000000Ms6RQAS","2020-09-22T17:34:39.000Z","0054S000000Ms6RQAS","","Html.Layouts.TwoColumnGrid","42069679453408525","","","",""
"a2C4S0000008bGLUAY","0054S000000Ms6RQAS","","NoLayout","2020-09-24T12:44:21.000Z","0054S000000Ms6RQAS","2020-09-24T12:44:54.000Z","0054S000000Ms6RQAS","","Html.Layouts.NoLayout","42679174535459897","","","",""
"a2C4S0000008bGMUAY","0054S000000Ms6RQAS","","TableLayout","2020-09-24T12:44:21.000Z","0054S000000Ms6RQAS","2020-09-24T12:44:54.000Z","0054S000000Ms6RQAS","","Html.Layouts.TableLayout","42292856877381028","","","",""
"a2C4S0000008bHOUAY","0054S000000Ms6RQAS","","TwoColumnGrid","2020-10-05T22:09:29.000Z","0054S000000Ms6RQAS","2020-10-05T22:09:29.000Z","0054S000000Ms6RQAS","","Html.Layouts.TwoColumnGrid","42764957486897388","","","",""
"a2C4S0000008bHTUAY","0054S000000Ms6RQAS","","TwoColumnGrid","2020-10-05T22:23:24.000Z","0054S000000Ms6RQAS","2020-10-05T22:23:24.000Z","0054S000000Ms6RQAS","","Html.Layouts.TwoColumnGrid","42772122367183117","","","",""
"a2C4S0000008bHYUAY","0054S000000Ms6RQAS","","TwoColumnGrid","2020-10-05T22:36:38.000Z","0054S000000Ms6RQAS","2020-10-05T22:36:38.000Z","0054S000000Ms6RQAS","","Html.Layouts.TwoColumnGrid","42420328368427781","","","",""
"a2C4S0000008bHdUAI","0054S000000Ms6RQAS","","NoLayout","2020-10-06T01:41:35.000Z","0054S000000Ms6RQAS","2020-10-06T01:41:35.000Z","0054S000000Ms6RQAS","","Html.Layouts.NoLayout","42587717421674589","","","",""
"a2C4S0000008bHeUAI","0054S000000Ms6RQAS","","SingleColumnGrid","2020-10-06T01:41:35.000Z","0054S000000Ms6RQAS","2020-10-06T01:41:35.000Z","0054S000000Ms6RQAS","","Html.Layouts.SingleColumnGrid","42135300237977675","","","",""
"a2C4S0000008bHnUAI","0054S000000Ms6RQAS","","NoLayout","2020-10-06T01:48:15.000Z","0054S000000Ms6RQAS","2020-10-07T22:55:30.000Z","0054S000000Ms6RQAS","","Html.Layouts.NoLayout","42319799509682543","","","",""
"a2C4S0000008bHoUAI","0054S000000Ms6RQAS","","SingleColumnGrid","2020-10-06T01:48:15.000Z","0054S000000Ms6RQAS","2020-10-07T22:55:30.000Z","0054S000000Ms6RQAS","","Html.Layouts.SingleColumnGrid","42614009795121785","","","",""
"a2C4S0000008bI7UAI","0054S000000Ms6RQAS","","TwoColumnGrid","2020-10-08T14:02:25.000Z","0054S000000Ms6RQAS","2020-10-08T14:02:40.000Z","0054S000000Ms6RQAS","","Html.Layouts.TwoColumnGrid","42568792660390901","","","",""
"a2C4S0000008bICUAY","0054S000000Ms6RQAS","","TwoColumnGrid","2020-10-08T14:03:03.000Z","0054S000000Ms6RQAS","2020-10-08T14:03:03.000Z","0054S000000Ms6RQAS","","Html.Layouts.TwoColumnGrid","42025462147359781","","","",""
"a2C4S0000008bSVUAY","0054S000000Ms6RQAS","","TwoColumnGrid","2020-10-13T20:25:51.000Z","0054S000000Ms6RQAS","2020-10-13T20:25:51.000Z","0054S000000Ms6RQAS","","Html.Layouts.TwoColumnGrid","42453693613926510","","","",""
"a2C4S0000008bSaUAI","0054S000000Ms6RQAS","","NoLayout","2020-10-15T12:23:52.000Z","0054S000000Ms6RQAS","2020-10-15T12:56:56.000Z","0054S000000Ms6RQAS","","Html.Layouts.NoLayout","12171602764632749","","","",""
"a2C4S0000008bSbUAI","0054S000000Ms6RQAS","","TableLayout","2020-10-15T12:23:52.000Z","0054S000000Ms6RQAS","2020-10-15T12:56:56.000Z","0054S000000Ms6RQAS","","Html.Layouts.TableLayout","59501602764632749","","","",""
"a2C4S0000008bScUAI","0054S000000Ms6RQAS","","TwoColumnGrid","2020-10-15T12:23:52.000Z","0054S000000Ms6RQAS","2020-10-15T12:23:52.000Z","0054S000000Ms6RQAS","","Html.Layouts.TwoColumnGrid","51161602764632750","","","",""
"a2C4S0000008bSdUAI","0054S000000Ms6RQAS","","TwoColumnGrid","2020-10-15T12:23:52.000Z","0054S000000Ms6RQAS","2020-10-15T12:23:52.000Z","0054S000000Ms6RQAS","","Html.Layouts.TwoColumnGrid","53931602764632750","","","",""
"a2C4S0000008bSeUAI","0054S000000Ms6RQAS","","TwoColumnGrid","2020-10-15T12:23:52.000Z","0054S000000Ms6RQAS","2020-10-15T12:23:52.000Z","0054S000000Ms6RQAS","","Html.Layouts.TwoColumnGrid","87661602764632750","","","",""
"a2C4S0000008bSfUAI","0054S000000Ms6RQAS","","TwoColumnGrid","2020-10-15T12:23:52.000Z","0054S000000Ms6RQAS","2020-10-15T12:23:52.000Z","0054S000000Ms6RQAS","","Html.Layouts.TwoColumnGrid","50641602764632750","","","",""
"a2C4S0000008bSgUAI","0054S000000Ms6RQAS","","TwoColumnGrid","2020-10-15T12:23:52.000Z","0054S000000Ms6RQAS","2020-10-15T12:23:52.000Z","0054S000000Ms6RQAS","","Html.Layouts.TwoColumnGrid","35811602764632751","","","",""
"a2C4S0000008bShUAI","0054S000000Ms6RQAS","","TwoColumnGrid","2020-10-15T12:23:52.000Z","0054S000000Ms6RQAS","2020-10-15T12:23:52.000Z","0054S000000Ms6RQAS","","Html.Layouts.TwoColumnGrid","22451602764632751","","","",""
"a2C4S0000008bSiUAI","0054S000000Ms6RQAS","","TwoColumnGrid","2020-10-15T12:39:05.000Z","0054S000000Ms6RQAS","2020-10-15T12:39:05.000Z","0054S000000Ms6RQAS","","Html.Layouts.TwoColumnGrid","42680237611365754","","","",""
"a2C4S0000008bSnUAI","0054S000000Ms6RQAS","","NoLayout","2020-10-15T12:44:20.000Z","0054S000000Ms6RQAS","2020-10-15T12:44:20.000Z","0054S000000Ms6RQAS","","Html.Layouts.NoLayout","42355286100240985","","","",""
"a2C4S0000008bSoUAI","0054S000000Ms6RQAS","","TableLayout","2020-10-15T12:44:20.000Z","0054S000000Ms6RQAS","2020-10-15T12:44:20.000Z","0054S000000Ms6RQAS","","Html.Layouts.TableLayout","42947786325594547","","","",""
"a2C4S0000008bSsUAI","0054S000000Ms6RQAS","","TwoColumnGrid","2020-10-15T12:54:53.000Z","0054S000000Ms6RQAS","2020-10-15T12:54:53.000Z","0054S000000Ms6RQAS","","Html.Layouts.TwoColumnGrid","42906196989033914","","","",""
"a2C4S0000008bSxUAI","0054S000000Ms6RQAS","","NoLayout","2020-10-15T13:53:06.000Z","0054S000000Ms6RQAS","2020-10-15T13:53:06.000Z","0054S000000Ms6RQAS","","Html.Layouts.NoLayout","42862234882196379","","","",""
"a2C4S0000008bSyUAI","0054S000000Ms6RQAS","","TableLayout","2020-10-15T13:53:06.000Z","0054S000000Ms6RQAS","2020-10-15T13:53:06.000Z","0054S000000Ms6RQAS","","Html.Layouts.TableLayout","42703925217393977","","","",""
"a2C4S0000008bT2UAI","0054S000000Ms6RQAS","","SingleColumnGrid","2020-10-15T13:55:12.000Z","0054S000000Ms6RQAS","2020-10-15T13:55:12.000Z","0054S000000Ms6RQAS","","Html.Layouts.SingleColumnGrid","42749220534891558","","","",""
"a2C4S0000008bT7UAI","0054S000000Ms6RQAS","","TwoColumnGrid","2020-10-15T14:12:42.000Z","0054S000000Ms6RQAS","2020-10-15T14:12:42.000Z","0054S000000Ms6RQAS","","Html.Layouts.TwoColumnGrid","42302507463710979","","","",""
"a2C4S0000008bTHUAY","0054S000000Ms6RQAS","","TwoColumnGrid","2020-10-15T14:34:54.000Z","0054S000000Ms6RQAS","2020-10-15T14:34:54.000Z","0054S000000Ms6RQAS","","Html.Layouts.TwoColumnGrid","42472819914221310","","","",""
"a2C4S0000008bTMUAY","0054S000000Ms6RQAS","","SingleColumnGrid","2020-10-19T13:45:05.000Z","0054S000000Ms6RQAS","2020-10-19T13:45:10.000Z","0054S000000Ms6RQAS","","Html.Layouts.SingleColumnGrid","42308017323013700","","","",""
"a2C4S0000008bTRUAY","0054S000000Ms6RQAS","","TwoColumnGrid","2020-10-19T15:09:28.000Z","0054S000000Ms6RQAS","2020-10-19T15:09:53.000Z","0054S000000Ms6RQAS","","Html.Layouts.TwoColumnGrid","42454570284339677","","","",""
"a2C4S0000008bTWUAY","0054S000000Ms6RQAS","","TwoColumnGrid","2020-10-19T15:10:41.000Z","0054S000000Ms6RQAS","2020-10-19T15:10:41.000Z","0054S000000Ms6RQAS","","Html.Layouts.TwoColumnGrid","42308992549801950","","","",""
"a2C4S0000008bTbUAI","0054S000000Ms6RQAS","","TwoColumnGrid","2020-10-19T15:13:17.000Z","0054S000000Ms6RQAS","2020-10-19T15:13:17.000Z","0054S000000Ms6RQAS","","Html.Layouts.TwoColumnGrid","42077767532154854","","","",""
"a2C4S0000008bTlUAI","0054S000000Ms6RQAS","","TwoColumnGrid","2020-10-19T20:34:40.000Z","0054S000000Ms6RQAS","2020-10-19T20:53:55.000Z","0054S000000Ms6RQAS","","Html.Layouts.TwoColumnGrid","42929513189774235","","","",""
"a2C4S0000008bTqUAI","0054S000000Ms6RQAS","","TwoColumnGrid","2020-10-19T20:44:24.000Z","0054S000000Ms6RQAS","2020-10-19T20:44:34.000Z","0054S000000Ms6RQAS","","Html.Layouts.TwoColumnGrid","42353363477886389","","","",""
"a2C4S0000008bU5UAI","0054S000000Ms6RQAS","","TwoColumnGrid","2020-10-20T19:11:46.000Z","0054S000000Ms6RQAS","2020-10-20T19:11:46.000Z","0054S000000Ms6RQAS","","Html.Layouts.TwoColumnGrid","42643631499523855","","","",""
"a2C4S0000008bUAUAY","0054S000000Ms6RQAS","","TwoColumnGrid","2020-10-20T19:12:41.000Z","0054S000000Ms6RQAS","2020-11-24T21:01:44.000Z","0054S000000Ms6RQAS","","Html.Layouts.TwoColumnGrid","42712649228412072","","","",""
"a2C4S0000008bUFUAY","0054S000000Ms6RQAS","","TwoColumnGrid","2020-10-20T19:33:23.000Z","0054S000000Ms6RQAS","2020-10-20T19:33:23.000Z","0054S000000Ms6RQAS","","Html.Layouts.TwoColumnGrid","42700378412662271","","","",""
"a2C4S0000008bWBUAY","0054S000000Ms6RQAS","","SingleColumnGrid","2020-11-09T19:15:58.000Z","0054S000000Ms6RQAS","2020-11-09T19:15:58.000Z","0054S000000Ms6RQAS","","Html.Layouts.SingleColumnGrid","42239856191037452","","","",""
"a2C4S0000008bX9UAI","0054S000000Ms6RQAS","","SingleColumnGrid","2020-11-24T18:33:31.000Z","0054S000000Ms6RQAS","2020-11-24T18:33:31.000Z","0054S000000Ms6RQAS","","Html.Layouts.SingleColumnGrid","42049778531697351","","","",""
"a2C4S0000008bXEUAY","0054S000000Ms6RQAS","","SingleColumnGrid","2020-11-24T18:34:12.000Z","0054S000000Ms6RQAS","2020-11-24T18:34:16.000Z","0054S000000Ms6RQAS","","Html.Layouts.SingleColumnGrid","42634280521843181","","","",""
"a2C4S0000008bXOUAY","0054S000000Ms6RQAS","","SingleColumnGrid","2020-11-24T21:43:21.000Z","0054S000000Ms6RQAS","2020-11-24T21:43:21.000Z","0054S000000Ms6RQAS","","Html.Layouts.SingleColumnGrid","42346647361388186","","","",""
"a2C4S0000008bXTUAY","0054S000000Ms6RQAS","","SingleColumnGrid","2020-11-25T14:26:06.000Z","0054S000000Ms6RQAS","2020-11-25T14:38:28.000Z","0054S000000Ms6RQAS","","Html.Layouts.SingleColumnGrid","42167734081199139","","","",""
"a2C4S0000008bXYUAY","0054S000000Ms6RQAS","","SingleColumnGrid","2020-11-25T14:28:56.000Z","0054S000000Ms6RQAS","2020-11-25T14:28:56.000Z","0054S000000Ms6RQAS","","Html.Layouts.SingleColumnGrid","42724904033443594","","","",""
"a2C4S0000008bXdUAI","0054S000000Ms6RQAS","","SingleColumnGrid","2020-11-25T14:31:03.000Z","0054S000000Ms6RQAS","2020-11-25T14:39:22.000Z","0054S000000Ms6RQAS","","Html.Layouts.SingleColumnGrid","42303230852478295","","","",""
"a2C4S0000008bXiUAI","0054S000000Ms6RQAS","","SingleColumnGrid","2020-11-25T14:41:00.000Z","0054S000000Ms6RQAS","2020-11-25T14:41:00.000Z","0054S000000Ms6RQAS","","Html.Layouts.SingleColumnGrid","42994925524539932","","","",""
"a2C4S0000008bYMUAY","0054S000000Ms6RQAS","","TwoColumnGrid","2020-12-08T20:02:16.000Z","0054S000000Ms6RQAS","2020-12-08T20:02:16.000Z","0054S000000Ms6RQAS","","Html.Layouts.TwoColumnGrid","42587220335995984","","","",""
"a2C4S0000008bYRUAY","0054S000000Ms6RQAS","","TwoColumnGrid","2020-12-08T20:18:33.000Z","0054S000000Ms6RQAS","2020-12-16T22:23:32.000Z","0054S000000Ms6RQAS","","Html.Layouts.TwoColumnGrid","42569088921272805","","","",""
"a2C4S0000008beRUAQ","0054S000000Ms6RQAS","","SingleColumnGrid","2021-01-07T17:19:56.000Z","0054S000000Ms6RQAS","2021-01-07T17:19:56.000Z","0054S000000Ms6RQAS","","Html.Layouts.SingleColumnGrid","42894784152785565","","","",""
"a2C4S0000008beWUAQ","0054S000000Ms6RQAS","","NoLayout","2021-01-12T18:13:10.000Z","0054S000000Ms6RQAS","2021-01-12T18:13:10.000Z","0054S000000Ms6RQAS","","Html.Layouts.NoLayout","42860285675441683","","","",""
"a2C4S0000008beXUAQ","0054S000000Ms6RQAS","","SingleColumnGrid","2021-01-12T18:13:10.000Z","0054S000000Ms6RQAS","2021-01-12T18:13:10.000Z","0054S000000Ms6RQAS","","Html.Layouts.SingleColumnGrid","42152098944337295","","","",""
"a2C4S0000008belUAA","0054S000000Ms6RQAS","","SingleColumnGrid","2021-01-19T15:02:58.000Z","0054S000000Ms6RQAS","2021-01-19T15:02:58.000Z","0054S000000Ms6RQAS","","Html.Layouts.SingleColumnGrid","42910310786407396","","","",""
"a2C4S0000008bevUAA","0054S000000Ms6RQAS","","SingleColumnGrid","2021-01-22T19:05:52.000Z","0054S000000Ms6RQAS","2021-01-22T19:05:52.000Z","0054S000000Ms6RQAS","","Html.Layouts.SingleColumnGrid","42357645984692203","","","",""
"a2C4S0000008bfUUAQ","0054S000000Ms6RQAS","","TwoColumnGrid","2021-02-05T16:28:16.000Z","0054S000000Ms6RQAS","2021-02-05T16:28:16.000Z","0054S000000Ms6RQAS","","Html.Layouts.TwoColumnGrid","42576704103596730","","","",""
"a2C4S0000008bghUAA","0054S000000Ms6RQAS","","SingleColumnGrid","2021-02-24T19:44:45.000Z","0054S000000Ms6RQAS","2021-02-24T19:53:33.000Z","0054S000000Ms6RQAS","","Html.Layouts.SingleColumnGrid","42232075266317300","","","",""
"a2C4S0000008bgmUAA","0054S000000Ms6RQAS","","SingleColumnGrid","2021-02-24T20:16:19.000Z","0054S000000Ms6RQAS","2021-02-24T20:19:07.000Z","0054S000000Ms6RQAS","","Html.Layouts.SingleColumnGrid","42802860164968255","","","",""
"a2C4S0000008bhQUAQ","0054S000000Ms6RQAS","","TwoColumnGrid","2021-03-01T20:41:55.000Z","0054S000000Ms6RQAS","2021-03-01T20:41:55.000Z","0054S000000Ms6RQAS","","Html.Layouts.TwoColumnGrid","42383318505883623","","","",""
"a2C4S0000008bm3UAA","0054S000000Ms6RQAS","","TwoColumnGrid","2021-03-03T14:57:36.000Z","0054S000000Ms6RQAS","2021-03-03T14:57:36.000Z","0054S000000Ms6RQAS","","Html.Layouts.TwoColumnGrid","42742512394472435","","","",""
"a2C4S0000008f4DUAQ","0054S000000Ms6RQAS","","TwoColumnGrid","2021-07-22T16:28:54.000Z","0054S000000Ms6RQAS","2021-07-22T16:28:54.000Z","0054S000000Ms6RQAS","","Html.Layouts.TwoColumnGrid","42187572563637373","","","",""
"a2C4S0000008f4IUAQ","0054S000000Ms6RQAS","","TwoColumnGrid","2021-07-22T17:50:59.000Z","0054S000000Ms6RQAS","2021-07-22T17:50:59.000Z","0054S000000Ms6RQAS","","Html.Layouts.TwoColumnGrid","42795558359180652","","","",""
"a2C4S0000008f4NUAQ","0054S000000Ms6RQAS","","TwoColumnGrid","2021-07-22T18:02:20.000Z","0054S000000Ms6RQAS","2021-07-22T18:02:20.000Z","0054S000000Ms6RQAS","","Html.Layouts.TwoColumnGrid","42646790953445764","","","",""
"a2C4S0000008f4SUAQ","0054S000000Ms6RQAS","","TwoColumnGrid","2021-07-22T18:02:28.000Z","0054S000000Ms6RQAS","2021-07-22T18:02:31.000Z","0054S000000Ms6RQAS","","Html.Layouts.TwoColumnGrid","42360706734362601","","","",""
"a2C4S0000008feGUAQ","0054S000000Ms6RQAS","","SingleColumnGrid","2021-09-29T16:24:30.000Z","0054S000000Ms6RQAS","2021-09-29T16:24:30.000Z","0054S000000Ms6RQAS","","Html.Layouts.SingleColumnGrid","42512371288320423","","","",""
"a2C4S0000008bEAUAY","0054S000000Ms6RQAS","","SingleColumnGrid","2020-09-08T17:00:42.000Z","0054S000000Ms6RQAS","2021-01-14T20:29:16.000Z","0054S000000Ms6RQAS","","Html.Layouts.SingleColumnGrid","42443791427863139","","","",""
"a2C4S0000008bHJUAY","0054S000000Ms6RQAS","","TwoColumnGrid","2020-10-05T21:50:27.000Z","0054S000000Ms6RQAS","2020-10-05T21:51:55.000Z","0054S000000Ms6RQAS","","Html.Layouts.TwoColumnGrid","42150357626800173","","","",""
"a2C4S0000008bTCUAY","0054S000000Ms6RQAS","","TwoColumnGrid","2020-10-15T14:24:10.000Z","0054S000000Ms6RQAS","2020-10-15T14:24:10.000Z","0054S000000Ms6RQAS","","Html.Layouts.TwoColumnGrid","42871331299078687","","","",""
"a2C4S0000008bebUAA","0054S000000Ms6RQAS","","TwoColumnGrid","2021-01-15T21:20:22.000Z","0054S000000Ms6RQAS","2021-01-15T21:20:22.000Z","0054S000000Ms6RQAS","","Html.Layouts.TwoColumnGrid","42321943043921851","","","",""
"a2C4S0000008bgrUAA","0054S000000Ms6RQAS","","TwoColumnGrid","2021-02-24T20:27:39.000Z","0054S000000Ms6RQAS","2021-05-12T13:46:00.000Z","0054S000000Ms6RQAS","","Html.Layouts.TwoColumnGrid","42326801912139728","","","",""
"a2C4S0000008ScjUAE","0054S000000Ms6RQAS","","TwoColumnGrid","2020-06-02T17:59:20.000Z","0054S000000Ms6RQAS","2020-06-02T17:59:20.000Z","0054S000000Ms6RQAS","","Html.Layouts.TwoColumnGrid","42850165746207169","","","",""
"a2C4S0000008SckUAE","0054S000000Ms6RQAS","","TableLayout","2020-06-02T17:59:20.000Z","0054S000000Ms6RQAS","2020-06-02T17:59:20.000Z","0054S000000Ms6RQAS","","Html.Layouts.TableLayout","42391876653704558","","","",""
"a2C4S0000008SclUAE","0054S000000Ms6RQAS","","NoLayout","2020-06-02T17:59:20.000Z","0054S000000Ms6RQAS","2020-06-02T17:59:20.000Z","0054S000000Ms6RQAS","","Html.Layouts.NoLayout","42307955451120790","","","",""
"a2C4S0000008ScmUAE","0054S000000Ms6RQAS","","NoLayout","2020-06-02T17:59:20.000Z","0054S000000Ms6RQAS","2020-06-02T17:59:20.000Z","0054S000000Ms6RQAS","","Html.Layouts.NoLayout","42827050442053982","","","",""
"a2C4S0000008ScnUAE","0054S000000Ms6RQAS","","SingleColumnGrid","2020-06-02T17:59:20.000Z","0054S000000Ms6RQAS","2020-06-02T17:59:20.000Z","0054S000000Ms6RQAS","","Html.Layouts.SingleColumnGrid","42604206855771905","","","",""
"a2C4S0000008ScoUAE","0054S000000Ms6RQAS","","NoLayout","2020-06-02T17:59:20.000Z","0054S000000Ms6RQAS","2020-06-02T17:59:20.000Z","0054S000000Ms6RQAS","","Html.Layouts.NoLayout","42462168007630294","","","",""
"a2C4S0000008ScpUAE","0054S000000Ms6RQAS","","TableLayout","2020-06-02T17:59:20.000Z","0054S000000Ms6RQAS","2020-06-02T17:59:20.000Z","0054S000000Ms6RQAS","","Html.Layouts.TableLayout","42105134890155912","","","",""
"a2C4S0000008ScqUAE","0054S000000Ms6RQAS","","a2C4S0000008Snc","2020-06-02T17:59:20.000Z","0054S000000Ms6RQAS","2020-06-02T17:59:20.000Z","0054S000000Ms6RQAS","","Html.Layouts.NoLayout","42638331639011380","","","",""
"a2C4S0000008ScrUAE","0054S000000Ms6RQAS","","a2C4S0000008Soe","2020-06-02T17:59:20.000Z","0054S000000Ms6RQAS","2020-06-02T17:59:20.000Z","0054S000000Ms6RQAS","","Html.Layouts.NoLayout","42927000085613098","","","",""
"a2C4S0000008ScsUAE","0054S000000Ms6RQAS","","a2C4S0000008SpG","2020-06-02T17:59:20.000Z","0054S000000Ms6RQAS","2020-06-02T17:59:20.000Z","0054S000000Ms6RQAS","","Html.Layouts.NoLayout","42522728366047828","","","",""
"a2C4S0000008SctUAE","0054S000000Ms6RQAS","","a2C4S0000008SpW","2020-06-02T17:59:20.000Z","0054S000000Ms6RQAS","2020-06-02T17:59:20.000Z","0054S000000Ms6RQAS","","Html.Layouts.TableLayout","42165425717053979","","","",""
"a2C4S0000008ScuUAE","0054S000000Ms6RQAS","","TableLayout","2020-06-02T17:59:20.000Z","0054S000000Ms6RQAS","2020-06-02T17:59:20.000Z","0054S000000Ms6RQAS","","Html.Layouts.TableLayout","42734883749775815","","","",""
"a2C4S0000008ScvUAE","0054S000000Ms6RQAS","","a2C4S0000008Snj","2020-06-02T17:59:20.000Z","0054S000000Ms6RQAS","2020-06-02T17:59:20.000Z","0054S000000Ms6RQAS","","Html.Layouts.NoLayout","42477566161695131","","","",""
"a2C4S0000008ScwUAE","0054S000000Ms6RQAS","","a2C4S0000008Sov","2020-06-02T17:59:20.000Z","0054S000000Ms6RQAS","2020-06-02T17:59:20.000Z","0054S000000Ms6RQAS","","Html.Layouts.NoLayout","42034883547668969","","","",""
"a2C4S0000008ScxUAE","0054S000000Ms6RQAS","","a2C4S0000008SpP","2020-06-02T17:59:20.000Z","0054S000000Ms6RQAS","2020-06-02T17:59:20.000Z","0054S000000Ms6RQAS","","Html.Layouts.TableLayout","42864178848995160","","","",""
"a2C4S0000008ScyUAE","0054S000000Ms6RQAS","","a2C4S0000008Snk","2020-06-02T17:59:20.000Z","0054S000000Ms6RQAS","2020-06-02T17:59:20.000Z","0054S000000Ms6RQAS","","Html.Layouts.NoLayout","42144749106155151","","","",""
"a2C4S0000008SczUAE","0054S000000Ms6RQAS","","a2C4S0000008Sou","2020-06-02T17:59:20.000Z","0054S000000Ms6RQAS","2020-06-02T17:59:20.000Z","0054S000000Ms6RQAS","","Html.Layouts.TableLayout","42206768897533893","","","",""
"a2C4S0000008Sd0UAE","0054S000000Ms6RQAS","","a2C4S0000008Snl","2020-06-02T17:59:20.000Z","0054S000000Ms6RQAS","2020-06-02T17:59:20.000Z","0054S000000Ms6RQAS","","Html.Layouts.TwoColumnGrid","42026994534153263","","","",""
"a2C4S0000008Sd4UAE","0054S000000Ms6RQAS","","TableLayout","2020-06-02T17:59:20.000Z","0054S000000Ms6RQAS","2020-06-02T17:59:20.000Z","0054S000000Ms6RQAS","","Html.Layouts.TableLayout","42700991052327848","","","",""
"a2C4S0000008Sd1UAE","0054S000000Ms6RQAS","","a2C4S0000008SoW","2020-06-02T17:59:20.000Z","0054S000000Ms6RQAS","2020-06-02T17:59:20.000Z","0054S000000Ms6RQAS","","Html.Layouts.NoLayout","42611293800645705","","","",""
"a2C4S0000008Sd2UAE","0054S000000Ms6RQAS","","a2C4S0000008Soc","2020-06-02T17:59:20.000Z","0054S000000Ms6RQAS","2020-06-02T17:59:20.000Z","0054S000000Ms6RQAS","","Html.Layouts.NoLayout","42360258205613099","","","",""
"a2C4S0000008Sd3UAE","0054S000000Ms6RQAS","","TwoColumnGrid","2020-06-02T17:59:20.000Z","0054S000000Ms6RQAS","2020-06-02T17:59:20.000Z","0054S000000Ms6RQAS","","Html.Layouts.TwoColumnGrid","42248703858286694","","","",""
"a2C4S0000008Sd5UAE","0054S000000Ms6RQAS","","TableLayout","2020-06-02T17:59:20.000Z","0054S000000Ms6RQAS","2020-06-02T17:59:20.000Z","0054S000000Ms6RQAS","","Html.Layouts.TableLayout","42608336213080319","","","",""
"a2C4S0000008Sd6UAE","0054S000000Ms6RQAS","","TableLayout","2020-06-02T17:59:20.000Z","0054S000000Ms6RQAS","2020-06-02T17:59:20.000Z","0054S000000Ms6RQAS","","Html.Layouts.TableLayout","42415235306637722","","","",""
"a2C4S0000008Sd7UAE","0054S000000Ms6RQAS","","a2C4S0000008Snd","2020-06-02T17:59:20.000Z","0054S000000Ms6RQAS","2020-06-02T17:59:20.000Z","0054S000000Ms6RQAS","","Html.Layouts.NoLayout","42077990218536748","","","",""
"a2C4S0000008Sd8UAE","0054S000000Ms6RQAS","","a2C4S0000008Sp0","2020-06-02T17:59:20.000Z","0054S000000Ms6RQAS","2020-06-02T17:59:20.000Z","0054S000000Ms6RQAS","","Html.Layouts.TableLayout","42283476408404479","","","",""
"a2C4S0000008Sd9UAE","0054S000000Ms6RQAS","","a2C4S0000008Snh","2020-06-02T17:59:20.000Z","0054S000000Ms6RQAS","2020-06-02T17:59:20.000Z","0054S000000Ms6RQAS","","Html.Layouts.NoLayout","42578952120422385","","","",""
"a2C4S0000008SdAUAU","0054S000000Ms6RQAS","","a2C4S0000008Sow","2020-06-02T17:59:20.000Z","0054S000000Ms6RQAS","2020-06-02T17:59:20.000Z","0054S000000Ms6RQAS","","Html.Layouts.NoLayout","42860719667463592","","","",""
"a2C4S0000008SdBUAU","0054S000000Ms6RQAS","","TwoColumnGrid","2020-06-02T17:59:20.000Z","0054S000000Ms6RQAS","2020-06-02T17:59:20.000Z","0054S000000Ms6RQAS","","Html.Layouts.TwoColumnGrid","42751403340467498","","","",""
"a2C4S0000008SdCUAU","0054S000000Ms6RQAS","","TableLayout","2020-06-02T17:59:20.000Z","0054S000000Ms6RQAS","2020-06-02T17:59:20.000Z","0054S000000Ms6RQAS","","Html.Layouts.TableLayout","42628959197457695","","","",""
"a2C4S0000008SdDUAU","0054S000000Ms6RQAS","","TableLayout","2020-06-02T17:59:20.000Z","0054S000000Ms6RQAS","2020-06-02T17:59:20.000Z","0054S000000Ms6RQAS","","Html.Layouts.TableLayout","42528507801622580","","","",""
"a2C4S0000008SdEUAU","0054S000000Ms6RQAS","","a2C4S0000008Snf","2020-06-02T17:59:20.000Z","0054S000000Ms6RQAS","2020-06-02T17:59:20.000Z","0054S000000Ms6RQAS","","Html.Layouts.NoLayout","42377125727036535","","","",""
"a2C4S0000008SdFUAU","0054S000000Ms6RQAS","","a2C4S0000008Soy","2020-06-02T17:59:20.000Z","0054S000000Ms6RQAS","2020-06-02T17:59:20.000Z","0054S000000Ms6RQAS","","Html.Layouts.TableLayout","42068958667868881","","","",""
"a2C4S0000008SdGUAU","0054S000000Ms6RQAS","","a2C4S0000008Sni","2020-06-02T17:59:20.000Z","0054S000000Ms6RQAS","2020-06-02T17:59:20.000Z","0054S000000Ms6RQAS","","Html.Layouts.NoLayout","42457496563143449","","","",""
"a2C4S0000008SdHUAU","0054S000000Ms6RQAS","","a2C4S0000008Sox","2020-06-02T17:59:20.000Z","0054S000000Ms6RQAS","2020-06-02T17:59:20.000Z","0054S000000Ms6RQAS","","Html.Layouts.TableLayout","42440050224073354","","","",""
"a2C4S0000008SdIUAU","0054S000000Ms6RQAS","","a2C4S0000008Sng","2020-06-02T17:59:20.000Z","0054S000000Ms6RQAS","2020-06-02T17:59:20.000Z","0054S000000Ms6RQAS","","Html.Layouts.NoLayout","42892929422678483","","","",""
"a2C4S0000008SdJUAU","0054S000000Ms6RQAS","","a2C4S0000008Soz","2020-06-02T17:59:20.000Z","0054S000000Ms6RQAS","2020-06-02T17:59:20.000Z","0054S000000Ms6RQAS","","Html.Layouts.TableLayout","42660439639750114","","","",""
"a2C4S0000008SdKUAU","0054S000000Ms6RQAS","","NoLayout","2020-06-02T17:59:20.000Z","0054S000000Ms6RQAS","2020-06-02T17:59:20.000Z","0054S000000Ms6RQAS","","Html.Layouts.NoLayout","42797711252878988","","","",""
"a2C4S0000008SdLUAU","0054S000000Ms6RQAS","","TwoColumnGrid","2020-06-02T17:59:20.000Z","0054S000000Ms6RQAS","2020-06-02T17:59:20.000Z","0054S000000Ms6RQAS","","Html.Layouts.TwoColumnGrid","42251162947299955","","","",""
"a2C4S0000008SdMUAU","0054S000000Ms6RQAS","","NoLayout","2020-06-02T17:59:20.000Z","0054S000000Ms6RQAS","2020-06-02T17:59:20.000Z","0054S000000Ms6RQAS","","Html.Layouts.NoLayout","42805506777796687","","","",""
"a2C4S0000008SdNUAU","0054S000000Ms6RQAS","","TableLayout","2020-06-02T17:59:20.000Z","0054S000000Ms6RQAS","2020-06-02T17:59:20.000Z","0054S000000Ms6RQAS","","Html.Layouts.TableLayout","42111248306435157","","","",""
"a2C4S0000008SdOUAU","0054S000000Ms6RQAS","","TableLayout","2020-06-02T17:59:20.000Z","0054S000000Ms6RQAS","2020-06-02T17:59:20.000Z","0054S000000Ms6RQAS","","Html.Layouts.TableLayout","42666551383467532","","","",""
"a2C4S0000008SdPUAU","0054S000000Ms6RQAS","","TableLayout","2020-06-02T17:59:20.000Z","0054S000000Ms6RQAS","2020-06-02T17:59:20.000Z","0054S000000Ms6RQAS","","Html.Layouts.TableLayout","42063941996007643","","","",""
"a2C4S0000008SdQUAU","0054S000000Ms6RQAS","","TableLayout","2020-06-02T17:59:20.000Z","0054S000000Ms6RQAS","2020-06-02T17:59:20.000Z","0054S000000Ms6RQAS","","Html.Layouts.TableLayout","42301222936255000","","","",""
"a2C4S0000008SdRUAU","0054S000000Ms6RQAS","","TwoColumnGrid","2020-06-02T17:59:20.000Z","0054S000000Ms6RQAS","2020-06-02T17:59:20.000Z","0054S000000Ms6RQAS","","Html.Layouts.TwoColumnGrid","42194119301197215","","","",""
"a2C4S0000008SdSUAU","0054S000000Ms6RQAS","","NoLayout","2020-06-02T17:59:20.000Z","0054S000000Ms6RQAS","2020-06-02T17:59:20.000Z","0054S000000Ms6RQAS","","Html.Layouts.NoLayout","42416670953550255","","","",""
"a2C4S0000008SdTUAU","0054S000000Ms6RQAS","","TableLayout","2020-06-02T17:59:20.000Z","0054S000000Ms6RQAS","2020-06-02T17:59:20.000Z","0054S000000Ms6RQAS","","Html.Layouts.TableLayout","42924366715229851","","","",""
"a2C4S0000008SdUUAU","0054S000000Ms6RQAS","","TwoColumnGrid","2020-06-02T17:59:20.000Z","0054S000000Ms6RQAS","2020-06-02T17:59:20.000Z","0054S000000Ms6RQAS","","Html.Layouts.TwoColumnGrid","42168663986795115","","","",""
"a2C4S0000008SdVUAU","0054S000000Ms6RQAS","","a2C4S0000008Snm","2020-06-02T17:59:20.000Z","0054S000000Ms6RQAS","2020-06-02T17:59:20.000Z","0054S000000Ms6RQAS","","Html.Layouts.TwoColumnGrid","42382816286093292","","","",""
"a2C4S0000008SdWUAU","0054S000000Ms6RQAS","","a2C4S0000008Sna","2020-06-02T17:59:20.000Z","0054S000000Ms6RQAS","2020-06-02T17:59:20.000Z","0054S000000Ms6RQAS","","Html.Layouts.NoLayout","42969634741445195","","","",""
"a2C4S0000008SdXUAU","0054S000000Ms6RQAS","","NoLayout","2020-06-02T17:59:20.000Z","0054S000000Ms6RQAS","2020-06-02T17:59:20.000Z","0054S000000Ms6RQAS","","Html.Layouts.NoLayout","42961209529442768","","","",""
"a2C4S0000008SdYUAU","0054S000000Ms6RQAS","","NoLayout","2020-06-02T17:59:20.000Z","0054S000000Ms6RQAS","2020-06-02T17:59:20.000Z","0054S000000Ms6RQAS","","Html.Layouts.NoLayout","42686564135532262","","","",""
"a2C4S0000008SdZUAU","0054S000000Ms6RQAS","","TwoColumnGrid","2020-06-02T17:59:20.000Z","0054S000000Ms6RQAS","2020-06-02T17:59:20.000Z","0054S000000Ms6RQAS","","Html.Layouts.TwoColumnGrid","42584384091658073","","","",""
"a2C4S0000008SdaUAE","0054S000000Ms6RQAS","","TableLayout","2020-06-02T17:59:20.000Z","0054S000000Ms6RQAS","2020-06-02T17:59:20.000Z","0054S000000Ms6RQAS","","Html.Layouts.TableLayout","42240728322188717","","","",""
"a2C4S0000008SdbUAE","0054S000000Ms6RQAS","","TableLayout","2020-06-02T17:59:20.000Z","0054S000000Ms6RQAS","2020-06-02T17:59:20.000Z","0054S000000Ms6RQAS","","Html.Layouts.TableLayout","42030604146182661","","","",""
"a2C4S0000008SdcUAE","0054S000000Ms6RQAS","","TableLayout","2020-06-02T17:59:20.000Z","0054S000000Ms6RQAS","2020-06-02T17:59:20.000Z","0054S000000Ms6RQAS","","Html.Layouts.TableLayout","42742320339139344","","","",""
"a2C4S0000008SddUAE","0054S000000Ms6RQAS","","TableLayout","2020-06-02T17:59:20.000Z","0054S000000Ms6RQAS","2020-06-02T17:59:20.000Z","0054S000000Ms6RQAS","","Html.Layouts.TableLayout","42201747169124750","","","",""
"a2C4S0000008SdeUAE","0054S000000Ms6RQAS","","TableLayout","2020-06-02T17:59:20.000Z","0054S000000Ms6RQAS","2020-06-02T17:59:20.000Z","0054S000000Ms6RQAS","","Html.Layouts.TableLayout","42562905019139473","","","",""
"a2C4S0000008SdfUAE","0054S000000Ms6RQAS","","a2C4S0000008Snb","2020-06-02T17:59:20.000Z","0054S000000Ms6RQAS","2020-06-02T17:59:20.000Z","0054S000000Ms6RQAS","","Html.Layouts.NoLayout","42813742428244099","","","",""
"a2C4S0000008SdgUAE","0054S000000Ms6RQAS","","NoLayout","2020-06-02T17:59:20.000Z","0054S000000Ms6RQAS","2020-06-02T17:59:20.000Z","0054S000000Ms6RQAS","","Html.Layouts.NoLayout","42563442344644238","","","",""
"a2C4S0000008SdhUAE","0054S000000Ms6RQAS","","NoLayout","2020-06-02T17:59:20.000Z","0054S000000Ms6RQAS","2020-06-02T17:59:20.000Z","0054S000000Ms6RQAS","","Html.Layouts.NoLayout","42055374945504461","","","",""
"a2C4S0000008SdiUAE","0054S000000Ms6RQAS","","SingleColumnGrid","2020-06-02T17:59:20.000Z","0054S000000Ms6RQAS","2020-06-02T17:59:20.000Z","0054S000000Ms6RQAS","","Html.Layouts.SingleColumnGrid","42969533582743707","","","",""
"a2C4S0000008SdjUAE","0054S000000Ms6RQAS","","NoLayout","2020-06-02T17:59:20.000Z","0054S000000Ms6RQAS","2020-06-02T17:59:20.000Z","0054S000000Ms6RQAS","","Html.Layouts.NoLayout","42414230816255497","","","",""
"a2C4S0000008SdkUAE","0054S000000Ms6RQAS","","TableLayout","2020-06-02T17:59:20.000Z","0054S000000Ms6RQAS","2020-06-02T17:59:20.000Z","0054S000000Ms6RQAS","","Html.Layouts.TableLayout","42236112479672364","","","",""
"a2C4S0000008SdlUAE","0054S000000Ms6RQAS","","NoLayout","2020-06-02T17:59:20.000Z","0054S000000Ms6RQAS","2020-06-02T17:59:20.000Z","0054S000000Ms6RQAS","","Html.Layouts.NoLayout","42042846729642072","","","",""
"a2C4S0000008SdmUAE","0054S000000Ms6RQAS","","TwoColumnGrid","2020-06-02T17:59:20.000Z","0054S000000Ms6RQAS","2020-06-02T17:59:20.000Z","0054S000000Ms6RQAS","","Html.Layouts.TwoColumnGrid","42672137502153612","","","",""
"a2C4S0000008SdnUAE","0054S000000Ms6RQAS","","NoLayout","2020-06-02T17:59:20.000Z","0054S000000Ms6RQAS","2020-06-02T17:59:20.000Z","0054S000000Ms6RQAS","","Html.Layouts.NoLayout","42266636092396611","","","",""
"a2C4S0000008SdoUAE","0054S000000Ms6RQAS","","NoLayout","2020-06-02T17:59:20.000Z","0054S000000Ms6RQAS","2020-06-02T17:59:20.000Z","0054S000000Ms6RQAS","","Html.Layouts.NoLayout","42449426429728178","","","",""
"a2C4S0000008SdpUAE","0054S000000Ms6RQAS","","NoLayout","2020-06-02T17:59:20.000Z","0054S000000Ms6RQAS","2020-06-02T17:59:20.000Z","0054S000000Ms6RQAS","","Html.Layouts.NoLayout","42456102387676720","","","",""
"a2C4S0000008SdtUAE","0054S000000Ms6RQAS","","TableLayout","2020-06-02T17:59:20.000Z","0054S000000Ms6RQAS","2020-06-02T17:59:20.000Z","0054S000000Ms6RQAS","","Html.Layouts.TableLayout","42013398368584653","","","",""
"a2C4S0000008SdqUAE","0054S000000Ms6RQAS","","SingleColumnGrid","2020-06-02T17:59:20.000Z","0054S000000Ms6RQAS","2020-06-02T17:59:20.000Z","0054S000000Ms6RQAS","","Html.Layouts.SingleColumnGrid","42390275878044532","","","",""
"a2C4S0000008SdrUAE","0054S000000Ms6RQAS","","NoLayout","2020-06-02T17:59:20.000Z","0054S000000Ms6RQAS","2020-06-02T17:59:20.000Z","0054S000000Ms6RQAS","","Html.Layouts.NoLayout","42769978230099149","","","",""
"a2C4S0000008SdsUAE","0054S000000Ms6RQAS","","TwoColumnGrid","2020-06-02T17:59:20.000Z","0054S000000Ms6RQAS","2020-06-02T17:59:20.000Z","0054S000000Ms6RQAS","","Html.Layouts.TwoColumnGrid","42910999854768465","","","",""
"a2C4S0000008SduUAE","0054S000000Ms6RQAS","","TableLayout","2020-06-02T17:59:20.000Z","0054S000000Ms6RQAS","2020-06-02T17:59:20.000Z","0054S000000Ms6RQAS","","Html.Layouts.TableLayout","42388778109509464","","","",""
"a2C4S0000008SdvUAE","0054S000000Ms6RQAS","","TableLayout","2020-06-02T17:59:20.000Z","0054S000000Ms6RQAS","2020-06-02T17:59:20.000Z","0054S000000Ms6RQAS","","Html.Layouts.TableLayout","42692567204082517","","","",""
"a2C4S0000008SdwUAE","0054S000000Ms6RQAS","","NoLayout","2020-06-02T17:59:20.000Z","0054S000000Ms6RQAS","2020-06-02T17:59:20.000Z","0054S000000Ms6RQAS","","Html.Layouts.NoLayout","42162946379572798","","","",""
"a2C4S0000008SdxUAE","0054S000000Ms6RQAS","","NoLayout","2020-06-02T17:59:20.000Z","0054S000000Ms6RQAS","2020-06-02T17:59:20.000Z","0054S000000Ms6RQAS","","Html.Layouts.NoLayout","42301705415063071","","","",""
"a2C4S0000008SdyUAE","0054S000000Ms6RQAS","","NoLayout","2020-06-02T17:59:20.000Z","0054S000000Ms6RQAS","2020-06-02T17:59:20.000Z","0054S000000Ms6RQAS","","Html.Layouts.NoLayout","42061288952606448","","","",""
"a2C4S0000008SdzUAE","0054S000000Ms6RQAS","","SingleColumnGrid","2020-06-02T17:59:20.000Z","0054S000000Ms6RQAS","2020-06-02T17:59:20.000Z","0054S000000Ms6RQAS","","Html.Layouts.SingleColumnGrid","42937575843003941","","","",""
"a2C4S0000008Se0UAE","0054S000000Ms6RQAS","","NoLayout","2020-06-02T17:59:20.000Z","0054S000000Ms6RQAS","2020-06-02T17:59:20.000Z","0054S000000Ms6RQAS","","Html.Layouts.NoLayout","42477524637850669","","","",""
"a2C4S0000008Se1UAE","0054S000000Ms6RQAS","","TwoColumnGrid","2020-06-02T17:59:20.000Z","0054S000000Ms6RQAS","2020-06-02T17:59:20.000Z","0054S000000Ms6RQAS","","Html.Layouts.TwoColumnGrid","42061116654153788","","","",""
"a2C4S0000008Se2UAE","0054S000000Ms6RQAS","","TableLayout","2020-06-02T17:59:20.000Z","0054S000000Ms6RQAS","2020-06-02T17:59:20.000Z","0054S000000Ms6RQAS","","Html.Layouts.TableLayout","42230255763488284","","","",""
"a2C4S0000008Se3UAE","0054S000000Ms6RQAS","","TableLayout","2020-06-02T17:59:20.000Z","0054S000000Ms6RQAS","2020-06-02T17:59:20.000Z","0054S000000Ms6RQAS","","Html.Layouts.TableLayout","42083441020651892","","","",""
"a2C4S0000008Se4UAE","0054S000000Ms6RQAS","","a2C4S0000008SoY","2020-06-02T17:59:20.000Z","0054S000000Ms6RQAS","2020-06-02T17:59:20.000Z","0054S000000Ms6RQAS","","Html.Layouts.NoLayout","42299564126778104","","","",""
"a2C4S0000008Se5UAE","0054S000000Ms6RQAS","","NoLayout","2020-06-02T17:59:20.000Z","0054S000000Ms6RQAS","2020-06-02T17:59:20.000Z","0054S000000Ms6RQAS","","Html.Layouts.NoLayout","42324904196672666","","","",""
"a2C4S0000008Se6UAE","0054S000000Ms6RQAS","","NoLayout","2020-06-02T17:59:20.000Z","0054S000000Ms6RQAS","2020-06-02T17:59:20.000Z","0054S000000Ms6RQAS","","Html.Layouts.NoLayout","42805892380150806","","","",""
"a2C4S0000008Se7UAE","0054S000000Ms6RQAS","","TableLayout","2020-06-02T17:59:20.000Z","0054S000000Ms6RQAS","2020-06-02T17:59:20.000Z","0054S000000Ms6RQAS","","Html.Layouts.TableLayout","42576164240523668","","","",""
"a2C4S0000008Se8UAE","0054S000000Ms6RQAS","","TableLayout","2020-06-02T17:59:20.000Z","0054S000000Ms6RQAS","2020-06-02T17:59:20.000Z","0054S000000Ms6RQAS","","Html.Layouts.TableLayout","42962325424236851","","","",""
"a2C4S0000008Se9UAE","0054S000000Ms6RQAS","","a2C4S0000008SoX","2020-06-02T17:59:20.000Z","0054S000000Ms6RQAS","2020-06-02T17:59:20.000Z","0054S000000Ms6RQAS","","Html.Layouts.NoLayout","42947545259550130","","","",""
"a2C4S0000008SeAUAU","0054S000000Ms6RQAS","","a2C4S0000008Sod","2020-06-02T17:59:20.000Z","0054S000000Ms6RQAS","2020-06-02T17:59:20.000Z","0054S000000Ms6RQAS","","Html.Layouts.TwoColumnGrid","42279252811576814","","","",""
"a2C4S0000008SeBUAU","0054S000000Ms6RQAS","","a2C4S0000008SpF","2020-06-02T17:59:20.000Z","0054S000000Ms6RQAS","2020-06-02T17:59:20.000Z","0054S000000Ms6RQAS","","Html.Layouts.TableLayout","42573015015250909","","","",""
"a2C4S0000008SeCUAU","0054S000000Ms6RQAS","","TableLayout","2020-06-02T17:59:20.000Z","0054S000000Ms6RQAS","2020-06-02T17:59:20.000Z","0054S000000Ms6RQAS","","Html.Layouts.TableLayout","42394480108272177","","","",""
"a2C4S0000008SeDUAU","0054S000000Ms6RQAS","","TableLayout","2020-06-02T17:59:20.000Z","0054S000000Ms6RQAS","2020-06-02T17:59:20.000Z","0054S000000Ms6RQAS","","Html.Layouts.TableLayout","42719055955519240","","","",""
"a2C4S0000008SeEUAU","0054S000000Ms6RQAS","","TableLayout","2020-06-02T17:59:20.000Z","0054S000000Ms6RQAS","2020-06-02T17:59:20.000Z","0054S000000Ms6RQAS","","Html.Layouts.TableLayout","42914326230669034","","","",""
"a2C4S0000008SeFUAU","0054S000000Ms6RQAS","","TableLayout","2020-06-02T17:59:20.000Z","0054S000000Ms6RQAS","2020-06-02T17:59:20.000Z","0054S000000Ms6RQAS","","Html.Layouts.TableLayout","42544042269725591","","","",""
"a2C4S0000008SeGUAU","0054S000000Ms6RQAS","","a2C4S0000008Sne","2020-06-02T17:59:20.000Z","0054S000000Ms6RQAS","2020-06-02T17:59:20.000Z","0054S000000Ms6RQAS","","Html.Layouts.TwoColumnGrid","42776344805852219","","","",""
"a2C4S0000008SeHUAU","0054S000000Ms6RQAS","","NoLayout","2020-06-02T17:59:20.000Z","0054S000000Ms6RQAS","2020-06-02T17:59:20.000Z","0054S000000Ms6RQAS","","Html.Layouts.NoLayout","42238386048874863","","","",""
"a2C4S0000008SeIUAU","0054S000000Ms6RQAS","","TwoColumnGrid","2020-06-02T17:59:20.000Z","0054S000000Ms6RQAS","2020-06-02T17:59:20.000Z","0054S000000Ms6RQAS","","Html.Layouts.TwoColumnGrid","42021071755511770","","","",""
"a2C4S0000008SeJUAU","0054S000000Ms6RQAS","","NoLayout","2020-06-02T17:59:20.000Z","0054S000000Ms6RQAS","2020-06-02T17:59:20.000Z","0054S000000Ms6RQAS","","Html.Layouts.NoLayout","42436212568894105","","","",""
"a2C4S0000008SeKUAU","0054S000000Ms6RQAS","","TableLayout","2020-06-02T17:59:20.000Z","0054S000000Ms6RQAS","2020-06-02T17:59:20.000Z","0054S000000Ms6RQAS","","Html.Layouts.TableLayout","42063437116345532","","","",""
"a2C4S0000008SeLUAU","0054S000000Ms6RQAS","","NoLayout","2020-06-02T17:59:20.000Z","0054S000000Ms6RQAS","2020-06-02T17:59:20.000Z","0054S000000Ms6RQAS","","Html.Layouts.NoLayout","42489034053659138","","","",""
"a2C4S0000008SeMUAU","0054S000000Ms6RQAS","","NoLayout","2020-06-02T17:59:20.000Z","0054S000000Ms6RQAS","2020-06-02T17:59:20.000Z","0054S000000Ms6RQAS","","Html.Layouts.NoLayout","42609078362113799","","","",""
"a2C4S0000008SeNUAU","0054S000000Ms6RQAS","","NoLayout","2020-06-02T17:59:20.000Z","0054S000000Ms6RQAS","2020-06-02T17:59:20.000Z","0054S000000Ms6RQAS","","Html.Layouts.NoLayout","42717138992808017","","","",""
"a2C4S0000008SeOUAU","0054S000000Ms6RQAS","","TwoColumnGrid","2020-06-02T17:59:20.000Z","0054S000000Ms6RQAS","2020-06-02T17:59:20.000Z","0054S000000Ms6RQAS","","Html.Layouts.TwoColumnGrid","42771858084500819","","","",""
"a2C4S0000008SePUAU","0054S000000Ms6RQAS","","TableLayout","2020-06-02T17:59:20.000Z","0054S000000Ms6RQAS","2020-06-02T17:59:20.000Z","0054S000000Ms6RQAS","","Html.Layouts.TableLayout","42494868259373799","","","",""
"a2C4S0000008SeQUAU","0054S000000Ms6RQAS","","TableLayout","2020-06-02T17:59:20.000Z","0054S000000Ms6RQAS","2020-06-02T17:59:20.000Z","0054S000000Ms6RQAS","","Html.Layouts.TableLayout","424750856758513","","","",""
"a2C4S0000008SeRUAU","0054S000000Ms6RQAS","","TableLayout","2020-06-02T17:59:20.000Z","0054S000000Ms6RQAS","2020-06-02T17:59:20.000Z","0054S000000Ms6RQAS","","Html.Layouts.TableLayout","42595790564187002","","","",""
"a2C4S0000008SeSUAU","0054S000000Ms6RQAS","","NoLayout","2020-06-02T17:59:20.000Z","0054S000000Ms6RQAS","2020-06-02T17:59:20.000Z","0054S000000Ms6RQAS","","Html.Layouts.NoLayout","42994102477307762","","","",""
"a2C4S0000008SeTUAU","0054S000000Ms6RQAS","","NoLayout","2020-06-02T17:59:20.000Z","0054S000000Ms6RQAS","2020-06-02T17:59:20.000Z","0054S000000Ms6RQAS","","Html.Layouts.NoLayout","2.721376314360757","","","",""
"a2C4S0000008SeXUAU","0054S000000Ms6RQAS","","TableLayout","2020-06-02T17:59:20.000Z","0054S000000Ms6RQAS","2020-06-02T17:59:20.000Z","0054S000000Ms6RQAS","","Html.Layouts.TableLayout","42912514209331510","","","",""
"a2C4S0000008SeUUAU","0054S000000Ms6RQAS","","NoLayout","2020-06-02T17:59:20.000Z","0054S000000Ms6RQAS","2020-06-02T17:59:20.000Z","0054S000000Ms6RQAS","","Html.Layouts.NoLayout","42408726510620419","","","",""
"a2C4S0000008SeVUAU","0054S000000Ms6RQAS","","TwoColumnGrid","2020-06-02T17:59:20.000Z","0054S000000Ms6RQAS","2020-06-02T17:59:20.000Z","0054S000000Ms6RQAS","","Html.Layouts.TwoColumnGrid","42937827289511412","","","",""
"a2C4S0000008SeWUAU","0054S000000Ms6RQAS","","TableLayout","2020-06-02T17:59:20.000Z","0054S000000Ms6RQAS","2020-06-02T17:59:20.000Z","0054S000000Ms6RQAS","","Html.Layouts.TableLayout","42089575593351394","","","",""
"a2C4S0000008SedUAE","0054S000000Ms6RQAS","","TwoColumnGrid","2020-06-02T17:59:20.000Z","0054S000000Ms6RQAS","2020-06-02T17:59:20.000Z","0054S000000Ms6RQAS","","Html.Layouts.TwoColumnGrid","42638527111102055","","","",""
"a2C4S0000008SeYUAU","0054S000000SW21QAG","","TableLayout","2020-06-02T17:59:20.000Z","0054S000000SW21QAG","2020-06-02T17:59:20.000Z","0054S000000SW21QAG","","Html.Layouts.TableLayout","42394935586859872","","","",""
"a2C4S0000008SeZUAU","0054S000000Ms6RQAS","","NoLayout","2020-06-02T17:59:20.000Z","0054S000000Ms6RQAS","2020-06-02T17:59:20.000Z","0054S000000Ms6RQAS","","Html.Layouts.NoLayout","42352276582142462","","","",""
"a2C4S0000008SeaUAE","0054S000000Ms6RQAS","","NoLayout","2020-06-02T17:59:20.000Z","0054S000000Ms6RQAS","2020-06-02T17:59:20.000Z","0054S000000Ms6RQAS","","Html.Layouts.NoLayout","42892781429225809","","","",""
"a2C4S0000008SebUAE","0054S000000Ms6RQAS","","TableLayout","2020-06-02T17:59:20.000Z","0054S000000Ms6RQAS","2020-06-02T17:59:20.000Z","0054S000000Ms6RQAS","","Html.Layouts.TableLayout","42425443208536181","","","",""
"a2C4S0000008SecUAE","0054S000000Ms6RQAS","","TwoColumnGrid","2020-06-02T17:59:20.000Z","0054S000000Ms6RQAS","2020-06-02T17:59:20.000Z","0054S000000Ms6RQAS","","Html.Layouts.TwoColumnGrid","42207337910070284","","","",""
"a2C4S0000008SeeUAE","0054S000000Ms6RQAS","","NoLayout","2020-06-02T17:59:20.000Z","0054S000000Ms6RQAS","2020-06-02T17:59:20.000Z","0054S000000Ms6RQAS","","Html.Layouts.NoLayout","42286362173015389","","","",""
"a2C4S0000008SefUAE","0054S000000Ms6RQAS","","NoLayout","2020-06-02T17:59:20.000Z","0054S000000Ms6RQAS","2020-06-02T17:59:20.000Z","0054S000000Ms6RQAS","","Html.Layouts.NoLayout","42834859296899633","","","",""
"a2C4S0000008SegUAE","0054S000000Ms6RQAS","","SingleColumnGrid","2020-06-02T17:59:20.000Z","0054S000000Ms6RQAS","2020-06-02T17:59:20.000Z","0054S000000Ms6RQAS","","Html.Layouts.SingleColumnGrid","42690637074220661","","","",""
"a2C4S0000008SehUAE","0054S000000Ms6RQAS","","TableLayout","2020-06-02T17:59:20.000Z","0054S000000Ms6RQAS","2020-06-02T17:59:20.000Z","0054S000000Ms6RQAS","","Html.Layouts.TableLayout","42477289823213795","","","",""
"a2C4S0000008SeiUAE","0054S000000Ms6RQAS","","TableLayout","2020-06-02T17:59:20.000Z","0054S000000Ms6RQAS","2020-06-02T17:59:20.000Z","0054S000000Ms6RQAS","","Html.Layouts.TableLayout","42349258276579558","","","",""
"a2C4S0000008SejUAE","0054S000000Ms6RQAS","","a2C4S0000008Snj","2020-06-02T17:59:20.000Z","0054S000000Ms6RQAS","2020-06-02T17:59:20.000Z","0054S000000Ms6RQAS","","Html.Layouts.NoLayout","42632338428797471","","","",""
"a2C4S0000008SekUAE","0054S000000Ms6RQAS","","a2C4S0000008Sov","2020-06-02T17:59:20.000Z","0054S000000Ms6RQAS","2020-06-02T17:59:20.000Z","0054S000000Ms6RQAS","","Html.Layouts.NoLayout","42272911251009902","","","",""
"a2C4S0000008SelUAE","0054S000000Ms6RQAS","","a2C4S0000008SpP","2020-06-02T17:59:20.000Z","0054S000000Ms6RQAS","2020-06-02T17:59:20.000Z","0054S000000Ms6RQAS","","Html.Layouts.TableLayout","42318398955166784","","","",""
"a2C4S0000008SemUAE","0054S000000Ms6RQAS","","a2C4S0000008Snk","2020-06-02T17:59:20.000Z","0054S000000Ms6RQAS","2020-06-02T17:59:20.000Z","0054S000000Ms6RQAS","","Html.Layouts.NoLayout","42346656862364526","","","",""
"a2C4S0000008SenUAE","0054S000000Ms6RQAS","","a2C4S0000008Sou","2020-06-02T17:59:20.000Z","0054S000000Ms6RQAS","2020-06-02T17:59:20.000Z","0054S000000Ms6RQAS","","Html.Layouts.TableLayout","42036888569821189","","","",""
"a2C4S0000008SeoUAE","0054S000000Ms6RQAS","","TwoColumnGrid","2020-06-02T17:59:20.000Z","0054S000000Ms6RQAS","2020-06-02T17:59:20.000Z","0054S000000Ms6RQAS","","Html.Layouts.TwoColumnGrid","42273069847935496","","","",""
"a2C4S0000008SepUAE","0054S000000Ms6RQAS","","a2C4S0000008SoW","2020-06-02T17:59:20.000Z","0054S000000Ms6RQAS","2020-06-02T17:59:20.000Z","0054S000000Ms6RQAS","","Html.Layouts.NoLayout","42151147502838852","","","",""
"a2C4S0000008SeqUAE","0054S000000Ms6RQAS","","a2C4S0000008Soc","2020-06-02T17:59:20.000Z","0054S000000Ms6RQAS","2020-06-02T17:59:20.000Z","0054S000000Ms6RQAS","","Html.Layouts.NoLayout","42543975106909015","","","",""
"a2C4S0000008SerUAE","0054S000000Ms6RQAS","","TwoColumnGrid","2020-06-02T17:59:20.000Z","0054S000000Ms6RQAS","2020-06-02T17:59:20.000Z","0054S000000Ms6RQAS","","Html.Layouts.TwoColumnGrid","42344927979745135","","","",""
"a2C4S0000008SesUAE","0054S000000Ms6RQAS","","TableLayout","2020-06-02T17:59:20.000Z","0054S000000Ms6RQAS","2020-06-02T17:59:20.000Z","0054S000000Ms6RQAS","","Html.Layouts.TableLayout","42159947890900545","","","",""
"a2C4S0000008SetUAE","0054S000000Ms6RQAS","","TableLayout","2020-06-02T17:59:20.000Z","0054S000000Ms6RQAS","2020-06-02T17:59:20.000Z","0054S000000Ms6RQAS","","Html.Layouts.TableLayout","42846948299635553","","","",""
"a2C4S0000008SeuUAE","0054S000000Ms6RQAS","","TableLayout","2020-06-02T17:59:20.000Z","0054S000000Ms6RQAS","2020-06-02T17:59:20.000Z","0054S000000Ms6RQAS","","Html.Layouts.TableLayout","42352166184386094","","","",""
"a2C4S0000008SevUAE","0054S000000Ms6RQAS","","a2C4S0000008Snd","2020-06-02T17:59:20.000Z","0054S000000Ms6RQAS","2020-06-02T17:59:20.000Z","0054S000000Ms6RQAS","","Html.Layouts.NoLayout","42457074958963497","","","",""
"a2C4S0000008SewUAE","0054S000000Ms6RQAS","","a2C4S0000008Sp0","2020-06-02T17:59:20.000Z","0054S000000Ms6RQAS","2020-06-02T17:59:20.000Z","0054S000000Ms6RQAS","","Html.Layouts.TableLayout","42725813234220383","","","",""
"a2C4S0000008SexUAE","0054S000000Ms6RQAS","","a2C4S0000008Snh","2020-06-02T17:59:20.000Z","0054S000000Ms6RQAS","2020-06-02T17:59:20.000Z","0054S000000Ms6RQAS","","Html.Layouts.NoLayout","42719501847212521","","","",""
"a2C4S0000008SeyUAE","0054S000000Ms6RQAS","","a2C4S0000008Sow","2020-06-02T17:59:20.000Z","0054S000000Ms6RQAS","2020-06-02T17:59:20.000Z","0054S000000Ms6RQAS","","Html.Layouts.NoLayout","42522514250046521","","","",""
"a2C4S0000008SezUAE","0054S000000Ms6RQAS","","TwoColumnGrid","2020-06-02T17:59:20.000Z","0054S000000Ms6RQAS","2020-06-02T17:59:20.000Z","0054S000000Ms6RQAS","","Html.Layouts.TwoColumnGrid","42369869377758231","","","",""
"a2C4S0000008Sf3UAE","0054S000000Ms6RQAS","","a2C4S0000008Soy","2020-06-02T17:59:20.000Z","0054S000000Ms6RQAS","2020-06-02T17:59:20.000Z","0054S000000Ms6RQAS","","Html.Layouts.TableLayout","42645697881441771","","","",""
"a2C4S0000008Sf0UAE","0054S000000Ms6RQAS","","TableLayout","2020-06-02T17:59:20.000Z","0054S000000Ms6RQAS","2020-06-02T17:59:20.000Z","0054S000000Ms6RQAS","","Html.Layouts.TableLayout","42537093144572458","","","",""
"a2C4S0000008Sf1UAE","0054S000000Ms6RQAS","","TableLayout","2020-06-02T17:59:20.000Z","0054S000000Ms6RQAS","2020-06-02T17:59:20.000Z","0054S000000Ms6RQAS","","Html.Layouts.TableLayout","42336427479894702","","","",""
"a2C4S0000008Sf2UAE","0054S000000Ms6RQAS","","a2C4S0000008Snf","2020-06-02T17:59:20.000Z","0054S000000Ms6RQAS","2020-06-02T17:59:20.000Z","0054S000000Ms6RQAS","","Html.Layouts.NoLayout","42689787918433668","","","",""
"a2C4S0000008Sf4UAE","0054S000000Ms6RQAS","","a2C4S0000008Sni","2020-06-02T17:59:20.000Z","0054S000000Ms6RQAS","2020-06-02T17:59:20.000Z","0054S000000Ms6RQAS","","Html.Layouts.NoLayout","42006996136384631","","","",""
"a2C4S0000008Sf5UAE","0054S000000Ms6RQAS","","a2C4S0000008Sox","2020-06-02T17:59:20.000Z","0054S000000Ms6RQAS","2020-06-02T17:59:20.000Z","0054S000000Ms6RQAS","","Html.Layouts.TableLayout","42663365457926169","","","",""
"a2C4S0000008Sf6UAE","0054S000000Ms6RQAS","","a2C4S0000008Sng","2020-06-02T17:59:20.000Z","0054S000000Ms6RQAS","2020-06-02T17:59:20.000Z","0054S000000Ms6RQAS","","Html.Layouts.NoLayout","42163108594050273","","","",""
"a2C4S0000008Sf7UAE","0054S000000Ms6RQAS","","a2C4S0000008Soz","2020-06-02T17:59:20.000Z","0054S000000Ms6RQAS","2020-06-02T17:59:20.000Z","0054S000000Ms6RQAS","","Html.Layouts.TableLayout","42365420296345716","","","",""
"a2C4S0000008Sf8UAE","0054S000000Ms6RQAS","","NoLayout","2020-06-02T17:59:20.000Z","0054S000000Ms6RQAS","2020-06-02T17:59:20.000Z","0054S000000Ms6RQAS","","Html.Layouts.NoLayout","42117200620076002","","","",""
"a2C4S0000008Sf9UAE","0054S000000Ms6RQAS","","TwoColumnGrid","2020-06-02T17:59:20.000Z","0054S000000Ms6RQAS","2020-06-02T17:59:20.000Z","0054S000000Ms6RQAS","","Html.Layouts.TwoColumnGrid","42987326483907551","","","",""
"a2C4S0000008SfAUAU","0054S000000Ms6RQAS","","NoLayout","2020-06-02T17:59:20.000Z","0054S000000Ms6RQAS","2020-06-02T17:59:20.000Z","0054S000000Ms6RQAS","","Html.Layouts.NoLayout","42670786464340399","","","",""
"a2C4S0000008SfBUAU","0054S000000Ms6RQAS","","TableLayout","2020-06-02T17:59:20.000Z","0054S000000Ms6RQAS","2020-06-02T17:59:20.000Z","0054S000000Ms6RQAS","","Html.Layouts.TableLayout","42582134913706511","","","",""
"a2C4S0000008SfCUAU","0054S000000Ms6RQAS","","NoLayout","2020-06-02T17:59:20.000Z","0054S000000Ms6RQAS","2020-06-02T17:59:20.000Z","0054S000000Ms6RQAS","","Html.Layouts.NoLayout","42105213481575381","","","",""
"a2C4S0000008SfDUAU","0054S000000Ms6RQAS","","NoLayout","2020-06-02T17:59:20.000Z","0054S000000Ms6RQAS","2020-06-02T17:59:20.000Z","0054S000000Ms6RQAS","","Html.Layouts.NoLayout","42944583226423155","","","",""
"a2C4S0000008SfEUAU","0054S000000Ms6RQAS","","SingleColumnGrid","2020-06-02T17:59:20.000Z","0054S000000Ms6RQAS","2020-06-02T17:59:20.000Z","0054S000000Ms6RQAS","","Html.Layouts.SingleColumnGrid","42481224048339661","","","",""
"a2C4S0000008SfFUAU","0054S000000Ms6RQAS","","TableLayout","2020-06-02T17:59:20.000Z","0054S000000Ms6RQAS","2020-06-02T17:59:20.000Z","0054S000000Ms6RQAS","","Html.Layouts.TableLayout","42202995857779344","","","",""
"a2C4S0000008SfGUAU","0054S000000Ms6RQAS","","TableLayout","2020-06-02T17:59:20.000Z","0054S000000Ms6RQAS","2020-06-02T17:59:20.000Z","0054S000000Ms6RQAS","","Html.Layouts.TableLayout","42917271902211751","","","",""
"a2C4S0000008SfHUAU","0054S000000Ms6RQAS","","a2C4S0000008Snj","2020-06-02T17:59:20.000Z","0054S000000Ms6RQAS","2020-06-02T17:59:20.000Z","0054S000000Ms6RQAS","","Html.Layouts.NoLayout","42094252260473668","","","",""
"a2C4S0000008SfIUAU","0054S000000Ms6RQAS","","a2C4S0000008Sov","2020-06-02T17:59:20.000Z","0054S000000Ms6RQAS","2020-06-02T17:59:20.000Z","0054S000000Ms6RQAS","","Html.Layouts.NoLayout","42518356165752217","","","",""
"a2C4S0000008SfJUAU","0054S000000Ms6RQAS","","a2C4S0000008SpP","2020-06-02T17:59:20.000Z","0054S000000Ms6RQAS","2020-06-02T17:59:20.000Z","0054S000000Ms6RQAS","","Html.Layouts.TableLayout","42417138048130183","","","",""
"a2C4S0000008SfKUAU","0054S000000Ms6RQAS","","a2C4S0000008Snk","2020-06-02T17:59:20.000Z","0054S000000Ms6RQAS","2020-06-02T17:59:20.000Z","0054S000000Ms6RQAS","","Html.Layouts.NoLayout","42829957113298229","","","",""
"a2C4S0000008SfLUAU","0054S000000Ms6RQAS","","a2C4S0000008Sou","2020-06-02T17:59:20.000Z","0054S000000Ms6RQAS","2020-06-02T17:59:20.000Z","0054S000000Ms6RQAS","","Html.Layouts.TableLayout","42662225175293646","","","",""
"a2C4S0000008SfMUAU","0054S000000Ms6RQAS","","TwoColumnGrid","2020-06-02T17:59:20.000Z","0054S000000Ms6RQAS","2020-06-02T17:59:20.000Z","0054S000000Ms6RQAS","","Html.Layouts.TwoColumnGrid","42254732925126599","","","",""
"a2C4S0000008SfNUAU","0054S000000Ms6RQAS","","a2C4S0000008SoW","2020-06-02T17:59:20.000Z","0054S000000Ms6RQAS","2020-06-02T17:59:20.000Z","0054S000000Ms6RQAS","","Html.Layouts.NoLayout","42483498529658031","","","",""
"a2C4S0000008SfOUAU","0054S000000Ms6RQAS","","a2C4S0000008Soc","2020-06-02T17:59:20.000Z","0054S000000Ms6RQAS","2020-06-02T17:59:20.000Z","0054S000000Ms6RQAS","","Html.Layouts.NoLayout","42876887410370529","","","",""
"a2C4S0000008SfPUAU","0054S000000Ms6RQAS","","TwoColumnGrid","2020-06-02T17:59:20.000Z","0054S000000Ms6RQAS","2020-06-02T17:59:20.000Z","0054S000000Ms6RQAS","","Html.Layouts.TwoColumnGrid","42061688335330686","","","",""
"a2C4S0000008SfQUAU","0054S000000Ms6RQAS","","TableLayout","2020-06-02T17:59:20.000Z","0054S000000Ms6RQAS","2020-06-02T17:59:20.000Z","0054S000000Ms6RQAS","","Html.Layouts.TableLayout","42003847141885742","","","",""
"a2C4S0000008SfRUAU","0054S000000Ms6RQAS","","TableLayout","2020-06-02T17:59:20.000Z","0054S000000Ms6RQAS","2020-06-02T17:59:20.000Z","0054S000000Ms6RQAS","","Html.Layouts.TableLayout","42008967330654638","","","",""
"a2C4S0000008SfSUAU","0054S000000Ms6RQAS","","TableLayout","2020-06-02T17:59:20.000Z","0054S000000Ms6RQAS","2020-06-02T17:59:20.000Z","0054S000000Ms6RQAS","","Html.Layouts.TableLayout","42197499937195031","","","",""
"a2C4S0000008SfTUAU","0054S000000Ms6RQAS","","a2C4S0000008Snd","2020-06-02T17:59:20.000Z","0054S000000Ms6RQAS","2020-06-02T17:59:20.000Z","0054S000000Ms6RQAS","","Html.Layouts.NoLayout","42286795585838080","","","",""
"a2C4S0000008SfUUAU","0054S000000Ms6RQAS","","a2C4S0000008Sp0","2020-06-02T17:59:20.000Z","0054S000000Ms6RQAS","2020-06-02T17:59:20.000Z","0054S000000Ms6RQAS","","Html.Layouts.TableLayout","42406321871400919","","","",""
"a2C4S0000008SfVUAU","0054S000000Ms6RQAS","","a2C4S0000008Snh","2020-06-02T17:59:20.000Z","0054S000000Ms6RQAS","2020-06-02T17:59:20.000Z","0054S000000Ms6RQAS","","Html.Layouts.NoLayout","42578097427174500","","","",""
"a2C4S0000008SfWUAU","0054S000000Ms6RQAS","","a2C4S0000008Sow","2020-06-02T17:59:20.000Z","0054S000000Ms6RQAS","2020-06-02T17:59:20.000Z","0054S000000Ms6RQAS","","Html.Layouts.NoLayout","2.995585592039385","","","",""
"a2C4S0000008SfXUAU","0054S000000Ms6RQAS","","TwoColumnGrid","2020-06-02T17:59:20.000Z","0054S000000Ms6RQAS","2020-06-02T17:59:20.000Z","0054S000000Ms6RQAS","","Html.Layouts.TwoColumnGrid","42250316401416891","","","",""
"a2C4S0000008SfYUAU","0054S000000Ms6RQAS","","TableLayout","2020-06-02T17:59:20.000Z","0054S000000Ms6RQAS","2020-06-02T17:59:20.000Z","0054S000000Ms6RQAS","","Html.Layouts.TableLayout","42341002262197173","","","",""
"a2C4S0000008SfZUAU","0054S000000Ms6RQAS","","TableLayout","2020-06-02T17:59:20.000Z","0054S000000Ms6RQAS","2020-06-02T17:59:20.000Z","0054S000000Ms6RQAS","","Html.Layouts.TableLayout","42321172624684402","","","",""
"a2C4S0000008SfaUAE","0054S000000Ms6RQAS","","a2C4S0000008Snf","2020-06-02T17:59:20.000Z","0054S000000Ms6RQAS","2020-06-02T17:59:20.000Z","0054S000000Ms6RQAS","","Html.Layouts.NoLayout","42985200184119899","","","",""
"a2C4S0000008SfbUAE","0054S000000Ms6RQAS","","a2C4S0000008Soy","2020-06-02T17:59:20.000Z","0054S000000Ms6RQAS","2020-06-02T17:59:20.000Z","0054S000000Ms6RQAS","","Html.Layouts.TableLayout","42722673868164026","","","",""
"a2C4S0000008SfcUAE","0054S000000Ms6RQAS","","a2C4S0000008Sni","2020-06-02T17:59:20.000Z","0054S000000Ms6RQAS","2020-06-02T17:59:20.000Z","0054S000000Ms6RQAS","","Html.Layouts.NoLayout","42016104033111386","","","",""
"a2C4S0000008SfdUAE","0054S000000Ms6RQAS","","a2C4S0000008Sox","2020-06-02T17:59:20.000Z","0054S000000Ms6RQAS","2020-06-02T17:59:20.000Z","0054S000000Ms6RQAS","","Html.Layouts.TableLayout","42926472522902043","","","",""
"a2C4S0000008SfhUAE","0054S000000Ms6RQAS","","TwoColumnGrid","2020-06-02T17:59:20.000Z","0054S000000Ms6RQAS","2020-06-02T17:59:20.000Z","0054S000000Ms6RQAS","","Html.Layouts.TwoColumnGrid","42828437818143958","","","",""
"a2C4S0000008SfeUAE","0054S000000Ms6RQAS","","a2C4S0000008Sng","2020-06-02T17:59:20.000Z","0054S000000Ms6RQAS","2020-06-02T17:59:20.000Z","0054S000000Ms6RQAS","","Html.Layouts.NoLayout","42484369439684704","","","",""
"a2C4S0000008SffUAE","0054S000000Ms6RQAS","","a2C4S0000008Soz","2020-06-02T17:59:20.000Z","0054S000000Ms6RQAS","2020-06-02T17:59:20.000Z","0054S000000Ms6RQAS","","Html.Layouts.TableLayout","42190925864708586","","","",""
"a2C4S0000008SfgUAE","0054S000000Ms6RQAS","","NoLayout","2020-06-02T17:59:20.000Z","0054S000000Ms6RQAS","2020-06-02T17:59:20.000Z","0054S000000Ms6RQAS","","Html.Layouts.NoLayout","42871275880227202","","","",""
"a2C4S0000008SfiUAE","0054S000000Ms6RQAS","","NoLayout","2020-06-02T17:59:20.000Z","0054S000000Ms6RQAS","2020-06-02T17:59:20.000Z","0054S000000Ms6RQAS","","Html.Layouts.NoLayout","42211485684091526","","","",""
"a2C4S0000008SfjUAE","0054S000000Ms6RQAS","","TableLayout","2020-06-02T17:59:20.000Z","0054S000000Ms6RQAS","2020-06-02T17:59:20.000Z","0054S000000Ms6RQAS","","Html.Layouts.TableLayout","42471456903007703","","","",""
"a2C4S0000008SfkUAE","0054S000000Ms6RQAS","","a2C4S0000008SoY","2020-06-02T17:59:20.000Z","0054S000000Ms6RQAS","2020-06-02T17:59:20.000Z","0054S000000Ms6RQAS","","Html.Layouts.NoLayout","42957479755948024","","","",""
"a2C4S0000008SflUAE","0054S000000Ms6RQAS","","NoLayout","2020-06-02T17:59:20.000Z","0054S000000Ms6RQAS","2020-06-02T17:59:20.000Z","0054S000000Ms6RQAS","","Html.Layouts.NoLayout","42848077913756656","","","",""
"a2C4S0000008SfmUAE","0054S000000Ms6RQAS","","NoLayout","2020-06-02T17:59:20.000Z","0054S000000Ms6RQAS","2020-06-02T17:59:20.000Z","0054S000000Ms6RQAS","","Html.Layouts.NoLayout","42960749845632798","","","",""
"a2C4S0000008SfnUAE","0054S000000Ms6RQAS","","TableLayout","2020-06-02T17:59:20.000Z","0054S000000Ms6RQAS","2020-06-02T17:59:20.000Z","0054S000000Ms6RQAS","","Html.Layouts.TableLayout","42884824653565767","","","",""
"a2C4S0000008SfoUAE","0054S000000Ms6RQAS","","TableLayout","2020-06-02T17:59:20.000Z","0054S000000Ms6RQAS","2020-06-02T17:59:20.000Z","0054S000000Ms6RQAS","","Html.Layouts.TableLayout","42539701744877845","","","",""
"a2C4S0000008SfpUAE","0054S000000Ms6RQAS","","a2C4S0000008SoX","2020-06-02T17:59:20.000Z","0054S000000Ms6RQAS","2020-06-02T17:59:20.000Z","0054S000000Ms6RQAS","","Html.Layouts.NoLayout","42289607587269237","","","",""
"a2C4S0000008SfqUAE","0054S000000Ms6RQAS","","a2C4S0000008Sod","2020-06-02T17:59:20.000Z","0054S000000Ms6RQAS","2020-06-02T17:59:20.000Z","0054S000000Ms6RQAS","","Html.Layouts.TwoColumnGrid","42891292534739510","","","",""
"a2C4S0000008SfrUAE","0054S000000Ms6RQAS","","a2C4S0000008SpF","2020-06-02T17:59:20.000Z","0054S000000Ms6RQAS","2020-06-02T17:59:20.000Z","0054S000000Ms6RQAS","","Html.Layouts.TableLayout","42542563455684729","","","",""
"a2C4S0000008SfsUAE","0054S000000Ms6RQAS","","TableLayout","2020-06-02T17:59:20.000Z","0054S000000Ms6RQAS","2020-06-02T17:59:20.000Z","0054S000000Ms6RQAS","","Html.Layouts.TableLayout","42688448573692664","","","",""
"a2C4S0000008SftUAE","0054S000000Ms6RQAS","","TableLayout","2020-06-02T17:59:20.000Z","0054S000000Ms6RQAS","2020-06-02T17:59:20.000Z","0054S000000Ms6RQAS","","Html.Layouts.TableLayout","42068816990915124","","","",""
"a2C4S0000008SfuUAE","0054S000000Ms6RQAS","","TableLayout","2020-06-02T17:59:20.000Z","0054S000000Ms6RQAS","2020-06-02T17:59:20.000Z","0054S000000Ms6RQAS","","Html.Layouts.TableLayout","42827717903501469","","","",""
"a2C4S0000008SfvUAE","0054S000000Ms6RQAS","","TableLayout","2020-06-02T17:59:20.000Z","0054S000000Ms6RQAS","2020-06-02T17:59:20.000Z","0054S000000Ms6RQAS","","Html.Layouts.TableLayout","42146533463754744","","","",""
"a2C4S0000008SfzUAE","0054S000000Ms6RQAS","","NoLayout","2020-06-02T17:59:20.000Z","0054S000000Ms6RQAS","2020-06-02T17:59:20.000Z","0054S000000Ms6RQAS","","Html.Layouts.NoLayout","42941334084773934","","","",""
"a2C4S0000008SfwUAE","0054S000000Ms6RQAS","","a2C4S0000008Sne","2020-06-02T17:59:20.000Z","0054S000000Ms6RQAS","2020-06-02T17:59:20.000Z","0054S000000Ms6RQAS","","Html.Layouts.TwoColumnGrid","42664150974550232","","","",""
"a2C4S0000008SfxUAE","0054S000000Ms6RQAS","","NoLayout","2020-06-02T17:59:20.000Z","0054S000000Ms6RQAS","2020-06-02T17:59:20.000Z","0054S000000Ms6RQAS","","Html.Layouts.NoLayout","4233074825031329","","","",""
"a2C4S0000008SfyUAE","0054S000000Ms6RQAS","","TwoColumnGrid","2020-06-02T17:59:20.000Z","0054S000000Ms6RQAS","2020-06-02T17:59:20.000Z","0054S000000Ms6RQAS","","Html.Layouts.TwoColumnGrid","42954951227819025","","","",""
"a2C4S0000008Sg0UAE","0054S000000Ms6RQAS","","TableLayout","2020-06-02T17:59:20.000Z","0054S000000Ms6RQAS","2020-06-02T17:59:20.000Z","0054S000000Ms6RQAS","","Html.Layouts.TableLayout","42147439252513087","","","",""
"a2C4S0000008Sg1UAE","0054S000000Ms6RQAS","","NoLayout","2020-06-02T17:59:20.000Z","0054S000000Ms6RQAS","2020-06-02T17:59:20.000Z","0054S000000Ms6RQAS","","Html.Layouts.NoLayout","42444754411667920","","","",""
"a2C4S0000008Sg2UAE","0054S000000Ms6RQAS","","NoLayout","2020-06-02T17:59:20.000Z","0054S000000Ms6RQAS","2020-06-02T17:59:20.000Z","0054S000000Ms6RQAS","","Html.Layouts.NoLayout","42695656893731332","","","",""
"a2C4S0000008Sg3UAE","0054S000000Ms6RQAS","","NoLayout","2020-06-02T17:59:20.000Z","0054S000000Ms6RQAS","2020-06-02T17:59:20.000Z","0054S000000Ms6RQAS","","Html.Layouts.NoLayout","42167846523156423","","","",""
"a2C4S0000008Sg4UAE","0054S000000Ms6RQAS","","TwoColumnGrid","2020-06-02T17:59:20.000Z","0054S000000Ms6RQAS","2020-06-02T17:59:20.000Z","0054S000000Ms6RQAS","","Html.Layouts.TwoColumnGrid","42651957088261368","","","",""
"a2C4S0000008Sg5UAE","0054S000000Ms6RQAS","","TableLayout","2020-06-02T17:59:20.000Z","0054S000000Ms6RQAS","2020-06-02T17:59:20.000Z","0054S000000Ms6RQAS","","Html.Layouts.TableLayout","42676473614025145","","","",""
"a2C4S0000008Sg6UAE","0054S000000Ms6RQAS","","TableLayout","2020-06-02T17:59:20.000Z","0054S000000Ms6RQAS","2020-06-02T17:59:20.000Z","0054S000000Ms6RQAS","","Html.Layouts.TableLayout","42412298456195873","","","",""
"a2C4S0000008Sg7UAE","0054S000000Ms6RQAS","","TableLayout","2020-06-02T17:59:20.000Z","0054S000000Ms6RQAS","2020-06-02T17:59:20.000Z","0054S000000Ms6RQAS","","Html.Layouts.TableLayout","42981306391842190","","","",""
"a2C4S0000008Sg8UAE","0054S000000Ms6RQAS","","NoLayout","2020-06-02T17:59:20.000Z","0054S000000Ms6RQAS","2020-06-02T17:59:20.000Z","0054S000000Ms6RQAS","","Html.Layouts.NoLayout","42457298928458827","","","",""
"a2C4S0000008Sg9UAE","0054S000000Ms6RQAS","","NoLayout","2020-06-02T17:59:20.000Z","0054S000000Ms6RQAS","2020-06-02T17:59:20.000Z","0054S000000Ms6RQAS","","Html.Layouts.NoLayout","42349970958963937","","","",""
"a2C4S0000008SgAUAU","0054S000000Ms6RQAS","","NoLayout","2020-06-02T17:59:20.000Z","0054S000000Ms6RQAS","2020-06-02T17:59:20.000Z","0054S000000Ms6RQAS","","Html.Layouts.NoLayout","42542865593861008","","","",""
"a2C4S0000008SgBUAU","0054S000000Ms6RQAS","","TwoColumnGrid","2020-06-02T17:59:20.000Z","0054S000000Ms6RQAS","2020-06-02T17:59:20.000Z","0054S000000Ms6RQAS","","Html.Layouts.TwoColumnGrid","42883978366877373","","","",""
"a2C4S0000008SgCUAU","0054S000000Ms6RQAS","","TableLayout","2020-06-02T17:59:20.000Z","0054S000000Ms6RQAS","2020-06-02T17:59:20.000Z","0054S000000Ms6RQAS","","Html.Layouts.TableLayout","42004136659224709","","","",""
"a2C4S0000008SgDUAU","0054S000000Ms6RQAS","","TableLayout","2020-06-02T17:59:20.000Z","0054S000000Ms6RQAS","2020-06-02T17:59:20.000Z","0054S000000Ms6RQAS","","Html.Layouts.TableLayout","42646493041320947","","","",""
"a2C4S0000008SgEUAU","0054S000000Ms6RQAS","","a2C4S0000008SoY","2020-06-02T17:59:20.000Z","0054S000000Ms6RQAS","2020-06-02T17:59:20.000Z","0054S000000Ms6RQAS","","Html.Layouts.NoLayout","42669826425407282","","","",""
"a2C4S0000008SgFUAU","0054S000000Ms6RQAS","","NoLayout","2020-06-02T17:59:20.000Z","0054S000000Ms6RQAS","2020-06-02T17:59:20.000Z","0054S000000Ms6RQAS","","Html.Layouts.NoLayout","42283208388151398","","","",""
"a2C4S0000008SgGUAU","0054S000000Ms6RQAS","","NoLayout","2020-06-02T17:59:20.000Z","0054S000000Ms6RQAS","2020-06-02T17:59:20.000Z","0054S000000Ms6RQAS","","Html.Layouts.NoLayout","42885210343480643","","","",""
"a2C4S0000008SgHUAU","0054S000000Ms6RQAS","","TableLayout","2020-06-02T17:59:20.000Z","0054S000000Ms6RQAS","2020-06-02T17:59:20.000Z","0054S000000Ms6RQAS","","Html.Layouts.TableLayout","42238679702409748","","","",""
"a2C4S0000008SgLUAU","0054S000000Ms6RQAS","","a2C4S0000008SpF","2020-06-02T17:59:20.000Z","0054S000000Ms6RQAS","2020-06-02T17:59:20.000Z","0054S000000Ms6RQAS","","Html.Layouts.TableLayout","42631996394985978","","","",""
"a2C4S0000008SgIUAU","0054S000000Ms6RQAS","","TableLayout","2020-06-02T17:59:20.000Z","0054S000000Ms6RQAS","2020-06-02T17:59:20.000Z","0054S000000Ms6RQAS","","Html.Layouts.TableLayout","42043273874508274","","","",""
"a2C4S0000008SgJUAU","0054S000000Ms6RQAS","","a2C4S0000008SoX","2020-06-02T17:59:20.000Z","0054S000000Ms6RQAS","2020-06-02T17:59:20.000Z","0054S000000Ms6RQAS","","Html.Layouts.NoLayout","42957136996182152","","","",""
"a2C4S0000008SgKUAU","0054S000000Ms6RQAS","","a2C4S0000008Sod","2020-06-02T17:59:20.000Z","0054S000000Ms6RQAS","2020-06-02T17:59:20.000Z","0054S000000Ms6RQAS","","Html.Layouts.TwoColumnGrid","42044658792920754","","","",""
"a2C4S0000008SgMUAU","0054S000000Ms6RQAS","","TableLayout","2020-06-02T17:59:20.000Z","0054S000000Ms6RQAS","2020-06-02T17:59:20.000Z","0054S000000Ms6RQAS","","Html.Layouts.TableLayout","42802177363125257","","","",""
"a2C4S0000008SgNUAU","0054S000000Ms6RQAS","","TableLayout","2020-06-02T17:59:20.000Z","0054S000000Ms6RQAS","2020-06-02T17:59:20.000Z","0054S000000Ms6RQAS","","Html.Layouts.TableLayout","42453588420600740","","","",""
"a2C4S0000008SgOUAU","0054S000000Ms6RQAS","","TableLayout","2020-06-02T17:59:20.000Z","0054S000000Ms6RQAS","2020-06-02T17:59:20.000Z","0054S000000Ms6RQAS","","Html.Layouts.TableLayout","42557655030495814","","","",""
"a2C4S0000008SgPUAU","0054S000000Ms6RQAS","","TableLayout","2020-06-02T17:59:20.000Z","0054S000000Ms6RQAS","2020-06-02T17:59:20.000Z","0054S000000Ms6RQAS","","Html.Layouts.TableLayout","42959406501491040","","","",""
"a2C4S0000008SgQUAU","0054S000000Ms6RQAS","","a2C4S0000008Sne","2020-06-02T17:59:20.000Z","0054S000000Ms6RQAS","2020-06-02T17:59:20.000Z","0054S000000Ms6RQAS","","Html.Layouts.TwoColumnGrid","42069344090527076","","","",""
"a2C4S0000008SgRUAU","0054S000000Ms6RQAS","","NoLayout","2020-06-02T17:59:20.000Z","0054S000000Ms6RQAS","2020-06-02T17:59:20.000Z","0054S000000Ms6RQAS","","Html.Layouts.NoLayout","42004652444547089","","","",""
"a2C4S0000008SgSUAU","0054S000000Ms6RQAS","","TwoColumnGrid","2020-06-02T17:59:20.000Z","0054S000000Ms6RQAS","2020-06-02T17:59:20.000Z","0054S000000Ms6RQAS","","Html.Layouts.TwoColumnGrid","42779428494267064","","","",""
"a2C4S0000008SgTUAU","0054S000000Ms6RQAS","","NoLayout","2020-06-02T17:59:20.000Z","0054S000000Ms6RQAS","2020-06-02T17:59:20.000Z","0054S000000Ms6RQAS","","Html.Layouts.NoLayout","42282365581292126","","","",""
"a2C4S0000008SgUUAU","0054S000000Ms6RQAS","","TableLayout","2020-06-02T17:59:20.000Z","0054S000000Ms6RQAS","2020-06-02T17:59:20.000Z","0054S000000Ms6RQAS","","Html.Layouts.TableLayout","42934575140831369","","","",""
"a2C4S0000008SgVUAU","0054S000000Ms6RQAS","","NoLayout","2020-06-02T17:59:20.000Z","0054S000000Ms6RQAS","2020-06-02T17:59:20.000Z","0054S000000Ms6RQAS","","Html.Layouts.NoLayout","42759877531699366","","","",""
"a2C4S0000008SgWUAU","0054S000000Ms6RQAS","","NoLayout","2020-06-02T17:59:20.000Z","0054S000000Ms6RQAS","2020-06-02T17:59:20.000Z","0054S000000Ms6RQAS","","Html.Layouts.NoLayout","42101770704539623","","","",""
"a2C4S0000008SgXUAU","0054S000000Ms6RQAS","","NoLayout","2020-06-02T17:59:20.000Z","0054S000000Ms6RQAS","2020-06-02T17:59:20.000Z","0054S000000Ms6RQAS","","Html.Layouts.NoLayout","42393767668067203","","","",""
"a2C4S0000008SgYUAU","0054S000000Ms6RQAS","","TwoColumnGrid","2020-06-02T17:59:20.000Z","0054S000000Ms6RQAS","2020-06-02T17:59:20.000Z","0054S000000Ms6RQAS","","Html.Layouts.TwoColumnGrid","42088544163518778","","","",""
"a2C4S0000008SgZUAU","0054S000000Ms6RQAS","","TableLayout","2020-06-02T17:59:20.000Z","0054S000000Ms6RQAS","2020-06-02T17:59:20.000Z","0054S000000Ms6RQAS","","Html.Layouts.TableLayout","42724277181887016","","","",""
"a2C4S0000008SgaUAE","0054S000000Ms6RQAS","","TableLayout","2020-06-02T17:59:20.000Z","0054S000000Ms6RQAS","2020-06-02T17:59:20.000Z","0054S000000Ms6RQAS","","Html.Layouts.TableLayout","42912620358179491","","","",""
"a2C4S0000008SgbUAE","0054S000000Ms6RQAS","","TableLayout","2020-06-02T17:59:20.000Z","0054S000000Ms6RQAS","2020-06-02T17:59:20.000Z","0054S000000Ms6RQAS","","Html.Layouts.TableLayout","42948758224508129","","","",""
"a2C4S0000008SgcUAE","0054S000000Ms6RQAS","","NoLayout","2020-06-02T17:59:20.000Z","0054S000000Ms6RQAS","2020-06-02T17:59:20.000Z","0054S000000Ms6RQAS","","Html.Layouts.NoLayout","42762434149468513","","","",""
"a2C4S0000008SgdUAE","0054S000000Ms6RQAS","","NoLayout","2020-06-02T17:59:20.000Z","0054S000000Ms6RQAS","2020-06-02T17:59:20.000Z","0054S000000Ms6RQAS","","Html.Layouts.NoLayout","42221009576959808","","","",""
"a2C4S0000008SgeUAE","0054S000000Ms6RQAS","","NoLayout","2020-06-02T17:59:20.000Z","0054S000000Ms6RQAS","2020-06-02T17:59:20.000Z","0054S000000Ms6RQAS","","Html.Layouts.NoLayout","42218813162309405","","","",""
"a2C4S0000008SgfUAE","0054S000000Ms6RQAS","","TwoColumnGrid","2020-06-02T17:59:20.000Z","0054S000000Ms6RQAS","2020-06-02T17:59:20.000Z","0054S000000Ms6RQAS","","Html.Layouts.TwoColumnGrid","42397362777486781","","","",""
"a2C4S0000008SggUAE","0054S000000Ms6RQAS","","TableLayout","2020-06-02T17:59:20.000Z","0054S000000Ms6RQAS","2020-06-02T17:59:20.000Z","0054S000000Ms6RQAS","","Html.Layouts.TableLayout","42573646346970222","","","",""
"a2C4S0000008SghUAE","0054S000000Ms6RQAS","","TableLayout","2020-06-02T17:59:20.000Z","0054S000000Ms6RQAS","2020-06-02T17:59:20.000Z","0054S000000Ms6RQAS","","Html.Layouts.TableLayout","42416993249913032","","","",""
"a2C4S0000008SgiUAE","0054S000000Ms6RQAS","","a2C4S0000008SoY","2020-06-02T17:59:20.000Z","0054S000000Ms6RQAS","2020-06-02T17:59:20.000Z","0054S000000Ms6RQAS","","Html.Layouts.NoLayout","42403938373662814","","","",""
"a2C4S0000008SgjUAE","0054S000000Ms6RQAS","","NoLayout","2020-06-02T17:59:20.000Z","0054S000000Ms6RQAS","2020-06-02T17:59:20.000Z","0054S000000Ms6RQAS","","Html.Layouts.NoLayout","42529263436888451","","","",""
"a2C4S0000008SgkUAE","0054S000000Ms6RQAS","","NoLayout","2020-06-02T17:59:20.000Z","0054S000000Ms6RQAS","2020-06-02T17:59:20.000Z","0054S000000Ms6RQAS","","Html.Layouts.NoLayout","42670862491175287","","","",""
"a2C4S0000008SglUAE","0054S000000Ms6RQAS","","TableLayout","2020-06-02T17:59:20.000Z","0054S000000Ms6RQAS","2020-06-02T17:59:20.000Z","0054S000000Ms6RQAS","","Html.Layouts.TableLayout","42514201910875349","","","",""
"a2C4S0000008SgmUAE","0054S000000Ms6RQAS","","TableLayout","2020-06-02T17:59:20.000Z","0054S000000Ms6RQAS","2020-06-02T17:59:20.000Z","0054S000000Ms6RQAS","","Html.Layouts.TableLayout","42726284596053654","","","",""
"a2C4S0000008SgnUAE","0054S000000Ms6RQAS","","a2C4S0000008SoX","2020-06-02T17:59:20.000Z","0054S000000Ms6RQAS","2020-06-02T17:59:20.000Z","0054S000000Ms6RQAS","","Html.Layouts.NoLayout","42694946405534572","","","",""
"a2C4S0000008SgoUAE","0054S000000Ms6RQAS","","a2C4S0000008Sod","2020-06-02T17:59:20.000Z","0054S000000Ms6RQAS","2020-06-02T17:59:20.000Z","0054S000000Ms6RQAS","","Html.Layouts.TwoColumnGrid","42295741477498151","","","",""
"a2C4S0000008SgpUAE","0054S000000Ms6RQAS","","a2C4S0000008SpF","2020-06-02T17:59:20.000Z","0054S000000Ms6RQAS","2020-06-02T17:59:20.000Z","0054S000000Ms6RQAS","","Html.Layouts.TableLayout","42773712368455154","","","",""
"a2C4S0000008SgqUAE","0054S000000Ms6RQAS","","TableLayout","2020-06-02T17:59:20.000Z","0054S000000Ms6RQAS","2020-06-02T17:59:20.000Z","0054S000000Ms6RQAS","","Html.Layouts.TableLayout","42085967503397148","","","",""
"a2C4S0000008SgrUAE","0054S000000Ms6RQAS","","TableLayout","2020-06-02T17:59:20.000Z","0054S000000Ms6RQAS","2020-06-02T17:59:20.000Z","0054S000000Ms6RQAS","","Html.Layouts.TableLayout","42642980110521375","","","",""
"a2C4S0000008SgsUAE","0054S000000Ms6RQAS","","TableLayout","2020-06-02T17:59:20.000Z","0054S000000Ms6RQAS","2020-06-02T17:59:20.000Z","0054S000000Ms6RQAS","","Html.Layouts.TableLayout","42812188521213293","","","",""
"a2C4S0000008SgtUAE","0054S000000Ms6RQAS","","TableLayout","2020-06-02T17:59:20.000Z","0054S000000Ms6RQAS","2020-06-02T17:59:20.000Z","0054S000000Ms6RQAS","","Html.Layouts.TableLayout","42053507686137462","","","",""
"a2C4S0000008SguUAE","0054S000000Ms6RQAS","","a2C4S0000008Sne","2020-06-02T17:59:20.000Z","0054S000000Ms6RQAS","2020-06-02T17:59:20.000Z","0054S000000Ms6RQAS","","Html.Layouts.TwoColumnGrid","42872896473101894","","","",""
"a2C4S0000008SgvUAE","0054S000000Ms6RQAS","","NoLayout","2020-06-02T17:59:20.000Z","0054S000000Ms6RQAS","2020-06-02T17:59:20.000Z","0054S000000Ms6RQAS","","Html.Layouts.NoLayout","42872794673692953","","","",""
"a2C4S0000008SgwUAE","0054S000000Ms6RQAS","","TwoColumnGrid","2020-06-02T17:59:20.000Z","0054S000000Ms6RQAS","2020-06-02T17:59:20.000Z","0054S000000Ms6RQAS","","Html.Layouts.TwoColumnGrid","42348679834786911","","","",""
"a2C4S0000008SgxUAE","0054S000000Ms6RQAS","","NoLayout","2020-06-02T17:59:20.000Z","0054S000000Ms6RQAS","2020-06-02T17:59:20.000Z","0054S000000Ms6RQAS","","Html.Layouts.NoLayout","42034485385153221","","","",""
"a2C4S0000008SgyUAE","0054S000000Ms6RQAS","","TableLayout","2020-06-02T17:59:20.000Z","0054S000000Ms6RQAS","2020-06-02T17:59:20.000Z","0054S000000Ms6RQAS","","Html.Layouts.TableLayout","42542346662868542","","","",""
"a2C4S0000008SgzUAE","0054S000000Ms6RQAS","","NoLayout","2020-06-02T17:59:20.000Z","0054S000000Ms6RQAS","2020-06-02T17:59:20.000Z","0054S000000Ms6RQAS","","Html.Layouts.NoLayout","42019319559276792","","","",""
"a2C4S0000008Sh0UAE","0054S000000Ms6RQAS","","NoLayout","2020-06-02T17:59:20.000Z","0054S000000Ms6RQAS","2020-06-02T17:59:20.000Z","0054S000000Ms6RQAS","","Html.Layouts.NoLayout","42935912644921794","","","",""
"a2C4S0000008Sh1UAE","0054S000000Ms6RQAS","","NoLayout","2020-06-02T17:59:20.000Z","0054S000000Ms6RQAS","2020-06-02T17:59:20.000Z","0054S000000Ms6RQAS","","Html.Layouts.NoLayout","42016401729354512","","","",""
"a2C4S0000008Sh2UAE","0054S000000Ms6RQAS","","TwoColumnGrid","2020-06-02T17:59:20.000Z","0054S000000Ms6RQAS","2020-06-02T17:59:20.000Z","0054S000000Ms6RQAS","","Html.Layouts.TwoColumnGrid","42749280334881924","","","",""
"a2C4S0000008Sh3UAE","0054S000000Ms6RQAS","","TableLayout","2020-06-02T17:59:20.000Z","0054S000000Ms6RQAS","2020-06-02T17:59:20.000Z","0054S000000Ms6RQAS","","Html.Layouts.TableLayout","42432815873810941","","","",""
"a2C4S0000008Sh4UAE","0054S000000Ms6RQAS","","TableLayout","2020-06-02T17:59:20.000Z","0054S000000Ms6RQAS","2020-06-02T17:59:20.000Z","0054S000000Ms6RQAS","","Html.Layouts.TableLayout","42035438893673038","","","",""
"a2C4S0000008Sh5UAE","0054S000000Ms6RQAS","","TableLayout","2020-06-02T17:59:20.000Z","0054S000000Ms6RQAS","2020-06-02T17:59:20.000Z","0054S000000Ms6RQAS","","Html.Layouts.TableLayout","42025459874680576","","","",""
"a2C4S0000008Sh6UAE","0054S000000Ms6RQAS","","NoLayout","2020-06-02T17:59:20.000Z","0054S000000Ms6RQAS","2020-06-02T17:59:20.000Z","0054S000000Ms6RQAS","","Html.Layouts.NoLayout","42785692683051355","","","",""
"a2C4S0000008Sh7UAE","0054S000000Ms6RQAS","","NoLayout","2020-06-02T17:59:20.000Z","0054S000000Ms6RQAS","2020-06-02T17:59:20.000Z","0054S000000Ms6RQAS","","Html.Layouts.NoLayout","42297281570618825","","","",""
"a2C4S0000008Sh8UAE","0054S000000Ms6RQAS","","NoLayout","2020-06-02T17:59:20.000Z","0054S000000Ms6RQAS","2020-06-02T17:59:20.000Z","0054S000000Ms6RQAS","","Html.Layouts.NoLayout","42921888575501295","","","",""
"a2C4S0000008Sh9UAE","0054S000000Ms6RQAS","","TwoColumnGrid","2020-06-02T17:59:20.000Z","0054S000000Ms6RQAS","2020-06-02T17:59:20.000Z","0054S000000Ms6RQAS","","Html.Layouts.TwoColumnGrid","42694604069632302","","","",""
"a2C4S0000008ShAUAU","0054S000000Ms6RQAS","","TableLayout","2020-06-02T17:59:20.000Z","0054S000000Ms6RQAS","2020-06-02T17:59:20.000Z","0054S000000Ms6RQAS","","Html.Layouts.TableLayout","42252050233479772","","","",""
"a2C4S0000008ShBUAU","0054S000000Ms6RQAS","","TableLayout","2020-06-02T17:59:20.000Z","0054S000000Ms6RQAS","2020-06-02T17:59:20.000Z","0054S000000Ms6RQAS","","Html.Layouts.TableLayout","42065579014745126","","","",""
"a2C4S0000008ShCUAU","0054S000000Ms6RQAS","","TwoColumnGrid","2020-06-02T17:59:20.000Z","0054S000000Ms6RQAS","2020-06-02T17:59:20.000Z","0054S000000Ms6RQAS","","Html.Layouts.TwoColumnGrid","42623081306678578","","","",""
"a2C4S0000008ShDUAU","0054S000000Ms6RQAS","","TwoColumnGrid","2020-06-02T17:59:20.000Z","0054S000000Ms6RQAS","2020-06-02T17:59:20.000Z","0054S000000Ms6RQAS","","Html.Layouts.TwoColumnGrid","14431560278867960","","","",""
"a2C4S0000008ShEUAU","0054S000000Ms6RQAS","","NoLayout","2020-06-02T17:59:20.000Z","0054S000000Ms6RQAS","2020-06-02T17:59:20.000Z","0054S000000Ms6RQAS","","Html.Layouts.NoLayout","88191560278867959","","","",""
"a2C4S0000008ShFUAU","0054S000000Ms6RQAS","","NoLayout","2020-06-02T17:59:20.000Z","0054S000000Ms6RQAS","2020-06-02T17:59:20.000Z","0054S000000Ms6RQAS","","Html.Layouts.NoLayout","23381560278867959","","","",""
"a2C4S0000008ShGUAU","0054S000000Ms6RQAS","","SingleColumnGrid","2020-06-02T17:59:20.000Z","0054S000000Ms6RQAS","2020-06-02T17:59:20.000Z","0054S000000Ms6RQAS","","Html.Layouts.SingleColumnGrid","43881560278867960","","","",""
"a2C4S0000008ShHUAU","0054S000000Ms6RQAS","","NoLayout","2020-06-02T17:59:20.000Z","0054S000000Ms6RQAS","2020-06-02T17:59:20.000Z","0054S000000Ms6RQAS","","Html.Layouts.NoLayout","42467526997510079","","","",""
"a2C4S0000008ShIUAU","0054S000000Ms6RQAS","","NoLayout","2020-06-02T17:59:20.000Z","0054S000000Ms6RQAS","2020-06-02T17:59:20.000Z","0054S000000Ms6RQAS","","Html.Layouts.NoLayout","42024733350024513","","","",""
"a2C4S0000008ShJUAU","0054S000000Ms6RQAS","","SingleColumnGrid","2020-06-02T17:59:20.000Z","0054S000000Ms6RQAS","2020-06-02T17:59:20.000Z","0054S000000Ms6RQAS","","Html.Layouts.SingleColumnGrid","42234556819011866","","","",""
"a2C4S0000008ShKUAU","0054S000000Ms6RQAS","","TableLayout","2020-06-02T17:59:20.000Z","0054S000000Ms6RQAS","2020-06-02T17:59:20.000Z","0054S000000Ms6RQAS","","Html.Layouts.TableLayout","42161385480140281","","","",""
"a2C4S0000008ShLUAU","0054S000000Ms6RQAS","","TableLayout","2020-06-02T17:59:20.000Z","0054S000000Ms6RQAS","2020-06-02T17:59:20.000Z","0054S000000Ms6RQAS","","Html.Layouts.TableLayout","42250383188427712","","","",""
"a2C4S0000008ShMUAU","0054S000000Ms6RQAS","","a2C4S0000008Snj","2020-06-02T17:59:20.000Z","0054S000000Ms6RQAS","2020-06-02T17:59:20.000Z","0054S000000Ms6RQAS","","Html.Layouts.NoLayout","42557508337132269","","","",""
"a2C4S0000008ShNUAU","0054S000000Ms6RQAS","","a2C4S0000008Sov","2020-06-02T17:59:20.000Z","0054S000000Ms6RQAS","2020-06-02T17:59:20.000Z","0054S000000Ms6RQAS","","Html.Layouts.NoLayout","42511214301761792","","","",""
"a2C4S0000008ShOUAU","0054S000000Ms6RQAS","","a2C4S0000008SpP","2020-06-02T17:59:20.000Z","0054S000000Ms6RQAS","2020-06-02T17:59:20.000Z","0054S000000Ms6RQAS","","Html.Layouts.TableLayout","42841029321718662","","","",""
"a2C4S0000008ShPUAU","0054S000000Ms6RQAS","","a2C4S0000008Snk","2020-06-02T17:59:20.000Z","0054S000000Ms6RQAS","2020-06-02T17:59:20.000Z","0054S000000Ms6RQAS","","Html.Layouts.NoLayout","42815288496272972","","","",""
"a2C4S0000008ShQUAU","0054S000000Ms6RQAS","","a2C4S0000008Sou","2020-06-02T17:59:20.000Z","0054S000000Ms6RQAS","2020-06-02T17:59:20.000Z","0054S000000Ms6RQAS","","Html.Layouts.TableLayout","42229011378082174","","","",""
"a2C4S0000008ShRUAU","0054S000000Ms6RQAS","","TwoColumnGrid","2020-06-02T17:59:20.000Z","0054S000000Ms6RQAS","2020-06-02T17:59:20.000Z","0054S000000Ms6RQAS","","Html.Layouts.TwoColumnGrid","42211161223702254","","","",""
"a2C4S0000008ShSUAU","0054S000000Ms6RQAS","","a2C4S0000008SoW","2020-06-02T17:59:20.000Z","0054S000000Ms6RQAS","2020-06-02T17:59:20.000Z","0054S000000Ms6RQAS","","Html.Layouts.NoLayout","42997019817491159","","","",""
"a2C4S0000008ShTUAU","0054S000000Ms6RQAS","","a2C4S0000008Soc","2020-06-02T17:59:20.000Z","0054S000000Ms6RQAS","2020-06-02T17:59:20.000Z","0054S000000Ms6RQAS","","Html.Layouts.NoLayout","42632154566093988","","","",""
"a2C4S0000008ShUUAU","0054S000000Ms6RQAS","","TwoColumnGrid","2020-06-02T17:59:20.000Z","0054S000000Ms6RQAS","2020-06-02T17:59:20.000Z","0054S000000Ms6RQAS","","Html.Layouts.TwoColumnGrid","42146023226960468","","","",""
"a2C4S0000008ShVUAU","0054S000000Ms6RQAS","","TableLayout","2020-06-02T17:59:20.000Z","0054S000000Ms6RQAS","2020-06-02T17:59:20.000Z","0054S000000Ms6RQAS","","Html.Layouts.TableLayout","42471497943041040","","","",""
"a2C4S0000008ShWUAU","0054S000000Ms6RQAS","","TableLayout","2020-06-02T17:59:20.000Z","0054S000000Ms6RQAS","2020-06-02T17:59:20.000Z","0054S000000Ms6RQAS","","Html.Layouts.TableLayout","42878141684776297","","","",""
"a2C4S0000008ShXUAU","0054S000000Ms6RQAS","","TableLayout","2020-06-02T17:59:20.000Z","0054S000000Ms6RQAS","2020-06-02T17:59:20.000Z","0054S000000Ms6RQAS","","Html.Layouts.TableLayout","42826302620147636","","","",""
"a2C4S0000008ShYUAU","0054S000000Ms6RQAS","","a2C4S0000008Snd","2020-06-02T17:59:20.000Z","0054S000000Ms6RQAS","2020-06-02T17:59:20.000Z","0054S000000Ms6RQAS","","Html.Layouts.NoLayout","42335875905942110","","","",""
"a2C4S0000008ShZUAU","0054S000000Ms6RQAS","","a2C4S0000008Sp0","2020-06-02T17:59:20.000Z","0054S000000Ms6RQAS","2020-06-02T17:59:20.000Z","0054S000000Ms6RQAS","","Html.Layouts.TableLayout","42634990435361655","","","",""
"a2C4S0000008ShaUAE","0054S000000Ms6RQAS","","a2C4S0000008Snh","2020-06-02T17:59:20.000Z","0054S000000Ms6RQAS","2020-06-02T17:59:20.000Z","0054S000000Ms6RQAS","","Html.Layouts.NoLayout","42064534112063604","","","",""
"a2C4S0000008ShbUAE","0054S000000Ms6RQAS","","a2C4S0000008Sow","2020-06-02T17:59:20.000Z","0054S000000Ms6RQAS","2020-06-02T17:59:20.000Z","0054S000000Ms6RQAS","","Html.Layouts.NoLayout","42255932952652825","","","",""
"a2C4S0000008ShcUAE","0054S000000Ms6RQAS","","TwoColumnGrid","2020-06-02T17:59:20.000Z","0054S000000Ms6RQAS","2020-06-02T17:59:20.000Z","0054S000000Ms6RQAS","","Html.Layouts.TwoColumnGrid","42450890372279800","","","",""
"a2C4S0000008ShdUAE","0054S000000Ms6RQAS","","TableLayout","2020-06-02T17:59:20.000Z","0054S000000Ms6RQAS","2020-06-02T17:59:20.000Z","0054S000000Ms6RQAS","","Html.Layouts.TableLayout","42111736084579659","","","",""
"a2C4S0000008SheUAE","0054S000000Ms6RQAS","","TableLayout","2020-06-02T17:59:20.000Z","0054S000000Ms6RQAS","2020-06-02T17:59:20.000Z","0054S000000Ms6RQAS","","Html.Layouts.TableLayout","42567256856395191","","","",""
"a2C4S0000008ShfUAE","0054S000000Ms6RQAS","","a2C4S0000008Snf","2020-06-02T17:59:20.000Z","0054S000000Ms6RQAS","2020-06-02T17:59:20.000Z","0054S000000Ms6RQAS","","Html.Layouts.NoLayout","42431873956987571","","","",""
"a2C4S0000008ShgUAE","0054S000000Ms6RQAS","","a2C4S0000008Soy","2020-06-02T17:59:20.000Z","0054S000000Ms6RQAS","2020-06-02T17:59:20.000Z","0054S000000Ms6RQAS","","Html.Layouts.TableLayout","42730596527372981","","","",""
"a2C4S0000008ShkUAE","0054S000000Ms6RQAS","","a2C4S0000008Soz","2020-06-02T17:59:20.000Z","0054S000000Ms6RQAS","2020-06-02T17:59:20.000Z","0054S000000Ms6RQAS","","Html.Layouts.TableLayout","42545753841908418","","","",""
"a2C4S0000008ShhUAE","0054S000000Ms6RQAS","","a2C4S0000008Sni","2020-06-02T17:59:20.000Z","0054S000000Ms6RQAS","2020-06-02T17:59:20.000Z","0054S000000Ms6RQAS","","Html.Layouts.NoLayout","42857002168467178","","","",""
"a2C4S0000008ShiUAE","0054S000000Ms6RQAS","","a2C4S0000008Sox","2020-06-02T17:59:20.000Z","0054S000000Ms6RQAS","2020-06-02T17:59:20.000Z","0054S000000Ms6RQAS","","Html.Layouts.TableLayout","42143848440807859","","","",""
"a2C4S0000008ShjUAE","0054S000000Ms6RQAS","","a2C4S0000008Sng","2020-06-02T17:59:20.000Z","0054S000000Ms6RQAS","2020-06-02T17:59:20.000Z","0054S000000Ms6RQAS","","Html.Layouts.NoLayout","42633135807786690","","","",""
"a2C4S0000008ShlUAE","0054S000000Ms6RQAS","","NoLayout","2020-06-02T17:59:20.000Z","0054S000000Ms6RQAS","2020-06-02T17:59:20.000Z","0054S000000Ms6RQAS","","Html.Layouts.NoLayout","42142902591249498","","","",""
"a2C4S0000008ShmUAE","0054S000000Ms6RQAS","","TwoColumnGrid","2020-06-02T17:59:20.000Z","0054S000000Ms6RQAS","2020-06-02T17:59:20.000Z","0054S000000Ms6RQAS","","Html.Layouts.TwoColumnGrid","42793354206011146","","","",""
"a2C4S0000008ShnUAE","0054S000000Ms6RQAS","","NoLayout","2020-06-02T17:59:20.000Z","0054S000000Ms6RQAS","2020-06-02T17:59:20.000Z","0054S000000Ms6RQAS","","Html.Layouts.NoLayout","42078466476766816","","","",""
"a2C4S0000008ShoUAE","0054S000000Ms6RQAS","","TableLayout","2020-06-02T17:59:20.000Z","0054S000000Ms6RQAS","2020-06-02T17:59:20.000Z","0054S000000Ms6RQAS","","Html.Layouts.TableLayout","42573554570359778","","","",""
"a2C4S0000008ShpUAE","0054S000000Ms6RQAS","","NoLayout","2020-06-02T17:59:20.000Z","0054S000000Ms6RQAS","2020-06-02T17:59:20.000Z","0054S000000Ms6RQAS","","Html.Layouts.NoLayout","72061562008947708","","","",""
"a2C4S0000008ShqUAE","0054S000000Ms6RQAS","","TwoColumnGrid","2020-06-02T17:59:20.000Z","0054S000000Ms6RQAS","2020-06-02T17:59:20.000Z","0054S000000Ms6RQAS","","Html.Layouts.TwoColumnGrid","53551562008947708","","","",""
"a2C4S0000008ShrUAE","0054S000000Ms6RQAS","","TwoColumnGrid","2020-06-02T17:59:20.000Z","0054S000000Ms6RQAS","2020-06-02T17:59:20.000Z","0054S000000Ms6RQAS","","Html.Layouts.TwoColumnGrid","42046907235666264","","","",""
"a2C4S0000008ShsUAE","0054S000000Ms6RQAS","","NoLayout","2020-06-02T17:59:20.000Z","0054S000000Ms6RQAS","2020-06-02T17:59:20.000Z","0054S000000Ms6RQAS","","Html.Layouts.NoLayout","42095626617599033","","","",""
"a2C4S0000008ShtUAE","0054S000000Ms6RQAS","","NoLayout","2020-06-02T17:59:20.000Z","0054S000000Ms6RQAS","2020-06-02T17:59:20.000Z","0054S000000Ms6RQAS","","Html.Layouts.NoLayout","42947195840900396","","","",""
"a2C4S0000008ShuUAE","0054S000000Ms6RQAS","","SingleColumnGrid","2020-06-02T17:59:20.000Z","0054S000000Ms6RQAS","2020-06-02T17:59:20.000Z","0054S000000Ms6RQAS","","Html.Layouts.SingleColumnGrid","42004612834984785","","","",""
"a2C4S0000008ShvUAE","0054S000000Ms6RQAS","","TableLayout","2020-06-02T17:59:20.000Z","0054S000000Ms6RQAS","2020-06-02T17:59:20.000Z","0054S000000Ms6RQAS","","Html.Layouts.TableLayout","42091820584133030","","","",""
"a2C4S0000008ShwUAE","0054S000000Ms6RQAS","","TableLayout","2020-06-02T17:59:20.000Z","0054S000000Ms6RQAS","2020-06-02T17:59:20.000Z","0054S000000Ms6RQAS","","Html.Layouts.TableLayout","42003903540204994","","","",""
"a2C4S0000008ShxUAE","0054S000000Ms6RQAS","","a2C4S0000008Snj","2020-06-02T17:59:20.000Z","0054S000000Ms6RQAS","2020-06-02T17:59:20.000Z","0054S000000Ms6RQAS","","Html.Layouts.NoLayout","42604570202435983","","","",""
"a2C4S0000008ShyUAE","0054S000000Ms6RQAS","","a2C4S0000008Sov","2020-06-02T17:59:20.000Z","0054S000000Ms6RQAS","2020-06-02T17:59:20.000Z","0054S000000Ms6RQAS","","Html.Layouts.NoLayout","42903770104113969","","","",""
"a2C4S0000008ShzUAE","0054S000000Ms6RQAS","","a2C4S0000008SpP","2020-06-02T17:59:20.000Z","0054S000000Ms6RQAS","2020-06-02T17:59:20.000Z","0054S000000Ms6RQAS","","Html.Layouts.TableLayout","42458523294685564","","","",""
"a2C4S0000008Si0UAE","0054S000000Ms6RQAS","","a2C4S0000008Snk","2020-06-02T17:59:20.000Z","0054S000000Ms6RQAS","2020-06-02T17:59:20.000Z","0054S000000Ms6RQAS","","Html.Layouts.NoLayout","42223036410535824","","","",""
"a2C4S0000008Si1UAE","0054S000000Ms6RQAS","","a2C4S0000008Sou","2020-06-02T17:59:20.000Z","0054S000000Ms6RQAS","2020-06-02T17:59:20.000Z","0054S000000Ms6RQAS","","Html.Layouts.TableLayout","42909116987479437","","","",""
"a2C4S0000008Si2UAE","0054S000000Ms6RQAS","","TwoColumnGrid","2020-06-02T17:59:20.000Z","0054S000000Ms6RQAS","2020-06-02T17:59:20.000Z","0054S000000Ms6RQAS","","Html.Layouts.TwoColumnGrid","42213551607218372","","","",""
"a2C4S0000008Si3UAE","0054S000000Ms6RQAS","","a2C4S0000008SoW","2020-06-02T17:59:20.000Z","0054S000000Ms6RQAS","2020-06-02T17:59:20.000Z","0054S000000Ms6RQAS","","Html.Layouts.NoLayout","42121398336270499","","","",""
"a2C4S0000008Si4UAE","0054S000000Ms6RQAS","","a2C4S0000008Soc","2020-06-02T17:59:20.000Z","0054S000000Ms6RQAS","2020-06-02T17:59:20.000Z","0054S000000Ms6RQAS","","Html.Layouts.NoLayout","42512285356899736","","","",""
"a2C4S0000008Si5UAE","0054S000000Ms6RQAS","","TwoColumnGrid","2020-06-02T17:59:20.000Z","0054S000000Ms6RQAS","2020-06-02T17:59:20.000Z","0054S000000Ms6RQAS","","Html.Layouts.TwoColumnGrid","42322081681216904","","","",""
"a2C4S0000008Si6UAE","0054S000000Ms6RQAS","","TableLayout","2020-06-02T17:59:20.000Z","0054S000000Ms6RQAS","2020-06-02T17:59:20.000Z","0054S000000Ms6RQAS","","Html.Layouts.TableLayout","42067844805281466","","","",""
"a2C4S0000008Si7UAE","0054S000000Ms6RQAS","","TableLayout","2020-06-02T17:59:20.000Z","0054S000000Ms6RQAS","2020-06-02T17:59:20.000Z","0054S000000Ms6RQAS","","Html.Layouts.TableLayout","42105909082667232","","","",""
"a2C4S0000008Si8UAE","0054S000000Ms6RQAS","","TableLayout","2020-06-02T17:59:20.000Z","0054S000000Ms6RQAS","2020-06-02T17:59:20.000Z","0054S000000Ms6RQAS","","Html.Layouts.TableLayout","42675137442311214","","","",""
"a2C4S0000008Si9UAE","0054S000000Ms6RQAS","","a2C4S0000008Snd","2020-06-02T17:59:20.000Z","0054S000000Ms6RQAS","2020-06-02T17:59:20.000Z","0054S000000Ms6RQAS","","Html.Layouts.NoLayout","42517261604535394","","","",""
"a2C4S0000008SiAUAU","0054S000000Ms6RQAS","","a2C4S0000008Sp0","2020-06-02T17:59:20.000Z","0054S000000Ms6RQAS","2020-06-02T17:59:20.000Z","0054S000000Ms6RQAS","","Html.Layouts.TableLayout","42559995491283213","","","",""
"a2C4S0000008SiBUAU","0054S000000Ms6RQAS","","a2C4S0000008Snh","2020-06-02T17:59:20.000Z","0054S000000Ms6RQAS","2020-06-02T17:59:20.000Z","0054S000000Ms6RQAS","","Html.Layouts.NoLayout","42607197980877431","","","",""
"a2C4S0000008SiCUAU","0054S000000Ms6RQAS","","a2C4S0000008Sow","2020-06-02T17:59:20.000Z","0054S000000Ms6RQAS","2020-06-02T17:59:20.000Z","0054S000000Ms6RQAS","","Html.Layouts.NoLayout","42749083552257442","","","",""
"a2C4S0000008SiDUAU","0054S000000Ms6RQAS","","TwoColumnGrid","2020-06-02T17:59:20.000Z","0054S000000Ms6RQAS","2020-06-02T17:59:20.000Z","0054S000000Ms6RQAS","","Html.Layouts.TwoColumnGrid","42706974803083561","","","",""
"a2C4S0000008SiEUAU","0054S000000Ms6RQAS","","TableLayout","2020-06-02T17:59:20.000Z","0054S000000Ms6RQAS","2020-06-02T17:59:20.000Z","0054S000000Ms6RQAS","","Html.Layouts.TableLayout","42863945725558079","","","",""
"a2C4S0000008SiFUAU","0054S000000Ms6RQAS","","TableLayout","2020-06-02T17:59:20.000Z","0054S000000Ms6RQAS","2020-06-02T17:59:20.000Z","0054S000000Ms6RQAS","","Html.Layouts.TableLayout","42832608908574153","","","",""
"a2C4S0000008SiGUAU","0054S000000Ms6RQAS","","a2C4S0000008Snf","2020-06-02T17:59:20.000Z","0054S000000Ms6RQAS","2020-06-02T17:59:20.000Z","0054S000000Ms6RQAS","","Html.Layouts.NoLayout","42485717235440372","","","",""
"a2C4S0000008SiHUAU","0054S000000Ms6RQAS","","a2C4S0000008Soy","2020-06-02T17:59:20.000Z","0054S000000Ms6RQAS","2020-06-02T17:59:20.000Z","0054S000000Ms6RQAS","","Html.Layouts.TableLayout","42142906278495014","","","",""
"a2C4S0000008SiIUAU","0054S000000Ms6RQAS","","a2C4S0000008Sni","2020-06-02T17:59:20.000Z","0054S000000Ms6RQAS","2020-06-02T17:59:20.000Z","0054S000000Ms6RQAS","","Html.Layouts.NoLayout","42633403824430667","","","",""
"a2C4S0000008SiJUAU","0054S000000Ms6RQAS","","a2C4S0000008Sox","2020-06-02T17:59:20.000Z","0054S000000Ms6RQAS","2020-06-02T17:59:20.000Z","0054S000000Ms6RQAS","","Html.Layouts.TableLayout","42771116968601392","","","",""
"a2C4S0000008SiKUAU","0054S000000Ms6RQAS","","a2C4S0000008Sng","2020-06-02T17:59:20.000Z","0054S000000Ms6RQAS","2020-06-02T17:59:20.000Z","0054S000000Ms6RQAS","","Html.Layouts.NoLayout","42188300241815411","","","",""
"a2C4S0000008SiLUAU","0054S000000Ms6RQAS","","a2C4S0000008Soz","2020-06-02T17:59:20.000Z","0054S000000Ms6RQAS","2020-06-02T17:59:20.000Z","0054S000000Ms6RQAS","","Html.Layouts.TableLayout","42626825421044985","","","",""
"a2C4S0000008SiMUAU","0054S000000Ms6RQAS","","NoLayout","2020-06-02T17:59:20.000Z","0054S000000Ms6RQAS","2020-06-02T17:59:20.000Z","0054S000000Ms6RQAS","","Html.Layouts.NoLayout","42150545387299834","","","",""
"a2C4S0000008SiNUAU","0054S000000Ms6RQAS","","TwoColumnGrid","2020-06-02T17:59:20.000Z","0054S000000Ms6RQAS","2020-06-02T17:59:20.000Z","0054S000000Ms6RQAS","","Html.Layouts.TwoColumnGrid","42148428333210868","","","",""
"a2C4S0000008SiOUAU","0054S000000Ms6RQAS","","NoLayout","2020-06-02T17:59:20.000Z","0054S000000Ms6RQAS","2020-06-02T17:59:20.000Z","0054S000000Ms6RQAS","","Html.Layouts.NoLayout","42096310530872054","","","",""
"a2C4S0000008SiPUAU","0054S000000Ms6RQAS","","TableLayout","2020-06-02T17:59:20.000Z","0054S000000Ms6RQAS","2020-06-02T17:59:20.000Z","0054S000000Ms6RQAS","","Html.Layouts.TableLayout","42589744992097102","","","",""
"a2C4S0000008SiQUAU","0054S000000Ms6RQAS","","TwoColumnGrid","2020-06-02T17:59:20.000Z","0054S000000Ms6RQAS","2020-06-02T17:59:20.000Z","0054S000000Ms6RQAS","","Html.Layouts.TwoColumnGrid","42421642305411511","","","",""
"a2C4S0000008SiRUAU","0054S000000Ms6RQAS","","TwoColumnGrid","2020-06-02T17:59:20.000Z","0054S000000Ms6RQAS","2020-06-02T17:59:20.000Z","0054S000000Ms6RQAS","","Html.Layouts.TwoColumnGrid","42036523911362091","","","",""
"a2C4S0000008SiSUAU","0054S000000Ms6RQAS","","TableLayout","2020-06-02T17:59:20.000Z","0054S000000Ms6RQAS","2020-06-02T17:59:20.000Z","0054S000000Ms6RQAS","","Html.Layouts.TableLayout","87851567002572493","","","",""
"a2C4S0000008SiTUAU","0054S000000Ms6RQAS","","TableLayout","2020-06-02T17:59:20.000Z","0054S000000Ms6RQAS","2020-06-02T17:59:20.000Z","0054S000000Ms6RQAS","","Html.Layouts.TableLayout","80081567002572493","","","",""
"a2C4S0000008SiUUAU","0054S000000Ms6RQAS","","TableLayout","2020-06-02T17:59:20.000Z","0054S000000Ms6RQAS","2020-06-02T17:59:20.000Z","0054S000000Ms6RQAS","","Html.Layouts.TableLayout","16941567002572494","","","",""
"a2C4S0000008SiYUAU","0054S000000Ms6RQAS","","TableLayout","2020-06-02T17:59:20.000Z","0054S000000Ms6RQAS","2020-06-02T17:59:20.000Z","0054S000000Ms6RQAS","","Html.Layouts.TableLayout","42908209248973724","","","",""
"a2C4S0000008SiXUAU","0054S000000Ms6RQAS","","SingleColumnGrid","2020-06-02T17:59:20.000Z","0054S000000Ms6RQAS","2020-06-02T17:59:20.000Z","0054S000000Ms6RQAS","","Html.Layouts.SingleColumnGrid","42114934537765076","","","",""
"a2C4S0000008SiVUAU","0054S000000Ms6RQAS","","NoLayout","2020-06-02T17:59:20.000Z","0054S000000Ms6RQAS","2020-06-02T17:59:20.000Z","0054S000000Ms6RQAS","","Html.Layouts.NoLayout","42645664903124497","","","",""
"a2C4S0000008SiWUAU","0054S000000Ms6RQAS","","NoLayout","2020-06-02T17:59:20.000Z","0054S000000Ms6RQAS","2020-06-02T17:59:20.000Z","0054S000000Ms6RQAS","","Html.Layouts.NoLayout","42587222565949244","","","",""
"a2C4S0000008SiZUAU","0054S000000Ms6RQAS","","TableLayout","2020-06-02T17:59:20.000Z","0054S000000Ms6RQAS","2020-06-02T17:59:20.000Z","0054S000000Ms6RQAS","","Html.Layouts.TableLayout","42112737757914821","","","",""
"a2C4S0000008SiaUAE","0054S000000Ms6RQAS","","a2C4S0000008Snj","2020-06-02T17:59:20.000Z","0054S000000Ms6RQAS","2020-06-02T17:59:20.000Z","0054S000000Ms6RQAS","","Html.Layouts.NoLayout","42756552529003606","","","",""
"a2C4S0000008SibUAE","0054S000000Ms6RQAS","","a2C4S0000008Sov","2020-06-02T17:59:20.000Z","0054S000000Ms6RQAS","2020-06-02T17:59:20.000Z","0054S000000Ms6RQAS","","Html.Layouts.NoLayout","42280453904095115","","","",""
"a2C4S0000008SicUAE","0054S000000Ms6RQAS","","a2C4S0000008SpP","2020-06-02T17:59:20.000Z","0054S000000Ms6RQAS","2020-06-02T17:59:20.000Z","0054S000000Ms6RQAS","","Html.Layouts.TableLayout","42479426320280196","","","",""
"a2C4S0000008SidUAE","0054S000000Ms6RQAS","","a2C4S0000008Snk","2020-06-02T17:59:20.000Z","0054S000000Ms6RQAS","2020-06-02T17:59:20.000Z","0054S000000Ms6RQAS","","Html.Layouts.NoLayout","42565739323606809","","","",""
"a2C4S0000008SieUAE","0054S000000Ms6RQAS","","a2C4S0000008Sou","2020-06-02T17:59:20.000Z","0054S000000Ms6RQAS","2020-06-02T17:59:20.000Z","0054S000000Ms6RQAS","","Html.Layouts.TableLayout","42408154347007931","","","",""
"a2C4S0000008SifUAE","0054S000000Ms6RQAS","","a2C4S0000008Snl","2020-06-02T17:59:20.000Z","0054S000000Ms6RQAS","2020-06-02T17:59:20.000Z","0054S000000Ms6RQAS","","Html.Layouts.TwoColumnGrid","42933880352615287","","","",""
"a2C4S0000008SigUAE","0054S000000Ms6RQAS","","a2C4S0000008SoW","2020-06-02T17:59:20.000Z","0054S000000Ms6RQAS","2020-06-02T17:59:20.000Z","0054S000000Ms6RQAS","","Html.Layouts.NoLayout","42615708109509687","","","",""
"a2C4S0000008SihUAE","0054S000000Ms6RQAS","","a2C4S0000008Soc","2020-06-02T17:59:20.000Z","0054S000000Ms6RQAS","2020-06-02T17:59:20.000Z","0054S000000Ms6RQAS","","Html.Layouts.NoLayout","42970783152555165","","","",""
"a2C4S0000008SiiUAE","0054S000000Ms6RQAS","","TwoColumnGrid","2020-06-02T17:59:20.000Z","0054S000000Ms6RQAS","2020-06-02T17:59:20.000Z","0054S000000Ms6RQAS","","Html.Layouts.TwoColumnGrid","42926538600870631","","","",""
"a2C4S0000008SijUAE","0054S000000Ms6RQAS","","TableLayout","2020-06-02T17:59:20.000Z","0054S000000Ms6RQAS","2020-06-02T17:59:20.000Z","0054S000000Ms6RQAS","","Html.Layouts.TableLayout","42752145688094510","","","",""
"a2C4S0000008SikUAE","0054S000000Ms6RQAS","","TableLayout","2020-06-02T17:59:20.000Z","0054S000000Ms6RQAS","2020-06-02T17:59:20.000Z","0054S000000Ms6RQAS","","Html.Layouts.TableLayout","42574844044774980","","","",""
"a2C4S0000008SilUAE","0054S000000Ms6RQAS","","TableLayout","2020-06-02T17:59:20.000Z","0054S000000Ms6RQAS","2020-06-02T17:59:20.000Z","0054S000000Ms6RQAS","","Html.Layouts.TableLayout","42356460055920228","","","",""
"a2C4S0000008SimUAE","0054S000000Ms6RQAS","","a2C4S0000008Snd","2020-06-02T17:59:20.000Z","0054S000000Ms6RQAS","2020-06-02T17:59:20.000Z","0054S000000Ms6RQAS","","Html.Layouts.NoLayout","42528559027777673","","","",""
"a2C4S0000008SinUAE","0054S000000Ms6RQAS","","a2C4S0000008Sp0","2020-06-02T17:59:20.000Z","0054S000000Ms6RQAS","2020-06-02T17:59:20.000Z","0054S000000Ms6RQAS","","Html.Layouts.TableLayout","42730356332389994","","","",""
"a2C4S0000008SioUAE","0054S000000Ms6RQAS","","a2C4S0000008Snh","2020-06-02T17:59:20.000Z","0054S000000Ms6RQAS","2020-06-02T17:59:20.000Z","0054S000000Ms6RQAS","","Html.Layouts.NoLayout","42233733401837716","","","",""
"a2C4S0000008SipUAE","0054S000000Ms6RQAS","","a2C4S0000008Sow","2020-06-02T17:59:20.000Z","0054S000000Ms6RQAS","2020-06-02T17:59:20.000Z","0054S000000Ms6RQAS","","Html.Layouts.NoLayout","42910195145683791","","","",""
"a2C4S0000008SiqUAE","0054S000000Ms6RQAS","","TwoColumnGrid","2020-06-02T17:59:20.000Z","0054S000000Ms6RQAS","2020-06-02T17:59:20.000Z","0054S000000Ms6RQAS","","Html.Layouts.TwoColumnGrid","42648018894228245","","","",""
"a2C4S0000008SirUAE","0054S000000Ms6RQAS","","TableLayout","2020-06-02T17:59:20.000Z","0054S000000Ms6RQAS","2020-06-02T17:59:20.000Z","0054S000000Ms6RQAS","","Html.Layouts.TableLayout","42687827321938840","","","",""
"a2C4S0000008SisUAE","0054S000000Ms6RQAS","","TableLayout","2020-06-02T17:59:20.000Z","0054S000000Ms6RQAS","2020-06-02T17:59:20.000Z","0054S000000Ms6RQAS","","Html.Layouts.TableLayout","42524560834457938","","","",""
"a2C4S0000008SitUAE","0054S000000Ms6RQAS","","a2C4S0000008Snf","2020-06-02T17:59:20.000Z","0054S000000Ms6RQAS","2020-06-02T17:59:20.000Z","0054S000000Ms6RQAS","","Html.Layouts.NoLayout","42452855504139817","","","",""
"a2C4S0000008SiuUAE","0054S000000Ms6RQAS","","a2C4S0000008Soy","2020-06-02T17:59:20.000Z","0054S000000Ms6RQAS","2020-06-02T17:59:20.000Z","0054S000000Ms6RQAS","","Html.Layouts.TableLayout","42145221923760478","","","",""
"a2C4S0000008SivUAE","0054S000000Ms6RQAS","","a2C4S0000008Sni","2020-06-02T17:59:20.000Z","0054S000000Ms6RQAS","2020-06-02T17:59:20.000Z","0054S000000Ms6RQAS","","Html.Layouts.NoLayout","42240587866004170","","","",""
"a2C4S0000008SiwUAE","0054S000000Ms6RQAS","","a2C4S0000008Sox","2020-06-02T17:59:20.000Z","0054S000000Ms6RQAS","2020-06-02T17:59:20.000Z","0054S000000Ms6RQAS","","Html.Layouts.TableLayout","42271910295866979","","","",""
"a2C4S0000008SixUAE","0054S000000Ms6RQAS","","a2C4S0000008Sng","2020-06-02T17:59:20.000Z","0054S000000Ms6RQAS","2020-06-02T17:59:20.000Z","0054S000000Ms6RQAS","","Html.Layouts.NoLayout","42588764925961044","","","",""
"a2C4S0000008SiyUAE","0054S000000Ms6RQAS","","a2C4S0000008Soz","2020-06-02T17:59:20.000Z","0054S000000Ms6RQAS","2020-06-02T17:59:20.000Z","0054S000000Ms6RQAS","","Html.Layouts.TableLayout","42307658151426213","","","",""
"a2C4S0000008SizUAE","0054S000000Ms6RQAS","","NoLayout","2020-06-02T17:59:20.000Z","0054S000000Ms6RQAS","2020-06-02T17:59:20.000Z","0054S000000Ms6RQAS","","Html.Layouts.NoLayout","42010116055089047","","","",""
"a2C4S0000008Sj0UAE","0054S000000Ms6RQAS","","TwoColumnGrid","2020-06-02T17:59:20.000Z","0054S000000Ms6RQAS","2020-06-02T17:59:20.000Z","0054S000000Ms6RQAS","","Html.Layouts.TwoColumnGrid","42522742040404222","","","",""
"a2C4S0000008Sj1UAE","0054S000000Ms6RQAS","","NoLayout","2020-06-02T17:59:20.000Z","0054S000000Ms6RQAS","2020-06-02T17:59:20.000Z","0054S000000Ms6RQAS","","Html.Layouts.NoLayout","42621397915109451","","","",""
"a2C4S0000008Sj2UAE","0054S000000Ms6RQAS","","TableLayout","2020-06-02T17:59:20.000Z","0054S000000Ms6RQAS","2020-06-02T17:59:20.000Z","0054S000000Ms6RQAS","","Html.Layouts.TableLayout","42605476071222250","","","",""
"a2C4S0000008Sj4UAE","0054S000000Ms6RQAS","","NoLayout","2020-06-02T17:59:20.000Z","0054S000000Ms6RQAS","2020-06-02T17:59:20.000Z","0054S000000Ms6RQAS","","Html.Layouts.NoLayout","42908910678340000","","","",""
"a2C4S0000008Sj5UAE","0054S000000Ms6RQAS","","TableLayout","2020-06-02T17:59:20.000Z","0054S000000Ms6RQAS","2020-06-02T17:59:20.000Z","0054S000000Ms6RQAS","","Html.Layouts.TableLayout","I","","","",""
"a2C4S0000008Sj6UAE","0054S000000Ms6RQAS","","TableLayout","2020-06-02T17:59:20.000Z","0054S000000Ms6RQAS","2020-06-02T17:59:20.000Z","0054S000000Ms6RQAS","","Html.Layouts.TableLayout","423805189214134858","","","",""
"a2C4S0000008Sj7UAE","0054S000000Ms6RQAS","","TableLayout","2020-06-02T17:59:20.000Z","0054S000000Ms6RQAS","2020-06-02T17:59:20.000Z","0054S000000Ms6RQAS","","Html.Layouts.TableLayout","423805189214134860","","","",""
"a2C4S0000008Sj8UAE","0054S000000Ms6RQAS","","TableLayout","2020-06-02T17:59:20.000Z","0054S000000Ms6RQAS","2020-06-02T17:59:20.000Z","0054S000000Ms6RQAS","","Html.Layouts.TableLayout","423805189214134861","","","",""
"a2C4S0000008Sj9UAE","0054S000000Ms6RQAS","","TableLayout","2020-06-02T17:59:20.000Z","0054S000000Ms6RQAS","2020-06-02T17:59:20.000Z","0054S000000Ms6RQAS","","Html.Layouts.TableLayout","423805189214134862","","","",""
"a2C4S0000008SjAUAU","0054S000000Ms6RQAS","","TableLayout","2020-06-02T17:59:20.000Z","0054S000000Ms6RQAS","2020-06-02T17:59:20.000Z","0054S000000Ms6RQAS","","Html.Layouts.TableLayout","423805189214331879","","","",""
"a2C4S0000008SjBUAU","0054S000000Ms6RQAS","","TableLayout","2020-06-02T17:59:20.000Z","0054S000000Ms6RQAS","2020-06-02T17:59:20.000Z","0054S000000Ms6RQAS","","Html.Layouts.TableLayout","423805189214134859","","","",""
"a2C4S0000008SjCUAU","0054S000000Ms6RQAS","","TableLayout","2020-06-02T17:59:20.000Z","0054S000000Ms6RQAS","2020-06-02T17:59:20.000Z","0054S000000Ms6RQAS","","Html.Layouts.TableLayout","423805189214134854","","","",""
"a2C4S0000008SjDUAU","0054S000000Ms6RQAS","","TableLayout","2020-06-02T17:59:20.000Z","0054S000000Ms6RQAS","2020-06-02T17:59:20.000Z","0054S000000Ms6RQAS","","Html.Layouts.TableLayout","423805189214134855","","","",""
"a2C4S0000008SjEUAU","0054S000000Ms6RQAS","","TableLayout","2020-06-02T17:59:20.000Z","0054S000000Ms6RQAS","2020-06-02T17:59:20.000Z","0054S000000Ms6RQAS","","Html.Layouts.TableLayout","423805189214134856","","","",""
"a2C4S0000008SjFUAU","0054S000000Ms6RQAS","","TableLayout","2020-06-02T17:59:20.000Z","0054S000000Ms6RQAS","2020-06-02T17:59:20.000Z","0054S000000Ms6RQAS","","Html.Layouts.TableLayout","423805189214134851","","","",""
"a2C4S0000008SjGUAU","0054S000000Ms6RQAS","","TableLayout","2020-06-02T17:59:20.000Z","0054S000000Ms6RQAS","2020-06-02T17:59:20.000Z","0054S000000Ms6RQAS","","Html.Layouts.TableLayout","423805189214134852","","","",""
"a2C4S0000008SjHUAU","0054S000000Ms6RQAS","","TableLayout","2020-06-02T17:59:20.000Z","0054S000000Ms6RQAS","2020-06-02T17:59:20.000Z","0054S000000Ms6RQAS","","Html.Layouts.TableLayout","423805189214134853","","","",""
"a2C4S0000008SjIUAU","0054S000000Ms6RQAS","","TwoColumnGrid","2020-06-02T17:59:20.000Z","0054S000000Ms6RQAS","2020-06-02T17:59:20.000Z","0054S000000Ms6RQAS","","Html.Layouts.TwoColumnGrid","42236575597281130","","","",""
"a2C4S0000008SjNUAU","0054S000000Ms6RQAS","","TableLayout","2020-06-02T17:59:20.000Z","0054S000000Ms6RQAS","2020-06-02T17:59:20.000Z","0054S000000Ms6RQAS","","Html.Layouts.TableLayout","42752931524542488","","","",""
"a2C4S0000008Sj3UAE","0054S000000Ms6RQAS","","TwoColumnGrid","2020-06-02T17:59:20.000Z","0054S000000Ms6RQAS","2020-06-02T17:59:20.000Z","0054S000000Ms6RQAS","","Html.Layouts.TwoColumnGrid","42771303619685748","","","",""
"a2C4S0000008SjJUAU","0054S000000Ms6RQAS","","a2C4S0000008SoY","2020-06-02T17:59:20.000Z","0054S000000Ms6RQAS","2020-06-02T17:59:20.000Z","0054S000000Ms6RQAS","","Html.Layouts.NoLayout","42631560887991537","","","",""
"a2C4S0000008SjKUAU","0054S000000Ms6RQAS","","NoLayout","2020-06-02T17:59:20.000Z","0054S000000Ms6RQAS","2020-06-02T17:59:20.000Z","0054S000000Ms6RQAS","","Html.Layouts.NoLayout","4255781036839252","","","",""
"a2C4S0000008SjLUAU","0054S000000Ms6RQAS","","NoLayout","2020-06-02T17:59:20.000Z","0054S000000Ms6RQAS","2020-06-02T17:59:20.000Z","0054S000000Ms6RQAS","","Html.Layouts.NoLayout","42702377063237411","","","",""
"a2C4S0000008SjMUAU","0054S000000Ms6RQAS","","TableLayout","2020-06-02T17:59:20.000Z","0054S000000Ms6RQAS","2020-06-02T17:59:20.000Z","0054S000000Ms6RQAS","","Html.Layouts.TableLayout","42266701029189298","","","",""
"a2C4S0000008SjOUAU","0054S000000Ms6RQAS","","a2C4S0000008SoX","2020-06-02T17:59:20.000Z","0054S000000Ms6RQAS","2020-06-02T17:59:20.000Z","0054S000000Ms6RQAS","","Html.Layouts.NoLayout","42903999405421198","","","",""
"a2C4S0000008SjPUAU","0054S000000Ms6RQAS","","a2C4S0000008Sod","2020-06-02T17:59:20.000Z","0054S000000Ms6RQAS","2020-06-02T17:59:20.000Z","0054S000000Ms6RQAS","","Html.Layouts.TwoColumnGrid","42735326983609796","","","",""
"a2C4S0000008SjQUAU","0054S000000Ms6RQAS","","a2C4S0000008SpF","2020-06-02T17:59:20.000Z","0054S000000Ms6RQAS","2020-06-02T17:59:20.000Z","0054S000000Ms6RQAS","","Html.Layouts.TableLayout","42041335109520641","","","",""
"a2C4S0000008SjRUAU","0054S000000Ms6RQAS","","TableLayout","2020-06-02T17:59:20.000Z","0054S000000Ms6RQAS","2020-06-02T17:59:20.000Z","0054S000000Ms6RQAS","","Html.Layouts.TableLayout","42580187707707346","","","",""
"a2C4S0000008SjSUAU","0054S000000Ms6RQAS","","TableLayout","2020-06-02T17:59:20.000Z","0054S000000Ms6RQAS","2020-06-02T17:59:20.000Z","0054S000000Ms6RQAS","","Html.Layouts.TableLayout","42855055461797842","","","",""
"a2C4S0000008SjTUAU","0054S000000Ms6RQAS","","TableLayout","2020-06-02T17:59:20.000Z","0054S000000Ms6RQAS","2020-06-02T17:59:20.000Z","0054S000000Ms6RQAS","","Html.Layouts.TableLayout","42716507679416127","","","",""
"a2C4S0000008SjUUAU","0054S000000Ms6RQAS","","TableLayout","2020-06-02T17:59:20.000Z","0054S000000Ms6RQAS","2020-06-02T17:59:20.000Z","0054S000000Ms6RQAS","","Html.Layouts.TableLayout","42278477308930479","","","",""
"a2C4S0000008SjVUAU","0054S000000Ms6RQAS","","a2C4S0000008Sne","2020-06-02T17:59:20.000Z","0054S000000Ms6RQAS","2020-06-02T17:59:20.000Z","0054S000000Ms6RQAS","","Html.Layouts.TwoColumnGrid","42050951340529835","","","",""
"a2C4S0000008SjWUAU","0054S000000Ms6RQAS","","NoLayout","2020-06-02T17:59:20.000Z","0054S000000Ms6RQAS","2020-06-02T17:59:20.000Z","0054S000000Ms6RQAS","","Html.Layouts.NoLayout","42423057590716783","","","",""
"a2C4S0000008SjXUAU","0054S000000Ms6RQAS","","TwoColumnGrid","2020-06-02T17:59:20.000Z","0054S000000Ms6RQAS","2020-06-02T17:59:20.000Z","0054S000000Ms6RQAS","","Html.Layouts.TwoColumnGrid","42035436876739510","","","",""
"a2C4S0000008SjYUAU","0054S000000Ms6RQAS","","NoLayout","2020-06-02T17:59:20.000Z","0054S000000Ms6RQAS","2020-06-02T17:59:20.000Z","0054S000000Ms6RQAS","","Html.Layouts.NoLayout","42716389162595091","","","",""
"a2C4S0000008SjZUAU","0054S000000Ms6RQAS","","TableLayout","2020-06-02T17:59:20.000Z","0054S000000Ms6RQAS","2020-06-02T17:59:20.000Z","0054S000000Ms6RQAS","","Html.Layouts.TableLayout","42320059456403959","","","",""
"a2C4S0000008SjaUAE","0054S000000Ms6RQAS","","NoLayout","2020-06-02T17:59:20.000Z","0054S000000Ms6RQAS","2020-06-02T17:59:20.000Z","0054S000000Ms6RQAS","","Html.Layouts.NoLayout","42231110113496287","","","",""
"a2C4S0000008SjbUAE","0054S000000Ms6RQAS","","NoLayout","2020-06-02T17:59:20.000Z","0054S000000Ms6RQAS","2020-06-02T17:59:20.000Z","0054S000000Ms6RQAS","","Html.Layouts.NoLayout","42274924273169607","","","",""
"a2C4S0000008SjcUAE","0054S000000Ms6RQAS","","NoLayout","2020-06-02T17:59:20.000Z","0054S000000Ms6RQAS","2020-06-02T17:59:20.000Z","0054S000000Ms6RQAS","","Html.Layouts.NoLayout","42126845955219114","","","",""
"a2C4S0000008SjdUAE","0054S000000Ms6RQAS","","TwoColumnGrid","2020-06-02T17:59:20.000Z","0054S000000Ms6RQAS","2020-06-02T17:59:20.000Z","0054S000000Ms6RQAS","","Html.Layouts.TwoColumnGrid","42541724021921059","","","",""
"a2C4S0000008SjeUAE","0054S000000Ms6RQAS","","TableLayout","2020-06-02T17:59:20.000Z","0054S000000Ms6RQAS","2020-06-02T17:59:20.000Z","0054S000000Ms6RQAS","","Html.Layouts.TableLayout","42223471789601860","","","",""
"a2C4S0000008SjfUAE","0054S000000Ms6RQAS","","TableLayout","2020-06-02T17:59:20.000Z","0054S000000Ms6RQAS","2020-06-02T17:59:20.000Z","0054S000000Ms6RQAS","","Html.Layouts.TableLayout","42383749337730360","","","",""
"a2C4S0000008SjgUAE","0054S000000Ms6RQAS","","TableLayout","2020-06-02T17:59:20.000Z","0054S000000Ms6RQAS","2020-06-02T17:59:20.000Z","0054S000000Ms6RQAS","","Html.Layouts.TableLayout","42713843941574919","","","",""
"a2C4S0000008SjhUAE","0054S000000Ms6RQAS","","NoLayout","2020-06-02T17:59:20.000Z","0054S000000Ms6RQAS","2020-06-02T17:59:20.000Z","0054S000000Ms6RQAS","","Html.Layouts.NoLayout","42486637506383847","","","",""
"a2C4S0000008SjiUAE","0054S000000Ms6RQAS","","NoLayout","2020-06-02T17:59:20.000Z","0054S000000Ms6RQAS","2020-06-02T17:59:20.000Z","0054S000000Ms6RQAS","","Html.Layouts.NoLayout","42200030519927558","","","",""
"a2C4S0000008SjjUAE","0054S000000Ms6RQAS","","NoLayout","2020-06-02T17:59:20.000Z","0054S000000Ms6RQAS","2020-06-02T17:59:20.000Z","0054S000000Ms6RQAS","","Html.Layouts.NoLayout","42162646281639547","","","",""
"a2C4S0000008SjkUAE","0054S000000Ms6RQAS","","TwoColumnGrid","2020-06-02T17:59:20.000Z","0054S000000Ms6RQAS","2020-06-02T17:59:20.000Z","0054S000000Ms6RQAS","","Html.Layouts.TwoColumnGrid","42177729933161672","","","",""
"a2C4S0000008SjlUAE","0054S000000Ms6RQAS","","TableLayout","2020-06-02T17:59:20.000Z","0054S000000Ms6RQAS","2020-06-02T17:59:20.000Z","0054S000000Ms6RQAS","","Html.Layouts.TableLayout","42234378857614613","","","",""
"a2C4S0000008SjmUAE","0054S000000Ms6RQAS","","TableLayout","2020-06-02T17:59:20.000Z","0054S000000Ms6RQAS","2020-06-02T17:59:20.000Z","0054S000000Ms6RQAS","","Html.Layouts.TableLayout","42481625966915095","","","",""
"a2C4S0000008SjnUAE","0054S000000Ms6RQAS","","TwoColumnGrid","2020-06-02T17:59:20.000Z","0054S000000Ms6RQAS","2020-06-02T17:59:20.000Z","0054S000000Ms6RQAS","","Html.Layouts.TwoColumnGrid","42693364340854134","","","",""
"a2C4S0000008SjoUAE","0054S000000Ms6RQAS","","TwoColumnGrid","2020-06-02T17:59:20.000Z","0054S000000Ms6RQAS","2020-06-02T17:59:20.000Z","0054S000000Ms6RQAS","","Html.Layouts.TwoColumnGrid","42224690031248780","","","",""
"a2C4S0000008SjpUAE","0054S000000Ms6RQAS","","TwoColumnGrid","2020-06-02T17:59:20.000Z","0054S000000Ms6RQAS","2020-06-02T17:59:20.000Z","0054S000000Ms6RQAS","","Html.Layouts.TwoColumnGrid","42635208571032064","","","",""
"a2C4S0000008SjqUAE","0054S000000Ms6RQAS","","TwoColumnGrid","2020-06-02T17:59:20.000Z","0054S000000Ms6RQAS","2020-06-02T17:59:20.000Z","0054S000000Ms6RQAS","","Html.Layouts.TwoColumnGrid","42304620396920647","","","",""
"a2C4S0000008SjuUAE","0054S000000Ms6RQAS","","TwoColumnGrid","2020-06-02T17:59:20.000Z","0054S000000Ms6RQAS","2020-06-02T17:59:20.000Z","0054S000000Ms6RQAS","","Html.Layouts.TwoColumnGrid","42211784010462716","","","",""
"a2C4S0000008SjrUAE","0054S000000Ms6RQAS","","SingleColumnGrid","2020-06-02T17:59:20.000Z","0054S000000Ms6RQAS","2020-06-02T17:59:20.000Z","0054S000000Ms6RQAS","","Html.Layouts.SingleColumnGrid","42511772001939529","","","",""
"a2C4S0000008SjsUAE","0054S000000Ms6RQAS","","SingleColumnGrid","2020-06-02T17:59:20.000Z","0054S000000Ms6RQAS","2020-06-02T17:59:20.000Z","0054S000000Ms6RQAS","","Html.Layouts.SingleColumnGrid","42159067205990901","","","",""
"a2C4S0000008SjtUAE","0054S000000Ms6RQAS","","NoLayout","2020-06-02T17:59:20.000Z","0054S000000Ms6RQAS","2020-06-02T17:59:20.000Z","0054S000000Ms6RQAS","","Html.Layouts.NoLayout","42289780870055478","","","",""
"a2C4S0000008SjvUAE","0054S000000Ms6RQAS","","a2C4S0000008Sjv","2020-06-02T17:59:20.000Z","0054S000000Ms6RQAS","2020-06-02T17:59:20.000Z","0054S000000Ms6RQAS","","Html.Layouts.TwoColumnGrid","42981672396128198","","","",""
"a2C4S0000008SjwUAE","0054S000000Ms6RQAS","","a2C4S0000008Sjw","2020-06-02T17:59:20.000Z","0054S000000Ms6RQAS","2020-06-02T17:59:20.000Z","0054S000000Ms6RQAS","","Html.Layouts.NoLayout","42842001729574373","","","",""
"a2C4S0000008SjxUAE","0054S000000Ms6RQAS","","a2C4S0000008Sjx","2020-06-02T17:59:20.000Z","0054S000000Ms6RQAS","2020-06-02T17:59:20.000Z","0054S000000Ms6RQAS","","Html.Layouts.TwoColumnGrid","42156462387973662","","","",""
"a2C4S0000008SjyUAE","0054S000000Ms6RQAS","","a2C4S0000008Sjy","2020-06-02T17:59:20.000Z","0054S000000Ms6RQAS","2020-06-02T17:59:20.000Z","0054S000000Ms6RQAS","","Html.Layouts.TableLayout","42104364593354831","","","",""
"a2C4S0000008SjzUAE","0054S000000Ms6RQAS","","TableLayout","2020-06-02T17:59:20.000Z","0054S000000Ms6RQAS","2020-06-02T17:59:20.000Z","0054S000000Ms6RQAS","","Html.Layouts.TableLayout","42900059968218662","","","",""
"a2C4S0000008Sk0UAE","0054S000000Ms6RQAS","","TableLayout","2020-06-02T17:59:20.000Z","0054S000000Ms6RQAS","2020-06-02T17:59:20.000Z","0054S000000Ms6RQAS","","Html.Layouts.TableLayout","42901986137461213","","","",""
"a2C4S0000008Sk1UAE","0054S000000Ms6RQAS","","TableLayout","2020-06-02T17:59:20.000Z","0054S000000Ms6RQAS","2020-06-02T17:59:20.000Z","0054S000000Ms6RQAS","","Html.Layouts.TableLayout","42209503602073294","","","",""
"a2C4S0000008Sk2UAE","0054S000000Ms6RQAS","","TableLayout","2020-06-02T17:59:20.000Z","0054S000000Ms6RQAS","2020-06-02T17:59:20.000Z","0054S000000Ms6RQAS","","Html.Layouts.TableLayout","42838554025103082","","","",""
"a2C4S0000008Sk3UAE","0054S000000Ms6RQAS","","NoLayout","2020-06-02T17:59:20.000Z","0054S000000Ms6RQAS","2020-06-02T17:59:20.000Z","0054S000000Ms6RQAS","","Html.Layouts.NoLayout","42623335016645022","","","",""
"a2C4S0000008Sk4UAE","0054S000000Ms6RQAS","","NoLayout","2020-06-02T17:59:20.000Z","0054S000000Ms6RQAS","2020-06-02T17:59:20.000Z","0054S000000Ms6RQAS","","Html.Layouts.NoLayout","42861750157784201","","","",""
"a2C4S0000008Sk5UAE","0054S000000Ms6RQAS","","NoLayout","2020-06-02T17:59:20.000Z","0054S000000Ms6RQAS","2020-06-02T17:59:20.000Z","0054S000000Ms6RQAS","","Html.Layouts.NoLayout","42662133411198755","","","",""
"a2C4S0000008Sk6UAE","0054S000000Ms6RQAS","","TwoColumnGrid","2020-06-02T17:59:20.000Z","0054S000000Ms6RQAS","2020-06-02T17:59:20.000Z","0054S000000Ms6RQAS","","Html.Layouts.TwoColumnGrid","42504392368206283","","","",""
"a2C4S0000008Sk7UAE","0054S000000Ms6RQAS","","TableLayout","2020-06-02T17:59:20.000Z","0054S000000Ms6RQAS","2020-06-02T17:59:20.000Z","0054S000000Ms6RQAS","","Html.Layouts.TableLayout","42601333713315444","","","",""
"a2C4S0000008Sk8UAE","0054S000000Ms6RQAS","","TableLayout","2020-06-02T17:59:20.000Z","0054S000000Ms6RQAS","2020-06-02T17:59:20.000Z","0054S000000Ms6RQAS","","Html.Layouts.TableLayout","42946063736537540","","","",""
"a2C4S0000008Sk9UAE","0054S000000Ms6RQAS","","TableLayout","2020-06-02T17:59:20.000Z","0054S000000Ms6RQAS","2020-06-02T17:59:20.000Z","0054S000000Ms6RQAS","","Html.Layouts.TableLayout","42690947961828133","","","",""
"a2C4S0000008SkAUAU","0054S000000Ms6RQAS","","NoLayout","2020-06-02T17:59:20.000Z","0054S000000Ms6RQAS","2020-06-02T17:59:20.000Z","0054S000000Ms6RQAS","","Html.Layouts.NoLayout","42368549356781712","","","",""
"a2C4S0000008SkBUAU","0054S000000Ms6RQAS","","NoLayout","2020-06-02T17:59:20.000Z","0054S000000Ms6RQAS","2020-06-02T17:59:20.000Z","0054S000000Ms6RQAS","","Html.Layouts.NoLayout","42287595742272891","","","",""
"a2C4S0000008SkCUAU","0054S000000Ms6RQAS","","NoLayout","2020-06-02T17:59:20.000Z","0054S000000Ms6RQAS","2020-06-02T17:59:20.000Z","0054S000000Ms6RQAS","","Html.Layouts.NoLayout","42620724070644180","","","",""
"a2C4S0000008SkDUAU","0054S000000Ms6RQAS","","TwoColumnGrid","2020-06-02T17:59:20.000Z","0054S000000Ms6RQAS","2020-06-02T17:59:20.000Z","0054S000000Ms6RQAS","","Html.Layouts.TwoColumnGrid","42629849875721205","","","",""
"a2C4S0000008SkEUAU","0054S000000Ms6RQAS","","TableLayout","2020-06-02T17:59:20.000Z","0054S000000Ms6RQAS","2020-06-02T17:59:20.000Z","0054S000000Ms6RQAS","","Html.Layouts.TableLayout","42774053819136834","","","",""
"a2C4S0000008SkFUAU","0054S000000Ms6RQAS","","TableLayout","2020-06-02T17:59:20.000Z","0054S000000Ms6RQAS","2020-06-02T17:59:20.000Z","0054S000000Ms6RQAS","","Html.Layouts.TableLayout","42517219940050404","","","",""
"a2C4S0000008SkGUAU","0054S000000Ms6RQAS","","a2C4S0000008SkG","2020-06-02T17:59:20.000Z","0054S000000Ms6RQAS","2020-06-02T17:59:20.000Z","0054S000000Ms6RQAS","","Html.Layouts.NoLayout","42112793844239085","","","",""
"a2C4S0000008SkHUAU","0054S000000Ms6RQAS","","NoLayout","2020-06-02T17:59:20.000Z","0054S000000Ms6RQAS","2020-06-02T17:59:20.000Z","0054S000000Ms6RQAS","","Html.Layouts.NoLayout","42208366808657826","","","",""
"a2C4S0000008SkIUAU","0054S000000Ms6RQAS","","NoLayout","2020-06-02T17:59:20.000Z","0054S000000Ms6RQAS","2020-06-02T17:59:20.000Z","0054S000000Ms6RQAS","","Html.Layouts.NoLayout","42193430077909443","","","",""
"a2C4S0000008SkJUAU","0054S000000Ms6RQAS","","TableLayout","2020-06-02T17:59:20.000Z","0054S000000Ms6RQAS","2020-06-02T17:59:20.000Z","0054S000000Ms6RQAS","","Html.Layouts.TableLayout","42984926615034192","","","",""
"a2C4S0000008SkKUAU","0054S000000Ms6RQAS","","TableLayout","2020-06-02T17:59:20.000Z","0054S000000Ms6RQAS","2020-06-02T17:59:20.000Z","0054S000000Ms6RQAS","","Html.Layouts.TableLayout","42994135370306941","","","",""
"a2C4S0000008SkLUAU","0054S000000Ms6RQAS","","NoLayout","2020-06-02T17:59:20.000Z","0054S000000Ms6RQAS","2020-06-02T17:59:20.000Z","0054S000000Ms6RQAS","","Html.Layouts.NoLayout","42934048187540669","","","",""
"a2C4S0000008SkMUAU","0054S000000Ms6RQAS","","TableLayout","2020-06-02T17:59:20.000Z","0054S000000Ms6RQAS","2020-06-02T17:59:20.000Z","0054S000000Ms6RQAS","","Html.Layouts.TableLayout","42251250217247948","","","",""
"a2C4S0000008SkNUAU","0054S000000Ms6RQAS","","TwoColumnGrid","2020-06-02T17:59:20.000Z","0054S000000Ms6RQAS","2020-06-02T17:59:20.000Z","0054S000000Ms6RQAS","","Html.Layouts.TwoColumnGrid","42332310368014825","","","",""
"a2C4S0000008SkOUAU","0054S000000Ms6RQAS","","TwoColumnGrid","2020-06-02T17:59:20.000Z","0054S000000Ms6RQAS","2020-06-02T17:59:20.000Z","0054S000000Ms6RQAS","","Html.Layouts.TwoColumnGrid","42146492712301673","","","",""
"a2C4S0000008SkPUAU","0054S000000Ms6RQAS","","NoLayout","2020-06-02T17:59:20.000Z","0054S000000Ms6RQAS","2020-06-02T17:59:20.000Z","0054S000000Ms6RQAS","","Html.Layouts.NoLayout","42169342725117281","","","",""
"a2C4S0000008SkQUAU","0054S000000Ms6RQAS","","TableLayout","2020-06-02T17:59:20.000Z","0054S000000Ms6RQAS","2020-06-02T17:59:20.000Z","0054S000000Ms6RQAS","","Html.Layouts.TableLayout","42620365532126681","","","",""
"a2C4S0000008SkRUAU","0054S000000Ms6RQAS","","TwoColumnGrid","2020-06-02T17:59:20.000Z","0054S000000Ms6RQAS","2020-06-02T17:59:20.000Z","0054S000000Ms6RQAS","","Html.Layouts.TwoColumnGrid","42519078222946588","","","",""
"a2C4S0000008SkSUAU","0054S000000Ms6RQAS","","TwoColumnGrid","2020-06-02T17:59:20.000Z","0054S000000Ms6RQAS","2020-06-02T17:59:20.000Z","0054S000000Ms6RQAS","","Html.Layouts.TwoColumnGrid","42900817578682316","","","",""
"a2C4S0000008SkTUAU","0054S000000Ms6RQAS","","TwoColumnGrid","2020-06-02T17:59:20.000Z","0054S000000Ms6RQAS","2020-06-02T17:59:20.000Z","0054S000000Ms6RQAS","","Html.Layouts.TwoColumnGrid","42847769287868252","","","",""
"a2C4S0000008SkUUAU","0054S000000Ms6RQAS","","TwoColumnGrid","2020-06-02T17:59:20.000Z","0054S000000Ms6RQAS","2020-06-02T17:59:20.000Z","0054S000000Ms6RQAS","","Html.Layouts.TwoColumnGrid","42669823203539594","","","",""
"a2C4S0000008SkVUAU","0054S000000Ms6RQAS","","NoLayout","2020-06-02T17:59:20.000Z","0054S000000Ms6RQAS","2020-06-02T17:59:20.000Z","0054S000000Ms6RQAS","","Html.Layouts.NoLayout","42384311201975589","","","",""
"a2C4S0000008SkWUAU","0054S000000Ms6RQAS","","TableLayout","2020-06-02T17:59:20.000Z","0054S000000Ms6RQAS","2020-06-02T17:59:20.000Z","0054S000000Ms6RQAS","","Html.Layouts.TableLayout","42531362879136297","","","",""
"a2C4S0000008SkXUAU","0054S000000Ms6RQAS","","NoLayout","2020-06-02T17:59:20.000Z","0054S000000Ms6RQAS","2020-06-02T17:59:20.000Z","0054S000000Ms6RQAS","","Html.Layouts.NoLayout","42751939649328292","","","",""
"a2C4S0000008SkYUAU","0054S000000Ms6RQAS","","TwoColumnGrid","2020-06-02T17:59:20.000Z","0054S000000Ms6RQAS","2020-06-02T17:59:20.000Z","0054S000000Ms6RQAS","","Html.Layouts.TwoColumnGrid","42773908896226960","","","",""
"a2C4S0000008SkZUAU","0054S000000Ms6RQAS","","a2C4S0000008Sjv","2020-06-02T17:59:20.000Z","0054S000000Ms6RQAS","2020-06-02T17:59:20.000Z","0054S000000Ms6RQAS","","Html.Layouts.TwoColumnGrid","42602883660891171","","","",""
"a2C4S0000008SkaUAE","0054S000000Ms6RQAS","","a2C4S0000008Sjw","2020-06-02T17:59:20.000Z","0054S000000Ms6RQAS","2020-06-02T17:59:20.000Z","0054S000000Ms6RQAS","","Html.Layouts.NoLayout","42132174553340437","","","",""
"a2C4S0000008SkbUAE","0054S000000Ms6RQAS","","a2C4S0000008Sjx","2020-06-02T17:59:20.000Z","0054S000000Ms6RQAS","2020-06-02T17:59:20.000Z","0054S000000Ms6RQAS","","Html.Layouts.TwoColumnGrid","42997956297514313","","","",""
"a2C4S0000008SkcUAE","0054S000000Ms6RQAS","","a2C4S0000008Sjy","2020-06-02T17:59:20.000Z","0054S000000Ms6RQAS","2020-06-02T17:59:20.000Z","0054S000000Ms6RQAS","","Html.Layouts.TableLayout","42277618302278477","","","",""
"a2C4S0000008SkdUAE","0054S000000Ms6RQAS","","TableLayout","2020-06-02T17:59:20.000Z","0054S000000Ms6RQAS","2020-06-02T17:59:20.000Z","0054S000000Ms6RQAS","","Html.Layouts.TableLayout","42639214814984500","","","",""
"a2C4S0000008SkeUAE","0054S000000Ms6RQAS","","TableLayout","2020-06-02T17:59:20.000Z","0054S000000Ms6RQAS","2020-06-02T17:59:20.000Z","0054S000000Ms6RQAS","","Html.Layouts.TableLayout","42526294784406726","","","",""
"a2C4S0000008SkfUAE","0054S000000Ms6RQAS","","TableLayout","2020-06-02T17:59:20.000Z","0054S000000Ms6RQAS","2020-06-02T17:59:20.000Z","0054S000000Ms6RQAS","","Html.Layouts.TableLayout","42121038868915629","","","",""
"a2C4S0000008SkgUAE","0054S000000Ms6RQAS","","TableLayout","2020-06-02T17:59:20.000Z","0054S000000Ms6RQAS","2020-06-02T17:59:20.000Z","0054S000000Ms6RQAS","","Html.Layouts.TableLayout","42781554932218472","","","",""
"a2C4S0000008SkhUAE","0054S000000Ms6RQAS","","NoLayout","2020-06-02T17:59:20.000Z","0054S000000Ms6RQAS","2020-06-02T17:59:20.000Z","0054S000000Ms6RQAS","","Html.Layouts.NoLayout","42990651759575759","","","",""
"a2C4S0000008SkiUAE","0054S000000Ms6RQAS","","NoLayout","2020-06-02T17:59:20.000Z","0054S000000Ms6RQAS","2020-06-02T17:59:20.000Z","0054S000000Ms6RQAS","","Html.Layouts.NoLayout","42532506947246929","","","",""
"a2C4S0000008SkjUAE","0054S000000Ms6RQAS","","NoLayout","2020-06-02T17:59:20.000Z","0054S000000Ms6RQAS","2020-06-02T17:59:20.000Z","0054S000000Ms6RQAS","","Html.Layouts.NoLayout","42700987219415668","","","",""
"a2C4S0000008SkkUAE","0054S000000Ms6RQAS","","TwoColumnGrid","2020-06-02T17:59:20.000Z","0054S000000Ms6RQAS","2020-06-02T17:59:20.000Z","0054S000000Ms6RQAS","","Html.Layouts.TwoColumnGrid","42918547955965319","","","",""
"a2C4S0000008SklUAE","0054S000000Ms6RQAS","","TableLayout","2020-06-02T17:59:20.000Z","0054S000000Ms6RQAS","2020-06-02T17:59:20.000Z","0054S000000Ms6RQAS","","Html.Layouts.TableLayout","42722940305699314","","","",""
"a2C4S0000008SkmUAE","0054S000000Ms6RQAS","","TableLayout","2020-06-02T17:59:20.000Z","0054S000000Ms6RQAS","2020-06-02T17:59:20.000Z","0054S000000Ms6RQAS","","Html.Layouts.TableLayout","42668579906203348","","","",""
"a2C4S0000008SkqUAE","0054S000000Ms6RQAS","","NoLayout","2020-06-02T17:59:20.000Z","0054S000000Ms6RQAS","2020-06-02T17:59:20.000Z","0054S000000Ms6RQAS","","Html.Layouts.NoLayout","42079178035240144","","","",""
"a2C4S0000008SknUAE","0054S000000Ms6RQAS","","TableLayout","2020-06-02T17:59:20.000Z","0054S000000Ms6RQAS","2020-06-02T17:59:20.000Z","0054S000000Ms6RQAS","","Html.Layouts.TableLayout","42877662988483812","","","",""
"a2C4S0000008SkoUAE","0054S000000Ms6RQAS","","NoLayout","2020-06-02T17:59:20.000Z","0054S000000Ms6RQAS","2020-06-02T17:59:20.000Z","0054S000000Ms6RQAS","","Html.Layouts.NoLayout","42083125681653037","","","",""
"a2C4S0000008SkpUAE","0054S000000Ms6RQAS","","NoLayout","2020-06-02T17:59:20.000Z","0054S000000Ms6RQAS","2020-06-02T17:59:20.000Z","0054S000000Ms6RQAS","","Html.Layouts.NoLayout","42065648184418591","","","",""
"a2C4S0000008SkrUAE","0054S000000Ms6RQAS","","TwoColumnGrid","2020-06-02T17:59:20.000Z","0054S000000Ms6RQAS","2020-06-02T17:59:20.000Z","0054S000000Ms6RQAS","","Html.Layouts.TwoColumnGrid","42908826202341498","","","",""
"a2C4S0000008SksUAE","0054S000000Ms6RQAS","","TableLayout","2020-06-02T17:59:20.000Z","0054S000000Ms6RQAS","2020-06-02T17:59:20.000Z","0054S000000Ms6RQAS","","Html.Layouts.TableLayout","42356446456631955","","","",""
"a2C4S0000008SktUAE","0054S000000Ms6RQAS","","TableLayout","2020-06-02T17:59:20.000Z","0054S000000Ms6RQAS","2020-06-02T17:59:20.000Z","0054S000000Ms6RQAS","","Html.Layouts.TableLayout","42233769562941404","","","",""
"a2C4S0000008SkuUAE","0054S000000Ms6RQAS","","a2C4S0000008SkG","2020-06-02T17:59:20.000Z","0054S000000Ms6RQAS","2020-06-02T17:59:20.000Z","0054S000000Ms6RQAS","","Html.Layouts.NoLayout","42993010170056470","","","",""
"a2C4S0000008SkvUAE","0054S000000Ms6RQAS","","NoLayout","2020-06-02T17:59:20.000Z","0054S000000Ms6RQAS","2020-06-02T17:59:20.000Z","0054S000000Ms6RQAS","","Html.Layouts.NoLayout","42081692587235635","","","",""
"a2C4S0000008SkwUAE","0054S000000Ms6RQAS","","NoLayout","2020-06-02T17:59:20.000Z","0054S000000Ms6RQAS","2020-06-02T17:59:20.000Z","0054S000000Ms6RQAS","","Html.Layouts.NoLayout","42693477507543367","","","",""
"a2C4S0000008SkxUAE","0054S000000Ms6RQAS","","TableLayout","2020-06-02T17:59:20.000Z","0054S000000Ms6RQAS","2020-06-02T17:59:20.000Z","0054S000000Ms6RQAS","","Html.Layouts.TableLayout","42094486659861444","","","",""
"a2C4S0000008SkyUAE","0054S000000Ms6RQAS","","TableLayout","2020-06-02T17:59:20.000Z","0054S000000Ms6RQAS","2020-06-02T17:59:20.000Z","0054S000000Ms6RQAS","","Html.Layouts.TableLayout","42232524939906798","","","",""
"a2C4S0000008SkzUAE","0054S000000Ms6RQAS","","NoLayout","2020-06-02T17:59:20.000Z","0054S000000Ms6RQAS","2020-06-02T17:59:20.000Z","0054S000000Ms6RQAS","","Html.Layouts.NoLayout","42098095943303872","","","",""
"a2C4S0000008Sl0UAE","0054S000000Ms6RQAS","","TableLayout","2020-06-02T17:59:20.000Z","0054S000000Ms6RQAS","2020-06-02T17:59:20.000Z","0054S000000Ms6RQAS","","Html.Layouts.TableLayout","42933533655216014","","","",""
"a2C4S0000008Sl1UAE","0054S000000Ms6RQAS","","a2C4S0000008SoY","2020-06-02T17:59:20.000Z","0054S000000Ms6RQAS","2020-06-02T17:59:20.000Z","0054S000000Ms6RQAS","","Html.Layouts.NoLayout","42256841527542845","","","",""
"a2C4S0000008Sl2UAE","0054S000000Ms6RQAS","","NoLayout","2020-06-02T17:59:20.000Z","0054S000000Ms6RQAS","2020-06-02T17:59:20.000Z","0054S000000Ms6RQAS","","Html.Layouts.NoLayout","42635826919022175","","","",""
"a2C4S0000008Sl3UAE","0054S000000Ms6RQAS","","NoLayout","2020-06-02T17:59:20.000Z","0054S000000Ms6RQAS","2020-06-02T17:59:20.000Z","0054S000000Ms6RQAS","","Html.Layouts.NoLayout","42520928322491718","","","",""
"a2C4S0000008Sl4UAE","0054S000000Ms6RQAS","","TableLayout","2020-06-02T17:59:20.000Z","0054S000000Ms6RQAS","2020-06-02T17:59:20.000Z","0054S000000Ms6RQAS","","Html.Layouts.TableLayout","42681153805804257","","","",""
"a2C4S0000008Sl5UAE","0054S000000Ms6RQAS","","TableLayout","2020-06-02T17:59:20.000Z","0054S000000Ms6RQAS","2020-06-02T17:59:20.000Z","0054S000000Ms6RQAS","","Html.Layouts.TableLayout","42661606974443232","","","",""
"a2C4S0000008Sl6UAE","0054S000000Ms6RQAS","","a2C4S0000008SoX","2020-06-02T17:59:20.000Z","0054S000000Ms6RQAS","2020-06-02T17:59:20.000Z","0054S000000Ms6RQAS","","Html.Layouts.NoLayout","42120116585019477","","","",""
"a2C4S0000008Sl7UAE","0054S000000Ms6RQAS","","a2C4S0000008Sod","2020-06-02T17:59:20.000Z","0054S000000Ms6RQAS","2020-06-02T17:59:20.000Z","0054S000000Ms6RQAS","","Html.Layouts.TwoColumnGrid","42326042156281411","","","",""
"a2C4S0000008Sl8UAE","0054S000000Ms6RQAS","","a2C4S0000008SpF","2020-06-02T17:59:20.000Z","0054S000000Ms6RQAS","2020-06-02T17:59:20.000Z","0054S000000Ms6RQAS","","Html.Layouts.TableLayout","42832930268140494","","","",""
"a2C4S0000008Sl9UAE","0054S000000Ms6RQAS","","TableLayout","2020-06-02T17:59:20.000Z","0054S000000Ms6RQAS","2020-06-02T17:59:20.000Z","0054S000000Ms6RQAS","","Html.Layouts.TableLayout","42086710567758560","","","",""
"a2C4S0000008SlAUAU","0054S000000Ms6RQAS","","TableLayout","2020-06-02T17:59:20.000Z","0054S000000Ms6RQAS","2020-06-02T17:59:20.000Z","0054S000000Ms6RQAS","","Html.Layouts.TableLayout","42082475675615406","","","",""
"a2C4S0000008SlBUAU","0054S000000Ms6RQAS","","TableLayout","2020-06-02T17:59:20.000Z","0054S000000Ms6RQAS","2020-06-02T17:59:20.000Z","0054S000000Ms6RQAS","","Html.Layouts.TableLayout","42104693735454396","","","",""
"a2C4S0000008SlCUAU","0054S000000Ms6RQAS","","TableLayout","2020-06-02T17:59:20.000Z","0054S000000Ms6RQAS","2020-06-02T17:59:20.000Z","0054S000000Ms6RQAS","","Html.Layouts.TableLayout","42521587643152495","","","",""
"a2C4S0000008SlDUAU","0054S000000Ms6RQAS","","a2C4S0000008Sne","2020-06-02T17:59:20.000Z","0054S000000Ms6RQAS","2020-06-02T17:59:20.000Z","0054S000000Ms6RQAS","","Html.Layouts.TwoColumnGrid","42726656564228274","","","",""
"a2C4S0000008SlEUAU","0054S000000Ms6RQAS","","NoLayout","2020-06-02T17:59:20.000Z","0054S000000Ms6RQAS","2020-06-02T17:59:20.000Z","0054S000000Ms6RQAS","","Html.Layouts.NoLayout","42845868951222267","","","",""
"a2C4S0000008SlFUAU","0054S000000Ms6RQAS","","TwoColumnGrid","2020-06-02T17:59:20.000Z","0054S000000Ms6RQAS","2020-06-02T17:59:20.000Z","0054S000000Ms6RQAS","","Html.Layouts.TwoColumnGrid","42580082760911609","","","",""
"a2C4S0000008SlGUAU","0054S000000Ms6RQAS","","NoLayout","2020-06-02T17:59:20.000Z","0054S000000Ms6RQAS","2020-06-02T17:59:20.000Z","0054S000000Ms6RQAS","","Html.Layouts.NoLayout","42407835641869824","","","",""
"a2C4S0000008SlHUAU","0054S000000Ms6RQAS","","TableLayout","2020-06-02T17:59:20.000Z","0054S000000Ms6RQAS","2020-06-02T17:59:20.000Z","0054S000000Ms6RQAS","","Html.Layouts.TableLayout","42619051702922350","","","",""
"a2C4S0000008SlIUAU","0054S000000Ms6RQAS","","NoLayout","2020-06-02T17:59:20.000Z","0054S000000Ms6RQAS","2020-06-02T17:59:20.000Z","0054S000000Ms6RQAS","","Html.Layouts.NoLayout","42343740029350087","","","",""
"a2C4S0000008SlJUAU","0054S000000Ms6RQAS","","NoLayout","2020-06-02T17:59:20.000Z","0054S000000Ms6RQAS","2020-06-02T17:59:20.000Z","0054S000000Ms6RQAS","","Html.Layouts.NoLayout","42869124256888646","","","",""
"a2C4S0000008SlKUAU","0054S000000Ms6RQAS","","NoLayout","2020-06-02T17:59:20.000Z","0054S000000Ms6RQAS","2020-06-02T17:59:20.000Z","0054S000000Ms6RQAS","","Html.Layouts.NoLayout","42794141815302401","","","",""
"a2C4S0000008SlLUAU","0054S000000Ms6RQAS","","TwoColumnGrid","2020-06-02T17:59:20.000Z","0054S000000Ms6RQAS","2020-06-02T17:59:20.000Z","0054S000000Ms6RQAS","","Html.Layouts.TwoColumnGrid","42858287260041640","","","",""
"a2C4S0000008SlMUAU","0054S000000Ms6RQAS","","TableLayout","2020-06-02T17:59:20.000Z","0054S000000Ms6RQAS","2020-06-02T17:59:20.000Z","0054S000000Ms6RQAS","","Html.Layouts.TableLayout","42174789228072740","","","",""
"a2C4S0000008SlNUAU","0054S000000Ms6RQAS","","TableLayout","2020-06-02T17:59:20.000Z","0054S000000Ms6RQAS","2020-06-02T17:59:20.000Z","0054S000000Ms6RQAS","","Html.Layouts.TableLayout","42727254332336081","","","",""
"a2C4S0000008SlOUAU","0054S000000Ms6RQAS","","TableLayout","2020-06-02T17:59:20.000Z","0054S000000Ms6RQAS","2020-06-02T17:59:20.000Z","0054S000000Ms6RQAS","","Html.Layouts.TableLayout","42425437554723861","","","",""
"a2C4S0000008SlPUAU","0054S000000Ms6RQAS","","NoLayout","2020-06-02T17:59:20.000Z","0054S000000Ms6RQAS","2020-06-02T17:59:20.000Z","0054S000000Ms6RQAS","","Html.Layouts.NoLayout","42511270650214381","","","",""
"a2C4S0000008SlQUAU","0054S000000Ms6RQAS","","NoLayout","2020-06-02T17:59:20.000Z","0054S000000Ms6RQAS","2020-06-02T17:59:20.000Z","0054S000000Ms6RQAS","","Html.Layouts.NoLayout","42372898430177512","","","",""
"a2C4S0000008SlUUAU","0054S000000Ms6RQAS","","TableLayout","2020-06-02T17:59:20.000Z","0054S000000Ms6RQAS","2020-06-02T17:59:20.000Z","0054S000000Ms6RQAS","","Html.Layouts.TableLayout","42810102545878207","","","",""
"a2C4S0000008SlRUAU","0054S000000Ms6RQAS","","NoLayout","2020-06-02T17:59:20.000Z","0054S000000Ms6RQAS","2020-06-02T17:59:20.000Z","0054S000000Ms6RQAS","","Html.Layouts.NoLayout","42328976997878952","","","",""
"a2C4S0000008SlSUAU","0054S000000Ms6RQAS","","TwoColumnGrid","2020-06-02T17:59:20.000Z","0054S000000Ms6RQAS","2020-06-02T17:59:20.000Z","0054S000000Ms6RQAS","","Html.Layouts.TwoColumnGrid","42411598921415554","","","",""
"a2C4S0000008SlTUAU","0054S000000Ms6RQAS","","TableLayout","2020-06-02T17:59:20.000Z","0054S000000Ms6RQAS","2020-06-02T17:59:20.000Z","0054S000000Ms6RQAS","","Html.Layouts.TableLayout","42577812337464528","","","",""
"a2C4S0000008SlVUAU","0054S000000Ms6RQAS","","NoLayout","2020-06-02T17:59:20.000Z","0054S000000Ms6RQAS","2020-06-02T17:59:20.000Z","0054S000000Ms6RQAS","","Html.Layouts.NoLayout","42348664490751858","","","",""
"a2C4S0000008SlWUAU","0054S000000Ms6RQAS","","TwoColumnGrid","2020-06-02T17:59:20.000Z","0054S000000Ms6RQAS","2020-06-02T17:59:20.000Z","0054S000000Ms6RQAS","","Html.Layouts.TwoColumnGrid","42532715034774680","","","",""
"a2C4S0000008SlXUAU","0054S000000Ms6RQAS","","a2C4S0000008Sjv","2020-06-02T17:59:20.000Z","0054S000000Ms6RQAS","2020-06-02T17:59:20.000Z","0054S000000Ms6RQAS","","Html.Layouts.TwoColumnGrid","42181740492912154","","","",""
"a2C4S0000008SlYUAU","0054S000000Ms6RQAS","","a2C4S0000008Sjw","2020-06-02T17:59:20.000Z","0054S000000Ms6RQAS","2020-06-02T17:59:20.000Z","0054S000000Ms6RQAS","","Html.Layouts.NoLayout","42964585537221837","","","",""
"a2C4S0000008SlZUAU","0054S000000Ms6RQAS","","a2C4S0000008Sjx","2020-06-02T17:59:20.000Z","0054S000000Ms6RQAS","2020-06-02T17:59:20.000Z","0054S000000Ms6RQAS","","Html.Layouts.TwoColumnGrid","42914370872735846","","","",""
"a2C4S0000008SlaUAE","0054S000000Ms6RQAS","","a2C4S0000008Sjy","2020-06-02T17:59:20.000Z","0054S000000Ms6RQAS","2020-06-02T17:59:20.000Z","0054S000000Ms6RQAS","","Html.Layouts.TableLayout","42997724854681455","","","",""
"a2C4S0000008SlbUAE","0054S000000Ms6RQAS","","TableLayout","2020-06-02T17:59:20.000Z","0054S000000Ms6RQAS","2020-06-02T17:59:20.000Z","0054S000000Ms6RQAS","","Html.Layouts.TableLayout","42101266568262913","","","",""
"a2C4S0000008SlcUAE","0054S000000Ms6RQAS","","TableLayout","2020-06-02T17:59:20.000Z","0054S000000Ms6RQAS","2020-06-02T17:59:20.000Z","0054S000000Ms6RQAS","","Html.Layouts.TableLayout","42284631976692773","","","",""
"a2C4S0000008SldUAE","0054S000000Ms6RQAS","","TableLayout","2020-06-02T17:59:20.000Z","0054S000000Ms6RQAS","2020-06-02T17:59:20.000Z","0054S000000Ms6RQAS","","Html.Layouts.TableLayout","42991159464469229","","","",""
"a2C4S0000008SleUAE","0054S000000Ms6RQAS","","TableLayout","2020-06-02T17:59:20.000Z","0054S000000Ms6RQAS","2020-06-02T17:59:20.000Z","0054S000000Ms6RQAS","","Html.Layouts.TableLayout","42470104012813092","","","",""
"a2C4S0000008SlfUAE","0054S000000Ms6RQAS","","NoLayout","2020-06-02T17:59:20.000Z","0054S000000Ms6RQAS","2020-06-02T17:59:20.000Z","0054S000000Ms6RQAS","","Html.Layouts.NoLayout","42904840371635291","","","",""
"a2C4S0000008SlgUAE","0054S000000Ms6RQAS","","NoLayout","2020-06-02T17:59:20.000Z","0054S000000Ms6RQAS","2020-06-02T17:59:20.000Z","0054S000000Ms6RQAS","","Html.Layouts.NoLayout","42434059573199779","","","",""
"a2C4S0000008SlhUAE","0054S000000Ms6RQAS","","NoLayout","2020-06-02T17:59:20.000Z","0054S000000Ms6RQAS","2020-06-02T17:59:20.000Z","0054S000000Ms6RQAS","","Html.Layouts.NoLayout","42183792682930245","","","",""
"a2C4S0000008SliUAE","0054S000000Ms6RQAS","","TwoColumnGrid","2020-06-02T17:59:20.000Z","0054S000000Ms6RQAS","2020-06-02T17:59:20.000Z","0054S000000Ms6RQAS","","Html.Layouts.TwoColumnGrid","42737189874843078","","","",""
"a2C4S0000008SljUAE","0054S000000Ms6RQAS","","TableLayout","2020-06-02T17:59:20.000Z","0054S000000Ms6RQAS","2020-06-02T17:59:20.000Z","0054S000000Ms6RQAS","","Html.Layouts.TableLayout","42998540837092807","","","",""
"a2C4S0000008SlkUAE","0054S000000Ms6RQAS","","TableLayout","2020-06-02T17:59:20.000Z","0054S000000Ms6RQAS","2020-06-02T17:59:20.000Z","0054S000000Ms6RQAS","","Html.Layouts.TableLayout","42118223821834365","","","",""
"a2C4S0000008SllUAE","0054S000000Ms6RQAS","","TableLayout","2020-06-02T17:59:20.000Z","0054S000000Ms6RQAS","2020-06-02T17:59:20.000Z","0054S000000Ms6RQAS","","Html.Layouts.TableLayout","42500222674648094","","","",""
"a2C4S0000008SlmUAE","0054S000000Ms6RQAS","","NoLayout","2020-06-02T17:59:20.000Z","0054S000000Ms6RQAS","2020-06-02T17:59:20.000Z","0054S000000Ms6RQAS","","Html.Layouts.NoLayout","42690008547840206","","","",""
"a2C4S0000008SlnUAE","0054S000000Ms6RQAS","","NoLayout","2020-06-02T17:59:20.000Z","0054S000000Ms6RQAS","2020-06-02T17:59:20.000Z","0054S000000Ms6RQAS","","Html.Layouts.NoLayout","42524615961081221","","","",""
"a2C4S0000008SloUAE","0054S000000Ms6RQAS","","NoLayout","2020-06-02T17:59:20.000Z","0054S000000Ms6RQAS","2020-06-02T17:59:20.000Z","0054S000000Ms6RQAS","","Html.Layouts.NoLayout","42832575289569338","","","",""
"a2C4S0000008SlpUAE","0054S000000Ms6RQAS","","TwoColumnGrid","2020-06-02T17:59:20.000Z","0054S000000Ms6RQAS","2020-06-02T17:59:20.000Z","0054S000000Ms6RQAS","","Html.Layouts.TwoColumnGrid","42145399910126239","","","",""
"a2C4S0000008SlqUAE","0054S000000Ms6RQAS","","TableLayout","2020-06-02T17:59:20.000Z","0054S000000Ms6RQAS","2020-06-02T17:59:20.000Z","0054S000000Ms6RQAS","","Html.Layouts.TableLayout","42402803387864621","","","",""
"a2C4S0000008SlrUAE","0054S000000Ms6RQAS","","TableLayout","2020-06-02T17:59:20.000Z","0054S000000Ms6RQAS","2020-06-02T17:59:20.000Z","0054S000000Ms6RQAS","","Html.Layouts.TableLayout","42278795177909238","","","",""
"a2C4S0000008SlsUAE","0054S000000Ms6RQAS","","a2C4S0000008SkG","2020-06-02T17:59:20.000Z","0054S000000Ms6RQAS","2020-06-02T17:59:20.000Z","0054S000000Ms6RQAS","","Html.Layouts.NoLayout","42664141522760817","","","",""
"a2C4S0000008SltUAE","0054S000000Ms6RQAS","","NoLayout","2020-06-02T17:59:20.000Z","0054S000000Ms6RQAS","2020-06-02T17:59:20.000Z","0054S000000Ms6RQAS","","Html.Layouts.NoLayout","42469222504065381","","","",""
"a2C4S0000008SluUAE","0054S000000Ms6RQAS","","NoLayout","2020-06-02T17:59:20.000Z","0054S000000Ms6RQAS","2020-06-02T17:59:20.000Z","0054S000000Ms6RQAS","","Html.Layouts.NoLayout","42919046928169907","","","",""
"a2C4S0000008SlvUAE","0054S000000Ms6RQAS","","TableLayout","2020-06-02T17:59:20.000Z","0054S000000Ms6RQAS","2020-06-02T17:59:20.000Z","0054S000000Ms6RQAS","","Html.Layouts.TableLayout","42477456619707883","","","",""
"a2C4S0000008SlwUAE","0054S000000Ms6RQAS","","TableLayout","2020-06-02T17:59:20.000Z","0054S000000Ms6RQAS","2020-06-02T17:59:20.000Z","0054S000000Ms6RQAS","","Html.Layouts.TableLayout","42825433022919320","","","",""
"a2C4S0000008SlxUAE","0054S000000Ms6RQAS","","NoLayout","2020-06-02T17:59:20.000Z","0054S000000Ms6RQAS","2020-06-02T17:59:20.000Z","0054S000000Ms6RQAS","","Html.Layouts.NoLayout","42772989287283335","","","",""
"a2C4S0000008SlyUAE","0054S000000Ms6RQAS","","TableLayout","2020-06-02T17:59:20.000Z","0054S000000Ms6RQAS","2020-06-02T17:59:20.000Z","0054S000000Ms6RQAS","","Html.Layouts.TableLayout","42181492733725015","","","",""
"a2C4S0000008SlzUAE","0054S000000Ms6RQAS","","a2C4S0000008SoY","2020-06-02T17:59:20.000Z","0054S000000Ms6RQAS","2020-06-02T17:59:20.000Z","0054S000000Ms6RQAS","","Html.Layouts.NoLayout","42394767734413769","","","",""
"a2C4S0000008Sm3UAE","0054S000000Ms6RQAS","","TableLayout","2020-06-02T17:59:20.000Z","0054S000000Ms6RQAS","2020-06-02T17:59:20.000Z","0054S000000Ms6RQAS","","Html.Layouts.TableLayout","42922273483831512","","","",""
"a2C4S0000008Sm0UAE","0054S000000Ms6RQAS","","NoLayout","2020-06-02T17:59:20.000Z","0054S000000Ms6RQAS","2020-06-02T17:59:20.000Z","0054S000000Ms6RQAS","","Html.Layouts.NoLayout","42585060104000105","","","",""
"a2C4S0000008Sm1UAE","0054S000000Ms6RQAS","","NoLayout","2020-06-02T17:59:20.000Z","0054S000000Ms6RQAS","2020-06-02T17:59:20.000Z","0054S000000Ms6RQAS","","Html.Layouts.NoLayout","42170807467727324","","","",""
"a2C4S0000008Sm2UAE","0054S000000Ms6RQAS","","TableLayout","2020-06-02T17:59:20.000Z","0054S000000Ms6RQAS","2020-06-02T17:59:20.000Z","0054S000000Ms6RQAS","","Html.Layouts.TableLayout","42459628760705047","","","",""
"a2C4S0000008Sm4UAE","0054S000000Ms6RQAS","","a2C4S0000008SoX","2020-06-02T17:59:20.000Z","0054S000000Ms6RQAS","2020-06-02T17:59:20.000Z","0054S000000Ms6RQAS","","Html.Layouts.NoLayout","42312424200261387","","","",""
"a2C4S0000008Sm8UAE","0054S000000Ms6RQAS","","TableLayout","2020-06-02T17:59:20.000Z","0054S000000Ms6RQAS","2020-06-02T17:59:20.000Z","0054S000000Ms6RQAS","","Html.Layouts.TableLayout","42336165314883492","","","",""
"a2C4S0000008Sm5UAE","0054S000000Ms6RQAS","","a2C4S0000008Sod","2020-06-02T17:59:20.000Z","0054S000000Ms6RQAS","2020-06-02T17:59:20.000Z","0054S000000Ms6RQAS","","Html.Layouts.TwoColumnGrid","42472809413599238","","","",""
"a2C4S0000008Sm6UAE","0054S000000Ms6RQAS","","a2C4S0000008SpF","2020-06-02T17:59:20.000Z","0054S000000Ms6RQAS","2020-06-02T17:59:20.000Z","0054S000000Ms6RQAS","","Html.Layouts.TableLayout","42729904140850920","","","",""
"a2C4S0000008Sm7UAE","0054S000000Ms6RQAS","","TableLayout","2020-06-02T17:59:20.000Z","0054S000000Ms6RQAS","2020-06-02T17:59:20.000Z","0054S000000Ms6RQAS","","Html.Layouts.TableLayout","42415769122350057","","","",""
"a2C4S0000008Sm9UAE","0054S000000Ms6RQAS","","TableLayout","2020-06-02T17:59:20.000Z","0054S000000Ms6RQAS","2020-06-02T17:59:20.000Z","0054S000000Ms6RQAS","","Html.Layouts.TableLayout","42409064166816951","","","",""
"a2C4S0000008SmAUAU","0054S000000Ms6RQAS","","TableLayout","2020-06-02T17:59:20.000Z","0054S000000Ms6RQAS","2020-06-02T17:59:20.000Z","0054S000000Ms6RQAS","","Html.Layouts.TableLayout","42864839105325659","","","",""
"a2C4S0000008SmBUAU","0054S000000Ms6RQAS","","a2C4S0000008Sne","2020-06-02T17:59:20.000Z","0054S000000Ms6RQAS","2020-06-02T17:59:20.000Z","0054S000000Ms6RQAS","","Html.Layouts.TwoColumnGrid","42709375925035346","","","",""
"a2C4S0000008SmCUAU","0054S000000Ms6RQAS","","NoLayout","2020-06-02T17:59:20.000Z","0054S000000Ms6RQAS","2020-06-02T17:59:20.000Z","0054S000000Ms6RQAS","","Html.Layouts.NoLayout","42531122614970274","","","",""
"a2C4S0000008SmDUAU","0054S000000Ms6RQAS","","TwoColumnGrid","2020-06-02T17:59:20.000Z","0054S000000Ms6RQAS","2020-06-02T17:59:20.000Z","0054S000000Ms6RQAS","","Html.Layouts.TwoColumnGrid","42067791423605440","","","",""
"a2C4S0000008SmEUAU","0054S000000Ms6RQAS","","NoLayout","2020-06-02T17:59:20.000Z","0054S000000Ms6RQAS","2020-06-02T17:59:20.000Z","0054S000000Ms6RQAS","","Html.Layouts.NoLayout","42166612154883022","","","",""
"a2C4S0000008SmFUAU","0054S000000Ms6RQAS","","TableLayout","2020-06-02T17:59:20.000Z","0054S000000Ms6RQAS","2020-06-02T17:59:20.000Z","0054S000000Ms6RQAS","","Html.Layouts.TableLayout","42204914953911305","","","",""
"a2C4S0000008SmGUAU","0054S000000Ms6RQAS","","NoLayout","2020-06-02T17:59:20.000Z","0054S000000Ms6RQAS","2020-06-02T17:59:20.000Z","0054S000000Ms6RQAS","","Html.Layouts.NoLayout","42488372157222104","","","",""
"a2C4S0000008SmHUAU","0054S000000Ms6RQAS","","NoLayout","2020-06-02T17:59:20.000Z","0054S000000Ms6RQAS","2020-06-02T17:59:20.000Z","0054S000000Ms6RQAS","","Html.Layouts.NoLayout","42703179724077100","","","",""
"a2C4S0000008SmIUAU","0054S000000Ms6RQAS","","NoLayout","2020-06-02T17:59:20.000Z","0054S000000Ms6RQAS","2020-06-02T17:59:20.000Z","0054S000000Ms6RQAS","","Html.Layouts.NoLayout","42543207904564414","","","",""
"a2C4S0000008SmJUAU","0054S000000Ms6RQAS","","TwoColumnGrid","2020-06-02T17:59:20.000Z","0054S000000Ms6RQAS","2020-06-02T17:59:20.000Z","0054S000000Ms6RQAS","","Html.Layouts.TwoColumnGrid","42258377132358616","","","",""
"a2C4S0000008SmKUAU","0054S000000Ms6RQAS","","TableLayout","2020-06-02T17:59:20.000Z","0054S000000Ms6RQAS","2020-06-02T17:59:20.000Z","0054S000000Ms6RQAS","","Html.Layouts.TableLayout","42329843278435229","","","",""
"a2C4S0000008SmLUAU","0054S000000Ms6RQAS","","TableLayout","2020-06-02T17:59:20.000Z","0054S000000Ms6RQAS","2020-06-02T17:59:20.000Z","0054S000000Ms6RQAS","","Html.Layouts.TableLayout","42338401831305355","","","",""
"a2C4S0000008SmMUAU","0054S000000Ms6RQAS","","TableLayout","2020-06-02T17:59:20.000Z","0054S000000Ms6RQAS","2020-06-02T17:59:20.000Z","0054S000000Ms6RQAS","","Html.Layouts.TableLayout","42214209934210526","","","",""
"a2C4S0000008SmNUAU","0054S000000Ms6RQAS","","NoLayout","2020-06-02T17:59:20.000Z","0054S000000Ms6RQAS","2020-06-02T17:59:20.000Z","0054S000000Ms6RQAS","","Html.Layouts.NoLayout","42104355050236687","","","",""
"a2C4S0000008SmOUAU","0054S000000Ms6RQAS","","NoLayout","2020-06-02T17:59:20.000Z","0054S000000Ms6RQAS","2020-06-02T17:59:20.000Z","0054S000000Ms6RQAS","","Html.Layouts.NoLayout","42452948179567947","","","",""
"a2C4S0000008SmPUAU","0054S000000Ms6RQAS","","NoLayout","2020-06-02T17:59:20.000Z","0054S000000Ms6RQAS","2020-06-02T17:59:20.000Z","0054S000000Ms6RQAS","","Html.Layouts.NoLayout","42549334839494901","","","",""
"a2C4S0000008SmQUAU","0054S000000Ms6RQAS","","TwoColumnGrid","2020-06-02T17:59:20.000Z","0054S000000Ms6RQAS","2020-06-02T17:59:20.000Z","0054S000000Ms6RQAS","","Html.Layouts.TwoColumnGrid","42927269250423828","","","",""
"a2C4S0000008SmRUAU","0054S000000Ms6RQAS","","TableLayout","2020-06-02T17:59:20.000Z","0054S000000Ms6RQAS","2020-06-02T17:59:20.000Z","0054S000000Ms6RQAS","","Html.Layouts.TableLayout","42774578388556172","","","",""
"a2C4S0000008SmSUAU","0054S000000Ms6RQAS","","TableLayout","2020-06-02T17:59:20.000Z","0054S000000Ms6RQAS","2020-06-02T17:59:20.000Z","0054S000000Ms6RQAS","","Html.Layouts.TableLayout","42030986292338067","","","",""
"a2C4S0000008SmTUAU","0054S000000Ms6RQAS","","a2C4S0000008Snc","2020-06-02T17:59:20.000Z","0054S000000Ms6RQAS","2020-06-02T17:59:20.000Z","0054S000000Ms6RQAS","","Html.Layouts.NoLayout","42260257429225931","","","",""
"a2C4S0000008SmUUAU","0054S000000Ms6RQAS","","a2C4S0000008Soe","2020-06-02T17:59:20.000Z","0054S000000Ms6RQAS","2020-06-02T17:59:20.000Z","0054S000000Ms6RQAS","","Html.Layouts.NoLayout","42342760897485900","","","",""
"a2C4S0000008SmVUAU","0054S000000Ms6RQAS","","a2C4S0000008SpG","2020-06-02T17:59:20.000Z","0054S000000Ms6RQAS","2020-06-02T17:59:20.000Z","0054S000000Ms6RQAS","","Html.Layouts.NoLayout","42654460745241458","","","",""
"a2C4S0000008SmWUAU","0054S000000Ms6RQAS","","a2C4S0000008SpW","2020-06-02T17:59:20.000Z","0054S000000Ms6RQAS","2020-06-02T17:59:20.000Z","0054S000000Ms6RQAS","","Html.Layouts.TableLayout","42239210316264297","","","",""
"a2C4S0000008SmXUAU","0054S000000Ms6RQAS","","TableLayout","2020-06-02T17:59:20.000Z","0054S000000Ms6RQAS","2020-06-02T17:59:20.000Z","0054S000000Ms6RQAS","","Html.Layouts.TableLayout","42170640031985118","","","",""
"a2C4S0000008SmYUAU","0054S000000Ms6RQAS","","a2C4S0000008Snj","2020-06-02T17:59:20.000Z","0054S000000Ms6RQAS","2020-06-02T17:59:20.000Z","0054S000000Ms6RQAS","","Html.Layouts.NoLayout","42958990123167127","","","",""
"a2C4S0000008SmZUAU","0054S000000Ms6RQAS","","a2C4S0000008Sov","2020-06-02T17:59:20.000Z","0054S000000Ms6RQAS","2020-06-02T17:59:20.000Z","0054S000000Ms6RQAS","","Html.Layouts.NoLayout","42695500809513749","","","",""
"a2C4S0000008SmaUAE","0054S000000Ms6RQAS","","a2C4S0000008SpP","2020-06-02T17:59:20.000Z","0054S000000Ms6RQAS","2020-06-02T17:59:20.000Z","0054S000000Ms6RQAS","","Html.Layouts.TableLayout","42991079065622312","","","",""
"a2C4S0000008SmbUAE","0054S000000Ms6RQAS","","a2C4S0000008Snk","2020-06-02T17:59:20.000Z","0054S000000Ms6RQAS","2020-06-02T17:59:20.000Z","0054S000000Ms6RQAS","","Html.Layouts.NoLayout","42988329077586649","","","",""
"a2C4S0000008SmcUAE","0054S000000Ms6RQAS","","a2C4S0000008Sou","2020-06-02T17:59:20.000Z","0054S000000Ms6RQAS","2020-06-02T17:59:20.000Z","0054S000000Ms6RQAS","","Html.Layouts.TableLayout","42966846569913923","","","",""
"a2C4S0000008SmdUAE","0054S000000Ms6RQAS","","a2C4S0000008Snl","2020-06-02T17:59:20.000Z","0054S000000Ms6RQAS","2020-06-02T17:59:20.000Z","0054S000000Ms6RQAS","","Html.Layouts.TwoColumnGrid","42887624794924702","","","",""
"a2C4S0000008SmeUAE","0054S000000Ms6RQAS","","a2C4S0000008SoW","2020-06-02T17:59:20.000Z","0054S000000Ms6RQAS","2020-06-02T17:59:20.000Z","0054S000000Ms6RQAS","","Html.Layouts.NoLayout","42451508558167635","","","",""
"a2C4S0000008SmfUAE","0054S000000Ms6RQAS","","a2C4S0000008Soc","2020-06-02T17:59:20.000Z","0054S000000Ms6RQAS","2020-06-02T17:59:20.000Z","0054S000000Ms6RQAS","","Html.Layouts.NoLayout","42680006310739781","","","",""
"a2C4S0000008SmgUAE","0054S000000Ms6RQAS","","TwoColumnGrid","2020-06-02T17:59:20.000Z","0054S000000Ms6RQAS","2020-06-02T17:59:20.000Z","0054S000000Ms6RQAS","","Html.Layouts.TwoColumnGrid","42212751364496090","","","",""
"a2C4S0000008SmhUAE","0054S000000Ms6RQAS","","TableLayout","2020-06-02T17:59:20.000Z","0054S000000Ms6RQAS","2020-06-02T17:59:20.000Z","0054S000000Ms6RQAS","","Html.Layouts.TableLayout","42846731442714582","","","",""
"a2C4S0000008SmiUAE","0054S000000Ms6RQAS","","TableLayout","2020-06-02T17:59:20.000Z","0054S000000Ms6RQAS","2020-06-02T17:59:20.000Z","0054S000000Ms6RQAS","","Html.Layouts.TableLayout","42818773416479748","","","",""
"a2C4S0000008SmmUAE","0054S000000Ms6RQAS","","a2C4S0000008Snh","2020-06-02T17:59:20.000Z","0054S000000Ms6RQAS","2020-06-02T17:59:20.000Z","0054S000000Ms6RQAS","","Html.Layouts.NoLayout","42626357946915299","","","",""
"a2C4S0000008SmjUAE","0054S000000Ms6RQAS","","TableLayout","2020-06-02T17:59:20.000Z","0054S000000Ms6RQAS","2020-06-02T17:59:20.000Z","0054S000000Ms6RQAS","","Html.Layouts.TableLayout","42280813559466266","","","",""
"a2C4S0000008SmkUAE","0054S000000Ms6RQAS","","a2C4S0000008Snd","2020-06-02T17:59:20.000Z","0054S000000Ms6RQAS","2020-06-02T17:59:20.000Z","0054S000000Ms6RQAS","","Html.Layouts.NoLayout","42740216547424496","","","",""
"a2C4S0000008SmlUAE","0054S000000Ms6RQAS","","a2C4S0000008Sp0","2020-06-02T17:59:20.000Z","0054S000000Ms6RQAS","2020-06-02T17:59:20.000Z","0054S000000Ms6RQAS","","Html.Layouts.TableLayout","42797595141893874","","","",""
"a2C4S0000008SmnUAE","0054S000000Ms6RQAS","","a2C4S0000008Sow","2020-06-02T17:59:20.000Z","0054S000000Ms6RQAS","2020-06-02T17:59:20.000Z","0054S000000Ms6RQAS","","Html.Layouts.NoLayout","42232989919202132","","","",""
"a2C4S0000008SmoUAE","0054S000000Ms6RQAS","","TwoColumnGrid","2020-06-02T17:59:20.000Z","0054S000000Ms6RQAS","2020-06-02T17:59:20.000Z","0054S000000Ms6RQAS","","Html.Layouts.TwoColumnGrid","42021633143718128","","","",""
"a2C4S0000008SmpUAE","0054S000000Ms6RQAS","","TableLayout","2020-06-02T17:59:20.000Z","0054S000000Ms6RQAS","2020-06-02T17:59:20.000Z","0054S000000Ms6RQAS","","Html.Layouts.TableLayout","42838444609027135","","","",""
"a2C4S0000008SmqUAE","0054S000000Ms6RQAS","","TableLayout","2020-06-02T17:59:20.000Z","0054S000000Ms6RQAS","2020-06-02T17:59:20.000Z","0054S000000Ms6RQAS","","Html.Layouts.TableLayout","42004280373068350","","","",""
"a2C4S0000008SmrUAE","0054S000000Ms6RQAS","","a2C4S0000008Snf","2020-06-02T17:59:20.000Z","0054S000000Ms6RQAS","2020-06-02T17:59:20.000Z","0054S000000Ms6RQAS","","Html.Layouts.NoLayout","42538860713939016","","","",""
"a2C4S0000008SmsUAE","0054S000000Ms6RQAS","","a2C4S0000008Soy","2020-06-02T17:59:20.000Z","0054S000000Ms6RQAS","2020-06-02T17:59:20.000Z","0054S000000Ms6RQAS","","Html.Layouts.TableLayout","42061078594999220","","","",""
"a2C4S0000008SmtUAE","0054S000000Ms6RQAS","","a2C4S0000008Sni","2020-06-02T17:59:20.000Z","0054S000000Ms6RQAS","2020-06-02T17:59:20.000Z","0054S000000Ms6RQAS","","Html.Layouts.NoLayout","42264067971231568","","","",""
"a2C4S0000008SmuUAE","0054S000000Ms6RQAS","","a2C4S0000008Sox","2020-06-02T17:59:20.000Z","0054S000000Ms6RQAS","2020-06-02T17:59:20.000Z","0054S000000Ms6RQAS","","Html.Layouts.TableLayout","42408357578673013","","","",""
"a2C4S0000008SmvUAE","0054S000000Ms6RQAS","","a2C4S0000008Sng","2020-06-02T17:59:20.000Z","0054S000000Ms6RQAS","2020-06-02T17:59:20.000Z","0054S000000Ms6RQAS","","Html.Layouts.NoLayout","42989815336180907","","","",""
"a2C4S0000008SmwUAE","0054S000000Ms6RQAS","","a2C4S0000008Soz","2020-06-02T17:59:20.000Z","0054S000000Ms6RQAS","2020-06-02T17:59:20.000Z","0054S000000Ms6RQAS","","Html.Layouts.TableLayout","42418221333115721","","","",""
"a2C4S0000008SmxUAE","0054S000000Ms6RQAS","","NoLayout","2020-06-02T17:59:20.000Z","0054S000000Ms6RQAS","2020-06-02T17:59:20.000Z","0054S000000Ms6RQAS","","Html.Layouts.NoLayout","42852938183372875","","","",""
"a2C4S0000008SmyUAE","0054S000000Ms6RQAS","","TwoColumnGrid","2020-06-02T17:59:20.000Z","0054S000000Ms6RQAS","2020-06-02T17:59:20.000Z","0054S000000Ms6RQAS","","Html.Layouts.TwoColumnGrid","42182947050511583","","","",""
"a2C4S0000008SmzUAE","0054S000000Ms6RQAS","","NoLayout","2020-06-02T17:59:20.000Z","0054S000000Ms6RQAS","2020-06-02T17:59:20.000Z","0054S000000Ms6RQAS","","Html.Layouts.NoLayout","42662215692450446","","","",""
"a2C4S0000008Sn0UAE","0054S000000Ms6RQAS","","TableLayout","2020-06-02T17:59:20.000Z","0054S000000Ms6RQAS","2020-06-02T17:59:20.000Z","0054S000000Ms6RQAS","","Html.Layouts.TableLayout","42723245266854762","","","",""
"a2C4S0000008Sn1UAE","0054S000000Ms6RQAS","","a2C4S0000008Snc","2020-06-02T17:59:20.000Z","0054S000000Ms6RQAS","2020-06-02T17:59:20.000Z","0054S000000Ms6RQAS","","Html.Layouts.NoLayout","42342591970966467","","","",""
"a2C4S0000008Sn2UAE","0054S000000Ms6RQAS","","a2C4S0000008Soe","2020-06-02T17:59:20.000Z","0054S000000Ms6RQAS","2020-06-02T17:59:20.000Z","0054S000000Ms6RQAS","","Html.Layouts.NoLayout","42383208468889911","","","",""
"a2C4S0000008Sn3UAE","0054S000000Ms6RQAS","","a2C4S0000008SpG","2020-06-02T17:59:20.000Z","0054S000000Ms6RQAS","2020-06-02T17:59:20.000Z","0054S000000Ms6RQAS","","Html.Layouts.NoLayout","42014408254429502","","","",""
"a2C4S0000008Sn4UAE","0054S000000Ms6RQAS","","a2C4S0000008SpW","2020-06-02T17:59:20.000Z","0054S000000Ms6RQAS","2020-06-02T17:59:20.000Z","0054S000000Ms6RQAS","","Html.Layouts.TableLayout","42156339487010658","","","",""
"a2C4S0000008Sn5UAE","0054S000000Ms6RQAS","","TableLayout","2020-06-02T17:59:20.000Z","0054S000000Ms6RQAS","2020-06-02T17:59:20.000Z","0054S000000Ms6RQAS","","Html.Layouts.TableLayout","42466597476764607","","","",""
"a2C4S0000008Sn6UAE","0054S000000Ms6RQAS","","a2C4S0000008Snj","2020-06-02T17:59:20.000Z","0054S000000Ms6RQAS","2020-06-02T17:59:20.000Z","0054S000000Ms6RQAS","","Html.Layouts.NoLayout","42206453442280863","","","",""
"a2C4S0000008Sn7UAE","0054S000000Ms6RQAS","","a2C4S0000008Sov","2020-06-02T17:59:20.000Z","0054S000000Ms6RQAS","2020-06-02T17:59:20.000Z","0054S000000Ms6RQAS","","Html.Layouts.NoLayout","42565998238325738","","","",""
"a2C4S0000008Sn8UAE","0054S000000Ms6RQAS","","a2C4S0000008SpP","2020-06-02T17:59:20.000Z","0054S000000Ms6RQAS","2020-06-02T17:59:20.000Z","0054S000000Ms6RQAS","","Html.Layouts.TableLayout","42927668698820696","","","",""
"a2C4S0000008Sn9UAE","0054S000000Ms6RQAS","","a2C4S0000008Snk","2020-06-02T17:59:20.000Z","0054S000000Ms6RQAS","2020-06-02T17:59:20.000Z","0054S000000Ms6RQAS","","Html.Layouts.NoLayout","42260198680784465","","","",""
"a2C4S0000008SnAUAU","0054S000000Ms6RQAS","","a2C4S0000008Sou","2020-06-02T17:59:20.000Z","0054S000000Ms6RQAS","2020-06-02T17:59:20.000Z","0054S000000Ms6RQAS","","Html.Layouts.TableLayout","42181681789607035","","","",""
"a2C4S0000008SnBUAU","0054S000000Ms6RQAS","","a2C4S0000008Snl","2020-06-02T17:59:20.000Z","0054S000000Ms6RQAS","2020-06-02T17:59:20.000Z","0054S000000Ms6RQAS","","Html.Layouts.TwoColumnGrid","42976964002167382","","","",""
"a2C4S0000008SnCUAU","0054S000000Ms6RQAS","","a2C4S0000008SoW","2020-06-02T17:59:20.000Z","0054S000000Ms6RQAS","2020-06-02T17:59:20.000Z","0054S000000Ms6RQAS","","Html.Layouts.NoLayout","42568013444586534","","","",""
"a2C4S0000008SnDUAU","0054S000000Ms6RQAS","","a2C4S0000008Soc","2020-06-02T17:59:20.000Z","0054S000000Ms6RQAS","2020-06-02T17:59:20.000Z","0054S000000Ms6RQAS","","Html.Layouts.NoLayout","42942421586434070","","","",""
"a2C4S0000008SnEUAU","0054S000000Ms6RQAS","","TwoColumnGrid","2020-06-02T17:59:20.000Z","0054S000000Ms6RQAS","2020-06-02T17:59:20.000Z","0054S000000Ms6RQAS","","Html.Layouts.TwoColumnGrid","42816043050364014","","","",""
"a2C4S0000008SnFUAU","0054S000000Ms6RQAS","","TableLayout","2020-06-02T17:59:20.000Z","0054S000000Ms6RQAS","2020-06-02T17:59:20.000Z","0054S000000Ms6RQAS","","Html.Layouts.TableLayout","42836243123956893","","","",""
"a2C4S0000008SnGUAU","0054S000000Ms6RQAS","","TableLayout","2020-06-02T17:59:20.000Z","0054S000000Ms6RQAS","2020-06-02T17:59:20.000Z","0054S000000Ms6RQAS","","Html.Layouts.TableLayout","42596168303110279","","","",""
"a2C4S0000008SnHUAU","0054S000000Ms6RQAS","","TableLayout","2020-06-02T17:59:20.000Z","0054S000000Ms6RQAS","2020-06-02T17:59:20.000Z","0054S000000Ms6RQAS","","Html.Layouts.TableLayout","42866959151545956","","","",""
"a2C4S0000008SnIUAU","0054S000000Ms6RQAS","","a2C4S0000008Snd","2020-06-02T17:59:20.000Z","0054S000000Ms6RQAS","2020-06-02T17:59:20.000Z","0054S000000Ms6RQAS","","Html.Layouts.NoLayout","42069952865091547","","","",""
"a2C4S0000008SnJUAU","0054S000000Ms6RQAS","","a2C4S0000008Sp0","2020-06-02T17:59:20.000Z","0054S000000Ms6RQAS","2020-06-02T17:59:20.000Z","0054S000000Ms6RQAS","","Html.Layouts.TableLayout","42321450772407550","","","",""
"a2C4S0000008SnKUAU","0054S000000Ms6RQAS","","a2C4S0000008Snh","2020-06-02T17:59:20.000Z","0054S000000Ms6RQAS","2020-06-02T17:59:20.000Z","0054S000000Ms6RQAS","","Html.Layouts.NoLayout","42374706883462331","","","",""
"a2C4S0000008SnLUAU","0054S000000Ms6RQAS","","a2C4S0000008Sow","2020-06-02T17:59:20.000Z","0054S000000Ms6RQAS","2020-06-02T17:59:20.000Z","0054S000000Ms6RQAS","","Html.Layouts.NoLayout","42007097706268287","","","",""
"a2C4S0000008SnMUAU","0054S000000Ms6RQAS","","TwoColumnGrid","2020-06-02T17:59:20.000Z","0054S000000Ms6RQAS","2020-06-02T17:59:20.000Z","0054S000000Ms6RQAS","","Html.Layouts.TwoColumnGrid","42649116129978157","","","",""
"a2C4S0000008SnNUAU","0054S000000Ms6RQAS","","TableLayout","2020-06-02T17:59:20.000Z","0054S000000Ms6RQAS","2020-06-02T17:59:20.000Z","0054S000000Ms6RQAS","","Html.Layouts.TableLayout","42508134491991632","","","",""
"a2C4S0000008SnOUAU","0054S000000Ms6RQAS","","TableLayout","2020-06-02T17:59:20.000Z","0054S000000Ms6RQAS","2020-06-02T17:59:20.000Z","0054S000000Ms6RQAS","","Html.Layouts.TableLayout","42053656124777316","","","",""
"a2C4S0000008SnPUAU","0054S000000Ms6RQAS","","a2C4S0000008Snf","2020-06-02T17:59:20.000Z","0054S000000Ms6RQAS","2020-06-02T17:59:20.000Z","0054S000000Ms6RQAS","","Html.Layouts.NoLayout","42315895256264803","","","",""
"a2C4S0000008SnQUAU","0054S000000Ms6RQAS","","a2C4S0000008Soy","2020-06-02T17:59:20.000Z","0054S000000Ms6RQAS","2020-06-02T17:59:20.000Z","0054S000000Ms6RQAS","","Html.Layouts.TableLayout","42509258042758591","","","",""
"a2C4S0000008SnRUAU","0054S000000Ms6RQAS","","a2C4S0000008Sni","2020-06-02T17:59:20.000Z","0054S000000Ms6RQAS","2020-06-02T17:59:20.000Z","0054S000000Ms6RQAS","","Html.Layouts.NoLayout","42046938196022604","","","",""
"a2C4S0000008SnSUAU","0054S000000Ms6RQAS","","a2C4S0000008Sox","2020-06-02T17:59:20.000Z","0054S000000Ms6RQAS","2020-06-02T17:59:20.000Z","0054S000000Ms6RQAS","","Html.Layouts.TableLayout","42689901580462713","","","",""
"a2C4S0000008SnTUAU","0054S000000Ms6RQAS","","a2C4S0000008Sng","2020-06-02T17:59:20.000Z","0054S000000Ms6RQAS","2020-06-02T17:59:20.000Z","0054S000000Ms6RQAS","","Html.Layouts.NoLayout","42667182589652619","","","",""
"a2C4S0000008SnUUAU","0054S000000Ms6RQAS","","a2C4S0000008Soz","2020-06-02T17:59:20.000Z","0054S000000Ms6RQAS","2020-06-02T17:59:20.000Z","0054S000000Ms6RQAS","","Html.Layouts.TableLayout","42671035164773926","","","",""
"a2C4S0000008SnVUAU","0054S000000Ms6RQAS","","NoLayout","2020-06-02T17:59:20.000Z","0054S000000Ms6RQAS","2020-06-02T17:59:20.000Z","0054S000000Ms6RQAS","","Html.Layouts.NoLayout","42617389900223893","","","",""
"a2C4S0000008SnWUAU","0054S000000Ms6RQAS","","TwoColumnGrid","2020-06-02T17:59:20.000Z","0054S000000Ms6RQAS","2020-06-02T17:59:20.000Z","0054S000000Ms6RQAS","","Html.Layouts.TwoColumnGrid","42129234400875119","","","",""
"a2C4S0000008SnXUAU","0054S000000Ms6RQAS","","NoLayout","2020-06-02T17:59:20.000Z","0054S000000Ms6RQAS","2020-06-02T17:59:20.000Z","0054S000000Ms6RQAS","","Html.Layouts.NoLayout","42316399966235309","","","",""
"a2C4S0000008SnYUAU","0054S000000Ms6RQAS","","TableLayout","2020-06-02T17:59:20.000Z","0054S000000Ms6RQAS","2020-06-02T17:59:20.000Z","0054S000000Ms6RQAS","","Html.Layouts.TableLayout","42518437949778934","","","",""
"a2C4S0000008SnuUAE","0054S000000Ms6RQAS","","a2C4S0000008Snu","2020-06-02T17:59:20.000Z","0054S000000Ms6RQAS","2020-06-02T17:59:20.000Z","0054S000000Ms6RQAS","","Html.Layouts.TableLayout","a004S000000qba4QAA","","","",""
"a2C4S0000008SnZUAU","0054S000000Ms6RQAS","","a2C4S0000008SnZ","2020-06-02T17:59:20.000Z","0054S000000Ms6RQAS","2020-06-02T17:59:20.000Z","0054S000000Ms6RQAS","","Html.Layouts.NoLayout","a004S000000qb8hQAA","","","",""
"a2C4S0000008SnaUAE","0054S000000Ms6RQAS","","a2C4S0000008Sna","2020-06-02T17:59:20.000Z","0054S000000Ms6RQAS","2020-06-02T17:59:20.000Z","0054S000000Ms6RQAS","","Html.Layouts.NoLayout","a004S000000qb8VQAQ","","","",""
"a2C4S0000008SnbUAE","0054S000000Ms6RQAS","","a2C4S0000008Snb","2020-06-02T17:59:20.000Z","0054S000000Ms6RQAS","2020-06-02T17:59:20.000Z","0054S000000Ms6RQAS","","Html.Layouts.NoLayout","a004S000000qb8SQAQ","","","",""
"a2C4S0000008SncUAE","0054S000000Ms6RQAS","","NoLayout","2020-06-02T17:59:20.000Z","0054S000000Ms6RQAS","2020-06-02T17:59:20.000Z","0054S000000Ms6RQAS","","Html.Layouts.NoLayout","a004S000000qb8LQAQ","","","",""
"a2C4S0000008SndUAE","0054S000000Ms6RQAS","","a2C4S0000008Snd","2020-06-02T17:59:20.000Z","0054S000000Ms6RQAS","2020-06-02T17:59:20.000Z","0054S000000Ms6RQAS","","Html.Layouts.NoLayout","a004S000000qbGqQAI","","","",""
"a2C4S0000008SnfUAE","0054S000000Ms6RQAS","","a2C4S0000008Snf","2020-06-02T17:59:20.000Z","0054S000000Ms6RQAS","2020-06-02T17:59:20.000Z","0054S000000Ms6RQAS","","Html.Layouts.NoLayout","a004S000000qbGmQAI","","","",""
"a2C4S0000008SngUAE","0054S000000Ms6RQAS","","a2C4S0000008Sng","2020-06-02T17:59:20.000Z","0054S000000Ms6RQAS","2020-06-02T17:59:20.000Z","0054S000000Ms6RQAS","","Html.Layouts.NoLayout","a004S000000qbGoQAI","","","",""
"a2C4S0000008SniUAE","0054S000000Ms6RQAS","","a2C4S0000008Sni","2020-06-02T17:59:20.000Z","0054S000000Ms6RQAS","2020-06-02T17:59:20.000Z","0054S000000Ms6RQAS","","Html.Layouts.NoLayout","a004S000000qbGkQAI","","","",""
"a2C4S0000008SneUAE","0054S000000Ms6RQAS","","a2C4S0000008Sne","2020-06-02T17:59:20.000Z","0054S000000Ms6RQAS","2020-06-02T17:59:20.000Z","0054S000000Ms6RQAS","","Html.Layouts.TwoColumnGrid","a004S000000qbN5QAI","","","",""
"a2C4S0000008SnhUAE","0054S000000Ms6RQAS","","a2C4S0000008Snh","2020-06-02T17:59:20.000Z","0054S000000Ms6RQAS","2020-06-02T17:59:20.000Z","0054S000000Ms6RQAS","","Html.Layouts.NoLayout","a004S000000qbGcQAI","","","",""
"a2C4S0000008SnjUAE","0054S000000Ms6RQAS","","a2C4S0000008Snj","2020-06-02T17:59:20.000Z","0054S000000Ms6RQAS","2020-06-02T17:59:20.000Z","0054S000000Ms6RQAS","","Html.Layouts.NoLayout","a004S000000qbBAQAY","","","",""
"a2C4S0000008SnkUAE","0054S000000Ms6RQAS","","a2C4S0000008Snk","2020-06-02T17:59:20.000Z","0054S000000Ms6RQAS","2020-06-02T17:59:20.000Z","0054S000000Ms6RQAS","","Html.Layouts.NoLayout","a004S000000qbB8QAI","","","",""
"a2C4S0000008SnlUAE","0054S000000Ms6RQAS","","TwoColumnGrid","2020-06-02T17:59:20.000Z","0054S000000Ms6RQAS","2020-06-02T17:59:20.000Z","0054S000000Ms6RQAS","","Html.Layouts.TwoColumnGrid","a004S000000qbAoQAI","","","",""
"a2C4S0000008SnmUAE","0054S000000Ms6RQAS","","a2C4S0000008Snm","2020-06-02T17:59:20.000Z","0054S000000Ms6RQAS","2020-06-02T17:59:20.000Z","0054S000000Ms6RQAS","","Html.Layouts.TwoColumnGrid","a004S000000qbQMQAY","","","",""
"a2C4S0000008SnnUAE","0054S000000Ms6RQAS","","a2C4S0000008Snn","2020-06-02T17:59:20.000Z","0054S000000Ms6RQAS","2020-06-02T17:59:20.000Z","0054S000000Ms6RQAS","","Html.Layouts.NoLayout","a004S000000qbaMQAQ","","","",""
"a2C4S0000008SnoUAE","0054S000000Ms6RQAS","","a2C4S0000008Sno","2020-06-02T17:59:20.000Z","0054S000000Ms6RQAS","2020-06-02T17:59:20.000Z","0054S000000Ms6RQAS","","Html.Layouts.TwoColumnGrid","a004S000000qbaLQAQ","","","",""
"a2C4S0000008SnpUAE","0054S000000Ms6RQAS","","a2C4S0000008Snp","2020-06-02T17:59:20.000Z","0054S000000Ms6RQAS","2020-06-02T17:59:20.000Z","0054S000000Ms6RQAS","","Html.Layouts.NoLayout","a004S000000qbaJQAQ","","","",""
"a2C4S0000008SnqUAE","0054S000000Ms6RQAS","","a2C4S0000008Snq","2020-06-02T17:59:20.000Z","0054S000000Ms6RQAS","2020-06-02T17:59:20.000Z","0054S000000Ms6RQAS","","Html.Layouts.NoLayout","a004S000000qbaHQAQ","","","",""
"a2C4S0000008SnrUAE","0054S000000Ms6RQAS","","a2C4S0000008Snr","2020-06-02T17:59:20.000Z","0054S000000Ms6RQAS","2020-06-02T17:59:20.000Z","0054S000000Ms6RQAS","","Html.Layouts.NoLayout","a004S000000qbaEQAQ","","","",""
"a2C4S0000008SnsUAE","0054S000000Ms6RQAS","","a2C4S0000008Sns","2020-06-02T17:59:20.000Z","0054S000000Ms6RQAS","2020-06-02T17:59:20.000Z","0054S000000Ms6RQAS","","Html.Layouts.NoLayout","a004S000000qbaCQAQ","","","",""
"a2C4S0000008SntUAE","0054S000000Ms6RQAS","","a2C4S0000008Snt","2020-06-02T17:59:20.000Z","0054S000000Ms6RQAS","2020-06-02T17:59:20.000Z","0054S000000Ms6RQAS","","Html.Layouts.NoLayout","a004S000000qba7QAA","","","",""
"a2C4S0000008SnvUAE","0054S000000Ms6RQAS","","a2C4S0000008Snv","2020-06-02T17:59:20.000Z","0054S000000Ms6RQAS","2020-06-02T17:59:20.000Z","0054S000000Ms6RQAS","","Html.Layouts.NoLayout","a004S000000qba0QAA","","","",""
"a2C4S0000008SnwUAE","0054S000000Ms6RQAS","","a2C4S0000008Snw","2020-06-02T17:59:20.000Z","0054S000000Ms6RQAS","2020-06-02T17:59:20.000Z","0054S000000Ms6RQAS","","Html.Layouts.TwoColumnGrid","a004S000000qbZzQAI","","","",""
"a2C4S0000008SnxUAE","0054S000000Ms6RQAS","","a2C4S0000008Snx","2020-06-02T17:59:20.000Z","0054S000000Ms6RQAS","2020-06-02T17:59:20.000Z","0054S000000Ms6RQAS","","Html.Layouts.NoLayout","a004S000000qbZxQAI","","","",""
"a2C4S0000008SnyUAE","0054S000000Ms6RQAS","","a2C4S0000008Sny","2020-06-02T17:59:20.000Z","0054S000000Ms6RQAS","2020-06-02T17:59:20.000Z","0054S000000Ms6RQAS","","Html.Layouts.NoLayout","a004S000000qbZuQAI","","","",""
"a2C4S0000008SnzUAE","0054S000000Ms6RQAS","","a2C4S0000008Snz","2020-06-02T17:59:20.000Z","0054S000000Ms6RQAS","2020-06-02T17:59:20.000Z","0054S000000Ms6RQAS","","Html.Layouts.NoLayout","a004S000000qbZqQAI","","","",""
"a2C4S0000008So0UAE","0054S000000Ms6RQAS","","a2C4S0000008So0","2020-06-02T17:59:20.000Z","0054S000000Ms6RQAS","2020-06-02T17:59:20.000Z","0054S000000Ms6RQAS","","Html.Layouts.TwoColumnGrid","a004S000000qbZpQAI","","","",""
"a2C4S0000008So1UAE","0054S000000Ms6RQAS","","a2C4S0000008So1","2020-06-02T17:59:20.000Z","0054S000000Ms6RQAS","2020-06-02T17:59:20.000Z","0054S000000Ms6RQAS","","Html.Layouts.NoLayout","a004S000000qbZnQAI","","","",""
"a2C4S0000008So2UAE","0054S000000Ms6RQAS","","a2C4S0000008So2","2020-06-02T17:59:20.000Z","0054S000000Ms6RQAS","2020-06-02T17:59:20.000Z","0054S000000Ms6RQAS","","Html.Layouts.NoLayout","a004S000000qbaVQAQ","","","",""
"a2C4S0000008So3UAE","0054S000000Ms6RQAS","","a2C4S0000008So3","2020-06-02T17:59:20.000Z","0054S000000Ms6RQAS","2020-06-02T17:59:20.000Z","0054S000000Ms6RQAS","","Html.Layouts.NoLayout","a004S000000qbaRQAQ","","","",""
"a2C4S0000008So4UAE","0054S000000Ms6RQAS","","a2C4S0000008So4","2020-06-02T17:59:20.000Z","0054S000000Ms6RQAS","2020-06-02T17:59:20.000Z","0054S000000Ms6RQAS","","Html.Layouts.TwoColumnGrid","a004S000000qbaQQAQ","","","",""
"a2C4S0000008So5UAE","0054S000000Ms6RQAS","","a2C4S0000008So5","2020-06-02T17:59:20.000Z","0054S000000Ms6RQAS","2020-06-02T17:59:20.000Z","0054S000000Ms6RQAS","","Html.Layouts.NoLayout","a004S000000qbaOQAQ","","","",""
"a2C4S0000008So9UAE","0054S000000Ms6RQAS","","a2C4S0000008So9","2020-06-02T17:59:20.000Z","0054S000000Ms6RQAS","2020-06-02T17:59:20.000Z","0054S000000Ms6RQAS","","Html.Layouts.NoLayout","a004S000000qbasQAA","","","",""
"a2C4S0000008SoAUAU","0054S000000Ms6RQAS","","a2C4S0000008SoA","2020-06-02T17:59:20.000Z","0054S000000Ms6RQAS","2020-06-02T17:59:20.000Z","0054S000000Ms6RQAS","","Html.Layouts.NoLayout","a004S000000qbapQAA","","","",""
"a2C4S0000008SoBUAU","0054S000000Ms6RQAS","","a2C4S0000008SoB","2020-06-02T17:59:20.000Z","0054S000000Ms6RQAS","2020-06-02T17:59:20.000Z","0054S000000Ms6RQAS","","Html.Layouts.NoLayout","a004S000000qbanQAA","","","",""
"a2C4S0000008SoCUAU","0054S000000Ms6RQAS","","a2C4S0000008SoC","2020-06-02T17:59:20.000Z","0054S000000Ms6RQAS","2020-06-02T17:59:20.000Z","0054S000000Ms6RQAS","","Html.Layouts.NoLayout","a004S000000qbaiQAA","","","",""
"a2C4S0000008SoDUAU","0054S000000Ms6RQAS","","a2C4S0000008SoD","2020-06-02T17:59:20.000Z","0054S000000Ms6RQAS","2020-06-02T17:59:20.000Z","0054S000000Ms6RQAS","","Html.Layouts.TableLayout","a004S000000qbafQAA","","","",""
"a2C4S0000008SoEUAU","0054S000000Ms6RQAS","","a2C4S0000008SoE","2020-06-02T17:59:20.000Z","0054S000000Ms6RQAS","2020-06-02T17:59:20.000Z","0054S000000Ms6RQAS","","Html.Layouts.NoLayout","a004S000000qbabQAA","","","",""
"a2C4S0000008SoFUAU","0054S000000Ms6RQAS","","a2C4S0000008SoF","2020-06-02T17:59:20.000Z","0054S000000Ms6RQAS","2020-06-02T17:59:20.000Z","0054S000000Ms6RQAS","","Html.Layouts.TwoColumnGrid","a004S000000qbaaQAA","","","",""
"a2C4S0000008SoGUAU","0054S000000Ms6RQAS","","a2C4S0000008SoG","2020-06-02T17:59:20.000Z","0054S000000Ms6RQAS","2020-06-02T17:59:20.000Z","0054S000000Ms6RQAS","","Html.Layouts.NoLayout","a004S000000qbaYQAQ","","","",""
"a2C4S0000008SoHUAU","0054S000000Ms6RQAS","","a2C4S0000008SoH","2020-06-02T17:59:20.000Z","0054S000000Ms6RQAS","2020-06-02T17:59:20.000Z","0054S000000Ms6RQAS","","Html.Layouts.NoLayout","a004S000000qbZlQAI","","","",""
"a2C4S0000008SoIUAU","0054S000000Ms6RQAS","","a2C4S0000008SoI","2020-06-02T17:59:20.000Z","0054S000000Ms6RQAS","2020-06-02T17:59:20.000Z","0054S000000Ms6RQAS","","Html.Layouts.TwoColumnGrid","a004S000000qbZkQAI","","","",""
"a2C4S0000008SoJUAU","0054S000000Ms6RQAS","","a2C4S0000008SoJ","2020-06-02T17:59:20.000Z","0054S000000Ms6RQAS","2020-06-02T17:59:20.000Z","0054S000000Ms6RQAS","","Html.Layouts.NoLayout","a004S000000qbZiQAI","","","",""
"a2C4S0000008SoKUAU","0054S000000Ms6RQAS","","a2C4S0000008SoK","2020-06-02T17:59:20.000Z","0054S000000Ms6RQAS","2020-06-02T17:59:20.000Z","0054S000000Ms6RQAS","","Html.Layouts.NoLayout","a004S000000qbZgQAI","","","",""
"a2C4S0000008SoLUAU","0054S000000Ms6RQAS","","a2C4S0000008SoL","2020-06-02T17:59:20.000Z","0054S000000Ms6RQAS","2020-06-02T17:59:20.000Z","0054S000000Ms6RQAS","","Html.Layouts.NoLayout","a004S000000qbZdQAI","","","",""
"a2C4S0000008SoOUAU","0054S000000Ms6RQAS","","a2C4S0000008SoO","2020-06-02T17:59:20.000Z","0054S000000Ms6RQAS","2020-06-02T17:59:20.000Z","0054S000000Ms6RQAS","","Html.Layouts.TableLayout","a004S000000qbZTQAY","","","",""
"a2C4S0000008So6UAE","0054S000000Ms6RQAS","","a2C4S0000008So6","2020-06-02T17:59:20.000Z","0054S000000Ms6RQAS","2020-06-02T17:59:20.000Z","0054S000000Ms6RQAS","","Html.Layouts.NoLayout","a004S000000qbaxQAA","","","",""
"a2C4S0000008So7UAE","0054S000000Ms6RQAS","","a2C4S0000008So7","2020-06-02T17:59:20.000Z","0054S000000Ms6RQAS","2020-06-02T17:59:20.000Z","0054S000000Ms6RQAS","","Html.Layouts.TwoColumnGrid","a004S000000qbawQAA","","","",""
"a2C4S0000008So8UAE","0054S000000Ms6RQAS","","a2C4S0000008So8","2020-06-02T17:59:20.000Z","0054S000000Ms6RQAS","2020-06-02T17:59:20.000Z","0054S000000Ms6RQAS","","Html.Layouts.NoLayout","a004S000000qbauQAA","","","",""
"a2C4S0000008SoMUAU","0054S000000Ms6RQAS","","a2C4S0000008SoM","2020-06-02T17:59:20.000Z","0054S000000Ms6RQAS","2020-06-02T17:59:20.000Z","0054S000000Ms6RQAS","","Html.Layouts.NoLayout","a004S000000qbZbQAI","","","",""
"a2C4S0000008SoNUAU","0054S000000Ms6RQAS","","a2C4S0000008SoN","2020-06-02T17:59:20.000Z","0054S000000Ms6RQAS","2020-06-02T17:59:20.000Z","0054S000000Ms6RQAS","","Html.Layouts.NoLayout","a004S000000qbZWQAY","","","",""
"a2C4S0000008SoPUAU","0054S000000Ms6RQAS","","a2C4S0000008SoP","2020-06-02T17:59:20.000Z","0054S000000Ms6RQAS","2020-06-02T17:59:20.000Z","0054S000000Ms6RQAS","","Html.Layouts.NoLayout","a004S000000qbZPQAY","","","",""
"a2C4S0000008SoQUAU","0054S000000Ms6RQAS","","a2C4S0000008SoQ","2020-06-02T17:59:20.000Z","0054S000000Ms6RQAS","2020-06-02T17:59:20.000Z","0054S000000Ms6RQAS","","Html.Layouts.TwoColumnGrid","a004S000000qbZOQAY","","","",""
"a2C4S0000008SoRUAU","0054S000000Ms6RQAS","","a2C4S0000008SoR","2020-06-02T17:59:20.000Z","0054S000000Ms6RQAS","2020-06-02T17:59:20.000Z","0054S000000Ms6RQAS","","Html.Layouts.NoLayout","a004S000000qbZMQAY","","","",""
"a2C4S0000008SoSUAU","0054S000000Ms6RQAS","","a2C4S0000008SoS","2020-06-02T17:59:20.000Z","0054S000000Ms6RQAS","2020-06-02T17:59:20.000Z","0054S000000Ms6RQAS","","Html.Layouts.NoLayout","a004S000000qbZJQAY","","","",""
"a2C4S0000008SoTUAU","0054S000000Ms6RQAS","","a2C4S0000008SoT","2020-06-02T17:59:20.000Z","0054S000000Ms6RQAS","2020-06-02T17:59:20.000Z","0054S000000Ms6RQAS","","Html.Layouts.NoLayout","a004S000000qbZFQAY","","","",""
"a2C4S0000008SoUUAU","0054S000000Ms6RQAS","","a2C4S0000008SoU","2020-06-02T17:59:20.000Z","0054S000000Ms6RQAS","2020-06-02T17:59:20.000Z","0054S000000Ms6RQAS","","Html.Layouts.TwoColumnGrid","a004S000000qbZEQAY","","","",""
"a2C4S0000008SoVUAU","0054S000000Ms6RQAS","","a2C4S0000008SoV","2020-06-02T17:59:20.000Z","0054S000000Ms6RQAS","2020-06-02T17:59:20.000Z","0054S000000Ms6RQAS","","Html.Layouts.NoLayout","a004S000000qbZCQAY","","","",""
"a2C4S0000008SoZUAU","0054S000000Ms6RQAS","","a2C4S0000008SoZ","2020-06-02T17:59:20.000Z","0054S000000Ms6RQAS","2020-06-02T17:59:20.000Z","0054S000000Ms6RQAS","","Html.Layouts.NoLayout","a004S000000qb8vQAA","","","",""
"a2C4S0000008SoaUAE","0054S000000Ms6RQAS","","a2C4S0000008Soa","2020-06-02T17:59:20.000Z","0054S000000Ms6RQAS","2020-06-02T17:59:20.000Z","0054S000000Ms6RQAS","","Html.Layouts.NoLayout","a004S000000qb8lQAA","","","",""
"a2C4S0000008SobUAE","0054S000000Ms6RQAS","","a2C4S0000008Sob","2020-06-02T17:59:20.000Z","0054S000000Ms6RQAS","2020-06-02T17:59:20.000Z","0054S000000Ms6RQAS","","Html.Layouts.TableLayout","a004S000000qb8wQAA","","","",""
"a2C4S0000008SoeUAE","0054S000000Ms6RQAS","","NoLayout","2020-06-02T17:59:20.000Z","0054S000000Ms6RQAS","2020-06-02T17:59:20.000Z","0054S000000Ms6RQAS","","Html.Layouts.NoLayout","a004S000000qb8MQAQ","","","",""
"a2C4S0000008SofUAE","0054S000000Ms6RQAS","","a2C4S0000008Sof","2020-06-02T17:59:20.000Z","0054S000000Ms6RQAS","2020-06-02T17:59:20.000Z","0054S000000Ms6RQAS","","Html.Layouts.TableLayout","a004S000000qbZDQAY","","","",""
"a2C4S0000008SogUAE","0054S000000Ms6RQAS","","a2C4S0000008Sog","2020-06-02T17:59:20.000Z","0054S000000Ms6RQAS","2020-06-02T17:59:20.000Z","0054S000000Ms6RQAS","","Html.Layouts.NoLayout","a004S000000qbZGQAY","","","",""
"a2C4S0000008SohUAE","0054S000000Ms6RQAS","","a2C4S0000008Soh","2020-06-02T17:59:20.000Z","0054S000000Ms6RQAS","2020-06-02T17:59:20.000Z","0054S000000Ms6RQAS","","Html.Layouts.NoLayout","a004S000000qbZKQAY","","","",""
"a2C4S0000008SoiUAE","0054S000000Ms6RQAS","","a2C4S0000008Soi","2020-06-02T17:59:20.000Z","0054S000000Ms6RQAS","2020-06-02T17:59:20.000Z","0054S000000Ms6RQAS","","Html.Layouts.TableLayout","a004S000000qbZNQAY","","","",""
"a2C4S0000008SojUAE","0054S000000Ms6RQAS","","a2C4S0000008Soj","2020-06-02T17:59:20.000Z","0054S000000Ms6RQAS","2020-06-02T17:59:20.000Z","0054S000000Ms6RQAS","","Html.Layouts.NoLayout","a004S000000qbZQQAY","","","",""
"a2C4S0000008SokUAE","0054S000000Ms6RQAS","","a2C4S0000008Sok","2020-06-02T17:59:20.000Z","0054S000000Ms6RQAS","2020-06-02T17:59:20.000Z","0054S000000Ms6RQAS","","Html.Layouts.NoLayout","a004S000000qbZUQAY","","","",""
"a2C4S0000008SolUAE","0054S000000Ms6RQAS","","a2C4S0000008Sol","2020-06-02T17:59:20.000Z","0054S000000Ms6RQAS","2020-06-02T17:59:20.000Z","0054S000000Ms6RQAS","","Html.Layouts.NoLayout","a004S000000qbZXQAY","","","",""
"a2C4S0000008SomUAE","0054S000000Ms6RQAS","","a2C4S0000008Som","2020-06-02T17:59:20.000Z","0054S000000Ms6RQAS","2020-06-02T17:59:20.000Z","0054S000000Ms6RQAS","","Html.Layouts.TableLayout","a004S000000qbZcQAI","","","",""
"a2C4S0000008SonUAE","0054S000000Ms6RQAS","","a2C4S0000008Son","2020-06-02T17:59:20.000Z","0054S000000Ms6RQAS","2020-06-02T17:59:20.000Z","0054S000000Ms6RQAS","","Html.Layouts.NoLayout","a004S000000qbZeQAI","","","",""
"a2C4S0000008SooUAE","0054S000000Ms6RQAS","","a2C4S0000008Soo","2020-06-02T17:59:20.000Z","0054S000000Ms6RQAS","2020-06-02T17:59:20.000Z","0054S000000Ms6RQAS","","Html.Layouts.TableLayout","a004S000000qbZhQAI","","","",""
"a2C4S0000008SopUAE","0054S000000Ms6RQAS","","a2C4S0000008Sop","2020-06-02T17:59:20.000Z","0054S000000Ms6RQAS","2020-06-02T17:59:20.000Z","0054S000000Ms6RQAS","","Html.Layouts.TableLayout","a004S000000qbZjQAI","","","",""
"a2C4S0000008SoqUAE","0054S000000Ms6RQAS","","a2C4S0000008Soq","2020-06-02T17:59:20.000Z","0054S000000Ms6RQAS","2020-06-02T17:59:20.000Z","0054S000000Ms6RQAS","","Html.Layouts.TableLayout","a004S000000qbZmQAI","","","",""
"a2C4S0000008SorUAE","0054S000000Ms6RQAS","","a2C4S0000008Sor","2020-06-02T17:59:20.000Z","0054S000000Ms6RQAS","2020-06-02T17:59:20.000Z","0054S000000Ms6RQAS","","Html.Layouts.TableLayout","a004S000000qb8iQAA","","","",""
"a2C4S0000008SosUAE","0054S000000Ms6RQAS","","a2C4S0000008Sos","2020-06-02T17:59:20.000Z","0054S000000Ms6RQAS","2020-06-02T17:59:20.000Z","0054S000000Ms6RQAS","","Html.Layouts.NoLayout","a004S000000qb8jQAA","","","",""
"a2C4S0000008SotUAE","0054S000000Ms6RQAS","","a2C4S0000008Sot","2020-06-02T17:59:20.000Z","0054S000000Ms6RQAS","2020-06-02T17:59:20.000Z","0054S000000Ms6RQAS","","Html.Layouts.NoLayout","a004S000000qb8mQAA","","","",""
"a2C4S0000008SouUAE","0054S000000Ms6RQAS","","a2C4S0000008Sou","2020-06-02T17:59:20.000Z","0054S000000Ms6RQAS","2020-06-02T17:59:20.000Z","0054S000000Ms6RQAS","","Html.Layouts.TableLayout","a004S000000qbB9QAI","","","",""
"a2C4S0000008SovUAE","0054S000000Ms6RQAS","","a2C4S0000008Sov","2020-06-02T17:59:20.000Z","0054S000000Ms6RQAS","2020-06-02T17:59:20.000Z","0054S000000Ms6RQAS","","Html.Layouts.NoLayout","a004S000000qbBBQAY","","","",""
"a2C4S0000008SoxUAE","0054S000000Ms6RQAS","","a2C4S0000008Sox","2020-06-02T17:59:20.000Z","0054S000000Ms6RQAS","2020-06-02T17:59:20.000Z","0054S000000Ms6RQAS","","Html.Layouts.TableLayout","a004S000000qbGlQAI","","","",""
"a2C4S0000008SoyUAE","0054S000000Ms6RQAS","","a2C4S0000008Soy","2020-06-02T17:59:20.000Z","0054S000000Ms6RQAS","2020-06-02T17:59:20.000Z","0054S000000Ms6RQAS","","Html.Layouts.TableLayout","a004S000000qbGnQAI","","","",""
"a2C4S0000008SozUAE","0054S000000Ms6RQAS","","a2C4S0000008Soz","2020-06-02T17:59:20.000Z","0054S000000Ms6RQAS","2020-06-02T17:59:20.000Z","0054S000000Ms6RQAS","","Html.Layouts.TableLayout","a004S000000qbGpQAI","","","",""
"a2C4S0000008Sp0UAE","0054S000000Ms6RQAS","","a2C4S0000008Sp0","2020-06-02T17:59:20.000Z","0054S000000Ms6RQAS","2020-06-02T17:59:20.000Z","0054S000000Ms6RQAS","","Html.Layouts.TableLayout","a004S000000qbGrQAI","","","",""
"a2C4S0000008Sp1UAE","0054S000000Ms6RQAS","","a2C4S0000008Sp1","2020-06-02T17:59:20.000Z","0054S000000Ms6RQAS","2020-06-02T17:59:20.000Z","0054S000000Ms6RQAS","","Html.Layouts.TwoColumnGrid","a004S000000qbZoQAI","","","",""
"a2C4S0000008Sp2UAE","0054S000000Ms6RQAS","","a2C4S0000008Sp2","2020-06-02T17:59:20.000Z","0054S000000Ms6RQAS","2020-06-02T17:59:20.000Z","0054S000000Ms6RQAS","","Html.Layouts.NoLayout","a004S000000qbZrQAI","","","",""
"a2C4S0000008Sp3UAE","0054S000000Ms6RQAS","","a2C4S0000008Sp3","2020-06-02T17:59:20.000Z","0054S000000Ms6RQAS","2020-06-02T17:59:20.000Z","0054S000000Ms6RQAS","","Html.Layouts.NoLayout","a004S000000qbZvQAI","","","",""
"a2C4S0000008Sp4UAE","0054S000000Ms6RQAS","","a2C4S0000008Sp4","2020-06-02T17:59:20.000Z","0054S000000Ms6RQAS","2020-06-02T17:59:20.000Z","0054S000000Ms6RQAS","","Html.Layouts.TableLayout","a004S000000qbZyQAI","","","",""
"a2C4S0000008Sp5UAE","0054S000000Ms6RQAS","","a2C4S0000008Sp5","2020-06-02T17:59:20.000Z","0054S000000Ms6RQAS","2020-06-02T17:59:20.000Z","0054S000000Ms6RQAS","","Html.Layouts.NoLayout","a004S000000qba1QAA","","","",""
"a2C4S0000008Sp6UAE","0054S000000Ms6RQAS","","a2C4S0000008Sp6","2020-06-02T17:59:20.000Z","0054S000000Ms6RQAS","2020-06-02T17:59:20.000Z","0054S000000Ms6RQAS","","Html.Layouts.NoLayout","a004S000000qba5QAA","","","",""
"a2C4S0000008Sp7UAE","0054S000000Ms6RQAS","","a2C4S0000008Sp7","2020-06-02T17:59:20.000Z","0054S000000Ms6RQAS","2020-06-02T17:59:20.000Z","0054S000000Ms6RQAS","","Html.Layouts.NoLayout","a004S000000qba8QAA","","","",""
"a2C4S0000008Sp8UAE","0054S000000Ms6RQAS","","a2C4S0000008Sp8","2020-06-02T17:59:20.000Z","0054S000000Ms6RQAS","2020-06-02T17:59:20.000Z","0054S000000Ms6RQAS","","Html.Layouts.TableLayout","a004S000000qbaDQAQ","","","",""
"a2C4S0000008Sp9UAE","0054S000000Ms6RQAS","","a2C4S0000008Sp9","2020-06-02T17:59:20.000Z","0054S000000Ms6RQAS","2020-06-02T17:59:20.000Z","0054S000000Ms6RQAS","","Html.Layouts.NoLayout","a004S000000qbaFQAQ","","","",""
"a2C4S0000008SpAUAU","0054S000000Ms6RQAS","","a2C4S0000008SpA","2020-06-02T17:59:20.000Z","0054S000000Ms6RQAS","2020-06-02T17:59:20.000Z","0054S000000Ms6RQAS","","Html.Layouts.TableLayout","a004S000000qbaIQAQ","","","",""
"a2C4S0000008SpBUAU","0054S000000Ms6RQAS","","a2C4S0000008SpB","2020-06-02T17:59:20.000Z","0054S000000Ms6RQAS","2020-06-02T17:59:20.000Z","0054S000000Ms6RQAS","","Html.Layouts.TableLayout","a004S000000qbaKQAQ","","","",""
"a2C4S0000008SpCUAU","0054S000000Ms6RQAS","","a2C4S0000008SpC","2020-06-02T17:59:20.000Z","0054S000000Ms6RQAS","2020-06-02T17:59:20.000Z","0054S000000Ms6RQAS","","Html.Layouts.TableLayout","a004S000000qbaNQAQ","","","",""
"a2C4S0000008SpDUAU","0054S000000Ms6RQAS","","a2C4S0000008SpD","2020-06-02T17:59:20.000Z","0054S000000Ms6RQAS","2020-06-02T17:59:20.000Z","0054S000000Ms6RQAS","","Html.Layouts.TwoColumnGrid","a004S000000qbaPQAQ","","","",""
"a2C4S0000008SpFUAU","0054S000000Ms6RQAS","","a2C4S0000008SpF","2020-06-02T17:59:20.000Z","0054S000000Ms6RQAS","2020-06-02T17:59:20.000Z","0054S000000Ms6RQAS","","Html.Layouts.TableLayout","a004S000000qb7AQAQ","","","",""
"a2C4S0000008SoWUAU","0054S000000Ms6RQAS","","a2C4S0000008SoW","2020-06-02T17:59:20.000Z","0054S000000Ms6RQAS","2020-06-02T17:59:20.000Z","0054S000000Ms6RQAS","","Html.Layouts.NoLayout","a004S000000qb6NQAQ","","","",""
"a2C4S0000008SocUAE","0054S000000Ms6RQAS","","a2C4S0000008Soc","2020-06-02T17:59:20.000Z","0054S000000Ms6RQAS","2020-06-02T17:59:20.000Z","0054S000000Ms6RQAS","","Html.Layouts.NoLayout","a004S000000qb6OQAQ","","","",""
"a2C4S0000008SowUAE","0054S000000Ms6RQAS","","a2C4S0000008Sow","2020-06-02T17:59:20.000Z","0054S000000Ms6RQAS","2020-06-02T17:59:20.000Z","0054S000000Ms6RQAS","","Html.Layouts.NoLayout","a004S000000qb6SQAQ","","","",""
"a2C4S0000008SpEUAU","0054S000000Ms6RQAS","","TwoColumnGrid","2020-06-02T17:59:20.000Z","0054S000000Ms6RQAS","2020-06-02T17:59:20.000Z","0054S000000Ms6RQAS","","Html.Layouts.TwoColumnGrid","a004S000000qb6TQAQ","","","",""
"a2C4S0000008SoXUAU","0054S000000Ms6RQAS","","a2C4S0000008SoX","2020-06-02T17:59:20.000Z","0054S000000Ms6RQAS","2020-06-02T17:59:20.000Z","0054S000000Ms6RQAS","","Html.Layouts.NoLayout","a004S000000qb78QAA","","","",""
"a2C4S0000008SodUAE","0054S000000Ms6RQAS","","a2C4S0000008Sod","2020-06-02T17:59:20.000Z","0054S000000Ms6RQAS","2020-06-02T17:59:20.000Z","0054S000000Ms6RQAS","","Html.Layouts.TwoColumnGrid","a004S000000qb79QAA","","","",""
"a2C4S0000008SoYUAU","0054S000000Ms6RQAS","","a2C4S0000008SoY","2020-06-02T17:59:20.000Z","0054S000000Ms6RQAS","2020-06-02T17:59:20.000Z","0054S000000Ms6RQAS","","Html.Layouts.NoLayout","a004S000000qb7fQAA","","","",""
"a2C4S0000008SpGUAU","0054S000000Ms6RQAS","","SingleColumnGrid","2020-06-02T17:59:20.000Z","0054S000000Ms6RQAS","2020-06-02T17:59:20.000Z","0054S000000Ms6RQAS","","Html.Layouts.SingleColumnGrid","a004S000000qb8NQAQ","","","",""
"a2C4S0000008SpHUAU","0054S000000Ms6RQAS","","a2C4S0000008SpH","2020-06-02T17:59:20.000Z","0054S000000Ms6RQAS","2020-06-02T17:59:20.000Z","0054S000000Ms6RQAS","","Html.Layouts.NoLayout","a004S000000qbZHQAY","","","",""
"a2C4S0000008SpIUAU","0054S000000Ms6RQAS","","a2C4S0000008SpI","2020-06-02T17:59:20.000Z","0054S000000Ms6RQAS","2020-06-02T17:59:20.000Z","0054S000000Ms6RQAS","","Html.Layouts.TableLayout","a004S000000qbZLQAY","","","",""
"a2C4S0000008SpJUAU","0054S000000Ms6RQAS","","a2C4S0000008SpJ","2020-06-02T17:59:20.000Z","0054S000000Ms6RQAS","2020-06-02T17:59:20.000Z","0054S000000Ms6RQAS","","Html.Layouts.NoLayout","a004S000000qbZRQAY","","","",""
"a2C4S0000008SpKUAU","0054S000000Ms6RQAS","","a2C4S0000008SpK","2020-06-02T17:59:20.000Z","0054S000000Ms6RQAS","2020-06-02T17:59:20.000Z","0054S000000Ms6RQAS","","Html.Layouts.TableLayout","a004S000000qbZVQAY","","","",""
"a2C4S0000008SpLUAU","0054S000000Ms6RQAS","","a2C4S0000008SpL","2020-06-02T17:59:20.000Z","0054S000000Ms6RQAS","2020-06-02T17:59:20.000Z","0054S000000Ms6RQAS","","Html.Layouts.TwoColumnGrid","a004S000000qbZYQAY","","","",""
"a2C4S0000008SpMUAU","0054S000000Ms6RQAS","","a2C4S0000008SpM","2020-06-02T17:59:20.000Z","0054S000000Ms6RQAS","2020-06-02T17:59:20.000Z","0054S000000Ms6RQAS","","Html.Layouts.TableLayout","a004S000000qbZfQAI","","","",""
"a2C4S0000008SpNUAU","0054S000000Ms6RQAS","","a2C4S0000008SpN","2020-06-02T17:59:20.000Z","0054S000000Ms6RQAS","2020-06-02T17:59:20.000Z","0054S000000Ms6RQAS","","Html.Layouts.TableLayout","a004S000000qb8kQAA","","","",""
"a2C4S0000008SpOUAU","0054S000000Ms6RQAS","","a2C4S0000008SpO","2020-06-02T17:59:20.000Z","0054S000000Ms6RQAS","2020-06-02T17:59:20.000Z","0054S000000Ms6RQAS","","Html.Layouts.TwoColumnGrid","a004S000000qb8nQAA","","","",""
"a2C4S0000008SpPUAU","0054S000000Ms6RQAS","","a2C4S0000008SpP","2020-06-02T17:59:20.000Z","0054S000000Ms6RQAS","2020-06-02T17:59:20.000Z","0054S000000Ms6RQAS","","Html.Layouts.TableLayout","a004S000000qb6UQAQ","","","",""
"a2C4S0000008SpQUAU","0054S000000Ms6RQAS","","a2C4S0000008SpQ","2020-06-02T17:59:20.000Z","0054S000000Ms6RQAS","2020-06-02T17:59:20.000Z","0054S000000Ms6RQAS","","Html.Layouts.NoLayout","a004S000000qbZsQAI","","","",""
"a2C4S0000008SpRUAU","0054S000000Ms6RQAS","","a2C4S0000008SpR","2020-06-02T17:59:20.000Z","0054S000000Ms6RQAS","2020-06-02T17:59:20.000Z","0054S000000Ms6RQAS","","Html.Layouts.TableLayout","a004S000000qbZwQAI","","","",""
"a2C4S0000008SpSUAU","0054S000000Ms6RQAS","","a2C4S0000008SpS","2020-06-02T17:59:20.000Z","0054S000000Ms6RQAS","2020-06-02T17:59:20.000Z","0054S000000Ms6RQAS","","Html.Layouts.NoLayout","a004S000000qba2QAA","","","",""
"a2C4S0000008SpTUAU","0054S000000Ms6RQAS","","a2C4S0000008SpT","2020-06-02T17:59:20.000Z","0054S000000Ms6RQAS","2020-06-02T17:59:20.000Z","0054S000000Ms6RQAS","","Html.Layouts.TableLayout","a004S000000qba6QAA","","","",""
"a2C4S0000008SpUUAU","0054S000000Ms6RQAS","","a2C4S0000008SpU","2020-06-02T17:59:20.000Z","0054S000000Ms6RQAS","2020-06-02T17:59:20.000Z","0054S000000Ms6RQAS","","Html.Layouts.TwoColumnGrid","a004S000000qba9QAA","","","",""
"a2C4S0000008SpVUAU","0054S000000Ms6RQAS","","a2C4S0000008SpV","2020-06-02T17:59:20.000Z","0054S000000Ms6RQAS","2020-06-02T17:59:20.000Z","0054S000000Ms6RQAS","","Html.Layouts.TableLayout","a004S000000qbaGQAQ","","","",""
"a2C4S0000008SpWUAU","0054S000000Ms6RQAS","","TableLayout","2020-06-02T17:59:20.000Z","0054S000000Ms6RQAS","2020-06-02T17:59:20.000Z","0054S000000Ms6RQAS","","Html.Layouts.TableLayout","a004S000000qb8OQAQ","","","",""
"a2C4S0000008SpXUAU","0054S000000Ms6RQAS","","a2C4S0000008SpX","2020-06-02T17:59:20.000Z","0054S000000Ms6RQAS","2020-06-02T17:59:20.000Z","0054S000000Ms6RQAS","","Html.Layouts.TableLayout","a004S000000qbZIQAY","","","",""
"a2C4S0000008SpYUAU","0054S000000Ms6RQAS","","a2C4S0000008SpY","2020-06-02T17:59:20.000Z","0054S000000Ms6RQAS","2020-06-02T17:59:20.000Z","0054S000000Ms6RQAS","","Html.Layouts.TableLayout","a004S000000qbZSQAY","","","",""
"a2C4S0000008SpZUAU","0054S000000Ms6RQAS","","a2C4S0000008SpZ","2020-06-02T17:59:20.000Z","0054S000000Ms6RQAS","2020-06-02T17:59:20.000Z","0054S000000Ms6RQAS","","Html.Layouts.TableLayout","a004S000000qbZZQAY","","","",""
"a2C4S0000008SpaUAE","0054S000000Ms6RQAS","","a2C4S0000008Spa","2020-06-02T17:59:20.000Z","0054S000000Ms6RQAS","2020-06-02T17:59:20.000Z","0054S000000Ms6RQAS","","Html.Layouts.TableLayout","a004S000000qbZaQAI","","","",""
"a2C4S0000008SpbUAE","0054S000000Ms6RQAS","","a2C4S0000008Spb","2020-06-02T17:59:20.000Z","0054S000000Ms6RQAS","2020-06-02T17:59:20.000Z","0054S000000Ms6RQAS","","Html.Layouts.TableLayout","a004S000000qb8oQAA","","","",""
"a2C4S0000008SpcUAE","0054S000000Ms6RQAS","","a2C4S0000008Spc","2020-06-02T17:59:20.000Z","0054S000000Ms6RQAS","2020-06-02T17:59:20.000Z","0054S000000Ms6RQAS","","Html.Layouts.TableLayout","a004S000000qb8pQAA","","","",""
"a2C4S0000008SpdUAE","0054S000000Ms6RQAS","","a2C4S0000008Spd","2020-06-02T17:59:20.000Z","0054S000000Ms6RQAS","2020-06-02T17:59:20.000Z","0054S000000Ms6RQAS","","Html.Layouts.TableLayout","a004S000000qbZtQAI","","","",""
"a2C4S0000008SpeUAE","0054S000000Ms6RQAS","","a2C4S0000008Spe","2020-06-02T17:59:20.000Z","0054S000000Ms6RQAS","2020-06-02T17:59:20.000Z","0054S000000Ms6RQAS","","Html.Layouts.TableLayout","a004S000000qba3QAA","","","",""
"a2C4S0000008SpfUAE","0054S000000Ms6RQAS","","a2C4S0000008Spf","2020-06-02T17:59:20.000Z","0054S000000Ms6RQAS","2020-06-02T17:59:20.000Z","0054S000000Ms6RQAS","","Html.Layouts.TableLayout","a004S000000qbaAQAQ","","","",""
"a2C4S0000008SpgUAE","0054S000000Ms6RQAS","","a2C4S0000008Spg","2020-06-02T17:59:20.000Z","0054S000000Ms6RQAS","2020-06-02T17:59:20.000Z","0054S000000Ms6RQAS","","Html.Layouts.TableLayout","a004S000000qbaBQAQ","","","",""
"a2C4S0000008SphUAE","0054S000000Ms6RQAS","","a2C4S0000008Sph","2020-06-02T17:59:20.000Z","0054S000000Ms6RQAS","2020-06-02T17:59:20.000Z","0054S000000Ms6RQAS","","Html.Layouts.NoLayout","a004S000000qbaSQAQ","","","",""
"a2C4S0000008SpiUAE","0054S000000Ms6RQAS","","a2C4S0000008Spi","2020-06-02T17:59:20.000Z","0054S000000Ms6RQAS","2020-06-02T17:59:20.000Z","0054S000000Ms6RQAS","","Html.Layouts.NoLayout","a004S000000qbaWQAQ","","","",""
"a2C4S0000008SpjUAE","0054S000000Ms6RQAS","","a2C4S0000008Spj","2020-06-02T17:59:20.000Z","0054S000000Ms6RQAS","2020-06-02T17:59:20.000Z","0054S000000Ms6RQAS","","Html.Layouts.TableLayout","a004S000000qbaZQAQ","","","",""
"a2C4S0000008SpkUAE","0054S000000Ms6RQAS","","a2C4S0000008Spk","2020-06-02T17:59:20.000Z","0054S000000Ms6RQAS","2020-06-02T17:59:20.000Z","0054S000000Ms6RQAS","","Html.Layouts.NoLayout","a004S000000qbacQAA","","","",""
"a2C4S0000008SplUAE","0054S000000Ms6RQAS","","a2C4S0000008Spl","2020-06-02T17:59:20.000Z","0054S000000Ms6RQAS","2020-06-02T17:59:20.000Z","0054S000000Ms6RQAS","","Html.Layouts.NoLayout","a004S000000qbagQAA","","","",""
"a2C4S0000008SpmUAE","0054S000000Ms6RQAS","","a2C4S0000008Spm","2020-06-02T17:59:20.000Z","0054S000000Ms6RQAS","2020-06-02T17:59:20.000Z","0054S000000Ms6RQAS","","Html.Layouts.NoLayout","a004S000000qbajQAA","","","",""
"a2C4S0000008SpnUAE","0054S000000Ms6RQAS","","a2C4S0000008Spn","2020-06-02T17:59:20.000Z","0054S000000Ms6RQAS","2020-06-02T17:59:20.000Z","0054S000000Ms6RQAS","","Html.Layouts.TableLayout","a004S000000qbaoQAA","","","",""
"a2C4S0000008SpoUAE","0054S000000Ms6RQAS","","a2C4S0000008Spo","2020-06-02T17:59:20.000Z","0054S000000Ms6RQAS","2020-06-02T17:59:20.000Z","0054S000000Ms6RQAS","","Html.Layouts.NoLayout","a004S000000qbaqQAA","","","",""
"a2C4S0000008SppUAE","0054S000000Ms6RQAS","","a2C4S0000008Spp","2020-06-02T17:59:20.000Z","0054S000000Ms6RQAS","2020-06-02T17:59:20.000Z","0054S000000Ms6RQAS","","Html.Layouts.TableLayout","a004S000000qbatQAA","","","",""
"a2C4S0000008SpqUAE","0054S000000Ms6RQAS","","a2C4S0000008Spq","2020-06-02T17:59:20.000Z","0054S000000Ms6RQAS","2020-06-02T17:59:20.000Z","0054S000000Ms6RQAS","","Html.Layouts.TableLayout","a004S000000qbavQAA","","","",""
"a2C4S0000008SprUAE","0054S000000Ms6RQAS","","a2C4S0000008Spr","2020-06-02T17:59:20.000Z","0054S000000Ms6RQAS","2020-06-02T17:59:20.000Z","0054S000000Ms6RQAS","","Html.Layouts.TableLayout","a004S000000qbayQAA","","","",""
"a2C4S0000008SpsUAE","0054S000000Ms6RQAS","","a2C4S0000008Sps","2020-06-02T17:59:20.000Z","0054S000000Ms6RQAS","2020-06-02T17:59:20.000Z","0054S000000Ms6RQAS","","Html.Layouts.NoLayout","a004S000000qbaTQAQ","","","",""
"a2C4S0000008SptUAE","0054S000000Ms6RQAS","","a2C4S0000008Spt","2020-06-02T17:59:20.000Z","0054S000000Ms6RQAS","2020-06-02T17:59:20.000Z","0054S000000Ms6RQAS","","Html.Layouts.TableLayout","a004S000000qbaXQAQ","","","",""
"a2C4S0000008SpuUAE","0054S000000Ms6RQAS","","a2C4S0000008Spu","2020-06-02T17:59:20.000Z","0054S000000Ms6RQAS","2020-06-02T17:59:20.000Z","0054S000000Ms6RQAS","","Html.Layouts.NoLayout","a004S000000qbadQAA","","","",""
"a2C4S0000008SpvUAE","0054S000000Ms6RQAS","","a2C4S0000008Spv","2020-06-02T17:59:20.000Z","0054S000000Ms6RQAS","2020-06-02T17:59:20.000Z","0054S000000Ms6RQAS","","Html.Layouts.TableLayout","a004S000000qbahQAA","","","",""
"a2C4S0000008SpwUAE","0054S000000Ms6RQAS","","a2C4S0000008Spw","2020-06-02T17:59:20.000Z","0054S000000Ms6RQAS","2020-06-02T17:59:20.000Z","0054S000000Ms6RQAS","","Html.Layouts.TwoColumnGrid","a004S000000qbakQAA","","","",""
"a2C4S0000008SpxUAE","0054S000000Ms6RQAS","","a2C4S0000008Spx","2020-06-02T17:59:20.000Z","0054S000000Ms6RQAS","2020-06-02T17:59:20.000Z","0054S000000Ms6RQAS","","Html.Layouts.TableLayout","a004S000000qbarQAA","","","",""
"a2C4S0000008SpyUAE","0054S000000Ms6RQAS","","a2C4S0000008Spy","2020-06-02T17:59:20.000Z","0054S000000Ms6RQAS","2020-06-02T17:59:20.000Z","0054S000000Ms6RQAS","","Html.Layouts.TableLayout","a004S000000qbaUQAQ","","","",""
"a2C4S0000008SpzUAE","0054S000000Ms6RQAS","","a2C4S0000008Spz","2020-06-02T17:59:20.000Z","0054S000000Ms6RQAS","2020-06-02T17:59:20.000Z","0054S000000Ms6RQAS","","Html.Layouts.TableLayout","a004S000000qbaeQAA","","","",""
"a2C4S0000008Sq0UAE","0054S000000Ms6RQAS","","a2C4S0000008Sq0","2020-06-02T17:59:20.000Z","0054S000000Ms6RQAS","2020-06-02T17:59:20.000Z","0054S000000Ms6RQAS","","Html.Layouts.TableLayout","a004S000000qbalQAA","","","",""
"a2C4S0000008Sq1UAE","0054S000000Ms6RQAS","","a2C4S0000008Sq1","2020-06-02T17:59:20.000Z","0054S000000Ms6RQAS","2020-06-02T17:59:20.000Z","0054S000000Ms6RQAS","","Html.Layouts.TableLayout","a004S000000qbamQAA","","","",""
"a2C4S0000008Sq2UAE","0054S000000Ms6RQAS","","NoLayout","2020-06-02T17:59:20.000Z","0054S000000Ms6RQAS","2020-06-02T17:59:20.000Z","0054S000000Ms6RQAS","","Html.Layouts.NoLayout","42897310663482211","","","",""
"a2C4S0000008Sq3UAE","0054S000000Ms6RQAS","","TableLayout","2020-06-02T17:59:20.000Z","0054S000000Ms6RQAS","2020-06-02T17:59:20.000Z","0054S000000Ms6RQAS","","Html.Layouts.TableLayout","42128780304056361","","","",""
"a2C4S0000008Sq4UAE","0054S000000Ms6RQAS","","a2C4S0000008SoY","2020-06-02T17:59:20.000Z","0054S000000Ms6RQAS","2020-06-02T17:59:20.000Z","0054S000000Ms6RQAS","","Html.Layouts.NoLayout","42650090986340073","","","",""
"a2C4S0000008Sq5UAE","0054S000000Ms6RQAS","","a2C4S0000008SzT","2020-06-02T17:59:20.000Z","0054S000000Ms6RQAS","2020-06-02T17:59:20.000Z","0054S000000Ms6RQAS","","Html.Layouts.NoLayout","42496550606997025","","","",""
"a2C4S0000008Sq6UAE","0054S000000Ms6RQAS","","a2C4S0000008SzU","2020-06-02T17:59:20.000Z","0054S000000Ms6RQAS","2020-06-02T17:59:20.000Z","0054S000000Ms6RQAS","","Html.Layouts.NoLayout","42184977409227958","","","",""
"a2C4S0000008Sq7UAE","0054S000000Ms6RQAS","","a2C4S0000008SzV","2020-06-02T17:59:20.000Z","0054S000000Ms6RQAS","2020-06-02T17:59:20.000Z","0054S000000Ms6RQAS","","Html.Layouts.NoLayout","42717623073772946","","","",""
"a2C4S0000008Sq8UAE","0054S000000Ms6RQAS","","a2C4S0000008SzW","2020-06-02T17:59:20.000Z","0054S000000Ms6RQAS","2020-06-02T17:59:20.000Z","0054S000000Ms6RQAS","","Html.Layouts.TableLayout","42079676016170033","","","",""
"a2C4S0000008Sq9UAE","0054S000000Ms6RQAS","","a2C4S0000008SzX","2020-06-02T17:59:20.000Z","0054S000000Ms6RQAS","2020-06-02T17:59:20.000Z","0054S000000Ms6RQAS","","Html.Layouts.NoLayout","42187834167108182","","","",""
"a2C4S0000008SqAUAU","0054S000000Ms6RQAS","","a2C4S0000008SzY","2020-06-02T17:59:20.000Z","0054S000000Ms6RQAS","2020-06-02T17:59:20.000Z","0054S000000Ms6RQAS","","Html.Layouts.NoLayout","42196096331333525","","","",""
"a2C4S0000008SqBUAU","0054S000000Ms6RQAS","","a2C4S0000008SzZ","2020-06-02T17:59:20.000Z","0054S000000Ms6RQAS","2020-06-02T17:59:20.000Z","0054S000000Ms6RQAS","","Html.Layouts.NoLayout","42886480986114377","","","",""
"a2C4S0000008SqCUAU","0054S000000Ms6RQAS","","a2C4S0000008Sza","2020-06-02T17:59:20.000Z","0054S000000Ms6RQAS","2020-06-02T17:59:20.000Z","0054S000000Ms6RQAS","","Html.Layouts.NoLayout","42863171322513561","","","",""
"a2C4S0000008SqDUAU","0054S000000Ms6RQAS","","a2C4S0000008Szb","2020-06-02T17:59:20.000Z","0054S000000Ms6RQAS","2020-06-02T17:59:20.000Z","0054S000000Ms6RQAS","","Html.Layouts.TableLayout","42471406531685969","","","",""
"a2C4S0000008SqEUAU","0054S000000Ms6RQAS","","a2C4S0000008SoX","2020-06-02T17:59:20.000Z","0054S000000Ms6RQAS","2020-06-02T17:59:20.000Z","0054S000000Ms6RQAS","","Html.Layouts.NoLayout","42561376791959418","","","",""
"a2C4S0000008SqFUAU","0054S000000Ms6RQAS","","a2C4S0000008Sod","2020-06-02T17:59:20.000Z","0054S000000Ms6RQAS","2020-06-02T17:59:20.000Z","0054S000000Ms6RQAS","","Html.Layouts.TwoColumnGrid","42692930120806534","","","",""
"a2C4S0000008SqGUAU","0054S000000Ms6RQAS","","a2C4S0000008SpF","2020-06-02T17:59:20.000Z","0054S000000Ms6RQAS","2020-06-02T17:59:20.000Z","0054S000000Ms6RQAS","","Html.Layouts.TableLayout","1.193733913374961","","","",""
"a2C4S0000008SqHUAU","0054S000000Ms6RQAS","","a2C4S0000008Sz3","2020-06-02T17:59:20.000Z","0054S000000Ms6RQAS","2020-06-02T17:59:20.000Z","0054S000000Ms6RQAS","","Html.Layouts.NoLayout","42345492261538302","","","",""
"a2C4S0000008SqIUAU","0054S000000Ms6RQAS","","a2C4S0000008Sz7","2020-06-02T17:59:20.000Z","0054S000000Ms6RQAS","2020-06-02T17:59:20.000Z","0054S000000Ms6RQAS","","Html.Layouts.NoLayout","42883672711583993","","","",""
"a2C4S0000008SqJUAU","0054S000000Ms6RQAS","","a2C4S0000008Sz9","2020-06-02T17:59:20.000Z","0054S000000Ms6RQAS","2020-06-02T17:59:20.000Z","0054S000000Ms6RQAS","","Html.Layouts.TableLayout","42579250542887458","","","",""
"a2C4S0000008SqKUAU","0054S000000Ms6RQAS","","a2C4S0000008SzA","2020-06-02T17:59:20.000Z","0054S000000Ms6RQAS","2020-06-02T17:59:20.000Z","0054S000000Ms6RQAS","","Html.Layouts.TableLayout","42531169471868664","","","",""
"a2C4S0000008SqLUAU","0054S000000Ms6RQAS","","a2C4S0000008SzB","2020-06-02T17:59:20.000Z","0054S000000Ms6RQAS","2020-06-02T17:59:20.000Z","0054S000000Ms6RQAS","","Html.Layouts.TableLayout","42532950693124832","","","",""
"a2C4S0000008SqMUAU","0054S000000Ms6RQAS","","a2C4S0000008Sz4","2020-06-02T17:59:20.000Z","0054S000000Ms6RQAS","2020-06-02T17:59:20.000Z","0054S000000Ms6RQAS","","Html.Layouts.TwoColumnGrid","42591736512899556","","","",""
"a2C4S0000008SqNUAU","0054S000000Ms6RQAS","","a2C4S0000008Sz8","2020-06-02T17:59:20.000Z","0054S000000Ms6RQAS","2020-06-02T17:59:20.000Z","0054S000000Ms6RQAS","","Html.Layouts.TableLayout","42327445328832396","","","",""
"a2C4S0000008SqOUAU","0054S000000Ms6RQAS","","a2C4S0000008Sz5","2020-06-02T17:59:20.000Z","0054S000000Ms6RQAS","2020-06-02T17:59:20.000Z","0054S000000Ms6RQAS","","Html.Layouts.TableLayout","42985383906581384","","","",""
"a2C4S0000008SqPUAU","0054S000000Ms6RQAS","","a2C4S0000008Sz6","2020-06-02T17:59:20.000Z","0054S000000Ms6RQAS","2020-06-02T17:59:20.000Z","0054S000000Ms6RQAS","","Html.Layouts.TableLayout","42890329870952952","","","",""
"a2C4S0000008SqQUAU","0054S000000Ms6RQAS","","a2C4S0000008Sne","2020-06-02T17:59:20.000Z","0054S000000Ms6RQAS","2020-06-02T17:59:20.000Z","0054S000000Ms6RQAS","","Html.Layouts.TwoColumnGrid","42521466911276431","","","",""
"a2C4S0000008SqRUAU","0054S000000Ms6RQAS","","a2C4S0000008Szz","2020-06-02T17:59:20.000Z","0054S000000Ms6RQAS","2020-06-02T17:59:20.000Z","0054S000000Ms6RQAS","","Html.Layouts.NoLayout","42983990818270716","","","",""
"a2C4S0000008SqSUAU","0054S000000Ms6RQAS","","a2C4S0000008T00","2020-06-02T17:59:20.000Z","0054S000000Ms6RQAS","2020-06-02T17:59:20.000Z","0054S000000Ms6RQAS","","Html.Layouts.NoLayout","42364159443976724","","","",""
"a2C4S0000008SqTUAU","0054S000000Ms6RQAS","","a2C4S0000008T01","2020-06-02T17:59:20.000Z","0054S000000Ms6RQAS","2020-06-02T17:59:20.000Z","0054S000000Ms6RQAS","","Html.Layouts.NoLayout","42914555629199026","","","",""
"a2C4S0000008SqXUAU","0054S000000Ms6RQAS","","TwoColumnGrid","2020-06-02T17:59:20.000Z","0054S000000Ms6RQAS","2020-06-02T17:59:20.000Z","0054S000000Ms6RQAS","","Html.Layouts.TwoColumnGrid","42121071968398104","","","",""
"a2C4S0000008SqUUAU","0054S000000Ms6RQAS","","a2C4S0000008T02","2020-06-02T17:59:20.000Z","0054S000000Ms6RQAS","2020-06-02T17:59:20.000Z","0054S000000Ms6RQAS","","Html.Layouts.NoLayout","42859154023731875","","","",""
"a2C4S0000008SqVUAU","0054S000000Ms6RQAS","","a2C4S0000008T03","2020-06-02T17:59:20.000Z","0054S000000Ms6RQAS","2020-06-02T17:59:20.000Z","0054S000000Ms6RQAS","","Html.Layouts.NoLayout","42868730319412459","","","",""
"a2C4S0000008SqWUAU","0054S000000Ms6RQAS","","NoLayout","2020-06-02T17:59:20.000Z","0054S000000Ms6RQAS","2020-06-02T17:59:20.000Z","0054S000000Ms6RQAS","","Html.Layouts.NoLayout","42973731400788743","","","",""
"a2C4S0000008SqYUAU","0054S000000Ms6RQAS","","TableLayout","2020-06-02T17:59:20.000Z","0054S000000Ms6RQAS","2020-06-02T17:59:20.000Z","0054S000000Ms6RQAS","","Html.Layouts.TableLayout","4258160840277163","","","",""
"a2C4S0000008SqZUAU","0054S000000Ms6RQAS","","TableLayout","2020-06-02T17:59:20.000Z","0054S000000Ms6RQAS","2020-06-02T17:59:20.000Z","0054S000000Ms6RQAS","","Html.Layouts.TableLayout","42297544300995221","","","",""
"a2C4S0000008SqaUAE","0054S000000Ms6RQAS","","TableLayout","2020-06-02T17:59:20.000Z","0054S000000Ms6RQAS","2020-06-02T17:59:20.000Z","0054S000000Ms6RQAS","","Html.Layouts.TableLayout","42587925730185996","","","",""
"a2C4S0000008SqbUAE","0054S000000Ms6RQAS","","TableLayout","2020-06-02T17:59:20.000Z","0054S000000Ms6RQAS","2020-06-02T17:59:20.000Z","0054S000000Ms6RQAS","","Html.Layouts.TableLayout","42402404168066635","","","",""
"a2C4S0000008SqcUAE","0054S000000Ms6RQAS","","NoLayout","2020-06-02T17:59:20.000Z","0054S000000Ms6RQAS","2020-06-02T17:59:20.000Z","0054S000000Ms6RQAS","","Html.Layouts.NoLayout","42296416934577012","","","",""
"a2C4S0000008SqdUAE","0054S000000Ms6RQAS","","NoLayout","2020-06-02T17:59:20.000Z","0054S000000Ms6RQAS","2020-06-02T17:59:20.000Z","0054S000000Ms6RQAS","","Html.Layouts.NoLayout","42999642927050596","","","",""
"a2C4S0000008SqeUAE","0054S000000Ms6RQAS","","TableLayout","2020-06-02T17:59:20.000Z","0054S000000Ms6RQAS","2020-06-02T17:59:20.000Z","0054S000000Ms6RQAS","","Html.Layouts.TableLayout","42039993110651052","","","",""
"a2C4S0000008SqfUAE","0054S000000Ms6RQAS","","TableLayout","2020-06-02T17:59:20.000Z","0054S000000Ms6RQAS","2020-06-02T17:59:20.000Z","0054S000000Ms6RQAS","","Html.Layouts.TableLayout","42744215542659369","","","",""
"a2C4S0000008SqgUAE","0054S000000Ms6RQAS","","NoLayout","2020-06-02T17:59:20.000Z","0054S000000Ms6RQAS","2020-06-02T17:59:20.000Z","0054S000000Ms6RQAS","","Html.Layouts.NoLayout","42427088176270690","","","",""
"a2C4S0000008SqhUAE","0054S000000Ms6RQAS","","TableLayout","2020-06-02T17:59:20.000Z","0054S000000Ms6RQAS","2020-06-02T17:59:20.000Z","0054S000000Ms6RQAS","","Html.Layouts.TableLayout","42967733393527175","","","",""
"a2C4S0000008SqiUAE","0054S000000Ms6RQAS","","NoLayout","2020-06-02T17:59:20.000Z","0054S000000Ms6RQAS","2020-06-02T17:59:20.000Z","0054S000000Ms6RQAS","","Html.Layouts.NoLayout","42439475383454541","","","",""
"a2C4S0000008SqjUAE","0054S000000Ms6RQAS","","NoLayout","2020-06-02T17:59:20.000Z","0054S000000Ms6RQAS","2020-06-02T17:59:20.000Z","0054S000000Ms6RQAS","","Html.Layouts.NoLayout","42014005228660667","","","",""
"a2C4S0000008SqkUAE","0054S000000Ms6RQAS","","NoLayout","2020-06-02T17:59:20.000Z","0054S000000Ms6RQAS","2020-06-02T17:59:20.000Z","0054S000000Ms6RQAS","","Html.Layouts.NoLayout","42561330820214444","","","",""
"a2C4S0000008SqlUAE","0054S000000Ms6RQAS","","TwoColumnGrid","2020-06-02T17:59:20.000Z","0054S000000Ms6RQAS","2020-06-02T17:59:20.000Z","0054S000000Ms6RQAS","","Html.Layouts.TwoColumnGrid","42610667886543490","","","",""
"a2C4S0000008SqmUAE","0054S000000Ms6RQAS","","TableLayout","2020-06-02T17:59:20.000Z","0054S000000Ms6RQAS","2020-06-02T17:59:20.000Z","0054S000000Ms6RQAS","","Html.Layouts.TableLayout","42232908594368830","","","",""
"a2C4S0000008SqnUAE","0054S000000Ms6RQAS","","TableLayout","2020-06-02T17:59:20.000Z","0054S000000Ms6RQAS","2020-06-02T17:59:20.000Z","0054S000000Ms6RQAS","","Html.Layouts.TableLayout","42453983860186295","","","",""
"a2C4S0000008SqoUAE","0054S000000Ms6RQAS","","TableLayout","2020-06-02T17:59:20.000Z","0054S000000Ms6RQAS","2020-06-02T17:59:20.000Z","0054S000000Ms6RQAS","","Html.Layouts.TableLayout","42706778075265301","","","",""
"a2C4S0000008SqpUAE","0054S000000Ms6RQAS","","NoLayout","2020-06-02T17:59:20.000Z","0054S000000Ms6RQAS","2020-06-02T17:59:20.000Z","0054S000000Ms6RQAS","","Html.Layouts.NoLayout","42489387670360993","","","",""
"a2C4S0000008SqqUAE","0054S000000Ms6RQAS","","NoLayout","2020-06-02T17:59:20.000Z","0054S000000Ms6RQAS","2020-06-02T17:59:20.000Z","0054S000000Ms6RQAS","","Html.Layouts.NoLayout","42243248469555979","","","",""
"a2C4S0000008SqrUAE","0054S000000Ms6RQAS","","NoLayout","2020-06-02T17:59:20.000Z","0054S000000Ms6RQAS","2020-06-02T17:59:20.000Z","0054S000000Ms6RQAS","","Html.Layouts.NoLayout","42070569669207614","","","",""
"a2C4S0000008SqsUAE","0054S000000Ms6RQAS","","TwoColumnGrid","2020-06-02T17:59:20.000Z","0054S000000Ms6RQAS","2020-06-02T17:59:20.000Z","0054S000000Ms6RQAS","","Html.Layouts.TwoColumnGrid","42391931801899255","","","",""
"a2C4S0000008SqtUAE","0054S000000Ms6RQAS","","TableLayout","2020-06-02T17:59:20.000Z","0054S000000Ms6RQAS","2020-06-02T17:59:20.000Z","0054S000000Ms6RQAS","","Html.Layouts.TableLayout","42644922404449768","","","",""
"a2C4S0000008SquUAE","0054S000000Ms6RQAS","","TableLayout","2020-06-02T17:59:20.000Z","0054S000000Ms6RQAS","2020-06-02T17:59:20.000Z","0054S000000Ms6RQAS","","Html.Layouts.TableLayout","42006552521265677","","","",""
"a2C4S0000008SqvUAE","0054S000000Ms6RQAS","","NoLayout","2020-06-02T17:59:20.000Z","0054S000000Ms6RQAS","2020-06-02T17:59:20.000Z","0054S000000Ms6RQAS","","Html.Layouts.NoLayout","42254824286281610","","","",""
"a2C4S0000008SqwUAE","0054S000000Ms6RQAS","","TwoColumnGrid","2020-06-02T17:59:20.000Z","0054S000000Ms6RQAS","2020-06-02T17:59:20.000Z","0054S000000Ms6RQAS","","Html.Layouts.TwoColumnGrid","42555519863184128","","","",""
"a2C4S0000008SqxUAE","0054S000000Ms6RQAS","","NoLayout","2020-06-02T17:59:20.000Z","0054S000000Ms6RQAS","2020-06-02T17:59:20.000Z","0054S000000Ms6RQAS","","Html.Layouts.NoLayout","42097704406595911","","","",""
"a2C4S0000008SqyUAE","0054S000000Ms6RQAS","","TableLayout","2020-06-02T17:59:20.000Z","0054S000000Ms6RQAS","2020-06-02T17:59:20.000Z","0054S000000Ms6RQAS","","Html.Layouts.TableLayout","42720353832562727","","","",""
"a2C4S0000008SqzUAE","0054S000000Ms6RQAS","","TableLayout","2020-06-02T17:59:20.000Z","0054S000000Ms6RQAS","2020-06-02T17:59:20.000Z","0054S000000Ms6RQAS","","Html.Layouts.TableLayout","42542787056318125","","","",""
"a2C4S0000008Sr0UAE","0054S000000Ms6RQAS","","TwoColumnGrid","2020-06-02T17:59:20.000Z","0054S000000Ms6RQAS","2020-06-02T17:59:20.000Z","0054S000000Ms6RQAS","","Html.Layouts.TwoColumnGrid","42277160157706015","","","",""
"a2C4S0000008Sr1UAE","0054S000000Ms6RQAS","","TableLayout","2020-06-02T17:59:20.000Z","0054S000000Ms6RQAS","2020-06-02T17:59:20.000Z","0054S000000Ms6RQAS","","Html.Layouts.TableLayout","42157891603512384","","","",""
"a2C4S0000008Sr2UAE","0054S000000Ms6RQAS","","TableLayout","2020-06-02T17:59:20.000Z","0054S000000Ms6RQAS","2020-06-02T17:59:20.000Z","0054S000000Ms6RQAS","","Html.Layouts.TableLayout","42629038019057653","","","",""
"a2C4S0000008Sr3UAE","0054S000000Ms6RQAS","","TableLayout","2020-06-02T17:59:20.000Z","0054S000000Ms6RQAS","2020-06-02T17:59:20.000Z","0054S000000Ms6RQAS","","Html.Layouts.TableLayout","42351314996664603","","","",""
"a2C4S0000008Sr4UAE","0054S000000Ms6RQAS","","TableLayout","2020-06-02T17:59:20.000Z","0054S000000Ms6RQAS","2020-06-02T17:59:20.000Z","0054S000000Ms6RQAS","","Html.Layouts.TableLayout","42565400508548508","","","",""
"a2C4S0000008Sr5UAE","0054S000000Ms6RQAS","","TableLayout","2020-06-02T17:59:20.000Z","0054S000000Ms6RQAS","2020-06-02T17:59:20.000Z","0054S000000Ms6RQAS","","Html.Layouts.TableLayout","42878458080011957","","","",""
"a2C4S0000008Sr6UAE","0054S000000Ms6RQAS","","NoLayout","2020-06-02T17:59:20.000Z","0054S000000Ms6RQAS","2020-06-02T17:59:20.000Z","0054S000000Ms6RQAS","","Html.Layouts.NoLayout","42516159338981344","","","",""
"a2C4S0000008Sr7UAE","0054S000000Ms6RQAS","","TwoColumnGrid","2020-06-02T17:59:20.000Z","0054S000000Ms6RQAS","2020-06-02T17:59:20.000Z","0054S000000Ms6RQAS","","Html.Layouts.TwoColumnGrid","42197563436888630","","","",""
